total_return,cagr,nifty_return,nifty_cagr,alpha,trades,win_rate,avg_win,avg_loss,name
2222.441827766358,36.96023246356588,268.054469662347,13.917700432480085,1954.3873581040111,647,55.95054095826894,25.692994171609364,-13.834105020616734,BASELINE (DNA-3 V2)
1843.2442450766314,34.54040758322521,268.054469662347,13.917700432480085,1575.1897754142844,631,55.30903328050714,25.96844704241126,-13.851202377177959,PROPOSAL 1: RS >20%
2317.455609761894,37.51049670985069,268.054469662347,13.917700432480085,2049.401140099547,568,58.098591549295776,26.22696680881777,-14.099722315423058,PROPOSAL 2: RS >20% + Cap 100%
2092.778975956909,36.17565906648963,268.054469662347,13.917700432480085,1824.7245062945622,742,52.695417789757414,24.83108714024821,-11.907709199837871,PROPOSAL 3: Stop -12%
2505.689761057031,38.54545097187252,268.054469662347,13.917700432480085,2237.635291394684,645,56.58914728682171,25.7488492929602,-13.867478693444335,PROPOSAL 4: Sector Cap 40%
1648.579583620241,33.12773415054049,268.054469662347,13.917700432480085,1380.525113957894,529,60.86956521739131,23.74546650296322,-13.558818901488541,PROPOSAL 5: Vol Cap 60%
1713.568401618296,33.614439451859866,268.054469662347,13.917700432480085,1445.5139319559491,602,56.644518272425245,23.8536394740617,-11.799406078868463,COMBINED V3
