signal_date,ticker,name,sector,signal_price,current_price,jump_pct,vol_mult,pead_action,return_since_signal,return_5d,return_21d,days_held,status
2026-05-18,GLAND.NS,Gland Pharma Limited,Pharma & Healthcare,2124.0,2907.8,13.69,21.5,🟡 Neutral (Priced-In),36.9,,,122,CLOSED
2026-05-18,GESHIP.NS,The Great Eastern Shipping Company Limited,Infrastructure,1702.1,1425.1,10.97,7.3,🟡 Neutral (Priced-In),-16.27,,,122,CLOSED
2026-05-19,PURVA.NS,Puravankara Limited,Real Estate,242.8,218.23,13.97,36.0,🟢 Buy (Drifter),-10.12,,,121,CLOSED
2026-05-19,SPARC.NS,Sun Pharma Advanced Research Company Limited,Pharma & Healthcare,171.3,193.16,5.57,3.6,🟡 Neutral (Priced-In),12.76,,,121,CLOSED
2026-05-19,GNFC.NS,Gujarat Narmada Valley Fertilizers & Chemicals Limited,Chemicals,543.0,584.85,4.6,9.3,🟡 Neutral (Priced-In),7.71,,,121,CLOSED
2026-05-19,JKPAPER.NS,JK Paper Limited,Cement & Materials,387.6,418.05,4.39,4.5,Unknown,7.86,,,121,CLOSED
2026-05-19,GESHIP.NS,The Great Eastern Shipping Company Limited,Infrastructure,1787.0,1425.1,5.33,3.8,🟡 Neutral (Priced-In),-20.25,,,121,CLOSED
2026-05-19,ANGELONE.NS,Angel One Limited,Financial Services,319.4,295.0,5.08,3.2,🟢 Buy (Drifter),-7.64,,,121,CLOSED
2026-05-19,SUPRIYA.NS,Supriya Lifescience Limited,Pharma & Healthcare,714.3,900.65,4.44,2.7,🟡 Neutral (Priced-In),26.09,,,121,CLOSED
2026-05-19,ENTERO.NS,Entero Healthcare Solutions Limited,Pharma & Healthcare,1240.1,1666.6,4.05,2.7,🟡 Neutral (Priced-In),34.39,,,121,CLOSED
2026-06-03,IFCI.NS,IFCI Limited,Financial Services,80.4,77.09,12.3,3.0,🟢 Buy (Drifter),-4.12,,,106,CLOSED
2026-06-03,OLAELEC.NS,OLAELEC.NS,Auto,43.7,36.79,9.8,3.3,🟡 Neutral (Priced-In),-15.81,,,106,CLOSED
2026-06-03,RHIM.NS,RHI Magnesita India Limited,Capital Goods,377.5,365.95,9.5,2.7,🟢 Buy (Drifter),-3.06,,,106,CLOSED
2026-06-03,CARTRADE.NS,CarTrade Tech Limited,IT & Technology,1961.7,2938.0,9.3,2.7,🟢 Buy (Drifter),49.77,,,106,CLOSED
2026-06-03,LXCHEM.NS,Laxmi Organic Industries Limited,Chemicals,164.6,179.23,9.2,2.3,🟡 Neutral (Priced-In),8.89,,,106,CLOSED
2026-06-03,KPRMILL.NS,K.P.R. Mill Limited,Textiles,1085.8,1095.4,8.7,3.0,🟡 Neutral (Priced-In),0.88,,,106,CLOSED
2026-06-03,BORORENEW.NS,Borosil Renewables Limited,Capital Goods,544.6,449.35,8.6,3.0,🟢 Buy (Drifter),-17.49,,,106,CLOSED
2026-06-03,RRKABEL.NS,R R Kabel Limited,Capital Goods,2155.9,2390.5,6.5,3.0,🟢 Buy (Drifter),10.88,,,106,CLOSED
2026-06-03,ATHERENERG.NS,Ather Energy Limited,Auto,1022.0,1550.0,6.4,2.7,🟡 Neutral (Priced-In),51.66,,,106,CLOSED
2026-06-03,TEJASNET.NS,Tejas Networks Limited,Telecom,569.2,524.25,5.9,2.3,🟡 Neutral (Priced-In),-7.9,,,106,CLOSED
2026-06-03,WOCKPHARMA.NS,Wockhardt Limited,Pharma & Healthcare,2073.9,2072.3,5.5,2.3,🟡 Neutral (Priced-In),-0.08,,,106,CLOSED
2026-06-03,BALAMINES.NS,Balaji Amines Limited,Chemicals,2122.2,2148.9,5.3,3.0,🟡 Neutral (Priced-In),1.26,,,106,CLOSED
2026-06-03,HFCL.NS,HFCL Limited,Telecom,199.4,209.45,5.0,3.0,🟡 Neutral (Priced-In),5.04,,,106,CLOSED
2026-06-03,RELINFRA.NS,Reliance Infrastructure Limited,Power & Utilities,74.2,73.61,5.0,2.7,🟢 Buy (Drifter),-0.8,,,106,CLOSED
2026-06-03,STLTECH.NS,Sterlite Technologies Limited,Telecom,620.6,827.45,5.0,3.3,🟡 Neutral (Priced-In),33.33,,,106,CLOSED
2026-06-03,IDEA.NS,Vodafone Idea Limited,Telecom,14.9,14.22,4.9,3.3,🟡 Neutral (Priced-In),-4.56,,,106,CLOSED
2026-06-03,MRPL.NS,Mangalore Refinery and Petrochemicals Limited,Oil & Gas,154.2,163.77,4.9,3.0,🟡 Neutral (Priced-In),6.21,,,106,CLOSED
2026-06-03,ABDL.NS,ABDL.NS,Consumer Goods,572.2,653.1,4.7,3.0,🟢 Buy (Drifter),14.14,,,106,CLOSED
2026-06-03,J&KBANK.NS,Jammu and Kashmir Bank Limited,Banking,148.6,147.28,4.7,3.0,🟡 Neutral (Priced-In),-0.89,,,106,CLOSED
2026-06-03,THANGAMAYL.NS,Thangamayil Jewellery Limited,Consumer Durables,4795.0,4811.0,4.5,2.3,🟡 Neutral (Priced-In),0.33,,,106,CLOSED
2026-06-03,VIPIND.NS,V.I.P. Industries Limited,Consumer Durables,332.5,304.25,4.5,3.0,🟡 Neutral (Priced-In),-8.5,,,106,CLOSED
2026-06-03,CHENNPETRO.NS,Chennai Petroleum Corporation Limited,Oil & Gas,1189.8,1414.1,4.2,2.3,🟡 Neutral (Priced-In),18.85,,,106,CLOSED
2026-06-03,TDPOWERSYS.NS,TD Power Systems Limited,Capital Goods,1286.3,722.1,4.2,2.7,🟢 Buy (Drifter),-43.86,,,106,CLOSED
2026-06-03,IIFL.NS,IIFL Finance Limited,Financial Services,498.8,596.55,4.0,2.3,🟢 Buy (Drifter),19.6,,,106,CLOSED
2026-06-03,JINDALSAW.NS,Jindal Saw Limited,Metals & Mining,250.9,291.2,4.0,2.7,🟢 Buy (Drifter),16.06,,,106,CLOSED
2026-06-04,MSTCLTD.NS,MSTC Limited,Capital Goods,531.8,715.25,19.1,3.0,🟢 Buy (Drifter),34.5,,,105,CLOSED
2026-06-04,THANGAMAYL.NS,Thangamayil Jewellery Limited,Consumer Durables,5520.6,4811.0,15.1,3.0,🟡 Neutral (Priced-In),-12.85,,,105,CLOSED
2026-06-04,ZEEL.NS,Zee Entertainment Enterprises Limited,Media,104.4,78.31,10.5,3.0,🟡 Neutral (Priced-In),-24.99,,,105,CLOSED
2026-06-04,CEMPRO.NS,Cemindia Projects Limited,Infrastructure,1127.3,1255.1,10.0,3.0,🟡 Neutral (Priced-In),11.34,,,105,CLOSED
2026-06-04,RTNINDIA.NS,RattanIndia Enterprises Limited,Financial Services,38.8,26.37,10.0,2.3,🟢 Buy (Drifter),-32.04,,,105,CLOSED
2026-06-04,OPTIEMUS.NS,Optiemus Infracom Limited,Telecom,454.3,610.0,9.7,2.7,🟡 Neutral (Priced-In),34.27,,,105,CLOSED
2026-06-04,AVALON.NS,Avalon Technologies Limited,Capital Goods,1637.7,2230.0,8.0,3.0,🟢 Buy (Drifter),36.17,,,105,CLOSED
2026-06-04,ANANTRAJ.NS,Anant Raj Limited,Real Estate,589.3,596.9,7.5,2.3,🟢 Buy (Drifter),1.29,,,105,CLOSED
2026-06-04,ZENTEC.NS,Zen Technologies Limited,Aerospace & Defense,1809.8,1681.7,7.2,3.0,🟢 Buy (Drifter),-7.08,,,105,CLOSED
2026-06-04,BLUEJET.NS,Blue Jet Healthcare Limited,Pharma & Healthcare,475.6,568.2,6.4,2.7,🟡 Neutral (Priced-In),19.47,,,105,CLOSED
2026-06-04,IIFL.NS,IIFL Finance Limited,Financial Services,530.3,596.55,6.3,2.3,🟢 Buy (Drifter),12.49,,,105,CLOSED
2026-06-04,MIDHANI.NS,Mishra Dhatu Nigam Limited,Aerospace & Defense,443.2,407.85,6.3,2.7,🟢 Buy (Drifter),-7.98,,,105,CLOSED
2026-06-04,RHIM.NS,RHI Magnesita India Limited,Capital Goods,401.1,365.95,6.3,2.7,🟢 Buy (Drifter),-8.76,,,105,CLOSED
2026-06-04,VIJAYA.NS,Vijaya Diagnostic Centre Limited,Pharma & Healthcare,1359.4,1506.1,6.3,3.0,🟡 Neutral (Priced-In),10.79,,,105,CLOSED
2026-06-04,SUPRIYA.NS,Supriya Lifescience Limited,Pharma & Healthcare,952.1,900.65,5.7,3.0,🟡 Neutral (Priced-In),-5.4,,,105,CLOSED
2026-06-04,TEJASNET.NS,Tejas Networks Limited,Telecom,602.0,524.25,5.7,2.7,🟡 Neutral (Priced-In),-12.92,,,105,CLOSED
2026-06-04,GANESHHOU.NS,Ganesh Housing Limited,Real Estate,758.2,751.65,5.4,2.7,🟢 Buy (Drifter),-0.86,,,105,CLOSED
2026-06-04,ACMESOLAR.NS,ACMESOLAR.NS,Power & Utilities,345.9,411.3,5.1,3.3,🟢 Buy (Drifter),18.91,,,105,CLOSED
2026-06-04,RELINFRA.NS,Reliance Infrastructure Limited,Power & Utilities,77.9,73.61,5.0,2.7,🟢 Buy (Drifter),-5.51,,,105,CLOSED
2026-06-04,STLTECH.NS,Sterlite Technologies Limited,Telecom,651.6,827.45,5.0,3.3,🟡 Neutral (Priced-In),26.99,,,105,CLOSED
2026-06-04,UNIMECH.NS,UNIMECH.NS,Aerospace & Defense,1094.9,1570.6,5.0,2.3,🟢 Buy (Drifter),43.45,,,105,CLOSED
2026-06-04,NETWEB.NS,Netweb Technologies India Limited,IT & Technology,4934.2,4578.5,4.9,2.7,🟢 Buy (Drifter),-7.21,,,105,CLOSED
2026-06-04,MMTC.NS,MMTC Limited,Metals & Mining,68.3,60.14,4.8,2.7,🟢 Buy (Drifter),-11.95,,,105,CLOSED
2026-06-04,NAM-INDIA.NS,Nippon Life India Asset Management Limited,Financial Services,1129.1,1119.0,4.8,2.7,🟢 Buy (Drifter),-0.89,,,105,CLOSED
2026-06-04,USHAMART.NS,Usha Martin Limited,Metals & Mining,519.8,495.65,4.4,3.0,🟢 Buy (Drifter),-4.65,,,105,CLOSED
2026-06-04,V2RETAIL.NS,V2 Retail Limited,Consumer Durables,256.4,210.4,4.4,3.0,🟡 Neutral (Priced-In),-17.94,,,105,CLOSED
2026-06-04,WELENT.NS,Welspun Enterprises Limited,Capital Goods,540.8,778.7,4.3,2.3,🟢 Buy (Drifter),43.99,,,105,CLOSED
2026-06-04,ASTRAMICRO.NS,Astra Microwave Products Limited,Aerospace & Defense,1377.7,1607.8,4.1,3.0,🟢 Buy (Drifter),16.7,,,105,CLOSED
2026-06-05,NETWORK18.NS,Network18 Media & Investments Limited,Media,33.4,26.46,11.4,3.0,🟡 Neutral (Priced-In),-20.78,,,104,CLOSED
2026-06-05,QUESS.NS,Quess Corp Limited,Capital Goods,235.7,353.0,9.6,3.0,🟢 Buy (Drifter),49.77,,,104,CLOSED
2026-06-05,ZEEL.NS,Zee Entertainment Enterprises Limited,Media,112.3,78.31,7.5,3.0,🟡 Neutral (Priced-In),-30.27,,,104,CLOSED
2026-06-05,PARAS.NS,Paras Defence and Space Technologies Limited,Aerospace & Defense,960.2,1370.9,7.4,2.3,🟢 Buy (Drifter),42.77,,,104,CLOSED
2026-06-05,ADANIGREEN.NS,Adani Green Energy Limited,Power & Utilities,1525.7,1274.2,7.2,2.3,🟢 Buy (Drifter),-16.48,,,104,CLOSED
2026-06-05,HSCL.NS,Himadri Speciality Chemical Limited,Chemicals,685.0,653.35,6.7,2.7,🟡 Neutral (Priced-In),-4.62,,,104,CLOSED
2026-06-05,DIACABS.NS,Diamond Power Infrastructure Limited,Capital Goods,203.6,376.05,5.7,2.7,🟢 Buy (Drifter),84.7,,,104,CLOSED
2026-06-05,TVSSCS.NS,TVS Supply Chain Solutions Limited,Infrastructure,129.7,137.92,5.7,3.0,🟡 Neutral (Priced-In),6.34,,,104,CLOSED
2026-06-05,SCHNEIDER.NS,Schneider Electric Infrastructure Limited,Capital Goods,1172.2,1387.0,5.6,2.7,🟢 Buy (Drifter),18.32,,,104,CLOSED
2026-06-05,ACUTAAS.NS,Acutaas Chemicals Limited,Chemicals,3328.3,3315.1,5.2,3.0,🟡 Neutral (Priced-In),-0.4,,,104,CLOSED
2026-06-05,SAREGAMA.NS,Saregama India Limited,Media,476.2,489.25,5.2,3.0,🟡 Neutral (Priced-In),2.74,,,104,CLOSED
2026-06-05,RITES.NS,RITES Limited,Infrastructure,210.5,207.93,5.1,2.7,🟡 Neutral (Priced-In),-1.22,,,104,CLOSED
2026-06-05,ELECON.NS,Elecon Engineering Company Limited,Capital Goods,531.3,414.6,5.0,2.7,🟢 Buy (Drifter),-21.96,,,104,CLOSED
2026-06-05,GREAVESCOT.NS,Greaves Cotton Limited,Capital Goods,192.2,191.72,5.0,2.7,🟢 Buy (Drifter),-0.25,,,104,CLOSED
2026-06-05,RELINFRA.NS,Reliance Infrastructure Limited,Power & Utilities,81.8,73.61,5.0,3.0,🟢 Buy (Drifter),-10.01,,,104,CLOSED
2026-06-05,INOXINDIA.NS,INOX India Limited,Capital Goods,1578.8,2014.8,4.9,2.7,🟢 Buy (Drifter),27.62,,,104,CLOSED
2026-06-05,ATHERENERG.NS,Ather Energy Limited,Auto,1033.6,1550.0,4.6,2.3,🟡 Neutral (Priced-In),49.96,,,104,CLOSED
2026-06-05,TTML.NS,Tata Teleservices (Maharashtra) Limited,Telecom,46.2,36.64,4.5,2.3,🟡 Neutral (Priced-In),-20.69,,,104,CLOSED
2026-06-08,THOMASCOOK.NS,Thomas Cook (India) Limited,Hospitality,104.8,103.42,11.7,3.0,Unknown,-1.32,,,101,CLOSED
2026-06-08,CCL.NS,CCL Products (India) Limited,Consumer Goods,1173.0,1062.3,8.7,3.0,🟢 Buy (Drifter),-9.44,,,101,CLOSED
2026-06-08,CARTRADE.NS,CarTrade Tech Limited,IT & Technology,2069.8,2938.0,5.7,2.7,🟢 Buy (Drifter),41.95,,,101,CLOSED
2026-06-08,INOXINDIA.NS,INOX India Limited,Capital Goods,1665.1,2014.8,5.5,3.0,🟢 Buy (Drifter),21.0,,,101,CLOSED
2026-06-08,RELINFRA.NS,Reliance Infrastructure Limited,Power & Utilities,85.8,73.61,5.0,3.0,🟢 Buy (Drifter),-14.21,,,101,CLOSED
2026-06-08,THYROCARE.NS,Thyrocare Technologies Limited,Pharma & Healthcare,541.3,559.25,4.5,3.0,🟡 Neutral (Priced-In),3.32,,,101,CLOSED
2026-06-08,SFL.NS,Sheela Foam Limited,Consumer Durables,671.3,673.0,4.4,2.7,🟡 Neutral (Priced-In),0.25,,,101,CLOSED
2026-06-09,MSTCLTD.NS,MSTC Limited,Capital Goods,545.0,715.25,11.2,3.0,🟢 Buy (Drifter),31.24,,,100,CLOSED
2026-06-09,DATAPATTNS.NS,Data Patterns (India) Limited,Aerospace & Defense,4558.5,4411.1,10.1,2.3,🟢 Buy (Drifter),-3.23,,,100,CLOSED
2026-06-09,CEMPRO.NS,Cemindia Projects Limited,Infrastructure,1203.8,1255.1,10.0,3.0,🟡 Neutral (Priced-In),4.26,,,100,CLOSED
2026-06-09,UNIMECH.NS,UNIMECH.NS,Aerospace & Defense,1149.8,1570.6,10.0,2.7,🟢 Buy (Drifter),36.6,,,100,CLOSED
2026-06-09,BELRISE.NS,BELRISE.NS,Auto,234.7,229.37,8.8,3.0,🟡 Neutral (Priced-In),-2.27,,,100,CLOSED
2026-06-09,RELAXO.NS,Relaxo Footwears Limited,Consumer Durables,347.1,313.7,8.8,3.0,🟡 Neutral (Priced-In),-9.62,,,100,CLOSED
2026-06-09,BANCOINDIA.NS,Banco Products (India) Limited,Auto,681.5,593.05,8.5,2.3,🟡 Neutral (Priced-In),-12.98,,,100,CLOSED
2026-06-09,PARAS.NS,Paras Defence and Space Technologies Limited,Aerospace & Defense,1039.2,1370.9,7.7,3.0,🟢 Buy (Drifter),31.92,,,100,CLOSED
2026-06-09,THOMASCOOK.NS,Thomas Cook (India) Limited,Hospitality,112.8,103.42,7.7,3.0,Unknown,-8.32,,,100,CLOSED
2026-06-09,BALAMINES.NS,Balaji Amines Limited,Chemicals,2242.1,2148.9,7.2,3.3,🟡 Neutral (Priced-In),-4.16,,,100,CLOSED
2026-06-09,MARKSANS.NS,Marksans Pharma Limited,Pharma & Healthcare,252.8,319.7,7.1,3.0,🟡 Neutral (Priced-In),26.46,,,100,CLOSED
2026-06-09,MIDHANI.NS,Mishra Dhatu Nigam Limited,Aerospace & Defense,450.4,407.85,7.0,2.7,🟢 Buy (Drifter),-9.45,,,100,CLOSED
2026-06-09,SHILPAMED.NS,Shilpa Medicare Limited,Pharma & Healthcare,569.2,958.35,6.9,2.7,🟡 Neutral (Priced-In),68.37,,,100,CLOSED
2026-06-09,CAPLIPOINT.NS,Caplin Point Laboratories Limited,Pharma & Healthcare,2255.2,2596.6,6.8,3.3,🟡 Neutral (Priced-In),15.14,,,100,CLOSED
2026-06-09,CERA.NS,Cera Sanitaryware Limited,Cement & Materials,5835.0,5592.0,6.6,2.7,Unknown,-4.16,,,100,CLOSED
2026-06-09,GRWRHITECH.NS,Garware Hi-Tech Films Limited,Chemicals,6225.0,6502.5,6.6,3.3,🟡 Neutral (Priced-In),4.46,,,100,CLOSED
2026-06-09,OLAELEC.NS,OLAELEC.NS,Auto,47.3,36.79,6.5,3.0,🟡 Neutral (Priced-In),-22.22,,,100,CLOSED
2026-06-09,CONCORDBIO.NS,Concord Biotech Limited,Pharma & Healthcare,1272.2,1461.1,6.3,2.3,🟡 Neutral (Priced-In),14.85,,,100,CLOSED
2026-06-09,J&KBANK.NS,Jammu and Kashmir Bank Limited,Banking,157.0,147.28,6.0,3.0,🟡 Neutral (Priced-In),-6.19,,,100,CLOSED
2026-06-09,RAIN.NS,Rain Industries Limited,Metals & Mining,204.0,203.02,5.9,3.0,🟢 Buy (Drifter),-0.48,,,100,CLOSED
2026-06-09,ACI.NS,Archean Chemical Industries Limited,Metals & Mining,544.3,462.4,5.8,3.0,🟢 Buy (Drifter),-15.05,,,100,CLOSED
2026-06-09,MRPL.NS,Mangalore Refinery and Petrochemicals Limited,Oil & Gas,160.3,163.77,5.8,2.7,🟡 Neutral (Priced-In),2.16,,,100,CLOSED
2026-06-09,MTARTECH.NS,MTAR Technologies Limited,Capital Goods,7458.0,7060.0,5.8,3.0,🟢 Buy (Drifter),-5.34,,,100,CLOSED
2026-06-09,VMART.NS,V-Mart Retail Limited,Retail,691.0,790.05,5.8,2.7,🟡 Neutral (Priced-In),14.33,,,100,CLOSED
2026-06-09,CARTRADE.NS,CarTrade Tech Limited,IT & Technology,2187.6,2938.0,5.7,3.0,🟢 Buy (Drifter),34.3,,,100,CLOSED
2026-06-09,BANKBARODA.NS,Bank of Baroda Limited,Banking,273.8,232.3,5.6,3.0,🟡 Neutral (Priced-In),-15.16,,,100,CLOSED
2026-06-09,BANKINDIA.NS,Bank of India Limited,Banking,147.7,138.17,5.5,2.7,🟡 Neutral (Priced-In),-6.45,,,100,CLOSED
2026-06-09,KTKBANK.NS,The Karnataka Bank Limited,Banking,270.6,313.9,5.5,2.7,🟡 Neutral (Priced-In),16.0,,,100,CLOSED
2026-06-09,MAHABANK.NS,Bank of Maharashtra,Banking,84.0,80.8,5.5,2.7,🟡 Neutral (Priced-In),-3.81,,,100,CLOSED
2026-06-09,JSWINFRA.NS,JSW Infrastructure Limited,Infrastructure,282.8,326.65,5.3,2.7,🟡 Neutral (Priced-In),15.51,,,100,CLOSED
2026-06-09,MOTILALOFS.NS,Motilal Oswal Financial Services Limited,Financial Services,864.3,988.7,5.3,2.7,🟢 Buy (Drifter),14.39,,,100,CLOSED
2026-06-09,INNOVACAP.NS,Innova Captab Limited,Pharma & Healthcare,914.7,1149.5,5.1,2.3,🟡 Neutral (Priced-In),25.67,,,100,CLOSED
2026-06-09,RELINFRA.NS,Reliance Infrastructure Limited,Power & Utilities,85.8,73.61,5.0,3.0,🟢 Buy (Drifter),-14.21,,,100,CLOSED
2026-06-09,GARFIBRES.NS,Garware Technical Fibres Limited,Capital Goods,688.3,799.7,4.9,3.3,🟢 Buy (Drifter),16.18,,,100,CLOSED
2026-06-09,IDBI.NS,IDBI Bank Limited,Banking,75.4,81.89,4.9,2.3,🟡 Neutral (Priced-In),8.61,,,100,CLOSED
2026-06-09,JINDWORLD.NS,Jindal Worldwide Limited,Consumer Durables,29.0,49.0,4.8,2.3,🟡 Neutral (Priced-In),68.97,,,100,CLOSED
2026-06-09,SUPRIYA.NS,Supriya Lifescience Limited,Pharma & Healthcare,962.9,900.65,4.8,3.0,🟡 Neutral (Priced-In),-6.46,,,100,CLOSED
2026-06-09,RBLBANK.NS,RBL Bank Limited,Banking,361.0,404.15,4.7,3.0,🟡 Neutral (Priced-In),11.95,,,100,CLOSED
2026-06-09,REDINGTON.NS,Redington Limited,Capital Goods,240.3,400.1,4.7,3.0,🟢 Buy (Drifter),66.5,,,100,CLOSED
2026-06-09,CEIGALL.NS,CEIGALL.NS,Infrastructure,366.4,390.0,4.6,2.3,🟡 Neutral (Priced-In),6.44,,,100,CLOSED
2026-06-09,DEEPAKFERT.NS,Deepak Fertilisers And Petrochemicals Corporation Limited,Chemicals,1518.6,1324.6,4.6,3.0,🟡 Neutral (Priced-In),-12.77,,,100,CLOSED
2026-06-09,ICIL.NS,Indo Count Industries Limited,Consumer Durables,336.5,435.5,4.6,2.3,🟡 Neutral (Priced-In),29.42,,,100,CLOSED
2026-06-09,SYRMA.NS,Syrma SGS Technology Limited,Capital Goods,1256.8,1617.7,4.6,3.0,🟢 Buy (Drifter),28.72,,,100,CLOSED
2026-06-09,SOUTHBANK.NS,The South Indian Bank Limited,Banking,45.7,45.88,4.5,3.0,🟡 Neutral (Priced-In),0.39,,,100,CLOSED
2026-06-09,IFCI.NS,IFCI Limited,Financial Services,77.1,77.09,4.4,3.0,🟢 Buy (Drifter),-0.01,,,100,CLOSED
2026-06-09,ROUTE.NS,Route Mobile Limited,IT & Technology,533.0,492.6,4.3,3.0,🟢 Buy (Drifter),-7.58,,,100,CLOSED
2026-06-09,CANBK.NS,Canara Bank,Banking,137.5,123.9,4.2,2.7,🟡 Neutral (Priced-In),-9.89,,,100,CLOSED
2026-06-09,STLTECH.NS,Sterlite Technologies Limited,Telecom,613.0,827.45,4.2,2.7,🟡 Neutral (Priced-In),34.98,,,100,CLOSED
2026-06-09,INDIGO.NS,InterGlobe Aviation Limited,Infrastructure,4537.6,4845.0,4.1,3.0,🟡 Neutral (Priced-In),6.77,,,100,CLOSED
2026-06-09,VOLTAMP.NS,Voltamp Transformers Limited,Capital Goods,10004.0,10735.0,4.1,2.3,🟢 Buy (Drifter),7.31,,,100,CLOSED
2026-06-09,UCOBANK.NS,UCO Bank,Banking,26.0,23.59,4.0,2.3,🟡 Neutral (Priced-In),-9.27,,,100,CLOSED
2026-06-10,CARTRADE.NS,CarTrade Tech Limited,IT & Technology,2451.4,2938.0,12.1,3.0,🟢 Buy (Drifter),19.85,,,99,CLOSED
2026-06-10,EASEMYTRIP.NS,Easy Trip Planners Limited,Hospitality,8.8,5.79,12.1,2.7,Unknown,-34.2,,,99,CLOSED
2026-06-10,INOXINDIA.NS,INOX India Limited,Capital Goods,1891.6,2014.8,12.1,3.0,🟢 Buy (Drifter),6.51,,,99,CLOSED
2026-06-10,AKUMS.NS,AKUMS.NS,Pharma & Healthcare,592.1,766.7,8.0,2.7,🟡 Neutral (Priced-In),29.49,,,99,CLOSED
2026-06-10,CHAMBLFERT.NS,Chambal Fertilisers and Chemicals Limited,Chemicals,477.6,413.9,5.0,3.3,🟡 Neutral (Priced-In),-13.34,,,99,CLOSED
2026-06-10,AFCONS.NS,AFCONS.NS,Infrastructure,330.0,267.3,4.6,2.3,🟡 Neutral (Priced-In),-19.0,,,99,CLOSED
2026-06-10,CONCORDBIO.NS,Concord Biotech Limited,Pharma & Healthcare,1330.7,1461.1,4.6,2.3,🟡 Neutral (Priced-In),9.8,,,99,CLOSED
2026-06-10,ABSLAMC.NS,ABSLAMC.NS,Financial Services,1110.3,1090.1,4.5,2.7,🟢 Buy (Drifter),-1.82,,,99,CLOSED
2026-06-10,RATEGAIN.NS,RateGain Travel Technologies Limited,IT & Technology,783.6,865.45,4.4,3.0,🟢 Buy (Drifter),10.45,,,99,CLOSED
2026-06-11,AEGISLOG.NS,AEGISLOG.NS,Oil & Gas,925.9,1353.8,15.6,3.0,🟡 Neutral (Priced-In),46.21,,,98,CLOSED
2026-06-11,ZEEL.NS,Zee Entertainment Enterprises Limited,Media,111.4,78.31,8.3,3.0,🟡 Neutral (Priced-In),-29.7,,,98,CLOSED
2026-06-11,DOMS.NS,DOMS Industries Limited,Capital Goods,2255.4,2121.6,6.5,3.0,🟢 Buy (Drifter),-5.93,,,98,CLOSED
2026-06-11,ABDL.NS,ABDL.NS,Consumer Goods,608.5,653.1,6.4,3.0,🟢 Buy (Drifter),7.33,,,98,CLOSED
2026-06-11,BLUEJET.NS,Blue Jet Healthcare Limited,Pharma & Healthcare,498.5,568.2,6.1,3.0,🟡 Neutral (Priced-In),13.98,,,98,CLOSED
2026-06-11,WOCKPHARMA.NS,Wockhardt Limited,Pharma & Healthcare,1923.8,2072.3,5.0,2.3,🟡 Neutral (Priced-In),7.72,,,98,CLOSED
2026-06-11,INNOVACAP.NS,Innova Captab Limited,Pharma & Healthcare,950.8,1149.5,4.5,2.3,🟡 Neutral (Priced-In),20.9,,,98,CLOSED
2026-06-11,TEJASNET.NS,Tejas Networks Limited,Telecom,573.5,524.25,4.1,3.0,🟡 Neutral (Priced-In),-8.59,,,98,CLOSED
2026-06-12,IFCI.NS,IFCI Limited,Financial Services,84.6,77.09,20.0,3.0,🟢 Buy (Drifter),-8.88,,,97,CLOSED
2026-06-12,AIIL.NS,Authum Investment & Infrastructure Limited,Financial Services,530.2,527.2,15.3,3.0,🟢 Buy (Drifter),-0.57,,,97,CLOSED
2026-06-12,MTARTECH.NS,MTAR Technologies Limited,Capital Goods,7159.5,7060.0,13.5,2.3,🟢 Buy (Drifter),-1.39,,,97,CLOSED
2026-06-12,IXIGO.NS,IXIGO.NS,Consumer Durables,178.2,160.06,12.2,3.0,🟡 Neutral (Priced-In),-10.18,,,97,CLOSED
2026-06-12,PARAS.NS,Paras Defence and Space Technologies Limited,Aerospace & Defense,1097.2,1370.9,10.9,3.0,🟢 Buy (Drifter),24.95,,,97,CLOSED
2026-06-12,TTML.NS,Tata Teleservices (Maharashtra) Limited,Telecom,46.4,36.64,10.2,3.0,🟡 Neutral (Priced-In),-21.03,,,97,CLOSED
2026-06-12,TVSSCS.NS,TVS Supply Chain Solutions Limited,Infrastructure,132.3,137.92,10.0,3.0,🟡 Neutral (Priced-In),4.25,,,97,CLOSED
2026-06-12,SPARC.NS,Sun Pharma Advanced Research Company Limited,Pharma & Healthcare,223.8,193.16,9.6,3.0,🟡 Neutral (Priced-In),-13.69,,,97,CLOSED
2026-06-12,AEGISVOPAK.NS,AEGISVOPAK.NS,Oil & Gas,217.9,310.7,9.4,2.7,🟡 Neutral (Priced-In),42.59,,,97,CLOSED
2026-06-12,NETWEB.NS,Netweb Technologies India Limited,IT & Technology,4587.4,4578.5,9.4,3.0,🟢 Buy (Drifter),-0.19,,,97,CLOSED
2026-06-12,INDIASHLTR.NS,India Shelter Finance Corporation Limited,Financial Services,793.4,670.2,9.0,2.7,🟢 Buy (Drifter),-15.53,,,97,CLOSED
2026-06-12,ORCHPHARMA.NS,Orchid Pharma Limited,Pharma & Healthcare,917.1,958.05,8.4,3.3,🟡 Neutral (Priced-In),4.47,,,97,CLOSED
2026-06-12,JINDWORLD.NS,Jindal Worldwide Limited,Consumer Durables,29.9,49.0,8.2,2.3,🟡 Neutral (Priced-In),63.88,,,97,CLOSED
2026-06-12,DATAPATTNS.NS,Data Patterns (India) Limited,Aerospace & Defense,4545.7,4411.1,8.1,2.7,🟢 Buy (Drifter),-2.96,,,97,CLOSED
2026-06-12,MMTC.NS,MMTC Limited,Metals & Mining,68.1,60.14,7.9,3.0,🟢 Buy (Drifter),-11.69,,,97,CLOSED
2026-06-12,HCC.NS,Hindustan Construction Company Limited,Capital Goods,23.4,21.56,7.8,2.7,🟢 Buy (Drifter),-7.86,,,97,CLOSED
2026-06-12,SWSOLAR.NS,Sterling and Wilson Renewable Energy Limited,Power & Utilities,208.2,179.22,7.8,2.3,🟢 Buy (Drifter),-13.92,,,97,CLOSED
2026-06-12,HOMEFIRST.NS,Home First Finance Company India Limited,Financial Services,1109.3,1173.3,7.7,2.7,🟢 Buy (Drifter),5.77,,,97,CLOSED
2026-06-12,TBOTEK.NS,TBOTEK.NS,IT & Technology,1352.8,1647.7,7.7,3.0,🟢 Buy (Drifter),21.8,,,97,CLOSED
2026-06-12,UNIMECH.NS,UNIMECH.NS,Aerospace & Defense,1159.6,1570.6,7.7,3.0,🟢 Buy (Drifter),35.44,,,97,CLOSED
2026-06-12,AVALON.NS,Avalon Technologies Limited,Capital Goods,1687.0,2230.0,7.6,3.0,🟢 Buy (Drifter),32.19,,,97,CLOSED
2026-06-12,LTF.NS,L&T Finance Limited,Financial Services,276.0,302.3,7.4,2.3,🟢 Buy (Drifter),9.53,,,97,CLOSED
2026-06-12,POWERMECH.NS,Power Mech Projects Limited,Capital Goods,2789.5,2339.0,7.4,2.7,🟢 Buy (Drifter),-16.15,,,97,CLOSED
2026-06-12,JKTYRE.NS,JK Tyre & Industries Limited,Auto,378.2,348.55,7.3,2.3,🟡 Neutral (Priced-In),-7.84,,,97,CLOSED
2026-06-12,MOTILALOFS.NS,Motilal Oswal Financial Services Limited,Financial Services,888.5,988.7,6.8,3.0,🟢 Buy (Drifter),11.28,,,97,CLOSED
2026-06-12,JINDALSAW.NS,Jindal Saw Limited,Metals & Mining,238.5,291.2,6.7,2.7,🟢 Buy (Drifter),22.1,,,97,CLOSED
2026-06-12,ABCAPITAL.NS,Aditya Birla Capital Limited,Financial Services,358.1,390.0,6.4,3.0,🟢 Buy (Drifter),8.91,,,97,CLOSED
2026-06-12,HINDPETRO.NS,Hindustan Petroleum Corporation Limited,Oil & Gas,388.9,350.6,6.3,3.0,🟡 Neutral (Priced-In),-9.85,,,97,CLOSED
2026-06-12,ICIL.NS,Indo Count Industries Limited,Consumer Durables,344.5,435.5,6.3,2.3,🟡 Neutral (Priced-In),26.42,,,97,CLOSED
2026-06-12,JAMNAAUTO.NS,Jamna Auto Industries Limited,Auto,121.8,126.96,6.2,2.3,🟡 Neutral (Priced-In),4.24,,,97,CLOSED
2026-06-12,KRBL.NS,KRBL Limited,Consumer Goods,366.8,395.4,6.2,3.3,🟢 Buy (Drifter),7.8,,,97,CLOSED
2026-06-12,PRIVISCL.NS,Privi Speciality Chemicals Limited,Chemicals,3444.3,3490.8,6.2,3.0,🟡 Neutral (Priced-In),1.35,,,97,CLOSED
2026-06-12,JBMA.NS,JBM Auto Limited,Auto,683.8,593.6,6.0,2.3,🟡 Neutral (Priced-In),-13.19,,,97,CLOSED
2026-06-12,NETWORK18.NS,Network18 Media & Investments Limited,Media,31.5,26.46,6.0,2.7,🟡 Neutral (Priced-In),-16.0,,,97,CLOSED
2026-06-12,ABDL.NS,ABDL.NS,Consumer Goods,644.5,653.1,5.9,3.3,🟢 Buy (Drifter),1.33,,,97,CLOSED
2026-06-12,CEATLTD.NS,CEAT Limited,Auto,3334.3,3431.1,5.9,3.0,🟡 Neutral (Priced-In),2.9,,,97,CLOSED
2026-06-12,SHAKTIPUMP.NS,Shakti Pumps (India) Limited,Capital Goods,537.2,464.1,5.9,2.3,🟢 Buy (Drifter),-13.61,,,97,CLOSED
2026-06-12,AAVAS.NS,Aavas Financiers Limited,Financial Services,1405.7,1291.8,5.8,2.7,🟢 Buy (Drifter),-8.1,,,97,CLOSED
2026-06-12,EQUITASBNK.NS,Equitas Small Finance Bank Limited,Financial Services,75.5,72.13,5.8,3.0,🟢 Buy (Drifter),-4.46,,,97,CLOSED
2026-06-12,ENRIN.NS,Siemens Energy India Limited,Capital Goods,3606.9,3109.1,5.7,2.7,🟢 Buy (Drifter),-13.8,,,97,CLOSED
2026-06-12,IIFL.NS,IIFL Finance Limited,Financial Services,518.9,596.55,5.7,3.0,🟢 Buy (Drifter),14.96,,,97,CLOSED
2026-06-12,THELEELA.NS,Leela Palaces Hotels & Resorts Limited,Hospitality,429.8,530.0,5.7,3.0,Unknown,23.31,,,97,CLOSED
2026-06-12,VIPIND.NS,V.I.P. Industries Limited,Consumer Durables,315.0,304.25,5.7,3.0,🟡 Neutral (Priced-In),-3.41,,,97,CLOSED
2026-06-12,BPCL.NS,Bharat Petroleum Corporation Limited,Oil & Gas,302.4,307.0,5.6,2.7,🟡 Neutral (Priced-In),1.52,,,97,CLOSED
2026-06-12,JSWINFRA.NS,JSW Infrastructure Limited,Infrastructure,291.0,326.65,5.6,2.3,🟡 Neutral (Priced-In),12.25,,,97,CLOSED
2026-06-12,TIINDIA.NS,Tube Investments of India Limited,Auto,3141.8,2598.8,5.6,2.3,🟡 Neutral (Priced-In),-17.28,,,97,CLOSED
2026-06-12,BANDHANBNK.NS,Bandhan Bank Limited,Banking,204.6,171.5,5.5,2.7,🟡 Neutral (Priced-In),-16.18,,,97,CLOSED
2026-06-12,AUBANK.NS,AU Small Finance Bank Limited,Banking,1015.5,1039.3,5.4,2.3,🟡 Neutral (Priced-In),2.34,,,97,CLOSED
2026-06-12,BORORENEW.NS,Borosil Renewables Limited,Capital Goods,544.6,449.35,5.4,3.0,🟢 Buy (Drifter),-17.49,,,97,CLOSED
2026-06-12,SHARDACROP.NS,Sharda Cropchem Limited,Chemicals,923.3,741.7,5.4,2.7,🟡 Neutral (Priced-In),-19.67,,,97,CLOSED
2026-06-12,LATENTVIEW.NS,Latent View Analytics Limited,IT & Technology,301.2,255.0,5.3,2.3,🟢 Buy (Drifter),-15.34,,,97,CLOSED
2026-06-12,LLOYDSME.NS,Lloyds Metals and Energy Limited,Metals & Mining,1761.9,1799.3,5.3,2.3,🟢 Buy (Drifter),2.12,,,97,CLOSED
2026-06-12,PGEL.NS,PG Electroplast Limited,Consumer Durables,483.3,529.35,5.3,3.0,🟡 Neutral (Priced-In),9.53,,,97,CLOSED
2026-06-12,IDEA.NS,Vodafone Idea Limited,Telecom,14.9,14.22,5.2,2.3,🟡 Neutral (Priced-In),-4.56,,,97,CLOSED
2026-06-12,KIRLOSENG.NS,Kirloskar Oil Engines Limited,Capital Goods,1890.5,2120.6,5.2,2.7,🟢 Buy (Drifter),12.17,,,97,CLOSED
2026-06-12,NUVAMA.NS,Nuvama Wealth Management Limited,Financial Services,1588.1,1687.4,5.2,3.0,🟢 Buy (Drifter),6.25,,,97,CLOSED
2026-06-12,STARCEMENT.NS,Star Cement Limited,Cement & Materials,218.6,188.33,5.2,2.3,Unknown,-13.85,,,97,CLOSED
2026-06-12,APTUS.NS,Aptus Value Housing Finance India Limited,Financial Services,271.7,239.16,5.1,3.0,🟢 Buy (Drifter),-11.98,,,97,CLOSED
2026-06-12,MAHABANK.NS,Bank of Maharashtra,Banking,87.3,80.8,5.1,3.0,🟡 Neutral (Priced-In),-7.45,,,97,CLOSED
2026-06-12,NYKAA.NS,FSN E-Commerce Ventures Limited,Retail,273.5,323.75,5.1,2.3,🟡 Neutral (Priced-In),18.37,,,97,CLOSED
2026-06-12,SCHAEFFLER.NS,Schaeffler India Limited,Auto,4055.7,3991.0,5.1,2.3,🟡 Neutral (Priced-In),-1.6,,,97,CLOSED
2026-06-12,GREAVESCOT.NS,Greaves Cotton Limited,Capital Goods,185.0,191.72,5.0,2.7,🟢 Buy (Drifter),3.63,,,97,CLOSED
2026-06-12,HFCL.NS,HFCL Limited,Telecom,171.9,209.45,5.0,2.7,🟡 Neutral (Priced-In),21.84,,,97,CLOSED
2026-06-12,IOC.NS,Indian Oil Corporation Limited,Oil & Gas,140.9,134.27,5.0,2.3,🟡 Neutral (Priced-In),-4.71,,,97,CLOSED
2026-06-12,KRN.NS,KRN.NS,Capital Goods,1261.2,1392.8,5.0,2.7,🟢 Buy (Drifter),10.43,,,97,CLOSED
2026-06-12,REFEX.NS,Refex Industries Limited,Chemicals,311.0,271.75,5.0,3.0,🟡 Neutral (Priced-In),-12.62,,,97,CLOSED
2026-06-12,ANGELONE.NS,Angel One Limited,Financial Services,339.5,295.0,4.9,3.0,🟢 Buy (Drifter),-13.11,,,97,CLOSED
2026-06-12,CERA.NS,Cera Sanitaryware Limited,Cement & Materials,6144.0,5592.0,4.9,2.7,Unknown,-8.98,,,97,CLOSED
2026-06-12,IDFCFIRSTB.NS,IDFC First Bank Limited,Banking,76.5,86.33,4.9,3.0,🟡 Neutral (Priced-In),12.85,,,97,CLOSED
2026-06-12,TARIL.NS,TARIL.NS,Capital Goods,315.1,276.0,4.9,2.3,🟢 Buy (Drifter),-12.41,,,97,CLOSED
2026-06-12,LT.NS,Larsen & Toubro Limited,Infrastructure,4049.3,3836.2,4.8,2.3,🟡 Neutral (Priced-In),-5.26,,,97,CLOSED
2026-06-12,TATAINVEST.NS,Tata Investment Corporation Limited,Financial Services,665.9,719.3,4.8,2.3,🟢 Buy (Drifter),8.02,,,97,CLOSED
2026-06-12,TRITURBINE.NS,Triveni Turbine Limited,Capital Goods,671.2,556.8,4.8,3.0,🟢 Buy (Drifter),-17.04,,,97,CLOSED
2026-06-12,CUB.NS,City Union Bank Limited,Banking,201.7,231.82,4.7,2.7,🟡 Neutral (Priced-In),14.93,,,97,CLOSED
2026-06-12,EIEL.NS,EIEL.NS,Infrastructure,185.5,199.64,4.7,2.7,🟡 Neutral (Priced-In),7.62,,,97,CLOSED
2026-06-12,JISLJALEQS.NS,Jain Irrigation Systems Limited,Capital Goods,31.0,30.2,4.7,2.3,🟢 Buy (Drifter),-2.58,,,97,CLOSED
2026-06-12,APARINDS.NS,APAR Industries Limited,Capital Goods,15221.0,17801.0,4.6,3.3,🟢 Buy (Drifter),16.95,,,97,CLOSED
2026-06-12,BRIGADE.NS,Brigade Enterprises Limited,Real Estate,678.6,620.9,4.6,3.0,🟢 Buy (Drifter),-8.5,,,97,CLOSED
2026-06-12,DCAL.NS,Dishman Carbogen Amcis Limited,Pharma & Healthcare,184.6,162.11,4.6,2.7,🟡 Neutral (Priced-In),-12.18,,,97,CLOSED
2026-06-12,INDIGO.NS,InterGlobe Aviation Limited,Infrastructure,4709.7,4845.0,4.6,3.0,🟡 Neutral (Priced-In),2.87,,,97,CLOSED
2026-06-12,NAM-INDIA.NS,Nippon Life India Asset Management Limited,Financial Services,1089.1,1119.0,4.6,2.3,🟢 Buy (Drifter),2.75,,,97,CLOSED
2026-06-12,NBCC.NS,NBCC (India) Limited,Infrastructure,105.2,82.13,4.6,2.7,🟡 Neutral (Priced-In),-21.93,,,97,CLOSED
2026-06-12,SKIPPER.NS,Skipper Limited,Capital Goods,544.7,532.55,4.6,3.0,🟢 Buy (Drifter),-2.23,,,97,CLOSED
2026-06-12,ZENTEC.NS,Zen Technologies Limited,Aerospace & Defense,1793.8,1681.7,4.6,2.7,🟢 Buy (Drifter),-6.25,,,97,CLOSED
2026-06-12,AGI.NS,AGI Greenpac Limited,Consumer Durables,645.8,733.75,4.5,2.7,🟡 Neutral (Priced-In),13.62,,,97,CLOSED
2026-06-12,PCBL.NS,PCBL Chemical Limited,Chemicals,290.2,329.4,4.5,3.3,🟡 Neutral (Priced-In),13.51,,,97,CLOSED
2026-06-12,GRSE.NS,Garden Reach Shipbuilders & Engineers Limited,Aerospace & Defense,2648.7,2339.8,4.4,2.7,🟢 Buy (Drifter),-11.66,,,97,CLOSED
2026-06-12,GVT&D.NS,GE Vernova T&D India Ltd,Capital Goods,4942.5,4341.0,4.4,2.7,🟢 Buy (Drifter),-12.17,,,97,CLOSED
2026-06-12,LICHSGFIN.NS,LIC Housing Finance Limited,Financial Services,559.5,545.9,4.4,2.7,🟢 Buy (Drifter),-2.43,,,97,CLOSED
2026-06-12,TEJASNET.NS,Tejas Networks Limited,Telecom,598.8,524.25,4.4,3.3,🟡 Neutral (Priced-In),-12.45,,,97,CLOSED
2026-06-12,TITAGARH.NS,Titagarh Rail Systems Limited,Infrastructure,858.7,827.15,4.4,3.0,🟡 Neutral (Priced-In),-3.67,,,97,CLOSED
2026-06-12,IDBI.NS,IDBI Bank Limited,Banking,75.4,81.89,4.3,2.3,🟡 Neutral (Priced-In),8.61,,,97,CLOSED
2026-06-12,SUPRIYA.NS,Supriya Lifescience Limited,Pharma & Healthcare,977.2,900.65,4.3,3.0,🟡 Neutral (Priced-In),-7.83,,,97,CLOSED
2026-06-12,ANANTRAJ.NS,Anant Raj Limited,Real Estate,534.8,596.9,4.2,2.7,🟢 Buy (Drifter),11.61,,,97,CLOSED
2026-06-12,APOLLOTYRE.NS,Apollo Tyres Limited,Auto,396.3,412.15,4.2,2.7,🟡 Neutral (Priced-In),4.0,,,97,CLOSED
2026-06-12,JWL.NS,Jupiter Wagons Limited,Infrastructure,275.6,231.23,4.2,2.7,🟡 Neutral (Priced-In),-16.1,,,97,CLOSED
2026-06-12,PATELENG.NS,Patel Engineering Limited,Capital Goods,27.3,25.96,4.2,3.0,🟢 Buy (Drifter),-4.91,,,97,CLOSED
2026-06-12,CYIENTDLM.NS,Cyient DLM Limited,Capital Goods,449.7,893.5,4.1,2.7,🟢 Buy (Drifter),98.69,,,97,CLOSED
2026-06-12,LXCHEM.NS,Laxmi Organic Industries Limited,Chemicals,153.9,179.23,4.1,2.3,🟡 Neutral (Priced-In),16.46,,,97,CLOSED
2026-06-12,TEGA.NS,Tega Industries Limited,Capital Goods,1756.5,1920.0,4.1,3.0,🟢 Buy (Drifter),9.31,,,97,CLOSED
2026-06-12,DCBBANK.NS,DCB Bank Limited,Financial Services,179.9,218.51,4.0,2.7,🟢 Buy (Drifter),21.46,,,97,CLOSED
2026-06-12,KTKBANK.NS,The Karnataka Bank Limited,Banking,275.7,313.9,4.0,2.7,🟡 Neutral (Priced-In),13.86,,,97,CLOSED
2026-06-12,RTNINDIA.NS,RattanIndia Enterprises Limited,Financial Services,36.4,26.37,4.0,2.3,🟢 Buy (Drifter),-27.55,,,97,CLOSED
2026-06-12,TATATECH.NS,Tata Technologies Limited,IT & Technology,761.0,758.75,4.0,3.0,🟢 Buy (Drifter),-0.3,,,97,CLOSED
2026-06-15,AARTIIND.NS,Aarti Industries Limited,Chemicals,498.1,476.6,13.1,3.0,🟡 Neutral (Priced-In),-4.32,,,94,CLOSED
2026-06-15,KALYANKJIL.NS,Kalyan Jewellers India Limited,Consumer Durables,383.0,581.45,11.1,3.0,🟡 Neutral (Priced-In),51.81,,,94,CLOSED
2026-06-15,MSTCLTD.NS,MSTC Limited,Capital Goods,629.8,715.25,10.8,3.0,🟢 Buy (Drifter),13.57,,,94,CLOSED
2026-06-15,GABRIEL.NS,Gabriel India Limited,Auto,1146.3,1283.7,10.2,2.7,🟡 Neutral (Priced-In),11.99,,,94,CLOSED
2026-06-15,SCHNEIDER.NS,Schneider Electric Infrastructure Limited,Capital Goods,1216.2,1387.0,10.0,3.0,🟢 Buy (Drifter),14.04,,,94,CLOSED
2026-06-15,AURIONPRO.NS,Aurionpro Solutions Limited,IT & Technology,852.5,705.0,9.7,3.3,🟢 Buy (Drifter),-17.3,,,94,CLOSED
2026-06-15,BALKRISIND.NS,Balkrishna Industries Limited,Auto,2192.5,2170.8,8.9,2.3,🟡 Neutral (Priced-In),-0.99,,,94,CLOSED
2026-06-15,TBOTEK.NS,TBOTEK.NS,IT & Technology,1452.0,1647.7,7.3,3.0,🟢 Buy (Drifter),13.48,,,94,CLOSED
2026-06-15,GOKEX.NS,Gokaldas Exports Limited,Textiles,721.8,727.55,7.0,2.3,🟡 Neutral (Priced-In),0.8,,,94,CLOSED
2026-06-15,DIACABS.NS,Diamond Power Infrastructure Limited,Capital Goods,215.3,376.05,6.7,2.7,🟢 Buy (Drifter),74.66,,,94,CLOSED
2026-06-15,SAFARI.NS,Safari Industries (India) Limited,Consumer Durables,1636.0,1511.4,6.6,3.0,🟡 Neutral (Priced-In),-7.62,,,94,CLOSED
2026-06-15,THELEELA.NS,Leela Palaces Hotels & Resorts Limited,Hospitality,458.2,530.0,6.6,3.0,Unknown,15.67,,,94,CLOSED
2026-06-15,AEGISVOPAK.NS,AEGISVOPAK.NS,Oil & Gas,231.7,310.7,6.4,3.0,🟡 Neutral (Priced-In),34.1,,,94,CLOSED
2026-06-15,CHENNPETRO.NS,Chennai Petroleum Corporation Limited,Oil & Gas,1210.6,1414.1,6.4,3.0,🟡 Neutral (Priced-In),16.81,,,94,CLOSED
2026-06-15,UNOMINDA.NS,Uno Minda Limited,Auto,1125.7,1205.0,6.4,3.3,🟡 Neutral (Priced-In),7.04,,,94,CLOSED
2026-06-15,LTF.NS,L&T Finance Limited,Financial Services,293.2,302.3,6.3,3.0,🟢 Buy (Drifter),3.1,,,94,CLOSED
2026-06-15,SHRIPISTON.NS,SPR Auto Technologies Limited,Consumer Durables,3741.9,4385.4,6.2,3.0,🟡 Neutral (Priced-In),17.2,,,94,CLOSED
2026-06-15,PRESTIGE.NS,Prestige Estates Projects Limited,Real Estate,1472.5,1440.1,6.1,2.3,🟢 Buy (Drifter),-2.2,,,94,CLOSED
2026-06-15,IFCI.NS,IFCI Limited,Financial Services,89.6,77.09,5.9,3.0,🟢 Buy (Drifter),-13.96,,,94,CLOSED
2026-06-15,MOTILALOFS.NS,Motilal Oswal Financial Services Limited,Financial Services,939.5,988.7,5.7,3.0,🟢 Buy (Drifter),5.24,,,94,CLOSED
2026-06-15,PRICOLLTD.NS,PRICOLLTD.NS,Auto,581.3,752.5,5.6,2.7,🟡 Neutral (Priced-In),29.45,,,94,CLOSED
2026-06-15,CHOLAFIN.NS,Cholamandalam Investment and Finance Company Limited,Financial Services,1653.6,1764.5,5.5,2.7,🟢 Buy (Drifter),6.71,,,94,CLOSED
2026-06-15,RAIN.NS,Rain Industries Limited,Metals & Mining,207.8,203.02,5.5,3.0,🟢 Buy (Drifter),-2.3,,,94,CLOSED
2026-06-15,VENTIVE.NS,VENTIVE.NS,Hospitality,653.5,561.75,5.5,3.0,Unknown,-14.04,,,94,CLOSED
2026-06-15,AIIL.NS,Authum Investment & Infrastructure Limited,Financial Services,558.7,527.2,5.4,3.0,🟢 Buy (Drifter),-5.64,,,94,CLOSED
2026-06-15,RATEGAIN.NS,RateGain Travel Technologies Limited,IT & Technology,824.5,865.45,5.3,3.0,🟢 Buy (Drifter),4.97,,,94,CLOSED
2026-06-15,TRENT.NS,Trent Limited,Retail,2901.1,2789.0,5.3,2.7,🟡 Neutral (Priced-In),-3.86,,,94,CLOSED
2026-06-15,PHOENIXLTD.NS,The Phoenix Mills Limited,Real Estate,1846.9,1872.2,5.1,2.3,🟢 Buy (Drifter),1.37,,,94,CLOSED
2026-06-15,APARINDS.NS,APAR Industries Limited,Capital Goods,15986.0,17801.0,5.0,3.0,🟢 Buy (Drifter),11.35,,,94,CLOSED
2026-06-15,CEMPRO.NS,Cemindia Projects Limited,Infrastructure,1178.5,1255.1,5.0,3.0,🟡 Neutral (Priced-In),6.5,,,94,CLOSED
2026-06-15,HFCL.NS,HFCL Limited,Telecom,180.4,209.45,5.0,2.7,🟡 Neutral (Priced-In),16.1,,,94,CLOSED
2026-06-15,MRPL.NS,Mangalore Refinery and Petrochemicals Limited,Oil & Gas,168.9,163.77,4.9,3.0,🟡 Neutral (Priced-In),-3.04,,,94,CLOSED
2026-06-15,ORCHPHARMA.NS,Orchid Pharma Limited,Pharma & Healthcare,960.8,958.05,4.8,3.0,🟡 Neutral (Priced-In),-0.29,,,94,CLOSED
2026-06-15,SHRIRAMFIN.NS,Shriram Finance Limited,Financial Services,1000.7,995.0,4.8,2.3,🟢 Buy (Drifter),-0.57,,,94,CLOSED
2026-06-15,CRAFTSMAN.NS,Craftsman Automation Limited,Auto,9337.0,10937.0,4.7,3.0,🟡 Neutral (Priced-In),17.14,,,94,CLOSED
2026-06-15,DLF.NS,DLF Limited,Real Estate,614.5,640.0,4.7,2.3,🟢 Buy (Drifter),4.15,,,94,CLOSED
2026-06-15,NAM-INDIA.NS,Nippon Life India Asset Management Limited,Financial Services,1140.1,1119.0,4.7,3.0,🟢 Buy (Drifter),-1.85,,,94,CLOSED
2026-06-15,APOLLOTYRE.NS,Apollo Tyres Limited,Auto,414.4,412.15,4.6,3.3,🟡 Neutral (Priced-In),-0.54,,,94,CLOSED
2026-06-15,NUVAMA.NS,Nuvama Wealth Management Limited,Financial Services,1660.9,1687.4,4.6,3.0,🟢 Buy (Drifter),1.6,,,94,CLOSED
2026-06-15,WELSPUNLIV.NS,Welspun Living Limited,Textiles,144.9,212.25,4.6,3.3,🟡 Neutral (Priced-In),46.48,,,94,CLOSED
2026-06-15,ENDURANCE.NS,Endurance Technologies Limited,Auto,2616.3,2690.8,4.5,2.3,🟡 Neutral (Priced-In),2.85,,,94,CLOSED
2026-06-15,BELRISE.NS,BELRISE.NS,Auto,238.3,229.37,4.4,3.0,🟡 Neutral (Priced-In),-3.75,,,94,CLOSED
2026-06-15,ELECON.NS,Elecon Engineering Company Limited,Capital Goods,560.3,414.6,4.4,3.3,🟢 Buy (Drifter),-26.0,,,94,CLOSED
2026-06-15,PCBL.NS,PCBL Chemical Limited,Chemicals,303.1,329.4,4.4,3.3,🟡 Neutral (Priced-In),8.68,,,94,CLOSED
2026-06-15,AVALON.NS,Avalon Technologies Limited,Capital Goods,1760.0,2230.0,4.3,3.3,🟢 Buy (Drifter),26.7,,,94,CLOSED
2026-06-15,CHOICEIN.NS,Choice International Limited,Diversified,702.2,738.0,4.3,3.0,🟢 Buy (Drifter),5.1,,,94,CLOSED
2026-06-15,EICHERMOT.NS,Eicher Motors Limited,Auto,7624.5,7493.5,4.3,3.0,🟡 Neutral (Priced-In),-1.72,,,94,CLOSED
2026-06-15,GULFOILLUB.NS,Gulf Oil Lubricants India Limited,Oil & Gas,979.6,1064.0,4.3,2.7,🟡 Neutral (Priced-In),8.62,,,94,CLOSED
2026-06-15,STLTECH.NS,Sterlite Technologies Limited,Telecom,608.8,827.45,4.3,2.3,🟡 Neutral (Priced-In),35.91,,,94,CLOSED
2026-06-15,AEGISLOG.NS,AEGISLOG.NS,Oil & Gas,984.3,1353.8,4.2,3.0,🟡 Neutral (Priced-In),37.54,,,94,CLOSED
2026-06-15,CYIENTDLM.NS,Cyient DLM Limited,Capital Goods,468.5,893.5,4.2,2.7,🟢 Buy (Drifter),90.72,,,94,CLOSED
2026-06-15,EMIL.NS,Electronics Mart India Limited,Consumer Durables,109.9,185.07,4.2,2.3,🟡 Neutral (Priced-In),68.4,,,94,CLOSED
2026-06-15,FINEORG.NS,Fine Organic Industries Limited,Chemicals,4924.0,5202.0,4.2,2.3,🟡 Neutral (Priced-In),5.65,,,94,CLOSED
2026-06-15,ABSLAMC.NS,ABSLAMC.NS,Financial Services,1146.1,1090.1,4.1,3.0,🟢 Buy (Drifter),-4.89,,,94,CLOSED
2026-06-15,MGL.NS,Mahanagar Gas Limited,Oil & Gas,1139.0,1071.2,4.0,3.0,🟡 Neutral (Priced-In),-5.95,,,94,CLOSED
2026-06-16,SONATSOFTW.NS,Sonata Software Limited,IT & Technology,311.2,281.65,19.6,3.0,🟢 Buy (Drifter),-9.5,,,93,CLOSED
2026-06-16,MSTCLTD.NS,MSTC Limited,Capital Goods,708.8,715.25,12.6,3.0,🟢 Buy (Drifter),0.91,,,93,CLOSED
2026-06-16,LLOYDSENGG.NS,Lloyds Engineering Works Limited,Capital Goods,79.9,80.2,12.0,3.0,🟢 Buy (Drifter),0.38,,,93,CLOSED
2026-06-16,FACT.NS,The Fertilisers and Chemicals Travancore Limited,Chemicals,997.8,759.8,10.1,3.0,🟡 Neutral (Priced-In),-23.85,,,93,CLOSED
2026-06-16,ORCHPHARMA.NS,Orchid Pharma Limited,Pharma & Healthcare,1048.2,958.05,9.1,3.0,🟡 Neutral (Priced-In),-8.6,,,93,CLOSED
2026-06-16,MMTC.NS,MMTC Limited,Metals & Mining,75.7,60.14,7.9,3.0,🟢 Buy (Drifter),-20.55,,,93,CLOSED
2026-06-16,WABAG.NS,VA Tech Wabag Limited,Infrastructure,1754.3,2074.8,7.7,3.0,🟡 Neutral (Priced-In),18.27,,,93,CLOSED
2026-06-16,PGEL.NS,PG Electroplast Limited,Consumer Durables,527.5,529.35,7.0,3.0,🟡 Neutral (Priced-In),0.35,,,93,CLOSED
2026-06-16,VARROC.NS,Varroc Engineering Limited,Auto,623.0,846.15,6.9,2.7,🟡 Neutral (Priced-In),35.82,,,93,CLOSED
2026-06-16,HCC.NS,Hindustan Construction Company Limited,Capital Goods,25.5,21.56,6.8,3.0,🟢 Buy (Drifter),-15.45,,,93,CLOSED
2026-06-16,AGI.NS,AGI Greenpac Limited,Consumer Durables,702.0,733.75,6.3,3.0,🟡 Neutral (Priced-In),4.52,,,93,CLOSED
2026-06-16,ABREL.NS,Aditya Birla Real Estate Limited,Real Estate,1315.7,1257.4,6.1,2.3,🟢 Buy (Drifter),-4.43,,,93,CLOSED
2026-06-16,NETWEB.NS,Netweb Technologies India Limited,IT & Technology,4884.4,4578.5,5.9,3.0,🟢 Buy (Drifter),-6.26,,,93,CLOSED
2026-06-16,BRIGADE.NS,Brigade Enterprises Limited,Real Estate,720.2,620.9,5.3,3.0,🟢 Buy (Drifter),-13.79,,,93,CLOSED
2026-06-16,EDELWEISS.NS,Edelweiss Financial Services Limited,Financial Services,120.6,128.34,5.3,2.7,🟢 Buy (Drifter),6.42,,,93,CLOSED
2026-06-16,PARADEEP.NS,Paradeep Phosphates Limited,Chemicals,134.2,153.81,5.2,2.7,🟡 Neutral (Priced-In),14.61,,,93,CLOSED
2026-06-16,MTARTECH.NS,MTAR Technologies Limited,Capital Goods,7698.5,7060.0,4.8,2.3,🟢 Buy (Drifter),-8.29,,,93,CLOSED
2026-06-16,HFCL.NS,HFCL Limited,Telecom,189.0,209.45,4.7,3.0,🟡 Neutral (Priced-In),10.82,,,93,CLOSED
2026-06-16,KPIL.NS,Kalpataru Projects International Limited,Infrastructure,1365.7,1399.3,4.7,3.0,🟡 Neutral (Priced-In),2.46,,,93,CLOSED
2026-06-16,MAXESTATES.NS,MAXESTATES.NS,Real Estate,456.6,577.6,4.6,3.3,🟢 Buy (Drifter),26.5,,,93,CLOSED
2026-06-16,SUZLON.NS,Suzlon Energy Limited,Capital Goods,57.9,42.54,4.2,3.0,🟢 Buy (Drifter),-26.53,,,93,CLOSED
2026-06-16,MGL.NS,Mahanagar Gas Limited,Oil & Gas,1185.6,1071.2,4.1,3.0,🟡 Neutral (Priced-In),-9.65,,,93,CLOSED
2026-06-16,SPARC.NS,Sun Pharma Advanced Research Company Limited,Pharma & Healthcare,238.4,193.16,4.1,3.0,🟡 Neutral (Priced-In),-18.98,,,93,CLOSED
2026-06-17,PARAS.NS,Paras Defence and Space Technologies Limited,Aerospace & Defense,1285.7,1370.9,18.0,3.0,🟢 Buy (Drifter),6.63,,,92,CLOSED
2026-06-17,IDBI.NS,IDBI Bank Limited,Banking,90.4,81.89,17.1,3.0,🟡 Neutral (Priced-In),-9.41,,,92,CLOSED
2026-06-17,KIRLPNU.NS,Kirloskar Pneumatic Company Limited,Capital Goods,1832.4,693.85,11.3,3.0,🟢 Buy (Drifter),-62.13,,,92,CLOSED
2026-06-17,CARTRADE.NS,CarTrade Tech Limited,IT & Technology,2614.9,2938.0,9.7,3.0,🟢 Buy (Drifter),12.36,,,92,CLOSED
2026-06-17,LLOYDSENGG.NS,Lloyds Engineering Works Limited,Capital Goods,87.7,80.2,9.7,3.0,🟢 Buy (Drifter),-8.55,,,92,CLOSED
2026-06-17,ANUP.NS,The Anup Engineering Limited,Capital Goods,2132.4,1646.6,8.5,3.0,🟢 Buy (Drifter),-22.78,,,92,CLOSED
2026-06-17,MTARTECH.NS,MTAR Technologies Limited,Capital Goods,8319.0,7060.0,8.1,2.3,🟢 Buy (Drifter),-15.13,,,92,CLOSED
2026-06-17,SCHNEIDER.NS,Schneider Electric Infrastructure Limited,Capital Goods,1266.6,1387.0,7.2,3.0,🟢 Buy (Drifter),9.51,,,92,CLOSED
2026-06-17,TRENT.NS,Trent Limited,Retail,3102.8,2789.0,7.1,3.0,🟡 Neutral (Priced-In),-10.11,,,92,CLOSED
2026-06-17,UCOBANK.NS,UCO Bank,Banking,28.2,23.59,7.1,2.7,🟡 Neutral (Priced-In),-16.35,,,92,CLOSED
2026-06-17,PATELENG.NS,Patel Engineering Limited,Capital Goods,30.7,25.96,6.9,3.0,🟢 Buy (Drifter),-15.44,,,92,CLOSED
2026-06-17,OLECTRA.NS,Olectra Greentech Limited,Auto,1354.9,1186.2,6.7,2.3,🟡 Neutral (Priced-In),-12.45,,,92,CLOSED
2026-06-17,LLOYDSENT.NS,Lloyds Enterprises Limited,Metals & Mining,75.6,67.0,6.6,3.0,🟢 Buy (Drifter),-11.38,,,92,CLOSED
2026-06-17,DATAPATTNS.NS,Data Patterns (India) Limited,Aerospace & Defense,4769.6,4411.1,6.5,3.0,🟢 Buy (Drifter),-7.52,,,92,CLOSED
2026-06-17,ASTRAMICRO.NS,Astra Microwave Products Limited,Aerospace & Defense,1574.4,1607.8,6.4,3.0,🟢 Buy (Drifter),2.12,,,92,CLOSED
2026-06-17,CARBORUNIV.NS,Carborundum Universal Limited,Capital Goods,1130.3,1083.6,6.1,3.0,🟢 Buy (Drifter),-4.13,,,92,CLOSED
2026-06-17,EMIL.NS,Electronics Mart India Limited,Consumer Durables,118.5,185.07,6.1,2.7,🟡 Neutral (Priced-In),56.18,,,92,CLOSED
2026-06-17,GRSE.NS,Garden Reach Shipbuilders & Engineers Limited,Aerospace & Defense,2818.4,2339.8,5.8,2.7,🟢 Buy (Drifter),-16.98,,,92,CLOSED
2026-06-17,GVT&D.NS,GE Vernova T&D India Ltd,Capital Goods,5152.5,4341.0,5.7,2.7,🟢 Buy (Drifter),-15.75,,,92,CLOSED
2026-06-17,HCC.NS,Hindustan Construction Company Limited,Capital Goods,26.9,21.56,5.4,3.0,🟢 Buy (Drifter),-19.85,,,92,CLOSED
2026-06-17,WOCKPHARMA.NS,Wockhardt Limited,Pharma & Healthcare,2022.8,2072.3,5.4,2.3,🟡 Neutral (Priced-In),2.45,,,92,CLOSED
2026-06-17,BORORENEW.NS,Borosil Renewables Limited,Capital Goods,593.9,449.35,5.3,3.0,🟢 Buy (Drifter),-24.34,,,92,CLOSED
2026-06-17,OPTIEMUS.NS,Optiemus Infracom Limited,Telecom,451.1,610.0,5.1,3.0,🟡 Neutral (Priced-In),35.23,,,92,CLOSED
2026-06-17,YESBANK.NS,Yes Bank Limited,Banking,25.1,23.13,5.1,3.0,🟡 Neutral (Priced-In),-7.85,,,92,CLOSED
2026-06-17,GALLANTT.NS,Gallantt Ispat Limited,Metals & Mining,713.2,537.7,5.0,2.7,🟢 Buy (Drifter),-24.61,,,92,CLOSED
2026-06-17,RATEGAIN.NS,RateGain Travel Technologies Limited,IT & Technology,886.2,865.45,5.0,3.3,🟢 Buy (Drifter),-2.34,,,92,CLOSED
2026-06-17,DIXON.NS,Dixon Technologies (India) Limited,Consumer Durables,12833.0,13290.0,4.9,3.0,🟡 Neutral (Priced-In),3.56,,,92,CLOSED
2026-06-17,ENRIN.NS,Siemens Energy India Limited,Capital Goods,3785.2,3109.1,4.9,2.3,🟢 Buy (Drifter),-17.86,,,92,CLOSED
2026-06-17,BRIGADE.NS,Brigade Enterprises Limited,Real Estate,565.8,620.9,4.8,2.3,🟢 Buy (Drifter),9.74,,,92,CLOSED
2026-06-17,KEI.NS,KEI Industries Limited,Capital Goods,5643.5,4560.0,4.8,2.7,🟢 Buy (Drifter),-19.2,,,92,CLOSED
2026-06-17,IOB.NS,Indian Overseas Bank,Banking,35.6,32.1,4.6,2.7,🟡 Neutral (Priced-In),-9.83,,,92,CLOSED
2026-06-17,FIVESTAR.NS,Five-Star Business Finance Limited,Financial Services,485.5,530.95,4.5,2.3,🟢 Buy (Drifter),9.36,,,92,CLOSED
2026-06-17,VMART.NS,V-Mart Retail Limited,Retail,764.0,790.05,4.4,3.3,🟡 Neutral (Priced-In),3.41,,,92,CLOSED
2026-06-17,GNFC.NS,Gujarat Narmada Valley Fertilizers & Chemicals Limited,Chemicals,559.2,584.85,4.3,2.3,🟡 Neutral (Priced-In),4.59,,,92,CLOSED
2026-06-17,JINDALSAW.NS,Jindal Saw Limited,Metals & Mining,258.5,291.2,4.3,3.0,🟢 Buy (Drifter),12.65,,,92,CLOSED
2026-06-17,KFINTECH.NS,KFin Technologies Limited,Financial Services,898.5,897.0,4.3,2.7,🟢 Buy (Drifter),-0.17,,,92,CLOSED
2026-06-17,AAVAS.NS,Aavas Financiers Limited,Financial Services,1452.4,1291.8,4.2,2.7,🟢 Buy (Drifter),-11.06,,,92,CLOSED
2026-06-17,GULFOILLUB.NS,Gulf Oil Lubricants India Limited,Oil & Gas,1033.9,1064.0,4.1,3.0,🟡 Neutral (Priced-In),2.91,,,92,CLOSED
2026-06-17,INOXINDIA.NS,INOX India Limited,Capital Goods,1915.1,2014.8,4.1,3.0,🟢 Buy (Drifter),5.21,,,92,CLOSED
2026-06-17,SAFARI.NS,Safari Industries (India) Limited,Consumer Durables,1675.5,1511.4,4.1,3.0,🟡 Neutral (Priced-In),-9.79,,,92,CLOSED
2026-06-18,ICIL.NS,Indo Count Industries Limited,Consumer Durables,405.9,435.5,18.6,3.0,🟡 Neutral (Priced-In),7.29,,,91,CLOSED
2026-06-18,BATAINDIA.NS,Bata India Limited,Textiles,789.9,636.65,16.4,3.0,🟡 Neutral (Priced-In),-19.4,,,91,CLOSED
2026-06-18,KPRMILL.NS,K.P.R. Mill Limited,Textiles,1186.4,1095.4,13.7,3.0,🟡 Neutral (Priced-In),-7.67,,,91,CLOSED
2026-06-18,WELSPUNLIV.NS,Welspun Living Limited,Textiles,163.0,212.25,11.1,3.0,🟡 Neutral (Priced-In),30.21,,,91,CLOSED
2026-06-18,BOSCH-HCIL.NS,Bosch Home Comfort India Limited,Consumer Durables,1407.0,1668.3,10.0,3.0,🟡 Neutral (Priced-In),18.57,,,91,CLOSED
2026-06-18,REDINGTON.NS,Redington Limited,Capital Goods,272.0,400.1,9.3,3.0,🟢 Buy (Drifter),47.1,,,91,CLOSED
2026-06-18,NIACL.NS,The New India Assurance Company Limited,Insurance,178.7,197.05,8.0,3.0,🟡 Neutral (Priced-In),10.27,,,91,CLOSED
2026-06-18,GOKEX.NS,Gokaldas Exports Limited,Textiles,784.1,727.55,7.4,3.0,🟡 Neutral (Priced-In),-7.21,,,91,CLOSED
2026-06-18,FIVESTAR.NS,Five-Star Business Finance Limited,Financial Services,518.8,530.95,6.9,3.0,🟢 Buy (Drifter),2.34,,,91,CLOSED
2026-06-18,OLECTRA.NS,Olectra Greentech Limited,Auto,1446.6,1186.2,6.8,2.7,🟡 Neutral (Priced-In),-18.0,,,91,CLOSED
2026-06-18,BIRLACORPN.NS,Birla Corporation Limited,Cement & Materials,1049.7,811.15,6.6,2.7,Unknown,-22.73,,,91,CLOSED
2026-06-18,ABSLAMC.NS,ABSLAMC.NS,Financial Services,1167.1,1090.1,6.3,3.0,🟢 Buy (Drifter),-6.6,,,91,CLOSED
2026-06-18,ASTRAMICRO.NS,Astra Microwave Products Limited,Aerospace & Defense,1670.0,1607.8,6.1,3.3,🟢 Buy (Drifter),-3.72,,,91,CLOSED
2026-06-18,NYKAA.NS,FSN E-Commerce Ventures Limited,Retail,298.1,323.75,6.1,2.7,🟡 Neutral (Priced-In),8.6,,,91,CLOSED
2026-06-18,STARHEALTH.NS,Star Health and Allied Insurance Company Limited,Insurance,565.7,560.55,6.0,3.0,🟡 Neutral (Priced-In),-0.91,,,91,CLOSED
2026-06-18,KNRCON.NS,KNR Constructions Limited,Infrastructure,139.1,120.86,5.7,2.3,🟡 Neutral (Priced-In),-13.11,,,91,CLOSED
2026-06-18,VTL.NS,Vardhman Textiles Limited,Textiles,661.4,561.3,5.6,2.7,🟡 Neutral (Priced-In),-15.13,,,91,CLOSED
2026-06-18,CARBORUNIV.NS,Carborundum Universal Limited,Capital Goods,1192.2,1083.6,5.5,2.7,🟢 Buy (Drifter),-9.11,,,91,CLOSED
2026-06-18,GRANULES.NS,Granules India Limited,Pharma & Healthcare,782.1,870.4,5.5,2.7,🟡 Neutral (Priced-In),11.29,,,91,CLOSED
2026-06-18,IMAGICAA.NS,Imagicaaworld Entertainment Limited,Media,45.9,51.18,5.5,2.3,🟡 Neutral (Priced-In),11.5,,,91,CLOSED
2026-06-18,CCAVENUE.NS,AvenuesAI Limited,Financial Services,15.0,16.32,5.1,2.3,🟢 Buy (Drifter),8.8,,,91,CLOSED
2026-06-18,HFCL.NS,HFCL Limited,Telecom,199.6,209.45,5.0,3.0,🟡 Neutral (Priced-In),4.93,,,91,CLOSED
2026-06-18,PGIL.NS,Pearl Global Industries Limited,Consumer Durables,1743.5,1143.1,5.0,3.0,🟡 Neutral (Priced-In),-34.44,,,91,CLOSED
2026-06-18,STLTECH.NS,Sterlite Technologies Limited,Telecom,647.2,827.45,5.0,2.7,🟡 Neutral (Priced-In),27.85,,,91,CLOSED
2026-06-18,THOMASCOOK.NS,Thomas Cook (India) Limited,Hospitality,116.6,103.42,4.8,3.0,Unknown,-11.3,,,91,CLOSED
2026-06-18,ADANIPOWER.NS,Adani Power Limited,Power & Utilities,230.6,205.92,4.6,2.3,🟢 Buy (Drifter),-10.7,,,91,CLOSED
2026-06-18,CDSL.NS,Central Depository Services (India) Limited,Financial Services,1350.4,1349.4,4.6,3.0,🟢 Buy (Drifter),-0.07,,,91,CLOSED
2026-06-18,ACUTAAS.NS,Acutaas Chemicals Limited,Chemicals,3136.3,3315.1,4.5,2.7,🟡 Neutral (Priced-In),5.7,,,91,CLOSED
2026-06-18,FLUOROCHEM.NS,Gujarat Fluorochemicals Limited,Chemicals,3837.5,4471.8,4.4,2.3,🟡 Neutral (Priced-In),16.53,,,91,CLOSED
2026-06-18,TRIDENT.NS,Trident Limited,Textiles,26.0,23.08,4.2,2.3,🟡 Neutral (Priced-In),-11.23,,,91,CLOSED
2026-06-18,ANUP.NS,The Anup Engineering Limited,Capital Goods,2218.8,1646.6,4.1,3.0,🟢 Buy (Drifter),-25.79,,,91,CLOSED
2026-06-18,ENGINERSIN.NS,Engineers India Limited,Infrastructure,253.1,263.75,4.1,3.3,🟡 Neutral (Priced-In),4.21,,,91,CLOSED
2026-06-18,SANOFICONR.NS,SANOFICONR.NS,Consumer Goods,4948.6,3989.5,4.1,2.3,🟢 Buy (Drifter),-19.38,,,91,CLOSED
2026-06-19,GARFIBRES.NS,Garware Technical Fibres Limited,Capital Goods,796.4,799.7,14.2,3.3,🟢 Buy (Drifter),0.41,,,90,CLOSED
2026-06-19,NIACL.NS,The New India Assurance Company Limited,Insurance,202.3,197.05,13.2,3.0,🟡 Neutral (Priced-In),-2.6,,,90,CLOSED
2026-06-19,TARIL.NS,TARIL.NS,Capital Goods,357.5,276.0,10.1,3.0,🟢 Buy (Drifter),-22.8,,,90,CLOSED
2026-06-19,BERGEPAINT.NS,Berger Paints India Limited,Chemicals,550.7,448.6,9.0,3.0,🟡 Neutral (Priced-In),-18.54,,,90,CLOSED
2026-06-19,WABAG.NS,VA Tech Wabag Limited,Infrastructure,1983.6,2074.8,8.9,3.3,🟡 Neutral (Priced-In),4.6,,,90,CLOSED
2026-06-19,THELEELA.NS,Leela Palaces Hotels & Resorts Limited,Hospitality,494.2,530.0,8.0,3.0,Unknown,7.24,,,90,CLOSED
2026-06-19,PARAS.NS,Paras Defence and Space Technologies Limited,Aerospace & Defense,1408.7,1370.9,7.5,3.0,🟢 Buy (Drifter),-2.68,,,90,CLOSED
2026-06-19,JINDWORLD.NS,Jindal Worldwide Limited,Consumer Durables,32.4,49.0,6.7,2.3,🟡 Neutral (Priced-In),51.23,,,90,CLOSED
2026-06-19,KIRLPNU.NS,Kirloskar Pneumatic Company Limited,Capital Goods,1950.0,693.85,6.7,3.0,🟢 Buy (Drifter),-64.42,,,90,CLOSED
2026-06-19,CAPLIPOINT.NS,Caplin Point Laboratories Limited,Pharma & Healthcare,2503.5,2596.6,6.1,3.0,🟡 Neutral (Priced-In),3.72,,,90,CLOSED
2026-06-19,ITCHOTELS.NS,ITCHOTELS.NS,Hospitality,170.9,154.33,6.1,3.0,Unknown,-9.7,,,90,CLOSED
2026-06-19,SWSOLAR.NS,Sterling and Wilson Renewable Energy Limited,Power & Utilities,235.5,179.22,6.0,2.7,🟢 Buy (Drifter),-23.9,,,90,CLOSED
2026-06-19,AADHARHFC.NS,AADHARHFC.NS,Financial Services,515.1,469.35,5.9,3.0,🟢 Buy (Drifter),-8.88,,,90,CLOSED
2026-06-19,INOXINDIA.NS,INOX India Limited,Capital Goods,1917.8,2014.8,5.8,3.0,🟢 Buy (Drifter),5.06,,,90,CLOSED
2026-06-19,RBA.NS,Restaurant Brands Asia Limited,Hospitality,73.7,96.12,5.7,2.7,Unknown,30.42,,,90,CLOSED
2026-06-19,REFEX.NS,Refex Industries Limited,Chemicals,336.9,271.75,5.7,3.0,🟡 Neutral (Priced-In),-19.34,,,90,CLOSED
2026-06-19,UNIMECH.NS,UNIMECH.NS,Aerospace & Defense,1197.7,1570.6,5.6,3.0,🟢 Buy (Drifter),31.13,,,90,CLOSED
2026-06-19,POONAWALLA.NS,Poonawalla Fincorp Limited,Financial Services,426.7,432.8,5.5,2.7,🟢 Buy (Drifter),1.43,,,90,CLOSED
2026-06-19,GVT&D.NS,GE Vernova T&D India Ltd,Capital Goods,5533.5,4341.0,5.4,3.0,🟢 Buy (Drifter),-21.55,,,90,CLOSED
2026-06-19,TEJASNET.NS,Tejas Networks Limited,Telecom,632.3,524.25,5.4,3.0,🟡 Neutral (Priced-In),-17.09,,,90,CLOSED
2026-06-19,PTCIL.NS,PTC Industries Limited,Capital Goods,18333.0,22670.0,5.2,2.7,🟢 Buy (Drifter),23.66,,,90,CLOSED
2026-06-19,JISLJALEQS.NS,Jain Irrigation Systems Limited,Capital Goods,34.9,30.2,5.1,3.0,🟢 Buy (Drifter),-13.47,,,90,CLOSED
2026-06-19,OLECTRA.NS,Olectra Greentech Limited,Auto,1520.3,1186.2,5.1,3.0,🟡 Neutral (Priced-In),-21.98,,,90,CLOSED
2026-06-19,CEMPRO.NS,Cemindia Projects Limited,Infrastructure,1252.0,1255.1,5.0,3.0,🟡 Neutral (Priced-In),0.25,,,90,CLOSED
2026-06-19,HFCL.NS,HFCL Limited,Telecom,209.6,209.45,5.0,3.0,🟡 Neutral (Priced-In),-0.07,,,90,CLOSED
2026-06-19,GABRIEL.NS,Gabriel India Limited,Auto,1197.4,1283.7,4.9,2.7,🟡 Neutral (Priced-In),7.21,,,90,CLOSED
2026-06-19,CERA.NS,Cera Sanitaryware Limited,Cement & Materials,6448.0,5592.0,4.7,3.0,Unknown,-13.28,,,90,CLOSED
2026-06-19,VIJAYA.NS,Vijaya Diagnostic Centre Limited,Pharma & Healthcare,1364.2,1506.1,4.5,3.0,🟡 Neutral (Priced-In),10.4,,,90,CLOSED
2026-06-19,GOKEX.NS,Gokaldas Exports Limited,Textiles,818.7,727.55,4.4,3.0,🟡 Neutral (Priced-In),-11.13,,,90,CLOSED
2026-06-19,BLACKBUCK.NS,BlackBuck Limited,IT & Technology,574.0,611.5,4.3,3.0,🟢 Buy (Drifter),6.53,,,90,CLOSED
2026-06-19,CARBORUNIV.NS,Carborundum Universal Limited,Capital Goods,1241.7,1083.6,4.2,2.7,🟢 Buy (Drifter),-12.73,,,90,CLOSED
2026-06-19,IFCI.NS,IFCI Limited,Financial Services,85.7,77.09,4.2,2.7,🟢 Buy (Drifter),-10.05,,,90,CLOSED
2026-06-19,PNCINFRA.NS,PNC Infratech Limited,Infrastructure,226.0,139.55,4.2,2.7,🟡 Neutral (Priced-In),-38.25,,,90,CLOSED
2026-06-19,DBREALTY.NS,Valor Estate Limited,Real Estate,118.1,94.73,4.0,2.7,🟢 Buy (Drifter),-19.79,,,90,CLOSED
2026-06-22,KIRLOSENG.NS,Kirloskar Oil Engines Limited,Capital Goods,2389.8,2120.6,20.0,3.3,🟢 Buy (Drifter),-11.26,,,87,CLOSED
2026-06-22,SUBROS.NS,Subros Limited,Consumer Durables,856.0,689.6,14.5,3.0,🟡 Neutral (Priced-In),-19.44,,,87,CLOSED
2026-06-22,KSCL.NS,Kaveri Seed Company Limited,Chemicals,944.2,703.35,11.1,3.0,🟡 Neutral (Priced-In),-25.51,,,87,CLOSED
2026-06-22,TRITURBINE.NS,Triveni Turbine Limited,Capital Goods,737.3,556.8,9.7,2.7,🟢 Buy (Drifter),-24.48,,,87,CLOSED
2026-06-22,EIEL.NS,EIEL.NS,Infrastructure,224.9,199.64,9.2,2.7,🟡 Neutral (Priced-In),-11.23,,,87,CLOSED
2026-06-22,RBA.NS,Restaurant Brands Asia Limited,Hospitality,79.7,96.12,8.2,3.0,Unknown,20.6,,,87,CLOSED
2026-06-22,IMAGICAA.NS,Imagicaaworld Entertainment Limited,Media,48.0,51.18,7.8,2.7,🟡 Neutral (Priced-In),6.63,,,87,CLOSED
2026-06-22,KIRLPNU.NS,Kirloskar Pneumatic Company Limited,Capital Goods,2091.5,693.85,7.3,3.0,🟢 Buy (Drifter),-66.83,,,87,CLOSED
2026-06-22,KIRLOSBROS.NS,Kirloskar Brothers Limited,Capital Goods,2073.3,1770.8,7.2,3.0,🟢 Buy (Drifter),-14.59,,,87,CLOSED
2026-06-22,GREAVESCOT.NS,Greaves Cotton Limited,Capital Goods,212.6,191.72,7.1,3.0,🟢 Buy (Drifter),-9.82,,,87,CLOSED
2026-06-22,GRINFRA.NS,G R Infraprojects Limited,Capital Goods,959.1,829.05,7.1,2.3,🟢 Buy (Drifter),-13.56,,,87,CLOSED
2026-06-22,LXCHEM.NS,Laxmi Organic Industries Limited,Chemicals,162.9,179.23,6.9,3.0,🟡 Neutral (Priced-In),10.02,,,87,CLOSED
2026-06-22,POLYMED.NS,Poly Medicure Limited,Pharma & Healthcare,1671.4,1712.7,6.9,2.3,🟡 Neutral (Priced-In),2.47,,,87,CLOSED
2026-06-22,INOXINDIA.NS,INOX India Limited,Capital Goods,2040.9,2014.8,6.4,3.0,🟢 Buy (Drifter),-1.28,,,87,CLOSED
2026-06-22,AEGISLOG.NS,AEGISLOG.NS,Oil & Gas,1069.7,1353.8,6.1,3.0,🟡 Neutral (Priced-In),26.56,,,87,CLOSED
2026-06-22,SFL.NS,Sheela Foam Limited,Consumer Durables,741.8,673.0,5.9,3.0,🟡 Neutral (Priced-In),-9.27,,,87,CLOSED
2026-06-22,IDBI.NS,IDBI Bank Limited,Banking,87.7,81.89,5.6,3.0,🟡 Neutral (Priced-In),-6.62,,,87,CLOSED
2026-06-22,AETHER.NS,Aether Industries Limited,Chemicals,1226.8,1623.3,5.5,3.0,🟡 Neutral (Priced-In),32.32,,,87,CLOSED
2026-06-22,CLEAN.NS,Clean Science and Technology Limited,Chemicals,821.1,828.15,5.0,3.0,🟡 Neutral (Priced-In),0.86,,,87,CLOSED
2026-06-22,KSB.NS,KSB Limited,Capital Goods,947.8,777.8,5.0,2.7,🟢 Buy (Drifter),-17.94,,,87,CLOSED
2026-06-22,DELHIVERY.NS,Delhivery Limited,Infrastructure,483.8,425.95,4.9,2.3,🟡 Neutral (Priced-In),-11.96,,,87,CLOSED
2026-06-22,NIACL.NS,The New India Assurance Company Limited,Insurance,212.1,197.05,4.8,3.0,🟡 Neutral (Priced-In),-7.1,,,87,CLOSED
2026-06-22,SCHNEIDER.NS,Schneider Electric Infrastructure Limited,Capital Goods,1395.5,1387.0,4.8,3.0,🟢 Buy (Drifter),-0.61,,,87,CLOSED
2026-06-22,PGIL.NS,Pearl Global Industries Limited,Consumer Durables,1878.6,1143.1,4.7,3.0,🟡 Neutral (Priced-In),-39.15,,,87,CLOSED
2026-06-22,ZYDUSWELL.NS,Zydus Wellness Limited,Consumer Goods,536.5,546.15,4.7,3.0,🟢 Buy (Drifter),1.8,,,87,CLOSED
2026-06-22,PNCINFRA.NS,PNC Infratech Limited,Infrastructure,236.4,139.55,4.6,2.7,🟡 Neutral (Priced-In),-40.97,,,87,CLOSED
2026-06-22,PRIVISCL.NS,Privi Speciality Chemicals Limited,Chemicals,3655.8,3490.8,4.6,2.7,🟡 Neutral (Priced-In),-4.51,,,87,CLOSED
2026-06-22,EDELWEISS.NS,Edelweiss Financial Services Limited,Financial Services,130.3,128.34,4.5,3.0,🟢 Buy (Drifter),-1.5,,,87,CLOSED
2026-06-22,ABCAPITAL.NS,Aditya Birla Capital Limited,Financial Services,392.0,390.0,4.3,3.0,🟢 Buy (Drifter),-0.51,,,87,CLOSED
2026-06-22,ANUP.NS,The Anup Engineering Limited,Capital Goods,2337.1,1646.6,4.1,3.0,🟢 Buy (Drifter),-29.55,,,87,CLOSED
2026-06-22,RECLTD.NS,REC Limited,Financial Services,369.9,310.5,4.1,2.7,🟢 Buy (Drifter),-16.06,,,87,CLOSED
2026-06-22,TRIVENI.NS,Triveni Engineering & Industries Limited,Consumer Goods,419.8,232.45,4.0,2.3,🟢 Buy (Drifter),-44.63,,,87,CLOSED
2026-06-23,COHANCE.NS,COHANCE.NS,Pharma & Healthcare,457.8,439.95,13.0,3.0,🟡 Neutral (Priced-In),-3.9,,,86,CLOSED
2026-06-23,SHILPAMED.NS,Shilpa Medicare Limited,Pharma & Healthcare,591.2,958.35,7.9,3.0,🟡 Neutral (Priced-In),62.1,,,86,CLOSED
2026-06-23,PPLPHARMA.NS,Piramal Pharma Limited,Pharma & Healthcare,168.9,204.71,6.5,2.7,🟡 Neutral (Priced-In),21.2,,,86,CLOSED
2026-06-23,GLAND.NS,Gland Pharma Limited,Pharma & Healthcare,2298.2,2907.8,5.1,2.3,🟡 Neutral (Priced-In),26.53,,,86,CLOSED
2026-06-23,NEULANDLAB.NS,Neuland Laboratories Limited,Pharma & Healthcare,18102.0,22665.0,5.1,3.0,🟡 Neutral (Priced-In),25.21,,,86,CLOSED
2026-06-23,ATHERENERG.NS,Ather Energy Limited,Auto,1006.8,1550.0,4.8,2.3,🟡 Neutral (Priced-In),53.95,,,86,CLOSED
2026-06-23,BASF.NS,BASF India Limited,Chemicals,3745.8,3601.6,4.8,3.0,🟡 Neutral (Priced-In),-3.85,,,86,CLOSED
2026-06-23,KIRLOSENG.NS,Kirloskar Oil Engines Limited,Capital Goods,2504.4,2120.6,4.8,2.3,🟢 Buy (Drifter),-15.33,,,86,CLOSED
2026-06-23,SANSERA.NS,Sansera Engineering Limited,Auto,3120.6,4017.5,4.3,2.7,🟡 Neutral (Priced-In),28.74,,,86,CLOSED
2026-06-24,ICIL.NS,Indo Count Industries Limited,Consumer Durables,433.9,435.5,10.3,3.0,🟡 Neutral (Priced-In),0.37,,,85,CLOSED
2026-06-24,PGIL.NS,Pearl Global Industries Limited,Consumer Durables,2081.0,1143.1,10.2,3.0,🟡 Neutral (Priced-In),-45.07,,,85,CLOSED
2026-06-24,AETHER.NS,Aether Industries Limited,Chemicals,1357.2,1623.3,9.1,3.0,🟡 Neutral (Priced-In),19.61,,,85,CLOSED
2026-06-24,PATELENG.NS,Patel Engineering Limited,Capital Goods,34.6,25.96,7.8,3.0,🟢 Buy (Drifter),-24.97,,,85,CLOSED
2026-06-24,KPRMILL.NS,K.P.R. Mill Limited,Textiles,1218.4,1095.4,7.7,3.0,🟡 Neutral (Priced-In),-10.1,,,85,CLOSED
2026-06-24,JSWINFRA.NS,JSW Infrastructure Limited,Infrastructure,338.4,326.65,7.4,3.0,🟡 Neutral (Priced-In),-3.47,,,85,CLOSED
2026-06-24,POLYPLEX.NS,Polyplex Corporation Limited,Chemicals,1038.2,1084.9,7.3,2.3,🟡 Neutral (Priced-In),4.5,,,85,CLOSED
2026-06-24,ENTERO.NS,Entero Healthcare Solutions Limited,Pharma & Healthcare,1163.3,1666.6,6.9,2.3,🟡 Neutral (Priced-In),43.26,,,85,CLOSED
2026-06-24,M&MFIN.NS,Mahindra & Mahindra Financial Services Limited,Financial Services,310.9,345.7,6.7,2.7,🟢 Buy (Drifter),11.19,,,85,CLOSED
2026-06-24,ARVIND.NS,Arvind Limited,Textiles,556.1,541.6,6.6,2.7,🟡 Neutral (Priced-In),-2.61,,,85,CLOSED
2026-06-24,CREDITACC.NS,CreditAccess Grameen Limited,Financial Services,1460.3,1370.8,6.5,3.0,🟢 Buy (Drifter),-6.13,,,85,CLOSED
2026-06-24,IMAGICAA.NS,Imagicaaworld Entertainment Limited,Media,49.9,51.18,5.5,2.7,🟡 Neutral (Priced-In),2.57,,,85,CLOSED
2026-06-24,EXIDEIND.NS,Exide Industries Limited,Auto,399.5,418.6,5.4,2.3,🟡 Neutral (Priced-In),4.78,,,85,CLOSED
2026-06-24,INDIGO.NS,InterGlobe Aviation Limited,Infrastructure,5207.2,4845.0,5.0,2.7,🟡 Neutral (Priced-In),-6.96,,,85,CLOSED
2026-06-24,WELSPUNLIV.NS,Welspun Living Limited,Textiles,169.8,212.25,5.0,3.0,🟡 Neutral (Priced-In),25.0,,,85,CLOSED
2026-06-24,RAIN.NS,Rain Industries Limited,Metals & Mining,192.7,203.02,4.6,2.3,🟢 Buy (Drifter),5.36,,,85,CLOSED
2026-06-24,FIRSTCRY.NS,FIRSTCRY.NS,Retail,226.8,169.25,4.5,2.3,🟡 Neutral (Priced-In),-25.37,,,85,CLOSED
2026-06-24,RAMCOCEM.NS,The Ramco Cements Limited,Cement & Materials,913.8,858.95,4.3,2.7,Unknown,-6.0,,,85,CLOSED
2026-06-24,TRIDENT.NS,Trident Limited,Textiles,26.8,23.08,4.3,2.7,🟡 Neutral (Priced-In),-13.88,,,85,CLOSED
2026-06-24,SHAKTIPUMP.NS,Shakti Pumps (India) Limited,Capital Goods,591.1,464.1,4.2,2.7,🟢 Buy (Drifter),-21.49,,,85,CLOSED
2026-06-24,GREAVESCOT.NS,Greaves Cotton Limited,Capital Goods,214.0,191.72,4.1,3.0,🟢 Buy (Drifter),-10.41,,,85,CLOSED
2026-06-24,OPTIEMUS.NS,Optiemus Infracom Limited,Telecom,472.7,610.0,4.1,3.0,🟡 Neutral (Priced-In),29.05,,,85,CLOSED
2026-06-25,RELAXO.NS,Relaxo Footwears Limited,Consumer Durables,413.5,313.7,12.1,3.0,🟡 Neutral (Priced-In),-24.14,,,84,CLOSED
2026-06-25,MSUMI.NS,Motherson Sumi Wiring India Limited,Auto,41.3,36.07,9.1,3.0,🟡 Neutral (Priced-In),-12.66,,,84,CLOSED
2026-06-25,AEGISLOG.NS,AEGISLOG.NS,Oil & Gas,1140.7,1353.8,7.3,3.0,🟡 Neutral (Priced-In),18.68,,,84,CLOSED
2026-06-25,M&MFIN.NS,Mahindra & Mahindra Financial Services Limited,Financial Services,328.5,345.7,5.7,3.0,🟢 Buy (Drifter),5.24,,,84,CLOSED
2026-06-25,HFCL.NS,HFCL Limited,Telecom,215.0,209.45,5.0,3.0,🟡 Neutral (Priced-In),-2.58,,,84,CLOSED
2026-06-25,STLTECH.NS,Sterlite Technologies Limited,Telecom,613.3,827.45,5.0,2.3,🟡 Neutral (Priced-In),34.92,,,84,CLOSED
2026-06-25,MOTHERSON.NS,Samvardhana Motherson International Limited,Auto,151.7,161.87,4.9,2.7,🟡 Neutral (Priced-In),6.7,,,84,CLOSED
2026-06-25,ASAHIINDIA.NS,Asahi India Glass Limited,Auto,898.9,950.7,4.8,3.0,🟡 Neutral (Priced-In),5.76,,,84,CLOSED
2026-06-25,OFSS.NS,Oracle Financial Services Software Limited,IT & Technology,10974.5,11620.0,4.8,3.0,🟢 Buy (Drifter),5.88,,,84,CLOSED
2026-06-25,INDIGO.NS,InterGlobe Aviation Limited,Infrastructure,5450.0,4845.0,4.7,3.0,🟡 Neutral (Priced-In),-11.1,,,84,CLOSED
2026-06-25,VIJAYA.NS,Vijaya Diagnostic Centre Limited,Pharma & Healthcare,1367.8,1506.1,4.2,2.7,🟡 Neutral (Priced-In),10.11,,,84,CLOSED
2026-06-26,RELAXO.NS,Relaxo Footwears Limited,Consumer Durables,413.5,313.7,12.1,3.0,🟡 Neutral (Priced-In),-24.14,,,83,CLOSED
2026-06-26,MSUMI.NS,Motherson Sumi Wiring India Limited,Auto,41.3,36.07,9.1,3.0,🟡 Neutral (Priced-In),-12.66,,,83,CLOSED
2026-06-26,AEGISLOG.NS,AEGISLOG.NS,Oil & Gas,1140.7,1353.8,7.3,3.0,🟡 Neutral (Priced-In),18.68,,,83,CLOSED
2026-06-26,M&MFIN.NS,Mahindra & Mahindra Financial Services Limited,Financial Services,328.5,345.7,5.7,3.0,🟢 Buy (Drifter),5.24,,,83,CLOSED
2026-06-26,HFCL.NS,HFCL Limited,Telecom,215.0,209.45,5.0,3.0,🟡 Neutral (Priced-In),-2.58,,,83,CLOSED
2026-06-26,STLTECH.NS,Sterlite Technologies Limited,Telecom,613.3,827.45,5.0,2.3,🟡 Neutral (Priced-In),34.92,,,83,CLOSED
2026-06-26,MOTHERSON.NS,Samvardhana Motherson International Limited,Auto,151.7,161.87,4.9,2.7,🟡 Neutral (Priced-In),6.7,,,83,CLOSED
2026-06-26,ASAHIINDIA.NS,Asahi India Glass Limited,Auto,898.9,950.7,4.8,3.0,🟡 Neutral (Priced-In),5.76,,,83,CLOSED
2026-06-26,OFSS.NS,Oracle Financial Services Software Limited,IT & Technology,10974.5,11620.0,4.8,3.0,🟢 Buy (Drifter),5.88,,,83,CLOSED
2026-06-26,INDIGO.NS,InterGlobe Aviation Limited,Infrastructure,5450.0,4845.0,4.7,3.0,🟡 Neutral (Priced-In),-11.1,,,83,CLOSED
2026-06-26,VIJAYA.NS,Vijaya Diagnostic Centre Limited,Pharma & Healthcare,1367.8,1506.1,4.2,2.7,🟡 Neutral (Priced-In),10.11,,,83,CLOSED
2026-06-29,TSFINV.NS,TSF Investments Limited,Financial Services,444.0,445.95,11.9,3.0,🟢 Buy (Drifter),0.44,,,80,CLOSED
2026-06-29,ZYDUSWELL.NS,Zydus Wellness Limited,Consumer Goods,569.5,546.15,9.9,3.0,🟢 Buy (Drifter),-4.1,,,80,CLOSED
2026-06-29,SCHNEIDER.NS,Schneider Electric Infrastructure Limited,Capital Goods,1453.6,1387.0,8.9,3.0,🟢 Buy (Drifter),-4.58,,,80,CLOSED
2026-06-29,ATHERENERG.NS,Ather Energy Limited,Auto,1083.8,1550.0,8.5,3.0,🟡 Neutral (Priced-In),43.02,,,80,CLOSED
2026-06-29,ACUTAAS.NS,Acutaas Chemicals Limited,Chemicals,3568.2,3315.1,8.1,3.3,🟡 Neutral (Priced-In),-7.09,,,80,CLOSED
2026-06-29,HONASA.NS,Honasa Consumer Limited,Consumer Goods,446.5,460.1,6.9,2.3,🟢 Buy (Drifter),3.05,,,80,CLOSED
2026-06-29,MSTCLTD.NS,MSTC Limited,Capital Goods,690.8,715.25,6.7,3.0,🟢 Buy (Drifter),3.54,,,80,CLOSED
2026-06-29,AJANTPHARM.NS,Ajanta Pharma Limited,Pharma & Healthcare,3384.2,3500.5,6.4,3.0,🟡 Neutral (Priced-In),3.44,,,80,CLOSED
2026-06-29,ACMESOLAR.NS,ACMESOLAR.NS,Power & Utilities,379.2,411.3,6.2,3.0,🟢 Buy (Drifter),8.47,,,80,CLOSED
2026-06-29,THERMAX.NS,Thermax Limited,Capital Goods,5125.1,3569.5,6.1,2.3,🟢 Buy (Drifter),-30.35,,,80,CLOSED
2026-06-29,ABDL.NS,ABDL.NS,Consumer Goods,659.5,653.1,6.0,3.0,🟢 Buy (Drifter),-0.97,,,80,CLOSED
2026-06-29,MAHABANK.NS,Bank of Maharashtra,Banking,93.8,80.8,5.8,3.3,🟡 Neutral (Priced-In),-13.86,,,80,CLOSED
2026-06-29,FINCABLES.NS,Finolex Cables Limited,Capital Goods,1179.2,1395.8,5.6,3.3,🟢 Buy (Drifter),18.37,,,80,CLOSED
2026-06-29,INNOVACAP.NS,Innova Captab Limited,Pharma & Healthcare,994.2,1149.5,5.6,2.7,🟡 Neutral (Priced-In),15.62,,,80,CLOSED
2026-06-29,HEXT.NS,Hexaware Technologies Limited,IT & Technology,519.4,526.45,5.0,2.3,🟢 Buy (Drifter),1.36,,,80,CLOSED
2026-06-29,KRN.NS,KRN.NS,Capital Goods,1250.5,1392.8,5.0,2.7,🟢 Buy (Drifter),11.38,,,80,CLOSED
2026-06-29,THANGAMAYL.NS,Thangamayil Jewellery Limited,Consumer Durables,5875.1,4811.0,5.0,3.0,🟡 Neutral (Priced-In),-18.11,,,80,CLOSED
2026-06-29,CHENNPETRO.NS,Chennai Petroleum Corporation Limited,Oil & Gas,1153.8,1414.1,4.7,2.7,🟡 Neutral (Priced-In),22.56,,,80,CLOSED
2026-06-29,CCAVENUE.NS,AvenuesAI Limited,Financial Services,16.8,16.32,4.5,3.0,🟢 Buy (Drifter),-2.86,,,80,CLOSED
2026-06-29,CENTRALBK.NS,Central Bank of India,Banking,33.6,30.4,4.4,3.0,🟡 Neutral (Priced-In),-9.52,,,80,CLOSED
2026-06-29,CARBORUNIV.NS,Carborundum Universal Limited,Capital Goods,1191.9,1083.6,4.3,2.3,🟢 Buy (Drifter),-9.09,,,80,CLOSED
2026-06-29,GRANULES.NS,Granules India Limited,Pharma & Healthcare,794.8,870.4,4.0,2.3,🟡 Neutral (Priced-In),9.51,,,80,CLOSED
2026-06-30,PARAS.NS,Paras Defence and Space Technologies Limited,Aerospace & Defense,1289.1,1370.9,9.0,3.0,🟢 Buy (Drifter),6.35,,,79,CLOSED
2026-06-30,THANGAMAYL.NS,Thangamayil Jewellery Limited,Consumer Durables,6398.2,4811.0,8.9,3.3,🟡 Neutral (Priced-In),-24.81,,,79,CLOSED
2026-06-30,OLAELEC.NS,OLAELEC.NS,Auto,43.8,36.79,8.4,2.7,🟡 Neutral (Priced-In),-16.0,,,79,CLOSED
2026-06-30,QUESS.NS,Quess Corp Limited,Capital Goods,267.6,353.0,7.9,3.0,🟢 Buy (Drifter),31.91,,,79,CLOSED
2026-06-30,BALAMINES.NS,Balaji Amines Limited,Chemicals,2035.9,2148.9,7.6,3.0,🟡 Neutral (Priced-In),5.55,,,79,CLOSED
2026-06-30,NEOGEN.NS,Neogen Chemicals Limited,Chemicals,2024.9,2395.6,7.6,3.0,🟡 Neutral (Priced-In),18.31,,,79,CLOSED
2026-06-30,UNIMECH.NS,UNIMECH.NS,Aerospace & Defense,1171.7,1570.6,7.4,2.7,🟢 Buy (Drifter),34.04,,,79,CLOSED
2026-06-30,ARVIND.NS,Arvind Limited,Textiles,587.1,541.6,6.8,3.0,🟡 Neutral (Priced-In),-7.75,,,79,CLOSED
2026-06-30,COCHINSHIP.NS,Cochin Shipyard Limited,Infrastructure,1507.9,1334.3,5.6,3.0,🟡 Neutral (Priced-In),-11.51,,,79,CLOSED
2026-06-30,TARIL.NS,TARIL.NS,Capital Goods,351.4,276.0,5.6,3.0,🟢 Buy (Drifter),-21.46,,,79,CLOSED
2026-06-30,BALRAMCHIN.NS,Balrampur Chini Mills Limited,Consumer Goods,555.0,675.7,5.3,2.3,🟢 Buy (Drifter),21.75,,,79,CLOSED
2026-06-30,ATHERENERG.NS,Ather Energy Limited,Auto,1140.6,1550.0,5.2,2.7,🟡 Neutral (Priced-In),35.89,,,79,CLOSED
2026-06-30,MARUTI.NS,Maruti Suzuki India Limited,Auto,14115.0,12338.0,5.2,2.7,🟡 Neutral (Priced-In),-12.59,,,79,CLOSED
2026-06-30,CGCL.NS,Capri Global Capital Limited,Financial Services,227.7,262.35,5.1,3.0,🟢 Buy (Drifter),15.22,,,79,CLOSED
2026-06-30,GLAND.NS,Gland Pharma Limited,Pharma & Healthcare,2495.0,2907.8,5.1,2.7,🟡 Neutral (Priced-In),16.55,,,79,CLOSED
2026-06-30,GREAVESCOT.NS,Greaves Cotton Limited,Capital Goods,220.0,191.72,5.0,3.0,🟢 Buy (Drifter),-12.85,,,79,CLOSED
2026-06-30,SOLARINDS.NS,Solar Industries India Limited,Chemicals,18696.0,18815.0,5.0,2.3,🟡 Neutral (Priced-In),0.64,,,79,CLOSED
2026-06-30,SUPRIYA.NS,Supriya Lifescience Limited,Pharma & Healthcare,1018.0,900.65,4.9,2.7,🟡 Neutral (Priced-In),-11.53,,,79,CLOSED
2026-06-30,COROMANDEL.NS,Coromandel International Limited,Chemicals,2005.0,1929.8,4.8,2.3,🟡 Neutral (Priced-In),-3.75,,,79,CLOSED
2026-06-30,INOXINDIA.NS,INOX India Limited,Capital Goods,1958.4,2014.8,4.8,3.0,🟢 Buy (Drifter),2.88,,,79,CLOSED
2026-06-30,WELENT.NS,Welspun Enterprises Limited,Capital Goods,601.5,778.7,4.8,3.3,🟢 Buy (Drifter),29.46,,,79,CLOSED
2026-06-30,EMIL.NS,Electronics Mart India Limited,Consumer Durables,121.7,185.07,4.7,3.0,🟡 Neutral (Priced-In),52.07,,,79,CLOSED
2026-06-30,THYROCARE.NS,Thyrocare Technologies Limited,Pharma & Healthcare,549.3,559.25,4.7,2.3,🟡 Neutral (Priced-In),1.81,,,79,CLOSED
2026-06-30,APLLTD.NS,Alembic Pharmaceuticals Limited,Pharma & Healthcare,822.8,826.0,4.6,3.0,🟡 Neutral (Priced-In),0.39,,,79,CLOSED
2026-06-30,KIRLOSBROS.NS,Kirloskar Brothers Limited,Capital Goods,2053.4,1770.8,4.6,3.0,🟢 Buy (Drifter),-13.76,,,79,CLOSED
2026-06-30,SHRIPISTON.NS,SPR Auto Technologies Limited,Consumer Durables,4187.4,4385.4,4.5,3.0,🟡 Neutral (Priced-In),4.73,,,79,CLOSED
2026-06-30,APTUS.NS,Aptus Value Housing Finance India Limited,Financial Services,278.9,239.16,4.4,3.0,🟢 Buy (Drifter),-14.25,,,79,CLOSED
2026-06-30,IMAGICAA.NS,Imagicaaworld Entertainment Limited,Media,48.7,51.18,4.4,2.7,🟡 Neutral (Priced-In),5.09,,,79,CLOSED
2026-06-30,MANORAMA.NS,Manorama Industries Limited,Consumer Goods,1655.3,1939.1,4.3,2.3,🟢 Buy (Drifter),17.14,,,79,CLOSED
2026-06-30,SHILPAMED.NS,Shilpa Medicare Limited,Pharma & Healthcare,598.4,958.35,4.3,3.0,🟡 Neutral (Priced-In),60.15,,,79,CLOSED
2026-06-30,FORCEMOT.NS,Force Motors Limited,Auto,18580.0,17650.0,4.2,2.3,🟡 Neutral (Priced-In),-5.01,,,79,CLOSED
2026-06-30,GLAXO.NS,GlaxoSmithKline Pharmaceuticals Limited,Pharma & Healthcare,2450.3,2799.9,4.1,2.7,🟡 Neutral (Priced-In),14.27,,,79,CLOSED
2026-06-30,CREDITACC.NS,CreditAccess Grameen Limited,Financial Services,1489.5,1370.8,4.0,3.0,🟢 Buy (Drifter),-7.97,,,79,CLOSED
2026-06-30,KPRMILL.NS,K.P.R. Mill Limited,Textiles,1177.3,1095.4,4.0,3.0,🟡 Neutral (Priced-In),-6.96,,,79,CLOSED
2026-06-30,RATEGAIN.NS,RateGain Travel Technologies Limited,IT & Technology,899.2,865.45,4.0,3.0,🟢 Buy (Drifter),-3.75,,,79,CLOSED
2026-07-01,RITES.NS,RITES Limited,Infrastructure,233.2,207.93,14.0,3.3,🟡 Neutral (Priced-In),-10.84,,,78,CLOSED
2026-07-01,RPOWER.NS,Reliance Power Limited,Power & Utilities,27.2,21.05,9.4,2.3,🟢 Buy (Drifter),-22.61,,,78,CLOSED
2026-07-01,IXIGO.NS,IXIGO.NS,Consumer Durables,214.0,160.06,8.8,3.0,🟡 Neutral (Priced-In),-25.21,,,78,CLOSED
2026-07-01,DELHIVERY.NS,Delhivery Limited,Infrastructure,507.7,425.95,7.6,3.0,🟡 Neutral (Priced-In),-16.1,,,78,CLOSED
2026-07-01,IKS.NS,IKS.NS,IT & Technology,1800.2,1728.9,7.2,3.0,🟢 Buy (Drifter),-3.96,,,78,CLOSED
2026-07-01,HEXT.NS,Hexaware Technologies Limited,IT & Technology,551.7,526.45,7.1,2.7,🟢 Buy (Drifter),-4.58,,,78,CLOSED
2026-07-01,AEGISLOG.NS,AEGISLOG.NS,Oil & Gas,1254.7,1353.8,6.9,3.0,🟡 Neutral (Priced-In),7.9,,,78,CLOSED
2026-07-01,TRIVENI.NS,Triveni Engineering & Industries Limited,Consumer Goods,451.8,232.45,6.9,3.0,🟢 Buy (Drifter),-48.55,,,78,CLOSED
2026-07-01,TBOTEK.NS,TBOTEK.NS,IT & Technology,1512.0,1647.7,5.8,3.0,🟢 Buy (Drifter),8.97,,,78,CLOSED
2026-07-01,ETERNAL.NS,Eternal Limited,Retail,279.7,322.35,5.7,2.7,🟡 Neutral (Priced-In),15.25,,,78,CLOSED
2026-07-01,ABREL.NS,Aditya Birla Real Estate Limited,Real Estate,1396.0,1257.4,5.5,3.0,🟢 Buy (Drifter),-9.93,,,78,CLOSED
2026-07-01,HOMEFIRST.NS,Home First Finance Company India Limited,Financial Services,1201.6,1173.3,5.5,3.0,🟢 Buy (Drifter),-2.36,,,78,CLOSED
2026-07-01,JMFINANCIL.NS,JM Financial Limited,Diversified,129.0,122.51,5.4,2.3,🟢 Buy (Drifter),-5.03,,,78,CLOSED
2026-07-01,JUBLINGREA.NS,Jubilant Ingrevia Limited,Chemicals,640.8,633.25,5.4,2.3,🟡 Neutral (Priced-In),-1.18,,,78,CLOSED
2026-07-01,PAGEIND.NS,Page Industries Limited,Textiles,43610.0,35020.0,5.4,2.7,🟡 Neutral (Priced-In),-19.7,,,78,CLOSED
2026-07-01,PAYTM.NS,One97 Communications Limited,Financial Services,1203.7,1763.0,5.4,2.7,🟢 Buy (Drifter),46.47,,,78,CLOSED
2026-07-01,RHIM.NS,RHI Magnesita India Limited,Capital Goods,387.7,365.95,5.4,3.0,🟢 Buy (Drifter),-5.61,,,78,CLOSED
2026-07-01,DABUR.NS,Dabur India Limited,Consumer Goods,444.8,384.55,5.3,2.7,🟢 Buy (Drifter),-13.55,,,78,CLOSED
2026-07-01,SUNTECK.NS,Sunteck Realty Limited,Real Estate,326.7,281.25,5.1,2.7,🟢 Buy (Drifter),-13.91,,,78,CLOSED
2026-07-01,CCAVENUE.NS,AvenuesAI Limited,Financial Services,17.3,16.32,5.0,3.0,🟢 Buy (Drifter),-5.66,,,78,CLOSED
2026-07-01,CEMPRO.NS,Cemindia Projects Limited,Infrastructure,1363.3,1255.1,5.0,3.0,🟡 Neutral (Priced-In),-7.94,,,78,CLOSED
2026-07-01,EMIL.NS,Electronics Mart India Limited,Consumer Durables,127.8,185.07,5.0,3.0,🟡 Neutral (Priced-In),44.81,,,78,CLOSED
2026-07-01,GODREJPROP.NS,Godrej Properties Limited,Real Estate,1959.6,1678.2,5.0,2.7,🟢 Buy (Drifter),-14.36,,,78,CLOSED
2026-07-01,TIPSMUSIC.NS,Tips Music Limited,Media,658.0,656.6,5.0,2.3,🟡 Neutral (Priced-In),-0.21,,,78,CLOSED
2026-07-01,BLUEJET.NS,Blue Jet Healthcare Limited,Pharma & Healthcare,549.2,568.2,4.6,3.0,🟡 Neutral (Priced-In),3.46,,,78,CLOSED
2026-07-01,DLF.NS,DLF Limited,Real Estate,648.7,640.0,4.6,3.0,🟢 Buy (Drifter),-1.34,,,78,CLOSED
2026-07-01,SHRIPISTON.NS,SPR Auto Technologies Limited,Consumer Durables,4380.2,4385.4,4.6,3.0,🟡 Neutral (Priced-In),0.12,,,78,CLOSED
2026-07-01,ZEEL.NS,Zee Entertainment Enterprises Limited,Media,108.3,78.31,4.6,2.7,🟡 Neutral (Priced-In),-27.69,,,78,CLOSED
2026-07-01,CARTRADE.NS,CarTrade Tech Limited,IT & Technology,2813.4,2938.0,4.5,3.3,🟢 Buy (Drifter),4.43,,,78,CLOSED
2026-07-01,EASEMYTRIP.NS,Easy Trip Planners Limited,Hospitality,7.2,5.79,4.5,2.7,Unknown,-19.58,,,78,CLOSED
2026-07-01,JUSTDIAL.NS,Just Dial Limited,IT & Technology,548.7,674.05,4.5,2.7,🟢 Buy (Drifter),22.84,,,78,CLOSED
2026-07-01,MAPMYINDIA.NS,C. E. Info Systems Limited,IT & Technology,845.8,889.8,4.5,2.3,🟢 Buy (Drifter),5.2,,,78,CLOSED
2026-07-01,CEATLTD.NS,CEAT Limited,Auto,3634.8,3431.1,4.4,3.0,🟡 Neutral (Priced-In),-5.6,,,78,CLOSED
2026-07-01,MCX.NS,Multi Commodity Exchange of India Limited,Financial Services,2962.0,3265.2,4.4,2.3,🟢 Buy (Drifter),10.24,,,78,CLOSED
2026-07-01,DBREALTY.NS,Valor Estate Limited,Real Estate,115.7,94.73,4.3,3.0,🟢 Buy (Drifter),-18.12,,,78,CLOSED
2026-07-01,INDIAGLYCO.NS,India Glycols Limited,Metals & Mining,1028.3,248.7,4.3,2.3,🟢 Buy (Drifter),-75.81,,,78,CLOSED
2026-07-01,VIYASH.NS,Viyash Scientific Limited,Pharma & Healthcare,288.2,244.5,4.1,2.3,🟡 Neutral (Priced-In),-15.16,,,78,CLOSED
2026-07-01,WELSPUNLIV.NS,Welspun Living Limited,Textiles,165.3,212.25,4.0,3.0,🟡 Neutral (Priced-In),28.4,,,78,CLOSED
2026-07-02,COMSYN.NS,COMSYN.NS,Packaging & Containers,186.8,293.0,19.4,3.0,🟡 Neutral (Priced-In),56.85,,,77,CLOSED
2026-07-02,CONTROLPR.NS,CONTROLPR.NS,Business Equipment & Supplies,711.6,603.5,12.5,3.0,🟢 Buy (Drifter),-15.19,,,77,CLOSED
2026-07-02,CANTABIL.NS,CANTABIL.NS,Apparel Manufacturing,269.4,243.0,11.3,3.0,🟡 Neutral (Priced-In),-9.8,,,77,CLOSED
2026-07-02,EXCELSOFT.NS,EXCELSOFT.NS,Software - Application,81.8,79.8,8.9,2.7,🟡 Neutral (Priced-In),-2.44,,,77,CLOSED
2026-07-02,BLUSPRING.NS,BLUSPRING.NS,Specialty Business Services,119.8,123.72,8.7,3.0,🟢 Buy (Drifter),3.27,,,77,CLOSED
2026-07-02,DIAMINESQ.NS,DIAMINESQ.NS,Chemicals,268.5,255.04,8.7,2.7,🟡 Neutral (Priced-In),-5.01,,,77,CLOSED
2026-07-02,HECPROJECT.NS,HECPROJECT.NS,Engineering & Construction,139.8,116.84,8.6,3.0,🟡 Neutral (Priced-In),-16.42,,,77,CLOSED
2026-07-02,BHARATSE.NS,BHARATSE.NS,Auto Parts,240.8,209.22,8.2,3.0,🟡 Neutral (Priced-In),-13.11,,,77,CLOSED
2026-07-02,AYMSYNTEX.NS,AYMSYNTEX.NS,Textile Manufacturing,268.0,281.95,8.1,2.7,🟡 Neutral (Priced-In),5.21,,,77,CLOSED
2026-07-02,EXIDEIND.NS,Exide Industries Limited,Auto,419.4,418.6,8.0,3.0,🟡 Neutral (Priced-In),-0.19,,,77,CLOSED
2026-07-02,ADVANCE.NS,ADVANCE.NS,Agricultural Inputs,114.8,111.67,7.5,2.7,🟡 Neutral (Priced-In),-2.73,,,77,CLOSED
2026-07-02,EMIL.NS,Electronics Mart India Limited,Consumer Durables,136.9,185.07,7.1,3.0,🟡 Neutral (Priced-In),35.19,,,77,CLOSED
2026-07-02,GHCLTEXTIL.NS,GHCLTEXTIL.NS,Textile Manufacturing,104.1,124.33,7.1,2.7,🟡 Neutral (Priced-In),19.43,,,77,CLOSED
2026-07-02,GCSL.NS,GCSL.NS,Capital Markets,460.0,532.45,7.0,3.0,🟢 Buy (Drifter),15.75,,,77,CLOSED
2026-07-02,BALAMINES.NS,Balaji Amines Limited,Chemicals,2231.3,2148.9,6.8,3.0,🟡 Neutral (Priced-In),-3.69,,,77,CLOSED
2026-07-02,ALLTIME.NS,ALLTIME.NS,Household & Personal Products,255.3,208.01,6.7,2.7,🟡 Neutral (Priced-In),-18.52,,,77,CLOSED
2026-07-02,DELTACORP.NS,DELTACORP.NS,Resorts & Casinos,67.9,56.15,6.4,2.7,Unknown,-17.3,,,77,CLOSED
2026-07-02,BIL.NS,BIL.NS,Footwear & Accessories,798.2,1023.45,6.2,2.3,🟡 Neutral (Priced-In),28.22,,,77,CLOSED
2026-07-02,5PAISA.NS,5PAISA.NS,Capital Markets,385.3,315.4,6.0,2.7,🟢 Buy (Drifter),-18.14,,,77,CLOSED
2026-07-02,FUSION.NS,FUSION.NS,Credit Services,216.2,184.45,6.0,3.0,🟡 Neutral (Priced-In),-14.69,,,77,CLOSED
2026-07-02,GALAPREC.NS,GALAPREC.NS,Specialty Industrial Machinery,1177.9,998.9,5.9,3.0,🟢 Buy (Drifter),-15.2,,,77,CLOSED
2026-07-02,ANDHRSUGAR.NS,ANDHRSUGAR.NS,Chemicals,83.8,93.59,5.8,2.3,🟡 Neutral (Priced-In),11.68,,,77,CLOSED
2026-07-02,APOLLOTYRE.NS,Apollo Tyres Limited,Auto,456.6,412.15,5.8,3.0,🟡 Neutral (Priced-In),-9.73,,,77,CLOSED
2026-07-02,GOODYEAR.NS,GOODYEAR.NS,Auto Parts,799.8,800.4,5.8,2.3,🟡 Neutral (Priced-In),0.08,,,77,CLOSED
2026-07-02,FORCEMOT.NS,Force Motors Limited,Auto,19367.0,17650.0,5.7,2.3,🟡 Neutral (Priced-In),-8.87,,,77,CLOSED
2026-07-02,ABFRL.NS,Aditya Birla Fashion and Retail Limited,Retail,61.9,50.45,5.5,2.7,🟡 Neutral (Priced-In),-18.5,,,77,CLOSED
2026-07-02,AYE.NS,AYE.NS,Credit Services,182.8,180.98,5.5,3.0,🟡 Neutral (Priced-In),-1.0,,,77,CLOSED
2026-07-02,AEGISLOG.NS,AEGISLOG.NS,Oil & Gas,1321.9,1353.8,5.4,3.0,🟡 Neutral (Priced-In),2.41,,,77,CLOSED
2026-07-02,DIAMONDYD.NS,DIAMONDYD.NS,Packaged Foods,1192.2,1100.4,5.4,3.0,🟡 Neutral (Priced-In),-7.7,,,77,CLOSED
2026-07-02,CHEMPLASTS.NS,CHEMPLASTS.NS,Chemicals,212.7,167.8,5.3,3.0,🟡 Neutral (Priced-In),-21.11,,,77,CLOSED
2026-07-02,FIVESTAR.NS,Five-Star Business Finance Limited,Financial Services,543.9,530.95,5.1,3.0,🟢 Buy (Drifter),-2.38,,,77,CLOSED
2026-07-02,CEMPRO.NS,Cemindia Projects Limited,Infrastructure,1431.4,1255.1,5.0,3.0,🟡 Neutral (Priced-In),-12.32,,,77,CLOSED
2026-07-02,EPACKPEB.NS,EPACKPEB.NS,Engineering & Construction,258.2,222.26,5.0,3.0,🟡 Neutral (Priced-In),-13.92,,,77,CLOSED
2026-07-02,APOLLO.NS,APOLLO.NS,Aerospace & Defense,439.5,378.25,4.9,2.3,🟢 Buy (Drifter),-13.94,,,77,CLOSED
2026-07-02,CEATLTD.NS,CEAT Limited,Auto,3805.8,3431.1,4.7,3.0,🟡 Neutral (Priced-In),-9.85,,,77,CLOSED
2026-07-02,GOLDTECH.NS,GOLDTECH.NS,Information Technology Services,67.9,41.41,4.6,3.0,🟡 Neutral (Priced-In),-39.01,,,77,CLOSED
2026-07-02,DCBBANK.NS,DCB Bank Limited,Financial Services,193.5,218.51,4.5,2.7,🟢 Buy (Drifter),12.93,,,77,CLOSED
2026-07-02,GREAVESCOT.NS,Greaves Cotton Limited,Capital Goods,231.0,191.72,4.5,2.7,🟢 Buy (Drifter),-17.0,,,77,CLOSED
2026-07-02,BEPL.NS,BEPL.NS,Chemicals,102.4,127.47,4.3,2.3,🟡 Neutral (Priced-In),24.48,,,77,CLOSED
2026-07-02,GPTHEALTH.NS,GPTHEALTH.NS,Medical Care Facilities,156.5,163.61,4.3,2.7,🟡 Neutral (Priced-In),4.54,,,77,CLOSED
2026-07-02,GENESYS.NS,GENESYS.NS,Software - Application,335.8,284.42,4.2,3.0,🟡 Neutral (Priced-In),-15.3,,,77,CLOSED
2026-07-02,ABSLAMC.NS,ABSLAMC.NS,Financial Services,1191.3,1090.1,4.1,3.0,🟢 Buy (Drifter),-8.49,,,77,CLOSED
2026-07-03,ELGIRUBCO.NS,ELGIRUBCO.NS,Auto Parts,55.3,60.81,20.0,3.0,🟡 Neutral (Priced-In),9.96,,,76,CLOSED
2026-07-03,DIGITIDE.NS,DIGITIDE.NS,Specialty Business Services,102.2,84.82,15.4,3.0,🟢 Buy (Drifter),-17.01,,,76,CLOSED
2026-07-03,ASIANHOTNR.NS,ASIANHOTNR.NS,Lodging,320.6,375.8,11.8,3.0,🟡 Neutral (Priced-In),17.22,,,76,CLOSED
2026-07-03,GANECOS.NS,Ganesha Ecosphere Limited,Textiles,1027.8,990.6,11.8,3.0,🟡 Neutral (Priced-In),-3.62,,,76,CLOSED
2026-07-03,HTMEDIA.NS,HTMEDIA.NS,Publishing,24.5,24.0,11.4,2.7,Unknown,-2.04,,,76,CLOSED
2026-07-03,BVCL.NS,BVCL.NS,Building Materials,46.0,40.89,11.3,2.7,🟡 Neutral (Priced-In),-11.11,,,76,CLOSED
2026-07-03,BTTL.NS,BTTL.NS,Textile Manufacturing,49.9,45.76,10.0,3.0,🟡 Neutral (Priced-In),-8.3,,,76,CLOSED
2026-07-03,ELECTHERM.NS,ELECTHERM.NS,Steel,1200.3,932.65,10.0,3.0,🟡 Neutral (Priced-In),-22.3,,,76,CLOSED
2026-07-03,AEGISVOPAK.NS,AEGISVOPAK.NS,Oil & Gas,257.4,310.7,9.7,3.0,🟡 Neutral (Priced-In),20.71,,,76,CLOSED
2026-07-03,FOODSIN.NS,FOODSIN.NS,Packaged Foods,63.1,54.79,9.2,2.7,🟡 Neutral (Priced-In),-13.17,,,76,CLOSED
2026-07-03,BUTTERFLY.NS,BUTTERFLY.NS,"Furnishings, Fixtures & Appliances",712.7,578.85,9.1,3.0,🟡 Neutral (Priced-In),-18.78,,,76,CLOSED
2026-07-03,CYIENTDLM.NS,Cyient DLM Limited,Capital Goods,509.4,893.5,8.0,3.0,🟢 Buy (Drifter),75.4,,,76,CLOSED
2026-07-03,AVG.NS,AVG.NS,Integrated Freight & Logistics,224.2,170.5,7.3,3.0,🟡 Neutral (Priced-In),-23.95,,,76,CLOSED
2026-07-03,COMSYN.NS,COMSYN.NS,Packaging & Containers,200.3,293.0,7.3,3.0,🟡 Neutral (Priced-In),46.28,,,76,CLOSED
2026-07-03,ECLERX.NS,eClerx Services Limited,Capital Goods,1488.8,1923.0,7.0,2.7,🟢 Buy (Drifter),29.16,,,76,CLOSED
2026-07-03,GOLDIAM.NS,GOLDIAM.NS,Luxury Goods,480.4,325.6,6.8,3.0,🟢 Buy (Drifter),-32.22,,,76,CLOSED
2026-07-03,FILATEX.NS,FILATEX.NS,Textile Manufacturing,56.0,90.35,6.7,2.7,🟡 Neutral (Priced-In),61.34,,,76,CLOSED
2026-07-03,GCSL.NS,GCSL.NS,Capital Markets,490.5,532.45,6.6,3.0,🟢 Buy (Drifter),8.55,,,76,CLOSED
2026-07-03,DENTA.NS,DENTA.NS,Engineering & Construction,352.9,278.4,6.4,3.0,🟡 Neutral (Priced-In),-21.11,,,76,CLOSED
2026-07-03,BANSALWIRE.NS,BANSALWIRE.NS,Steel,365.8,313.25,6.2,2.7,🟡 Neutral (Priced-In),-14.37,,,76,CLOSED
2026-07-03,GINNIFILA.NS,GINNIFILA.NS,Textile Manufacturing,54.7,41.65,6.2,3.3,🟡 Neutral (Priced-In),-23.86,,,76,CLOSED
2026-07-03,COSMOFIRST.NS,COSMOFIRST.NS,Packaging & Containers,853.1,879.9,6.1,3.0,🟡 Neutral (Priced-In),3.14,,,76,CLOSED
2026-07-03,FUSION.NS,FUSION.NS,Credit Services,229.4,184.45,6.1,3.0,🟡 Neutral (Priced-In),-19.59,,,76,CLOSED
2026-07-03,GROBTEA.NS,GROBTEA.NS,Farm Products,955.2,930.0,5.8,2.3,🟢 Buy (Drifter),-2.64,,,76,CLOSED
2026-07-03,HCLTECH.NS,HCL Technologies Limited,IT & Technology,1139.0,1258.3,5.6,2.3,🟢 Buy (Drifter),10.47,,,76,CLOSED
2026-07-03,DCW.NS,DCW.NS,Chemicals,50.4,45.42,5.4,2.7,🟡 Neutral (Priced-In),-9.88,,,76,CLOSED
2026-07-03,DAMODARIND.NS,DAMODARIND.NS,Textile Manufacturing,32.1,27.54,5.2,2.3,🟡 Neutral (Priced-In),-14.21,,,76,CLOSED
2026-07-03,BLSE.NS,BLSE.NS,Specialty Business Services,265.1,314.5,4.9,3.0,🟢 Buy (Drifter),18.63,,,76,CLOSED
2026-07-03,HFCL.NS,HFCL Limited,Telecom,214.5,209.45,4.8,2.3,🟡 Neutral (Priced-In),-2.35,,,76,CLOSED
2026-07-03,HUDCO.NS,Housing and Urban Development Corporation Limited,Financial Services,215.6,169.55,4.2,2.3,🟢 Buy (Drifter),-21.36,,,76,CLOSED
2026-07-03,DIVGIITTS.NS,DIVGIITTS.NS,Auto Parts,1021.5,1122.2,4.1,3.0,🟡 Neutral (Priced-In),9.86,,,76,CLOSED
2026-07-03,HITECH.NS,HITECH.NS,Steel,89.4,73.74,4.0,2.3,🟡 Neutral (Priced-In),-17.52,,,76,CLOSED
2026-07-06,AARTECH.NS,AARTECH.NS,Electrical Equipment,57.5,51.4,20.0,3.0,🟢 Buy (Drifter),-10.61,,,73,CLOSED
2026-07-06,DIGITIDE.NS,DIGITIDE.NS,Commercial Services & Supplies,120.6,84.82,17.9,3.0,🟢 Buy (Drifter),-29.67,,,73,CLOSED
2026-07-06,ASIANHOTNR.NS,ASIANHOTNR.NS,Leisure Services,358.6,375.8,11.8,3.0,Unknown,4.8,,,73,CLOSED
2026-07-06,ELGIRUBCO.NS,ELGIRUBCO.NS,Auto Components,61.0,60.81,10.4,2.7,🟡 Neutral (Priced-In),-0.31,,,73,CLOSED
2026-07-06,BTTL.NS,BTTL.NS,Textiles & Apparels,54.9,45.76,10.0,3.0,🟡 Neutral (Priced-In),-16.65,,,73,CLOSED
2026-07-06,DIACABS.NS,Diamond Power Infrastructure Limited,Capital Goods,218.8,376.05,10.0,2.7,🟢 Buy (Drifter),71.87,,,73,CLOSED
2026-07-06,DALMIASUG.NS,DALMIASUG.NS,Food Products,374.9,390.5,9.9,3.0,🟡 Neutral (Priced-In),4.16,,,73,CLOSED
2026-07-06,AEGISVOPAK.NS,AEGISVOPAK.NS,Oil & Gas,280.0,310.7,8.8,3.0,🟡 Neutral (Priced-In),10.96,,,73,CLOSED
2026-07-06,ADVENTHTL.NS,ADVENTHTL.NS,Leisure Services,151.2,127.04,7.6,2.3,Unknown,-15.98,,,73,CLOSED
2026-07-06,ABDL.NS,ABDL.NS,Consumer Goods,702.7,653.1,7.3,3.0,🟢 Buy (Drifter),-7.06,,,73,CLOSED
2026-07-06,CUPID.NS,CUPID.NS,Personal Products,213.1,279.15,7.2,3.3,🟡 Neutral (Priced-In),30.99,,,73,CLOSED
2026-07-06,DIXON.NS,Dixon Technologies (India) Limited,Consumer Durables,13304.0,13290.0,6.8,3.0,🟡 Neutral (Priced-In),-0.11,,,73,CLOSED
2026-07-06,63MOONS.NS,63MOONS.NS,IT - Software,700.7,872.65,6.5,2.7,🟡 Neutral (Priced-In),24.54,,,73,CLOSED
2026-07-06,AEGISLOG.NS,AEGISLOG.NS,Oil & Gas,1409.2,1353.8,6.3,3.0,🟡 Neutral (Priced-In),-3.93,,,73,CLOSED
2026-07-06,BUILDPRO.NS,BUILDPRO.NS,Retailing,1043.0,1244.9,6.2,2.7,🟡 Neutral (Priced-In),19.36,,,73,CLOSED
2026-07-06,DEVIT.NS,DEVIT.NS,IT - Services,29.0,23.43,5.8,3.0,🟡 Neutral (Priced-In),-19.21,,,73,CLOSED
2026-07-06,ANDHRSUGAR.NS,ANDHRSUGAR.NS,Chemicals & Petrochemicals,88.3,93.59,5.5,2.7,🟡 Neutral (Priced-In),5.99,,,73,CLOSED
2026-07-06,CORALFINAC.NS,CORALFINAC.NS,Realty,35.0,32.35,5.5,2.3,🟢 Buy (Drifter),-7.57,,,73,CLOSED
2026-07-06,FILATEX.NS,FILATEX.NS,Textiles & Apparels,58.8,90.35,5.1,3.0,🟡 Neutral (Priced-In),53.66,,,73,CLOSED
2026-07-06,CEMPRO.NS,Cemindia Projects Limited,Infrastructure,1521.4,1255.1,5.0,3.0,🟡 Neutral (Priced-In),-17.5,,,73,CLOSED
2026-07-06,FINKURVE.NS,FINKURVE.NS,Finance,69.0,75.05,4.9,3.0,🟢 Buy (Drifter),8.77,,,73,CLOSED
2026-07-06,HFCL.NS,HFCL Limited,Telecom,224.9,209.45,4.9,2.7,🟡 Neutral (Priced-In),-6.87,,,73,CLOSED
2026-07-06,ARIHANTCAP.NS,ARIHANTCAP.NS,Capital Markets,74.4,81.21,4.8,2.7,🟢 Buy (Drifter),9.15,,,73,CLOSED
2026-07-06,ARIHANTSUP.NS,ARIHANTSUP.NS,Realty,270.9,228.95,4.7,3.0,🟢 Buy (Drifter),-15.49,,,73,CLOSED
2026-07-06,GANECOS.NS,Ganesha Ecosphere Limited,Textiles,1075.9,990.6,4.7,3.0,🟡 Neutral (Priced-In),-7.93,,,73,CLOSED
2026-07-06,BRIGADE.NS,Brigade Enterprises Limited,Real Estate,537.3,620.9,4.6,2.7,🟢 Buy (Drifter),15.56,,,73,CLOSED
2026-07-06,GALAPREC.NS,GALAPREC.NS,Industrial Manufacturing,1234.0,998.9,4.3,3.0,🟢 Buy (Drifter),-19.05,,,73,CLOSED
2026-07-07,DBSTOCKBRO.NS,DBSTOCKBRO.NS,Financial Services,42.1,29.22,17.0,3.0,🟢 Buy (Drifter),-30.59,,,72,CLOSED
2026-07-07,DHANBANK.NS,DHANBANK.NS,Banking,36.2,28.88,7.1,3.0,🟡 Neutral (Priced-In),-20.22,,,72,CLOSED
2026-07-07,CYIENTDLM.NS,Cyient DLM Limited,Capital Goods,536.8,893.5,6.9,3.0,🟢 Buy (Drifter),66.45,,,72,CLOSED
2026-07-07,CEIGALL.NS,CEIGALL.NS,Infrastructure,379.0,390.0,5.8,2.3,🟡 Neutral (Priced-In),2.9,,,72,CLOSED
2026-07-07,AEGISVOPAK.NS,AEGISVOPAK.NS,Oil & Gas,294.3,310.7,5.1,3.0,🟡 Neutral (Priced-In),5.57,,,72,CLOSED
2026-07-07,GANESHHOU.NS,Ganesh Housing Limited,Real Estate,845.2,751.65,5.1,2.3,🟢 Buy (Drifter),-11.07,,,72,CLOSED
2026-07-07,ARKADE.NS,ARKADE.NS,Real Estate,131.1,117.22,4.9,3.0,🟢 Buy (Drifter),-10.59,,,72,CLOSED
2026-07-07,AEQUS.NS,AEQUS.NS,Aerospace & Defense,242.4,229.33,4.5,3.0,🟢 Buy (Drifter),-5.39,,,72,CLOSED
2026-07-07,BLISSGVS.NS,BLISSGVS.NS,Pharma & Healthcare,511.8,690.65,4.4,3.0,🟡 Neutral (Priced-In),34.95,,,72,CLOSED
2026-07-07,HLEGLAS.NS,HLEGLAS.NS,Capital Goods,404.4,415.65,4.4,2.7,🟢 Buy (Drifter),2.78,,,72,CLOSED
2026-07-07,AKUMS.NS,AKUMS.NS,Pharma & Healthcare,649.8,766.7,4.1,2.7,🟡 Neutral (Priced-In),17.99,,,72,CLOSED
2026-07-08,DBSTOCKBRO.NS,DBSTOCKBRO.NS,Financial Services,42.1,29.22,17.0,3.0,🟢 Buy (Drifter),-30.59,,,71,CLOSED
2026-07-08,DHANBANK.NS,DHANBANK.NS,Banking,36.2,28.88,7.1,3.0,🟡 Neutral (Priced-In),-20.22,,,71,CLOSED
2026-07-08,CYIENTDLM.NS,Cyient DLM Limited,Capital Goods,536.8,893.5,6.9,3.0,🟢 Buy (Drifter),66.45,,,71,CLOSED
2026-07-08,CEIGALL.NS,CEIGALL.NS,Infrastructure,379.0,390.0,5.8,2.3,🟡 Neutral (Priced-In),2.9,,,71,CLOSED
2026-07-08,AEGISVOPAK.NS,AEGISVOPAK.NS,Oil & Gas,294.3,310.7,5.1,3.0,🟡 Neutral (Priced-In),5.57,,,71,CLOSED
2026-07-08,GANESHHOU.NS,Ganesh Housing Limited,Real Estate,845.2,751.65,5.1,2.3,🟢 Buy (Drifter),-11.07,,,71,CLOSED
2026-07-08,ARKADE.NS,ARKADE.NS,Real Estate,131.1,117.22,4.9,3.0,🟢 Buy (Drifter),-10.59,,,71,CLOSED
2026-07-08,AEQUS.NS,AEQUS.NS,Aerospace & Defense,242.4,229.33,4.5,3.0,🟢 Buy (Drifter),-5.39,,,71,CLOSED
2026-07-08,BLISSGVS.NS,BLISSGVS.NS,Pharma & Healthcare,511.8,690.65,4.4,3.0,🟡 Neutral (Priced-In),34.95,,,71,CLOSED
2026-07-08,HLEGLAS.NS,HLEGLAS.NS,Capital Goods,404.4,415.65,4.4,2.7,🟢 Buy (Drifter),2.78,,,71,CLOSED
2026-07-08,AKUMS.NS,AKUMS.NS,Pharma & Healthcare,649.8,766.7,4.1,2.7,🟡 Neutral (Priced-In),17.99,,,71,CLOSED
2026-07-10,GOLDIAM.NS,GOLDIAM.NS,Consumer Durables,378.0,325.6,19.9,3.0,🟡 Neutral (Priced-In),-13.86,,,69,CLOSED
2026-07-10,GODREJIND.NS,Godrej Industries Limited,Diversified,1417.7,1127.3,16.3,3.0,🟢 Buy (Drifter),-20.48,,,69,CLOSED
2026-07-10,COUNCODOS.NS,COUNCODOS.NS,Real Estate,5.9,6.33,14.5,3.0,🟢 Buy (Drifter),7.29,,,69,CLOSED
2026-07-10,GREAVESCOT.NS,Greaves Cotton Limited,Capital Goods,263.6,191.72,11.1,3.0,🟢 Buy (Drifter),-27.27,,,69,CLOSED
2026-07-10,CEWATER.NS,CEWATER.NS,Power & Utilities,352.6,256.5,10.4,3.0,🟢 Buy (Drifter),-27.25,,,69,CLOSED
2026-07-10,ELLEN.NS,ELLEN.NS,Chemicals,294.2,371.0,10.0,2.7,🟡 Neutral (Priced-In),26.1,,,69,CLOSED
2026-07-10,BFINVEST.NS,BFINVEST.NS,Financial Services,487.2,438.95,9.5,3.0,🟢 Buy (Drifter),-9.9,,,69,CLOSED
2026-07-10,EMSLIMITED.NS,EMSLIMITED.NS,Infrastructure,458.1,364.5,9.3,3.0,🟡 Neutral (Priced-In),-20.43,,,69,CLOSED
2026-07-10,BLUEJET.NS,Blue Jet Healthcare Limited,Pharma & Healthcare,624.0,568.2,8.6,3.0,🟡 Neutral (Priced-In),-8.94,,,69,CLOSED
2026-07-10,BETA.NS,BETA.NS,Pharma & Healthcare,2366.8,2095.0,8.1,2.7,🟡 Neutral (Priced-In),-11.48,,,69,CLOSED
2026-07-10,BRIGADE.NS,Brigade Enterprises Limited,Real Estate,574.6,620.9,7.6,2.7,🟢 Buy (Drifter),8.06,,,69,CLOSED
2026-07-10,DENTA.NS,DENTA.NS,Infrastructure,353.0,278.4,7.1,3.0,🟡 Neutral (Priced-In),-21.13,,,69,CLOSED
2026-07-10,EIEL.NS,EIEL.NS,Infrastructure,244.5,199.64,7.0,2.7,🟡 Neutral (Priced-In),-18.35,,,69,CLOSED
2026-07-10,FSL.NS,Firstsource Solutions Limited,Capital Goods,259.7,273.1,6.9,2.3,🟢 Buy (Drifter),5.16,,,69,CLOSED
2026-07-10,AKUMS.NS,AKUMS.NS,Pharma & Healthcare,702.0,766.7,6.6,2.3,🟡 Neutral (Priced-In),9.22,,,69,CLOSED
2026-07-10,CDSL.NS,Central Depository Services (India) Limited,Financial Services,1431.9,1349.4,6.3,3.0,🟢 Buy (Drifter),-5.76,,,69,CLOSED
2026-07-10,BLUSPRING.NS,BLUSPRING.NS,Capital Goods,113.0,123.72,6.0,3.0,🟢 Buy (Drifter),9.49,,,69,CLOSED
2026-07-10,EXICOM.NS,EXICOM.NS,Capital Goods,170.0,160.09,6.0,2.7,🟢 Buy (Drifter),-5.83,,,69,CLOSED
2026-07-10,HEG.NS,HEG Limited,Capital Goods,545.0,225.8,6.0,2.7,🟢 Buy (Drifter),-58.57,,,69,CLOSED
2026-07-10,CCAVENUE.NS,AvenuesAI Limited,Financial Services,18.1,16.32,5.7,2.7,🟢 Buy (Drifter),-9.83,,,69,CLOSED
2026-07-10,CONFIPET.NS,CONFIPET.NS,Oil & Gas,76.4,86.76,5.7,2.7,🟡 Neutral (Priced-In),13.56,,,69,CLOSED
2026-07-10,GUJAPOLLO.NS,GUJAPOLLO.NS,Capital Goods,368.6,324.0,5.7,2.3,🟢 Buy (Drifter),-12.1,,,69,CLOSED
2026-07-10,HAPPSTMNDS.NS,Happiest Minds Technologies Limited,IT & Technology,386.3,327.9,5.7,2.7,🟢 Buy (Drifter),-15.12,,,69,CLOSED
2026-07-10,AARVI.NS,AARVI.NS,Capital Goods,155.2,140.82,5.5,2.3,🟢 Buy (Drifter),-9.27,,,69,CLOSED
2026-07-10,EQUITASBNK.NS,Equitas Small Finance Bank Limited,Financial Services,82.2,72.13,5.2,2.7,🟢 Buy (Drifter),-12.25,,,69,CLOSED
2026-07-10,GANDHAR.NS,GANDHAR.NS,Oil & Gas,203.1,269.4,5.1,3.0,🟡 Neutral (Priced-In),32.64,,,69,CLOSED
2026-07-10,GODREJPROP.NS,Godrej Properties Limited,Real Estate,2133.0,1678.2,5.1,3.3,🟢 Buy (Drifter),-21.32,,,69,CLOSED
2026-07-10,GEECEE.NS,GEECEE.NS,Real Estate,349.0,370.95,5.0,2.3,🟢 Buy (Drifter),6.29,,,69,CLOSED
2026-07-10,GOLDTECH.NS,GOLDTECH.NS,IT & Technology,61.0,41.41,5.0,3.0,🟢 Buy (Drifter),-32.11,,,69,CLOSED
2026-07-10,BIRLAMONEY.NS,BIRLAMONEY.NS,Financial Services,149.9,120.63,4.8,3.0,🟢 Buy (Drifter),-19.53,,,69,CLOSED
2026-07-10,HIKAL.NS,Hikal Limited,Chemicals,244.8,225.29,4.8,2.7,🟡 Neutral (Priced-In),-7.97,,,69,CLOSED
2026-07-10,FIRSTCRY.NS,FIRSTCRY.NS,Retail,212.2,169.25,4.3,2.3,🟡 Neutral (Priced-In),-20.24,,,69,CLOSED
2026-07-10,AEROENTER.NS,AEROENTER.NS,Metals & Mining,125.0,122.94,4.2,2.7,🟢 Buy (Drifter),-1.65,,,69,CLOSED
2026-07-10,BUILDPRO.NS,BUILDPRO.NS,Retail,1250.5,1244.9,4.2,3.3,🟡 Neutral (Priced-In),-0.45,,,69,CLOSED
2026-07-10,DATAMATICS.NS,Datamatics Global Services Limited,IT & Technology,900.5,758.35,4.2,2.3,🟢 Buy (Drifter),-15.79,,,69,CLOSED
2026-07-10,ECLERX.NS,eClerx Services Limited,Capital Goods,1621.7,1923.0,4.2,2.7,🟢 Buy (Drifter),18.58,,,69,CLOSED
2026-07-10,BAJAJCON.NS,BAJAJCON.NS,Consumer Goods,670.2,502.45,4.1,3.0,🟢 Buy (Drifter),-25.03,,,69,CLOSED
2026-07-10,DIGIDRIVE.NS,DIGIDRIVE.NS,Retail,19.0,17.48,4.1,3.0,🟡 Neutral (Priced-In),-8.0,,,69,CLOSED
2026-07-10,BBL.NS,Bharat Bijlee Limited,Capital Goods,2756.0,2203.4,4.0,2.3,🟢 Buy (Drifter),-20.05,,,69,CLOSED
2026-07-13,HESTERBIO.NS,HESTERBIO.NS,Pharma & Healthcare,2545.0,2245.8,20.0,3.0,🟡 Neutral (Priced-In),-11.76,,,66,CLOSED
2026-07-13,FINOPB.NS,FINOPB.NS,Banking,161.3,136.43,19.2,3.3,🟡 Neutral (Priced-In),-15.42,,,66,CLOSED
2026-07-13,BFUTILITIE.NS,BFUTILITIE.NS,Infrastructure,672.5,564.0,16.2,3.0,🟡 Neutral (Priced-In),-16.13,,,66,CLOSED
2026-07-13,GNA.NS,GNA.NS,Auto,529.2,536.55,11.3,2.3,🟡 Neutral (Priced-In),1.39,,,66,CLOSED
2026-07-13,BOROLTD.NS,BOROLTD.NS,Consumer Durables,257.0,253.4,10.8,3.0,🟡 Neutral (Priced-In),-1.4,,,66,CLOSED
2026-07-13,CNL.NS,CNL.NS,IT & Technology,938.8,1078.9,10.8,3.0,🟢 Buy (Drifter),14.92,,,66,CLOSED
2026-07-13,AJAXENGG.NS,AJAXENGG.NS,Capital Goods,599.7,566.6,10.0,2.7,🟢 Buy (Drifter),-5.52,,,66,CLOSED
2026-07-13,BFINVEST.NS,BFINVEST.NS,Financial Services,535.2,438.95,9.9,2.7,🟢 Buy (Drifter),-17.98,,,66,CLOSED
2026-07-13,EPIGRAL.NS,Epigral Limited,Chemicals,1068.5,1101.4,9.3,2.3,🟡 Neutral (Priced-In),3.08,,,66,CLOSED
2026-07-13,COUNCODOS.NS,COUNCODOS.NS,Real Estate,6.4,6.33,8.9,3.0,🟢 Buy (Drifter),-1.09,,,66,CLOSED
2026-07-13,BCLIND.NS,BCLIND.NS,Consumer Goods,37.2,33.17,8.5,3.0,🟢 Buy (Drifter),-10.83,,,66,CLOSED
2026-07-13,ARMANFIN.NS,ARMANFIN.NS,Financial Services,1965.8,1956.4,8.4,2.7,🟢 Buy (Drifter),-0.48,,,66,CLOSED
2026-07-13,63MOONS.NS,63MOONS.NS,IT & Technology,734.2,872.65,8.2,2.3,🟢 Buy (Drifter),18.86,,,66,CLOSED
2026-07-13,BLKASHYAP.NS,BLKASHYAP.NS,Infrastructure,59.5,52.87,7.6,2.7,🟡 Neutral (Priced-In),-11.14,,,66,CLOSED
2026-07-13,CCCL.NS,CCCL.NS,Infrastructure,17.4,13.69,7.2,2.7,🟡 Neutral (Priced-In),-21.32,,,66,CLOSED
2026-07-13,AEGISVOPAK.NS,AEGISVOPAK.NS,Oil & Gas,303.3,310.7,7.1,3.0,🟡 Neutral (Priced-In),2.44,,,66,CLOSED
2026-07-13,BUTTERFLY.NS,BUTTERFLY.NS,Consumer Durables,780.2,578.85,6.6,3.0,🟡 Neutral (Priced-In),-25.81,,,66,CLOSED
2026-07-13,ARKADE.NS,ARKADE.NS,Real Estate,140.9,117.22,6.3,3.0,🟢 Buy (Drifter),-16.81,,,66,CLOSED
2026-07-13,BEPL.NS,BEPL.NS,Chemicals,108.1,127.47,5.8,2.7,🟡 Neutral (Priced-In),17.92,,,66,CLOSED
2026-07-13,DAMCAPITAL.NS,DAMCAPITAL.NS,Financial Services,162.0,136.73,5.6,2.7,🟢 Buy (Drifter),-15.6,,,66,CLOSED
2026-07-13,HEG.NS,HEG Limited,Capital Goods,575.4,225.8,5.6,3.0,🟢 Buy (Drifter),-60.76,,,66,CLOSED
2026-07-13,HAPPSTMNDS.NS,Happiest Minds Technologies Limited,IT & Technology,407.5,327.9,5.5,3.0,🟢 Buy (Drifter),-19.53,,,66,CLOSED
2026-07-13,BHARATSE.NS,BHARATSE.NS,Auto,254.6,209.22,5.4,3.0,🟡 Neutral (Priced-In),-17.82,,,66,CLOSED
2026-07-13,GENESYS.NS,GENESYS.NS,IT & Technology,343.8,284.42,5.4,2.7,🟢 Buy (Drifter),-17.27,,,66,CLOSED
2026-07-13,ASAHISONG.NS,ASAHISONG.NS,Chemicals,284.0,365.15,5.3,2.7,🟡 Neutral (Priced-In),28.57,,,66,CLOSED
2026-07-13,BIRLAMONEY.NS,BIRLAMONEY.NS,Financial Services,157.8,120.63,5.3,3.3,🟢 Buy (Drifter),-23.56,,,66,CLOSED
2026-07-13,GALLANTT.NS,Gallantt Ispat Limited,Metals & Mining,701.0,537.7,5.0,3.0,🟢 Buy (Drifter),-23.3,,,66,CLOSED
2026-07-13,GOLDTECH.NS,GOLDTECH.NS,IT & Technology,64.0,41.41,5.0,3.0,🟢 Buy (Drifter),-35.3,,,66,CLOSED
2026-07-13,BTTL.NS,BTTL.NS,Textiles,57.0,45.76,4.9,3.0,🟡 Neutral (Priced-In),-19.72,,,66,CLOSED
2026-07-13,HCLTECH.NS,HCL Technologies Limited,IT & Technology,1221.2,1258.3,4.9,2.7,🟢 Buy (Drifter),3.04,,,66,CLOSED
2026-07-13,HUHTAMAKI.NS,HUHTAMAKI.NS,Capital Goods,221.5,243.6,4.9,3.0,🟢 Buy (Drifter),9.98,,,66,CLOSED
2026-07-13,EPACKPEB.NS,EPACKPEB.NS,Infrastructure,278.3,222.26,4.8,3.0,🟡 Neutral (Priced-In),-20.14,,,66,CLOSED
2026-07-13,ADSL.NS,ADSL.NS,IT & Technology,125.7,96.99,4.7,2.3,🟢 Buy (Drifter),-22.84,,,66,CLOSED
2026-07-13,CRAMC.NS,CRAMC.NS,Financial Services,265.2,234.35,4.6,2.7,🟢 Buy (Drifter),-11.63,,,66,CLOSED
2026-07-13,EVERESTIND.NS,EVERESTIND.NS,Cement & Materials,513.4,400.0,4.4,3.0,Unknown,-22.09,,,66,CLOSED
2026-07-13,HEALTHX.NS,HEALTHX.NS,Retail,337.6,310.3,4.4,2.7,🟡 Neutral (Priced-In),-8.09,,,66,CLOSED
2026-07-13,GOODLUCK.NS,GOODLUCK.NS,Metals & Mining,1629.4,509.75,4.1,3.3,🟢 Buy (Drifter),-68.72,,,66,CLOSED
2026-07-13,ALGOQUANT.NS,ALGOQUANT.NS,Financial Services,61.3,70.13,4.0,2.3,🟢 Buy (Drifter),14.4,,,66,CLOSED
2026-07-14,BALPHARMA.NS,BALPHARMA.NS,Pharma & Healthcare,91.0,102.46,15.0,2.7,🟡 Neutral (Priced-In),12.59,,,65,CLOSED
2026-07-14,COUNCODOS.NS,COUNCODOS.NS,Real Estate,7.1,6.33,11.9,3.0,🟢 Buy (Drifter),-10.85,,,65,CLOSED
2026-07-14,FINOPB.NS,FINOPB.NS,Banking,176.4,136.43,9.3,3.0,🟡 Neutral (Priced-In),-22.66,,,65,CLOSED
2026-07-14,HGS.NS,HGS.NS,Capital Goods,453.6,386.35,8.7,3.0,🟢 Buy (Drifter),-14.83,,,65,CLOSED
2026-07-14,CONSOFINVT.NS,CONSOFINVT.NS,Financial Services,277.5,306.95,6.9,3.0,🟢 Buy (Drifter),10.61,,,65,CLOSED
2026-07-14,BIOCON.NS,Biocon Limited,Pharma & Healthcare,437.3,380.0,6.4,3.0,🟡 Neutral (Priced-In),-13.1,,,65,CLOSED
2026-07-14,CONCOR.NS,Container Corporation of India Limited,Infrastructure,493.1,488.15,6.3,3.0,🟡 Neutral (Priced-In),-1.0,,,65,CLOSED
2026-07-14,DYCL.NS,DYCL.NS,Capital Goods,390.9,442.35,5.7,3.3,🟢 Buy (Drifter),13.16,,,65,CLOSED
2026-07-14,HTMEDIA.NS,HTMEDIA.NS,Media,27.2,24.0,5.2,2.7,🟡 Neutral (Priced-In),-11.76,,,65,CLOSED
2026-07-14,ADANIPOWER.NS,Adani Power Limited,Power & Utilities,226.2,205.92,5.0,2.7,🟢 Buy (Drifter),-8.97,,,65,CLOSED
2026-07-14,GNA.NS,GNA.NS,Auto,555.7,536.55,5.0,2.7,🟡 Neutral (Priced-In),-3.45,,,65,CLOSED
2026-07-14,CUPID.NS,CUPID.NS,Consumer Goods,216.8,279.15,4.8,3.0,🟢 Buy (Drifter),28.76,,,65,CLOSED
2026-07-14,ASIANENE.NS,ASIANENE.NS,Oil & Gas,353.5,486.2,4.0,2.3,🟡 Neutral (Priced-In),37.54,,,65,CLOSED
2026-07-15,HIRECT.NS,HIRECT.NS,Capital Goods,1273.6,1211.9,19.9,3.0,🟢 Buy (Drifter),-4.84,,,64,CLOSED
2026-07-15,APOLSINHOT.NS,APOLSINHOT.NS,Capital Goods,1369.2,1211.1,14.1,3.0,🟢 Buy (Drifter),-11.55,,,64,CLOSED
2026-07-15,FILATEX.NS,FILATEX.NS,Textiles,70.3,90.35,14.0,3.0,🟡 Neutral (Priced-In),28.52,,,64,CLOSED
2026-07-15,ELIN.NS,ELIN.NS,Capital Goods,114.7,89.88,13.2,3.0,🟢 Buy (Drifter),-21.64,,,64,CLOSED
2026-07-15,AJOONI.NS,AJOONI.NS,Consumer Goods,4.2,3.27,12.4,2.3,🟢 Buy (Drifter),-22.14,,,64,CLOSED
2026-07-15,DPABHUSHAN.NS,DPABHUSHAN.NS,Consumer Durables,1307.2,1337.0,11.5,3.0,🟡 Neutral (Priced-In),2.28,,,64,CLOSED
2026-07-15,GABRIEL.NS,Gabriel India Limited,Auto,1354.5,1283.7,8.5,3.3,🟡 Neutral (Priced-In),-5.23,,,64,CLOSED
2026-07-15,AEGISLOG.NS,AEGISLOG.NS,Oil & Gas,1321.1,1353.8,8.1,3.0,🟡 Neutral (Priced-In),2.48,,,64,CLOSED
2026-07-15,ATHERENERG.NS,Ather Energy Limited,Auto,1296.4,1550.0,7.9,3.0,🟡 Neutral (Priced-In),19.56,,,64,CLOSED
2026-07-15,DAMCAPITAL.NS,DAMCAPITAL.NS,Financial Services,169.4,136.73,7.9,3.0,🟢 Buy (Drifter),-19.29,,,64,CLOSED
2026-07-15,GANESHBE.NS,GANESHBE.NS,Chemicals,103.9,125.2,7.6,2.3,🟡 Neutral (Priced-In),20.5,,,64,CLOSED
2026-07-15,EIMCOELECO.NS,EIMCOELECO.NS,Auto,1887.7,2247.4,6.9,2.3,🟡 Neutral (Priced-In),19.05,,,64,CLOSED
2026-07-15,HLEGLAS.NS,HLEGLAS.NS,Capital Goods,418.6,415.65,6.4,2.3,🟢 Buy (Drifter),-0.7,,,64,CLOSED
2026-07-15,GROWW.NS,GROWW.NS,Financial Services,216.3,187.44,6.2,3.0,🟢 Buy (Drifter),-13.34,,,64,CLOSED
2026-07-15,GANECOS.NS,Ganesha Ecosphere Limited,Textiles,1188.3,990.6,5.8,3.0,🟡 Neutral (Priced-In),-16.64,,,64,CLOSED
2026-07-15,AVANTIFEED.NS,Avanti Feeds Limited,Consumer Goods,989.2,770.85,5.7,2.3,🟢 Buy (Drifter),-22.07,,,64,CLOSED
2026-07-15,FLUOROCHEM.NS,Gujarat Fluorochemicals Limited,Chemicals,4131.6,4471.8,5.3,3.0,🟡 Neutral (Priced-In),8.23,,,64,CLOSED
2026-07-15,HFCL.NS,HFCL Limited,Telecom,223.1,209.45,4.8,3.0,🟡 Neutral (Priced-In),-6.12,,,64,CLOSED
2026-07-15,AURUM.NS,AURUM.NS,Real Estate,250.8,221.11,4.7,3.0,🟢 Buy (Drifter),-11.84,,,64,CLOSED
2026-07-15,BAJAJHCARE.NS,BAJAJHCARE.NS,Pharma & Healthcare,363.5,328.35,4.6,3.0,🟡 Neutral (Priced-In),-9.67,,,64,CLOSED
2026-07-15,ABB.NS,ABB India Limited,Capital Goods,7204.5,7130.5,4.5,2.7,🟢 Buy (Drifter),-1.03,,,64,CLOSED
2026-07-15,FMGOETZE.NS,FMGOETZE.NS,Auto,488.6,447.5,4.3,2.7,🟡 Neutral (Priced-In),-8.41,,,64,CLOSED
2026-07-15,CANHLIFE.NS,CANHLIFE.NS,Insurance,153.1,155.36,4.2,2.3,🟡 Neutral (Priced-In),1.48,,,64,CLOSED
2026-07-15,ACE.NS,Action Construction Equipment Limited,Auto,1004.4,1205.6,4.1,2.3,🟡 Neutral (Priced-In),20.03,,,64,CLOSED
2026-07-15,EPACK.NS,EPACK.NS,Consumer Durables,247.0,180.82,4.1,2.3,🟡 Neutral (Priced-In),-26.79,,,64,CLOSED
2026-07-15,GHCLTEXTIL.NS,GHCLTEXTIL.NS,Textiles,112.3,124.33,4.0,3.0,🟡 Neutral (Priced-In),10.71,,,64,CLOSED
2026-07-16,GRINDWELL.NS,GRINDWELL.NS,Cement & Materials,2382.3,1862.2,16.4,2.3,Unknown,-21.83,,,63,CLOSED
2026-07-16,BECTORFOOD.NS,Mrs. Bectors Food Specialities Limited,Consumer Goods,192.2,220.81,13.8,3.0,🟢 Buy (Drifter),14.89,,,63,CLOSED
2026-07-16,CYIENTDLM.NS,Cyient DLM Limited,Capital Goods,586.9,893.5,9.0,3.0,🟢 Buy (Drifter),52.24,,,63,CLOSED
2026-07-16,EMMVEE.NS,EMMVEE.NS,Power & Utilities,365.4,325.5,8.2,3.0,🟢 Buy (Drifter),-10.92,,,63,CLOSED
2026-07-16,GSPCROP.NS,GSPCROP.NS,Chemicals,493.0,595.1,7.9,2.3,🟡 Neutral (Priced-In),20.71,,,63,CLOSED
2026-07-16,ELGIRUBCO.NS,ELGIRUBCO.NS,Auto,62.2,60.81,7.8,2.7,🟡 Neutral (Priced-In),-2.23,,,63,CLOSED
2026-07-16,GNA.NS,GNA.NS,Auto,592.0,536.55,7.7,3.0,🟡 Neutral (Priced-In),-9.37,,,63,CLOSED
2026-07-16,BORANA.NS,BORANA.NS,Textiles,325.5,338.2,7.4,3.3,🟡 Neutral (Priced-In),3.9,,,63,CLOSED
2026-07-16,ALGOQUANT.NS,ALGOQUANT.NS,Financial Services,65.1,70.13,7.2,2.7,🟢 Buy (Drifter),7.73,,,63,CLOSED
2026-07-16,CHENNPETRO.NS,Chennai Petroleum Corporation Limited,Oil & Gas,1240.8,1414.1,7.2,3.0,🟡 Neutral (Priced-In),13.97,,,63,CLOSED
2026-07-16,AMAGI.NS,AMAGI.NS,IT & Technology,599.0,574.35,6.7,3.3,🟢 Buy (Drifter),-4.12,,,63,CLOSED
2026-07-16,ABB.NS,ABB India Limited,Capital Goods,7667.5,7130.5,6.4,3.0,🟢 Buy (Drifter),-7.0,,,63,CLOSED
2026-07-16,DIXON.NS,Dixon Technologies (India) Limited,Consumer Durables,14507.0,13290.0,6.3,2.7,🟡 Neutral (Priced-In),-8.39,,,63,CLOSED
2026-07-16,GRAPHITE.NS,Graphite India Limited,Capital Goods,655.1,814.1,4.8,2.7,🟢 Buy (Drifter),24.27,,,63,CLOSED
2026-07-16,AVANTIFEED.NS,Avanti Feeds Limited,Consumer Goods,1035.7,770.85,4.7,2.7,🟢 Buy (Drifter),-25.57,,,63,CLOSED
2026-07-16,HUHTAMAKI.NS,HUHTAMAKI.NS,Capital Goods,232.7,243.6,4.7,3.0,🟢 Buy (Drifter),4.68,,,63,CLOSED
2026-07-16,HLEGLAS.NS,HLEGLAS.NS,Capital Goods,437.5,415.65,4.5,2.3,🟢 Buy (Drifter),-4.99,,,63,CLOSED
2026-07-16,AARVI.NS,AARVI.NS,Capital Goods,153.5,140.82,4.4,2.3,🟢 Buy (Drifter),-8.26,,,63,CLOSED
2026-07-16,BHEL.NS,Bharat Heavy Electricals Limited,Capital Goods,435.4,429.2,4.2,2.3,🟢 Buy (Drifter),-1.42,,,63,CLOSED
2026-07-16,DJML.NS,DJML.NS,Capital Goods,105.2,106.01,4.2,2.3,🟢 Buy (Drifter),0.77,,,63,CLOSED
2026-07-17,ECLERX.NS,eClerx Services Limited,Capital Goods,1979.8,1923.0,12.5,3.0,🟢 Buy (Drifter),-2.87,,,62,CLOSED
2026-07-17,FINOPB.NS,FINOPB.NS,Banking,174.2,136.43,10.1,3.0,🟡 Neutral (Priced-In),-21.68,,,62,CLOSED
2026-07-17,AIIL.NS,Authum Investment & Infrastructure Limited,Financial Services,571.0,527.2,9.9,2.7,🟢 Buy (Drifter),-7.67,,,62,CLOSED
2026-07-17,FEDERALBNK.NS,The Federal Bank Limited,Banking,349.0,332.75,6.9,3.0,🟡 Neutral (Priced-In),-4.66,,,62,CLOSED
2026-07-17,AFCONS.NS,AFCONS.NS,Infrastructure,299.8,267.3,5.0,3.0,🟡 Neutral (Priced-In),-10.84,,,62,CLOSED
2026-07-17,63MOONS.NS,63MOONS.NS,IT & Technology,724.2,872.65,4.4,2.3,🟢 Buy (Drifter),20.5,,,62,CLOSED
2026-07-17,BHARATFORG.NS,Bharat Forge Limited,Auto,2190.5,1918.7,4.1,3.0,🟡 Neutral (Priced-In),-12.41,,,62,CLOSED
2026-07-20,ASHIMASYN.NS,ASHIMASYN.NS,Real Estate,17.2,16.12,19.9,3.0,🟢 Buy (Drifter),-6.28,,,59,CLOSED
2026-07-20,DYCL.NS,DYCL.NS,Capital Goods,445.6,442.35,15.3,3.0,🟢 Buy (Drifter),-0.73,,,59,CLOSED
2026-07-20,BEPL.NS,BEPL.NS,Chemicals,127.8,127.47,13.0,3.0,🟡 Neutral (Priced-In),-0.26,,,59,CLOSED
2026-07-20,BECTORFOOD.NS,Mrs. Bectors Food Specialities Limited,Consumer Goods,210.1,220.81,11.4,3.0,🟢 Buy (Drifter),5.1,,,59,CLOSED
2026-07-20,COMSYN.NS,COMSYN.NS,Capital Goods,209.4,293.0,10.6,3.0,🟢 Buy (Drifter),39.92,,,59,CLOSED
2026-07-20,DIACABS.NS,Diamond Power Infrastructure Limited,Capital Goods,244.6,376.05,10.0,2.7,🟢 Buy (Drifter),53.74,,,59,CLOSED
2026-07-20,GANDHAR.NS,GANDHAR.NS,Oil & Gas,228.3,269.4,9.8,3.0,🟡 Neutral (Priced-In),18.0,,,59,CLOSED
2026-07-20,BETA.NS,BETA.NS,Pharma & Healthcare,2439.4,2095.0,9.4,2.3,🟡 Neutral (Priced-In),-14.12,,,59,CLOSED
2026-07-20,COUNCODOS.NS,COUNCODOS.NS,Real Estate,6.6,6.33,7.8,2.7,🟢 Buy (Drifter),-4.09,,,59,CLOSED
2026-07-20,DPABHUSHAN.NS,DPABHUSHAN.NS,Consumer Durables,1434.3,1337.0,7.4,3.0,🟡 Neutral (Priced-In),-6.78,,,59,CLOSED
2026-07-20,ABMINTLLTD.NS,ABMINTLLTD.NS,Chemicals,42.8,42.4,6.6,2.3,🟡 Neutral (Priced-In),-0.93,,,59,CLOSED
2026-07-20,AMAGI.NS,AMAGI.NS,IT & Technology,593.2,574.35,5.4,3.0,🟢 Buy (Drifter),-3.18,,,59,CLOSED
2026-07-20,HUHTAMAKI.NS,HUHTAMAKI.NS,Capital Goods,249.8,243.6,5.2,3.3,🟢 Buy (Drifter),-2.48,,,59,CLOSED
2026-07-20,AARVI.NS,AARVI.NS,Capital Goods,156.5,140.82,5.1,2.3,🟢 Buy (Drifter),-10.02,,,59,CLOSED
2026-07-20,ADOR.NS,ADOR.NS,Capital Goods,1455.3,1564.3,5.1,3.0,🟢 Buy (Drifter),7.49,,,59,CLOSED
2026-07-20,ANTELOPUS.NS,ANTELOPUS.NS,Oil & Gas,861.8,1130.85,5.0,3.0,🟡 Neutral (Priced-In),31.22,,,59,CLOSED
2026-07-20,CONFIPET.NS,CONFIPET.NS,Oil & Gas,76.7,86.76,4.8,3.3,🟡 Neutral (Priced-In),13.12,,,59,CLOSED
2026-07-20,BORANA.NS,BORANA.NS,Textiles,332.0,338.2,4.7,3.0,🟡 Neutral (Priced-In),1.87,,,59,CLOSED
2026-07-20,GABRIEL.NS,Gabriel India Limited,Auto,1398.0,1283.7,4.6,3.0,🟡 Neutral (Priced-In),-8.18,,,59,CLOSED
2026-07-20,ICEMAKE.NS,ICEMAKE.NS,Capital Goods,837.3,668.9,4.6,3.0,🟢 Buy (Drifter),-20.11,,,59,CLOSED
2026-07-20,EMCURE.NS,EMCURE.NS,Pharma & Healthcare,1861.2,1909.8,4.4,2.3,🟡 Neutral (Priced-In),2.61,,,59,CLOSED
2026-07-20,BALPHARMA.NS,BALPHARMA.NS,Pharma & Healthcare,90.7,102.46,4.3,3.0,🟡 Neutral (Priced-In),12.97,,,59,CLOSED
2026-07-20,EMAMIPAP.NS,EMAMIPAP.NS,Cement & Materials,94.6,111.97,4.3,2.3,Unknown,18.36,,,59,CLOSED
2026-07-20,ESABINDIA.NS,ESABINDIA.NS,Capital Goods,5895.0,5618.5,4.3,3.0,🟢 Buy (Drifter),-4.69,,,59,CLOSED
2026-07-20,EXICOM.NS,EXICOM.NS,Capital Goods,168.2,160.09,4.2,2.3,🟢 Buy (Drifter),-4.82,,,59,CLOSED
2026-07-20,FLUOROCHEM.NS,Gujarat Fluorochemicals Limited,Chemicals,4316.2,4471.8,4.1,3.0,🟡 Neutral (Priced-In),3.61,,,59,CLOSED
2026-07-20,HINDOILEXP.NS,HINDOILEXP.NS,Oil & Gas,161.9,180.95,4.1,2.7,🟡 Neutral (Priced-In),11.77,,,59,CLOSED
2026-07-20,DENTA.NS,DENTA.NS,Infrastructure,340.8,278.4,4.0,2.7,🟡 Neutral (Priced-In),-18.31,,,59,CLOSED
2026-07-21,HECPROJECT.NS,HECPROJECT.NS,Infrastructure,138.7,116.84,20.0,3.0,🟡 Neutral (Priced-In),-15.76,,,58,CLOSED
2026-07-21,BLUESTONE.NS,BLUESTONE.NS,Consumer Durables,728.7,831.2,19.4,3.0,🟡 Neutral (Priced-In),14.07,,,58,CLOSED
2026-07-21,BATLIBOI.NS,BATLIBOI.NS,Capital Goods,90.8,103.51,11.2,2.7,🟢 Buy (Drifter),14.0,,,58,CLOSED
2026-07-21,AYE.NS,AYE.NS,Financial Services,189.1,180.98,10.3,3.0,🟢 Buy (Drifter),-4.29,,,58,CLOSED
2026-07-21,DIACABS.NS,Diamond Power Infrastructure Limited,Capital Goods,269.1,376.05,10.0,3.0,🟢 Buy (Drifter),39.74,,,58,CLOSED
2026-07-21,ASHIMASYN.NS,ASHIMASYN.NS,Real Estate,18.7,16.12,8.7,3.0,🟢 Buy (Drifter),-13.8,,,58,CLOSED
2026-07-21,EPIGRAL.NS,Epigral Limited,Chemicals,1164.2,1101.4,7.5,3.0,🟡 Neutral (Priced-In),-5.39,,,58,CLOSED
2026-07-21,FLUOROCHEM.NS,Gujarat Fluorochemicals Limited,Chemicals,4607.1,4471.8,6.7,3.0,🟡 Neutral (Priced-In),-2.94,,,58,CLOSED
2026-07-21,GABRIEL.NS,Gabriel India Limited,Auto,1488.5,1283.7,6.5,3.0,🟡 Neutral (Priced-In),-13.76,,,58,CLOSED
2026-07-21,ASHIANA.NS,ASHIANA.NS,Real Estate,395.3,351.45,5.8,2.3,🟢 Buy (Drifter),-11.09,,,58,CLOSED
2026-07-21,HUHTAMAKI.NS,HUHTAMAKI.NS,Capital Goods,264.2,243.6,5.8,3.0,🟢 Buy (Drifter),-7.8,,,58,CLOSED
2026-07-21,EXICOM.NS,EXICOM.NS,Capital Goods,176.8,160.09,5.1,3.0,🟢 Buy (Drifter),-9.45,,,58,CLOSED
2026-07-21,E2E.NS,E2E.NS,IT & Technology,446.4,616.2,5.0,2.3,🟢 Buy (Drifter),38.04,,,58,CLOSED
2026-07-21,HFCL.NS,HFCL Limited,Telecom,218.0,209.45,4.8,3.0,🟡 Neutral (Priced-In),-3.92,,,58,CLOSED
2026-07-21,CYIENTDLM.NS,Cyient DLM Limited,Capital Goods,623.0,893.5,4.5,3.0,🟢 Buy (Drifter),43.42,,,58,CLOSED
2026-07-21,EMAMIPAP.NS,EMAMIPAP.NS,Cement & Materials,98.9,111.97,4.5,2.7,Unknown,13.22,,,58,CLOSED
2026-07-21,HIRECT.NS,HIRECT.NS,Capital Goods,1308.6,1211.9,4.5,2.3,🟢 Buy (Drifter),-7.39,,,58,CLOSED
2026-07-21,HLEGLAS.NS,HLEGLAS.NS,Capital Goods,437.9,415.65,4.5,2.3,🟢 Buy (Drifter),-5.08,,,58,CLOSED
2026-07-21,ACE.NS,Action Construction Equipment Limited,Auto,1035.5,1205.6,4.4,2.3,🟡 Neutral (Priced-In),16.43,,,58,CLOSED
2026-07-21,ABMINTLLTD.NS,ABMINTLLTD.NS,Chemicals,44.7,42.4,4.3,2.3,🟡 Neutral (Priced-In),-5.15,,,58,CLOSED
2026-07-21,HSCL.NS,Himadri Speciality Chemical Limited,Chemicals,800.9,653.35,4.0,2.7,🟡 Neutral (Priced-In),-18.42,,,58,CLOSED
2026-07-22,ARENTERP.NS,ARENTERP.NS,Metals & Mining,41.2,34.2,20.0,3.0,🟢 Buy (Drifter),-16.99,,,57,CLOSED
2026-07-22,EMAMIPAP.NS,EMAMIPAP.NS,Cement & Materials,118.6,111.97,20.0,3.0,Unknown,-5.59,,,57,CLOSED
2026-07-22,DATAPATTNS.NS,Data Patterns (India) Limited,Aerospace & Defense,4782.8,4411.1,12.7,3.0,🟢 Buy (Drifter),-7.77,,,57,CLOSED
2026-07-22,CYIENTDLM.NS,Cyient DLM Limited,Capital Goods,698.2,893.5,12.1,3.0,🟢 Buy (Drifter),27.97,,,57,CLOSED
2026-07-22,ASAHISONG.NS,ASAHISONG.NS,Chemicals,299.4,365.15,11.4,3.0,🟡 Neutral (Priced-In),21.96,,,57,CLOSED
2026-07-22,HUHTAMAKI.NS,HUHTAMAKI.NS,Capital Goods,292.0,243.6,10.5,3.0,🟢 Buy (Drifter),-16.58,,,57,CLOSED
2026-07-22,GENUSPAPER.NS,GENUSPAPER.NS,Cement & Materials,12.4,11.18,7.6,2.7,Unknown,-9.84,,,57,CLOSED
2026-07-22,BLUESTONE.NS,BLUESTONE.NS,Consumer Durables,776.0,831.2,6.5,3.0,🟡 Neutral (Priced-In),7.11,,,57,CLOSED
2026-07-22,CRAMC.NS,CRAMC.NS,Financial Services,266.8,234.35,5.8,2.3,🟢 Buy (Drifter),-12.16,,,57,CLOSED
2026-07-22,BAJAJ-AUTO.NS,Bajaj Auto Limited,Auto,10998.5,11500.0,5.7,3.0,🟡 Neutral (Priced-In),4.56,,,57,CLOSED
2026-07-22,AMDIND.NS,AMDIND.NS,Capital Goods,46.8,66.58,5.2,2.3,🟢 Buy (Drifter),42.26,,,57,CLOSED
2026-07-22,E2E.NS,E2E.NS,IT & Technology,468.7,616.2,5.0,2.3,🟢 Buy (Drifter),31.47,,,57,CLOSED
2026-07-22,GOLDTECH.NS,GOLDTECH.NS,IT & Technology,58.5,41.41,5.0,3.0,🟢 Buy (Drifter),-29.21,,,57,CLOSED
2026-07-22,BTTL.NS,BTTL.NS,Textiles,49.8,45.76,4.9,2.7,🟡 Neutral (Priced-In),-8.11,,,57,CLOSED
2026-07-22,COSMOFIRST.NS,COSMOFIRST.NS,Capital Goods,865.5,879.9,4.9,2.7,🟢 Buy (Drifter),1.66,,,57,CLOSED
2026-07-22,FAIRCHEMOR.NS,FAIRCHEMOR.NS,Chemicals,736.8,622.9,4.9,3.0,🟡 Neutral (Priced-In),-15.46,,,57,CLOSED
2026-07-22,ASIANHOTNR.NS,ASIANHOTNR.NS,Hospitality,308.6,375.8,4.8,2.3,Unknown,21.78,,,57,CLOSED
2026-07-22,ICEMAKE.NS,ICEMAKE.NS,Capital Goods,878.9,668.9,4.8,3.0,🟢 Buy (Drifter),-23.89,,,57,CLOSED
2026-07-22,CONSOFINVT.NS,CONSOFINVT.NS,Financial Services,290.9,306.95,4.7,3.0,🟢 Buy (Drifter),5.52,,,57,CLOSED
2026-07-22,DELPHIFX.NS,DELPHIFX.NS,Financial Services,6.8,5.22,4.7,2.3,🟢 Buy (Drifter),-23.24,,,57,CLOSED
2026-07-22,CRISIL.NS,CRISIL Limited,Financial Services,4495.2,4560.0,4.5,2.7,🟢 Buy (Drifter),1.44,,,57,CLOSED
2026-07-22,3IINFOLTD.NS,3IINFOLTD.NS,IT & Technology,20.0,25.76,4.4,2.7,🟢 Buy (Drifter),28.8,,,57,CLOSED
2026-07-22,GMRP&UI.NS,GMR Power And Urban Infra Limited,Power & Utilities,100.9,92.13,4.4,2.3,🟢 Buy (Drifter),-8.69,,,57,CLOSED
2026-07-22,BAJEL.NS,BAJEL.NS,Power & Utilities,184.6,173.08,4.2,2.3,🟢 Buy (Drifter),-6.24,,,57,CLOSED
2026-07-23,ARENTERP.NS,ARENTERP.NS,Metals & Mining,49.5,34.2,20.0,3.0,🟢 Buy (Drifter),-30.91,,,56,CLOSED
2026-07-23,ASIANTILES.NS,ASIANTILES.NS,Cement & Materials,51.9,49.97,19.5,3.0,Unknown,-3.72,,,56,CLOSED
2026-07-23,GANDHAR.NS,GANDHAR.NS,Oil & Gas,282.0,269.4,19.4,3.3,🟡 Neutral (Priced-In),-4.47,,,56,CLOSED
2026-07-23,GSPCROP.NS,GSPCROP.NS,Chemicals,546.2,595.1,7.8,2.7,🟡 Neutral (Priced-In),8.95,,,56,CLOSED
2026-07-23,AMAGI.NS,AMAGI.NS,IT & Technology,655.3,574.35,7.1,3.3,🟢 Buy (Drifter),-12.35,,,56,CLOSED
2026-07-23,CHEMPLASTS.NS,CHEMPLASTS.NS,Chemicals,209.9,167.8,6.8,3.0,🟡 Neutral (Priced-In),-20.06,,,56,CLOSED
2026-07-23,ASAHISONG.NS,ASAHISONG.NS,Chemicals,318.9,365.15,6.5,3.0,🟡 Neutral (Priced-In),14.5,,,56,CLOSED
2026-07-23,ARIHANTCAP.NS,ARIHANTCAP.NS,Financial Services,81.4,81.21,5.6,2.7,🟢 Buy (Drifter),-0.23,,,56,CLOSED
2026-07-23,FCL.NS,FCL.NS,Chemicals,41.9,52.99,5.1,2.3,🟡 Neutral (Priced-In),26.47,,,56,CLOSED
2026-07-23,E2E.NS,E2E.NS,IT & Technology,492.1,616.2,5.0,2.3,🟢 Buy (Drifter),25.22,,,56,CLOSED
2026-07-23,FAIRCHEMOR.NS,FAIRCHEMOR.NS,Chemicals,772.9,622.9,4.9,3.3,🟡 Neutral (Priced-In),-19.41,,,56,CLOSED
2026-07-23,GRAPHITE.NS,Graphite India Limited,Capital Goods,657.9,814.1,4.5,3.0,🟢 Buy (Drifter),23.74,,,56,CLOSED
2026-07-23,AMDIND.NS,AMDIND.NS,Capital Goods,48.9,66.58,4.4,2.7,🟢 Buy (Drifter),36.16,,,56,CLOSED
2026-07-23,CROWN.NS,CROWN.NS,Capital Goods,121.0,108.95,4.4,2.7,🟢 Buy (Drifter),-9.96,,,56,CLOSED
2026-07-23,GRPLTD.NS,GRPLTD.NS,Auto,1972.6,1971.9,4.4,2.7,🟡 Neutral (Priced-In),-0.04,,,56,CLOSED
2026-07-23,HEG.NS,HEG Limited,Capital Goods,623.8,225.8,4.2,2.7,🟢 Buy (Drifter),-63.8,,,56,CLOSED
2026-07-24,AARON.NS,AARON.NS,Capital Goods,135.2,124.42,20.0,3.0,🟢 Buy (Drifter),-7.97,,,55,CLOSED
2026-07-24,BTML.NS,BTML.NS,Media,7.0,7.25,14.5,3.0,🟡 Neutral (Priced-In),3.57,,,55,CLOSED
2026-07-24,CNL.NS,CNL.NS,IT & Technology,987.0,1078.9,12.3,3.0,🟢 Buy (Drifter),9.31,,,55,CLOSED
2026-07-24,CREATIVEYE.NS,CREATIVEYE.NS,Media,6.7,5.59,11.6,3.0,🟡 Neutral (Priced-In),-16.57,,,55,CLOSED
2026-07-24,GAEL.NS,Gujarat Ambuja Exports Limited,Consumer Goods,151.6,159.41,9.0,2.7,🟢 Buy (Drifter),5.15,,,55,CLOSED
2026-07-24,ESAFSFB.NS,ESAFSFB.NS,Banking,38.7,38.44,8.8,3.0,🟡 Neutral (Priced-In),-0.67,,,55,CLOSED
2026-07-24,DBL.NS,Dilip Buildcon Limited,Capital Goods,420.2,408.35,8.6,3.0,🟢 Buy (Drifter),-2.82,,,55,CLOSED
2026-07-24,CINELINE.NS,CINELINE.NS,Media,86.7,92.95,8.0,2.3,🟡 Neutral (Priced-In),7.21,,,55,CLOSED
2026-07-24,DIACABS.NS,Diamond Power Infrastructure Limited,Capital Goods,295.1,376.05,7.7,3.0,🟢 Buy (Drifter),27.43,,,55,CLOSED
2026-07-24,BLSE.NS,BLSE.NS,Capital Goods,282.3,314.5,7.2,3.0,🟢 Buy (Drifter),11.41,,,55,CLOSED
2026-07-24,HUHTAMAKI.NS,HUHTAMAKI.NS,Capital Goods,318.7,243.6,7.2,3.0,🟢 Buy (Drifter),-23.56,,,55,CLOSED
2026-07-24,BANARBEADS.NS,BANARBEADS.NS,Consumer Durables,121.9,110.54,6.9,2.7,🟡 Neutral (Priced-In),-9.32,,,55,CLOSED
2026-07-24,ACE.NS,Action Construction Equipment Limited,Auto,1039.4,1205.6,6.2,2.3,🟡 Neutral (Priced-In),15.99,,,55,CLOSED
2026-07-24,GREENLAM.NS,GREENLAM.NS,Consumer Durables,256.0,236.73,5.9,2.3,🟡 Neutral (Priced-In),-7.53,,,55,CLOSED
2026-07-24,GUJAPOLLO.NS,GUJAPOLLO.NS,Capital Goods,364.4,324.0,5.5,2.3,🟢 Buy (Drifter),-11.09,,,55,CLOSED
2026-07-24,ASIANHOTNR.NS,ASIANHOTNR.NS,Hospitality,306.6,375.8,5.4,2.3,Unknown,22.57,,,55,CLOSED
2026-07-24,CONFIPET.NS,CONFIPET.NS,Oil & Gas,78.3,86.76,5.2,3.0,🟡 Neutral (Priced-In),10.8,,,55,CLOSED
2026-07-24,HMVL.NS,HMVL.NS,Media,93.4,77.34,5.1,3.0,🟡 Neutral (Priced-In),-17.19,,,55,CLOSED
2026-07-24,E2E.NS,E2E.NS,IT & Technology,516.7,616.2,5.0,3.0,🟢 Buy (Drifter),19.26,,,55,CLOSED
2026-07-24,EBGNG.NS,EBGNG.NS,IT & Technology,572.3,661.65,5.0,2.3,🟢 Buy (Drifter),15.61,,,55,CLOSED
2026-07-24,EVERESTIND.NS,EVERESTIND.NS,Cement & Materials,524.2,400.0,4.7,3.3,Unknown,-23.69,,,55,CLOSED
2026-07-24,ALGOQUANT.NS,ALGOQUANT.NS,Financial Services,68.4,70.13,4.6,3.0,🟢 Buy (Drifter),2.53,,,55,CLOSED
2026-07-24,DJML.NS,DJML.NS,Capital Goods,114.4,106.01,4.6,3.0,🟢 Buy (Drifter),-7.33,,,55,CLOSED
2026-07-24,GULPOLY.NS,GULPOLY.NS,Chemicals,195.1,171.05,4.6,2.3,🟡 Neutral (Priced-In),-12.33,,,55,CLOSED
2026-07-24,ATUL.NS,Atul Ltd,Chemicals,6407.5,6133.5,4.5,2.7,🟡 Neutral (Priced-In),-4.28,,,55,CLOSED
2026-07-24,ASAHISONG.NS,ASAHISONG.NS,Chemicals,333.0,365.15,4.4,3.0,🟡 Neutral (Priced-In),9.65,,,55,CLOSED
2026-07-24,DEEPINDS.NS,DEEPINDS.NS,Oil & Gas,479.6,734.7,4.4,2.3,🟡 Neutral (Priced-In),53.19,,,55,CLOSED
2026-07-27,CAPILLARY.NS,CAPILLARY.NS,IT & Technology,535.3,448.95,12.4,3.0,🟢 Buy (Drifter),-16.13,,,52,CLOSED
2026-07-27,CARTRADE.NS,CarTrade Tech Limited,IT & Technology,2978.5,2938.0,12.1,2.7,🟢 Buy (Drifter),-1.36,,,52,CLOSED
2026-07-27,HGM.NS,HGM.NS,IT & Technology,52.4,47.79,12.1,2.3,🟢 Buy (Drifter),-8.8,,,52,CLOSED
2026-07-27,ABMINTLLTD.NS,ABMINTLLTD.NS,Chemicals,44.6,42.4,8.8,2.3,🟡 Neutral (Priced-In),-4.93,,,52,CLOSED
2026-07-27,ASIANENE.NS,ASIANENE.NS,Oil & Gas,383.8,486.2,7.9,2.7,🟡 Neutral (Priced-In),26.68,,,52,CLOSED
2026-07-27,DEEPINDS.NS,DEEPINDS.NS,Oil & Gas,516.5,734.7,7.7,3.0,🟡 Neutral (Priced-In),42.25,,,52,CLOSED
2026-07-27,ASHIMASYN.NS,ASHIMASYN.NS,Real Estate,18.0,16.12,7.1,3.0,🟢 Buy (Drifter),-10.44,,,52,CLOSED
2026-07-27,CONCOR.NS,Container Corporation of India Limited,Infrastructure,510.5,488.15,6.9,3.0,🟡 Neutral (Priced-In),-4.38,,,52,CLOSED
2026-07-27,HESTERBIO.NS,HESTERBIO.NS,Pharma & Healthcare,2528.4,2245.8,6.8,2.7,🟡 Neutral (Priced-In),-11.18,,,52,CLOSED
2026-07-27,ALICON.NS,ALICON.NS,Capital Goods,678.5,695.15,6.6,2.3,🟢 Buy (Drifter),2.45,,,52,CLOSED
2026-07-27,DIGJAMLMTD.NS,DIGJAMLMTD.NS,Textiles,43.0,58.67,6.4,2.3,🟡 Neutral (Priced-In),36.44,,,52,CLOSED
2026-07-27,BLUESTONE.NS,BLUESTONE.NS,Consumer Durables,820.8,831.2,6.3,3.0,🟡 Neutral (Priced-In),1.27,,,52,CLOSED
2026-07-27,CAPLIPOINT.NS,Caplin Point Laboratories Limited,Pharma & Healthcare,2621.4,2596.6,6.3,2.3,🟡 Neutral (Priced-In),-0.95,,,52,CLOSED
2026-07-27,DPABHUSHAN.NS,DPABHUSHAN.NS,Consumer Durables,1412.3,1337.0,6.3,3.0,🟡 Neutral (Priced-In),-5.33,,,52,CLOSED
2026-07-27,ALLDIGI.NS,ALLDIGI.NS,Capital Goods,872.0,784.55,6.0,2.3,🟢 Buy (Drifter),-10.03,,,52,CLOSED
2026-07-27,ATUL.NS,Atul Ltd,Chemicals,6789.5,6133.5,6.0,3.0,🟡 Neutral (Priced-In),-9.66,,,52,CLOSED
2026-07-27,ETERNAL.NS,Eternal Limited,Retail,295.9,322.35,5.7,3.0,🟡 Neutral (Priced-In),8.94,,,52,CLOSED
2026-07-27,DBL.NS,Dilip Buildcon Limited,Capital Goods,443.6,408.35,5.6,3.0,🟢 Buy (Drifter),-7.95,,,52,CLOSED
2026-07-27,GENUSPAPER.NS,GENUSPAPER.NS,Cement & Materials,12.6,11.18,5.6,2.3,Unknown,-11.27,,,52,CLOSED
2026-07-27,EXCELINDUS.NS,EXCELINDUS.NS,Chemicals,982.2,963.8,5.4,2.7,🟡 Neutral (Priced-In),-1.87,,,52,CLOSED
2026-07-27,GABRIEL.NS,Gabriel India Limited,Auto,1437.8,1283.7,5.4,3.0,🟡 Neutral (Priced-In),-10.72,,,52,CLOSED
2026-07-27,ANANTRAJ.NS,Anant Raj Limited,Real Estate,616.9,596.9,5.2,3.0,🟢 Buy (Drifter),-3.24,,,52,CLOSED
2026-07-27,AGI.NS,AGI Greenpac Limited,Consumer Durables,707.2,733.75,5.1,2.7,🟡 Neutral (Priced-In),3.75,,,52,CLOSED
2026-07-27,BALAMINES.NS,Balaji Amines Limited,Chemicals,2284.8,2148.9,5.1,3.0,🟡 Neutral (Priced-In),-5.95,,,52,CLOSED
2026-07-27,AARON.NS,AARON.NS,Capital Goods,141.9,124.42,5.0,3.0,🟢 Buy (Drifter),-12.32,,,52,CLOSED
2026-07-27,ADVENTHTL.NS,ADVENTHTL.NS,Hospitality,149.5,127.04,5.0,2.3,Unknown,-15.02,,,52,CLOSED
2026-07-27,BMWVENTLTD.NS,BMWVENTLTD.NS,Metals & Mining,59.3,50.22,5.0,2.3,🟢 Buy (Drifter),-15.31,,,52,CLOSED
2026-07-27,E2E.NS,E2E.NS,IT & Technology,542.5,616.2,5.0,3.0,🟢 Buy (Drifter),13.59,,,52,CLOSED
2026-07-27,FAIRCHEMOR.NS,FAIRCHEMOR.NS,Chemicals,806.5,622.9,5.0,3.3,🟡 Neutral (Priced-In),-22.77,,,52,CLOSED
2026-07-27,APCOTEXIND.NS,APCOTEXIND.NS,Chemicals,588.5,599.4,4.9,2.7,🟡 Neutral (Priced-In),1.85,,,52,CLOSED
2026-07-27,BESTAGRO.NS,BESTAGRO.NS,Chemicals,15.9,20.35,4.9,2.3,🟡 Neutral (Priced-In),27.99,,,52,CLOSED
2026-07-27,GRADIENTE.NS,GRADIENTE.NS,Media,2.8,2.7,4.9,2.7,🟡 Neutral (Priced-In),-3.57,,,52,CLOSED
2026-07-27,GSPCROP.NS,GSPCROP.NS,Chemicals,556.6,595.1,4.9,3.0,🟡 Neutral (Priced-In),6.92,,,52,CLOSED
2026-07-27,3IINFOLTD.NS,3IINFOLTD.NS,IT & Technology,20.7,25.76,4.8,2.7,🟢 Buy (Drifter),24.44,,,52,CLOSED
2026-07-27,CREDITACC.NS,CreditAccess Grameen Limited,Financial Services,1591.1,1370.8,4.8,3.0,🟢 Buy (Drifter),-13.85,,,52,CLOSED
2026-07-27,AARTISURF.NS,AARTISURF.NS,Chemicals,398.3,525.45,4.4,2.3,🟡 Neutral (Priced-In),31.92,,,52,CLOSED
2026-07-27,EUROPRATIK.NS,EUROPRATIK.NS,Cement & Materials,314.6,234.85,4.3,2.3,Unknown,-25.35,,,52,CLOSED
2026-07-27,EXCELSOFT.NS,EXCELSOFT.NS,IT & Technology,77.5,79.8,4.2,3.0,🟢 Buy (Drifter),2.97,,,52,CLOSED
2026-07-27,BLUEDART.NS,Blue Dart Express Limited,Infrastructure,5114.2,4811.3,4.1,2.7,🟡 Neutral (Priced-In),-5.92,,,52,CLOSED
2026-07-27,DIACABS.NS,Diamond Power Infrastructure Limited,Capital Goods,307.2,376.05,4.1,3.0,🟢 Buy (Drifter),22.41,,,52,CLOSED
2026-07-27,GINNIFILA.NS,GINNIFILA.NS,Textiles,49.0,41.65,4.1,2.3,🟡 Neutral (Priced-In),-15.0,,,52,CLOSED
2026-07-27,HAPPSTMNDS.NS,Happiest Minds Technologies Limited,IT & Technology,387.7,327.9,4.1,2.7,🟢 Buy (Drifter),-15.42,,,52,CLOSED
2026-07-28,GANESHBE.NS,GANESHBE.NS,Chemicals,124.9,125.2,11.2,3.0,🟡 Neutral (Priced-In),0.24,,,51,CLOSED
2026-07-28,COFORGE.NS,Coforge Limited,IT & Technology,1686.0,1793.0,10.3,3.0,🟢 Buy (Drifter),6.35,,,51,CLOSED
2026-07-28,AFFLE.NS,Affle 3i Limited,IT & Technology,1631.8,1545.6,9.3,3.0,🟢 Buy (Drifter),-5.28,,,51,CLOSED
2026-07-28,ASIANTILES.NS,ASIANTILES.NS,Cement & Materials,57.6,49.97,7.9,2.7,Unknown,-13.25,,,51,CLOSED
2026-07-28,CUB.NS,City Union Bank Limited,Banking,238.1,231.82,7.5,3.3,🟡 Neutral (Priced-In),-2.64,,,51,CLOSED
2026-07-28,AGARIND.NS,AGARIND.NS,Chemicals,517.8,407.75,7.1,2.3,🟡 Neutral (Priced-In),-21.25,,,51,CLOSED
2026-07-28,DEVIT.NS,DEVIT.NS,IT & Technology,27.8,23.43,6.5,2.3,🟢 Buy (Drifter),-15.72,,,51,CLOSED
2026-07-28,3IINFOLTD.NS,3IINFOLTD.NS,IT & Technology,22.0,25.76,6.2,3.0,🟢 Buy (Drifter),17.09,,,51,CLOSED
2026-07-28,HEXT.NS,Hexaware Technologies Limited,IT & Technology,593.2,526.45,5.4,2.7,🟢 Buy (Drifter),-11.25,,,51,CLOSED
2026-07-28,FAIRCHEMOR.NS,FAIRCHEMOR.NS,Chemicals,846.8,622.9,5.0,3.0,🟡 Neutral (Priced-In),-26.44,,,51,CLOSED
2026-07-28,CUPID.NS,CUPID.NS,Consumer Goods,231.8,279.15,4.7,3.0,🟢 Buy (Drifter),20.43,,,51,CLOSED
2026-07-28,ECLERX.NS,eClerx Services Limited,Capital Goods,1897.7,1923.0,4.7,3.0,🟢 Buy (Drifter),1.33,,,51,CLOSED
2026-07-28,GRADIENTE.NS,GRADIENTE.NS,Media,2.9,2.7,4.7,2.7,🟡 Neutral (Priced-In),-6.9,,,51,CLOSED
2026-07-28,DIACABS.NS,Diamond Power Infrastructure Limited,Capital Goods,321.4,376.05,4.6,3.0,🟢 Buy (Drifter),17.0,,,51,CLOSED
2026-07-28,BIL.NS,BIL.NS,Consumer Durables,778.8,1023.45,4.4,3.0,🟡 Neutral (Priced-In),31.41,,,51,CLOSED
2026-07-28,ETERNAL.NS,Eternal Limited,Retail,308.4,322.35,4.2,3.0,🟡 Neutral (Priced-In),4.52,,,51,CLOSED
2026-07-28,ADVANCE.NS,ADVANCE.NS,Chemicals,118.2,111.67,4.0,2.7,🟡 Neutral (Priced-In),-5.52,,,51,CLOSED
2026-07-29,ALMONDZ.NS,ALMONDZ.NS,Financial Services,15.1,18.41,20.0,3.0,🟢 Buy (Drifter),21.92,,,50,CLOSED
2026-07-29,AVONMORE.NS,AVONMORE.NS,Financial Services,11.0,12.02,20.0,2.3,🟢 Buy (Drifter),9.27,,,50,CLOSED
2026-07-29,COMSYN.NS,COMSYN.NS,Capital Goods,207.9,293.0,16.0,3.0,🟢 Buy (Drifter),40.93,,,50,CLOSED
2026-07-29,APCOTEXIND.NS,APCOTEXIND.NS,Chemicals,681.6,599.4,15.3,3.0,🟡 Neutral (Priced-In),-12.06,,,50,CLOSED
2026-07-29,FSL.NS,Firstsource Solutions Limited,Capital Goods,293.6,273.1,11.6,3.0,🟢 Buy (Drifter),-6.98,,,50,CLOSED
2026-07-29,BESTAGRO.NS,BESTAGRO.NS,Chemicals,16.7,20.35,9.7,2.7,🟡 Neutral (Priced-In),21.86,,,50,CLOSED
2026-07-29,CPEDU.NS,CPEDU.NS,Hospitality,212.5,173.3,9.4,3.0,Unknown,-18.45,,,50,CLOSED
2026-07-29,DIGJAMLMTD.NS,DIGJAMLMTD.NS,Textiles,46.5,58.67,8.7,2.3,🟡 Neutral (Priced-In),26.17,,,50,CLOSED
2026-07-29,DEEPINDS.NS,DEEPINDS.NS,Oil & Gas,543.0,734.7,7.1,2.7,🟡 Neutral (Priced-In),35.3,,,50,CLOSED
2026-07-29,HONAUT.NS,Honeywell Automation India Limited,Capital Goods,40105.0,33915.0,6.9,2.7,🟢 Buy (Drifter),-15.43,,,50,CLOSED
2026-07-29,CROMPTON.NS,Crompton Greaves Consumer Electricals Limited,Consumer Durables,264.2,225.1,6.8,2.3,🟡 Neutral (Priced-In),-14.8,,,50,CLOSED
2026-07-29,CRAFTSMAN.NS,Craftsman Automation Limited,Auto,9913.0,10937.0,6.7,3.0,🟡 Neutral (Priced-In),10.33,,,50,CLOSED
2026-07-29,GSPCROP.NS,GSPCROP.NS,Chemicals,582.7,595.1,6.6,3.0,🟡 Neutral (Priced-In),2.13,,,50,CLOSED
2026-07-29,CONCORDBIO.NS,Concord Biotech Limited,Pharma & Healthcare,1330.4,1461.1,5.9,2.3,🟡 Neutral (Priced-In),9.82,,,50,CLOSED
2026-07-29,GOKULAGRO.NS,GOKULAGRO.NS,Consumer Goods,223.2,218.17,5.9,2.3,🟢 Buy (Drifter),-2.25,,,50,CLOSED
2026-07-29,BLSE.NS,BLSE.NS,Capital Goods,298.8,314.5,5.7,3.0,🟢 Buy (Drifter),5.25,,,50,CLOSED
2026-07-29,DYNPRO.NS,DYNPRO.NS,Chemicals,251.4,227.85,5.5,2.3,🟡 Neutral (Priced-In),-9.37,,,50,CLOSED
2026-07-29,ASIANTILES.NS,ASIANTILES.NS,Cement & Materials,60.7,49.97,5.4,2.3,Unknown,-17.68,,,50,CLOSED
2026-07-29,BLUEJET.NS,Blue Jet Healthcare Limited,Pharma & Healthcare,602.8,568.2,5.4,3.0,🟡 Neutral (Priced-In),-5.74,,,50,CLOSED
2026-07-29,ELGIRUBCO.NS,ELGIRUBCO.NS,Auto,58.0,60.81,5.3,3.0,🟡 Neutral (Priced-In),4.84,,,50,CLOSED
2026-07-29,ARIHANT.NS,ARIHANT.NS,Real Estate,1144.9,1129.4,5.2,3.0,🟢 Buy (Drifter),-1.35,,,50,CLOSED
2026-07-29,BOHRAIND.NS,BOHRAIND.NS,Chemicals,14.5,15.4,5.0,2.3,🟡 Neutral (Priced-In),6.21,,,50,CLOSED
2026-07-29,DIACABS.NS,Diamond Power Infrastructure Limited,Capital Goods,337.5,376.05,5.0,3.0,🟢 Buy (Drifter),11.42,,,50,CLOSED
2026-07-29,GAEL.NS,Gujarat Ambuja Exports Limited,Consumer Goods,164.3,159.41,5.0,2.7,🟢 Buy (Drifter),-2.98,,,50,CLOSED
2026-07-29,DIAMONDYD.NS,DIAMONDYD.NS,Consumer Goods,1126.6,1100.4,4.9,2.3,🟢 Buy (Drifter),-2.33,,,50,CLOSED
2026-07-29,DIVISLAB.NS,Divi's Laboratories Limited,Pharma & Healthcare,7784.5,9323.0,4.8,3.0,🟡 Neutral (Priced-In),19.76,,,50,CLOSED
2026-07-29,GLAND.NS,Gland Pharma Limited,Pharma & Healthcare,2543.7,2907.8,4.8,3.0,🟡 Neutral (Priced-In),14.31,,,50,CLOSED
2026-07-29,GULPOLY.NS,GULPOLY.NS,Chemicals,198.1,171.05,4.8,2.3,🟡 Neutral (Priced-In),-13.65,,,50,CLOSED
2026-07-29,GHCLTEXTIL.NS,GHCLTEXTIL.NS,Textiles,119.5,124.33,4.6,3.0,🟡 Neutral (Priced-In),4.04,,,50,CLOSED
2026-07-29,AMAGI.NS,AMAGI.NS,IT & Technology,650.9,574.35,4.5,3.0,🟢 Buy (Drifter),-11.76,,,50,CLOSED
2026-07-29,HARRMALAYA.NS,HARRMALAYA.NS,Consumer Goods,218.5,180.71,4.5,2.7,🟢 Buy (Drifter),-17.3,,,50,CLOSED
2026-07-29,ARKADE.NS,ARKADE.NS,Real Estate,138.5,117.22,4.4,3.0,🟢 Buy (Drifter),-15.36,,,50,CLOSED
2026-07-29,AMNPLST.NS,AMNPLST.NS,Chemicals,201.3,163.0,4.2,2.3,🟡 Neutral (Priced-In),-19.03,,,50,CLOSED
2026-07-29,EPACKPEB.NS,EPACKPEB.NS,Infrastructure,263.7,222.26,4.2,2.7,🟡 Neutral (Priced-In),-15.71,,,50,CLOSED
2026-07-29,HEXT.NS,Hexaware Technologies Limited,IT & Technology,618.3,526.45,4.2,2.7,🟢 Buy (Drifter),-14.86,,,50,CLOSED
2026-07-29,DEVYANI.NS,Devyani International Limited,Hospitality,118.4,138.51,4.1,2.7,Unknown,16.98,,,50,CLOSED
2026-07-29,GNA.NS,GNA.NS,Auto,532.2,536.55,4.1,2.3,🟡 Neutral (Priced-In),0.82,,,50,CLOSED
2026-07-30,GATECH.NS,GATECH.NS,Financial Services,0.6,0.7,18.4,2.7,🟡 Neutral (Priced-In),16.67,,,49,CLOSED
2026-07-30,GATECHDVR.NS,GATECHDVR.NS,Financial Services,0.5,0.48,11.4,2.7,🟡 Neutral (Priced-In),-4.0,,,49,CLOSED
2026-07-30,BALKRISIND.NS,Balkrishna Industries Limited,Auto,2306.9,2170.8,10.8,3.0,🟡 Neutral (Priced-In),-5.9,,,49,CLOSED
2026-07-30,CTE.NS,CTE.NS,IT & Technology,34.0,38.77,10.0,2.7,🟡 Neutral (Priced-In),14.03,,,49,CLOSED
2026-07-30,FISCHER.NS,FISCHER.NS,Pharma & Healthcare,39.0,33.3,9.1,2.3,🟡 Neutral (Priced-In),-14.62,,,49,CLOSED
2026-07-30,63MOONS.NS,63MOONS.NS,IT & Technology,847.3,872.65,8.9,3.0,🟡 Neutral (Priced-In),2.99,,,49,CLOSED
2026-07-30,GOCOLORS.NS,GOCOLORS.NS,Retail,343.0,308.1,6.2,2.3,🟡 Neutral (Priced-In),-10.17,,,49,CLOSED
2026-07-30,ELGIRUBCO.NS,ELGIRUBCO.NS,Auto,61.6,60.81,6.1,2.3,🟡 Neutral (Priced-In),-1.28,,,49,CLOSED
2026-07-30,ASAHISONG.NS,ASAHISONG.NS,Chemicals,376.1,365.15,5.5,2.3,🟡 Neutral (Priced-In),-2.91,,,49,CLOSED
2026-07-30,GAEL.NS,Gujarat Ambuja Exports Limited,Consumer Goods,172.6,159.41,5.0,3.0,🟡 Neutral (Priced-In),-7.64,,,49,CLOSED
2026-07-30,AQYLON.NS,AQYLON.NS,Media,25.3,18.88,4.9,2.3,🟡 Neutral (Priced-In),-25.38,,,49,CLOSED
2026-07-30,GRPLTD.NS,GRPLTD.NS,Auto,2060.4,1971.9,4.3,2.7,🟡 Neutral (Priced-In),-4.3,,,49,CLOSED
2026-07-30,ATULAUTO.NS,ATULAUTO.NS,Auto,516.0,441.4,4.2,3.0,🟡 Neutral (Priced-In),-14.46,,,49,CLOSED
2026-07-30,BBTCL.NS,BBTCL.NS,Capital Goods,226.5,230.63,4.0,2.7,🟢 Buy (Drifter),1.82,,,49,CLOSED
2026-07-30,BLACKBUCK.NS,BlackBuck Limited,IT & Technology,544.7,611.5,4.0,2.3,🟡 Neutral (Priced-In),12.26,,,49,CLOSED
2026-07-31,GATECH.NS,GATECH.NS,Financial Services,0.7,0.7,19.0,3.0,🟡 Neutral (Priced-In),-0.0,,,48,CLOSED
2026-07-31,ESAFSFB.NS,ESAFSFB.NS,Banking,42.0,38.44,15.3,3.0,🟡 Neutral (Priced-In),-8.48,,,48,CLOSED
2026-07-31,BESTAGRO.NS,BESTAGRO.NS,Chemicals,19.1,20.35,15.2,3.0,🟡 Neutral (Priced-In),6.54,,,48,CLOSED
2026-07-31,BTML.NS,BTML.NS,Media,7.1,7.25,15.1,3.0,🟡 Neutral (Priced-In),2.11,,,48,CLOSED
2026-07-31,63MOONS.NS,63MOONS.NS,IT & Technology,931.4,872.65,9.9,3.0,🟡 Neutral (Priced-In),-6.31,,,48,CLOSED
2026-07-31,DEEPINDS.NS,DEEPINDS.NS,Oil & Gas,596.9,734.7,8.8,3.0,🟡 Neutral (Priced-In),23.09,,,48,CLOSED
2026-07-31,GANESHCP.NS,GANESHCP.NS,Consumer Goods,178.3,164.47,8.7,2.7,🟡 Neutral (Priced-In),-7.76,,,48,CLOSED
2026-07-31,CINELINE.NS,CINELINE.NS,Media,87.8,92.95,8.4,2.3,🟡 Neutral (Priced-In),5.87,,,48,CLOSED
2026-07-31,BAJFINANCE.NS,Bajaj Finance Limited,Financial Services,1141.2,1015.0,8.3,3.0,🟡 Neutral (Priced-In),-11.06,,,48,CLOSED
2026-07-31,GATECHDVR.NS,GATECHDVR.NS,Financial Services,0.5,0.48,8.2,3.0,🟡 Neutral (Priced-In),-4.0,,,48,CLOSED
2026-07-31,HYUNDAI.NS,HYUNDAI.NS,Auto,2180.7,2160.0,8.1,3.0,🟡 Neutral (Priced-In),-0.95,,,48,CLOSED
2026-07-31,BHAGCHEM.NS,BHAGCHEM.NS,Chemicals,290.8,247.95,8.0,2.7,🟡 Neutral (Priced-In),-14.74,,,48,CLOSED
2026-07-31,CENTEXT.NS,CENTEXT.NS,Metals & Mining,19.9,19.05,7.9,2.3,🟡 Neutral (Priced-In),-4.27,,,48,CLOSED
2026-07-31,DMCC.NS,DMCC.NS,Chemicals,282.8,261.7,7.6,3.0,🟡 Neutral (Priced-In),-7.46,,,48,CLOSED
2026-07-31,FILATEX.NS,FILATEX.NS,Textiles,73.5,90.35,7.6,3.0,🟡 Neutral (Priced-In),22.93,,,48,CLOSED
2026-07-31,EMSLIMITED.NS,EMSLIMITED.NS,Infrastructure,411.5,364.5,7.3,2.7,🟡 Neutral (Priced-In),-11.42,,,48,CLOSED
2026-07-31,BALKRISIND.NS,Balkrishna Industries Limited,Auto,2473.5,2170.8,7.2,3.0,🟡 Neutral (Priced-In),-12.24,,,48,CLOSED
2026-07-31,BLUESTONE.NS,BLUESTONE.NS,Consumer Durables,816.2,831.2,7.0,3.0,🟡 Neutral (Priced-In),1.84,,,48,CLOSED
2026-07-31,CONCORDBIO.NS,Concord Biotech Limited,Pharma & Healthcare,1420.8,1461.1,6.8,3.0,🟡 Neutral (Priced-In),2.84,,,48,CLOSED
2026-07-31,A2ZINFRA.NS,A2ZINFRA.NS,Infrastructure,15.6,15.01,6.7,2.3,🟡 Neutral (Priced-In),-3.78,,,48,CLOSED
2026-07-31,BBTCL.NS,BBTCL.NS,Capital Goods,241.2,230.63,6.5,3.0,🟢 Buy (Drifter),-4.38,,,48,CLOSED
2026-07-31,BAJAJFINSV.NS,Bajaj Finserv Ltd.,Diversified,2029.1,1859.2,6.3,3.0,🟡 Neutral (Priced-In),-8.37,,,48,CLOSED
2026-07-31,BOSCH-HCIL.NS,Bosch Home Comfort India Limited,Consumer Durables,1391.3,1668.3,6.2,2.7,🟡 Neutral (Priced-In),19.91,,,48,CLOSED
2026-07-31,GMMPFAUDLR.NS,GMM Pfaudler Limited,Capital Goods,864.4,1363.4,6.2,3.0,🟢 Buy (Drifter),57.73,,,48,CLOSED
2026-07-31,ADVAIT.NS,ADVAIT.NS,Capital Goods,2310.6,1990.4,6.1,2.3,🟢 Buy (Drifter),-13.86,,,48,CLOSED
2026-07-31,ALPHAGEO.NS,ALPHAGEO.NS,Oil & Gas,220.1,294.95,6.0,2.7,🟡 Neutral (Priced-In),34.01,,,48,CLOSED
2026-07-31,BCLIND.NS,BCLIND.NS,Consumer Goods,36.7,33.17,5.9,2.7,🟡 Neutral (Priced-In),-9.62,,,48,CLOSED
2026-07-31,ARIHANT.NS,ARIHANT.NS,Real Estate,1142.8,1129.4,5.1,3.0,🟢 Buy (Drifter),-1.17,,,48,CLOSED
2026-07-31,ASAHISONG.NS,ASAHISONG.NS,Chemicals,394.9,365.15,5.0,2.3,🟡 Neutral (Priced-In),-7.53,,,48,CLOSED
2026-07-31,EMAMIPAP.NS,EMAMIPAP.NS,Cement & Materials,109.6,111.97,5.0,2.3,🟡 Neutral (Priced-In),2.16,,,48,CLOSED
2026-07-31,ADVANCE.NS,ADVANCE.NS,Chemicals,125.0,111.67,4.7,2.3,🟡 Neutral (Priced-In),-10.66,,,48,CLOSED
2026-07-31,DYNPRO.NS,DYNPRO.NS,Chemicals,263.1,227.85,4.6,2.3,🟡 Neutral (Priced-In),-13.4,,,48,CLOSED
2026-07-31,GAIL.NS,GAIL (India) Limited,Oil & Gas,181.4,172.0,4.5,2.7,🟡 Neutral (Priced-In),-5.18,,,48,CLOSED
2026-07-31,APARINDS.NS,APAR Industries Limited,Capital Goods,14348.0,17801.0,4.4,2.3,🟢 Buy (Drifter),24.07,,,48,CLOSED
2026-07-31,ASKAUTOLTD.NS,ASKAUTOLTD.NS,Auto,528.0,618.9,4.3,3.0,🟡 Neutral (Priced-In),17.22,,,48,CLOSED
2026-07-31,CREATIVEYE.NS,CREATIVEYE.NS,Media,6.2,5.59,4.2,2.7,🟡 Neutral (Priced-In),-9.84,,,48,CLOSED
2026-07-31,FCL.NS,FCL.NS,Chemicals,39.3,52.99,4.2,2.3,🟡 Neutral (Priced-In),34.83,,,48,CLOSED
2026-08-03,AARTISURF.NS,AARTISURF.NS,Chemicals,481.0,525.45,20.0,3.0,🟡 Neutral (Priced-In),9.24,,,45,CLOSED
2026-08-03,ALPHAGEO.NS,ALPHAGEO.NS,Oil & Gas,264.1,294.95,20.0,3.0,🟡 Neutral (Priced-In),11.68,,,45,CLOSED
2026-08-03,DALMIASUG.NS,DALMIASUG.NS,Consumer Goods,411.9,390.5,17.4,3.0,🟡 Neutral (Priced-In),-5.2,,,45,CLOSED
2026-08-03,ETHOSLTD.NS,Ethos Limited,Consumer Durables,2962.7,2651.0,15.0,3.0,🟡 Neutral (Priced-In),-10.52,,,45,CLOSED
2026-08-03,ADL.NS,ADL.NS,Consumer Durables,79.0,72.03,10.7,2.3,🟡 Neutral (Priced-In),-8.82,,,45,CLOSED
2026-08-03,BALRAMCHIN.NS,Balrampur Chini Mills Limited,Consumer Goods,646.8,675.7,10.3,3.0,🟡 Neutral (Priced-In),4.47,,,45,CLOSED
2026-08-03,A2ZINFRA.NS,A2ZINFRA.NS,Infrastructure,17.1,15.01,10.0,2.7,🟡 Neutral (Priced-In),-12.22,,,45,CLOSED
2026-08-03,CCAVENUE.NS,AvenuesAI Limited,Financial Services,17.4,16.32,10.0,2.7,🟡 Neutral (Priced-In),-6.21,,,45,CLOSED
2026-08-03,ATULAUTO.NS,ATULAUTO.NS,Auto,563.3,441.4,9.3,3.0,🟡 Neutral (Priced-In),-21.64,,,45,CLOSED
2026-08-03,DEEPINDS.NS,DEEPINDS.NS,Oil & Gas,649.3,734.7,8.8,3.0,🟡 Neutral (Priced-In),13.15,,,45,CLOSED
2026-08-03,GATECH.NS,GATECH.NS,Financial Services,0.8,0.7,8.7,3.0,🟡 Neutral (Priced-In),-12.5,,,45,CLOSED
2026-08-03,AEGISLOG.NS,AEGISLOG.NS,Oil & Gas,1388.3,1353.8,8.4,2.3,🟡 Neutral (Priced-In),-2.49,,,45,CLOSED
2026-08-03,BUILDPRO.NS,BUILDPRO.NS,Retail,1343.6,1244.9,8.2,3.0,🟡 Neutral (Priced-In),-7.35,,,45,CLOSED
2026-08-03,ASKAUTOLTD.NS,ASKAUTOLTD.NS,Auto,569.7,618.9,7.9,3.0,🟡 Neutral (Priced-In),8.64,,,45,CLOSED
2026-08-03,CTE.NS,CTE.NS,IT & Technology,37.7,38.77,7.8,3.0,🟡 Neutral (Priced-In),2.84,,,45,CLOSED
2026-08-03,DPABHUSHAN.NS,DPABHUSHAN.NS,Consumer Durables,1420.2,1337.0,7.8,3.0,🟡 Neutral (Priced-In),-5.86,,,45,CLOSED
2026-08-03,DDEVPLSTIK.NS,DDEVPLSTIK.NS,Chemicals,288.4,255.15,7.5,2.3,🟡 Neutral (Priced-In),-11.53,,,45,CLOSED
2026-08-03,FSL.NS,Firstsource Solutions Limited,Capital Goods,324.4,273.1,7.4,3.0,🟢 Buy (Drifter),-15.81,,,45,CLOSED
2026-08-03,EXCELSOFT.NS,EXCELSOFT.NS,IT & Technology,83.0,79.8,7.2,2.3,🟡 Neutral (Priced-In),-3.86,,,45,CLOSED
2026-08-03,APLAPOLLO.NS,APL Apollo Tubes Limited,Metals & Mining,1941.5,2148.5,6.7,3.0,🟡 Neutral (Priced-In),10.66,,,45,CLOSED
2026-08-03,DIVISLAB.NS,Divi's Laboratories Limited,Pharma & Healthcare,8585.0,9323.0,6.6,3.0,🟡 Neutral (Priced-In),8.6,,,45,CLOSED
2026-08-03,BSOFT.NS,Birlasoft Limited,IT & Technology,321.5,283.8,6.3,2.7,🟡 Neutral (Priced-In),-11.73,,,45,CLOSED
2026-08-03,BFINVEST.NS,BFINVEST.NS,Financial Services,483.0,438.95,6.2,2.3,🟡 Neutral (Priced-In),-9.12,,,45,CLOSED
2026-08-03,DHAMPURSUG.NS,DHAMPURSUG.NS,Consumer Goods,143.8,151.72,6.2,2.3,🟡 Neutral (Priced-In),5.51,,,45,CLOSED
2026-08-03,DCMSRIND.NS,DCMSRIND.NS,Consumer Goods,41.6,38.39,5.9,2.3,🟡 Neutral (Priced-In),-7.72,,,45,CLOSED
2026-08-03,DIFFNKG.NS,DIFFNKG.NS,Capital Goods,406.1,435.85,5.9,2.3,🟢 Buy (Drifter),7.33,,,45,CLOSED
2026-08-03,GABRIEL.NS,Gabriel India Limited,Auto,1527.4,1283.7,5.9,3.0,🟡 Neutral (Priced-In),-15.96,,,45,CLOSED
2026-08-03,GUJAPOLLO.NS,GUJAPOLLO.NS,Capital Goods,364.0,324.0,5.7,2.3,🟢 Buy (Drifter),-10.99,,,45,CLOSED
2026-08-03,BETA.NS,BETA.NS,Pharma & Healthcare,2353.0,2095.0,5.4,2.3,🟡 Neutral (Priced-In),-10.96,,,45,CLOSED
2026-08-03,BLUEDART.NS,Blue Dart Express Limited,Infrastructure,5427.0,4811.3,5.2,2.3,🟡 Neutral (Priced-In),-11.35,,,45,CLOSED
2026-08-03,CONFIPET.NS,CONFIPET.NS,Oil & Gas,83.8,86.76,5.2,3.0,🟡 Neutral (Priced-In),3.53,,,45,CLOSED
2026-08-03,3IINFOLTD.NS,3IINFOLTD.NS,IT & Technology,24.4,25.76,5.1,3.0,🟡 Neutral (Priced-In),5.57,,,45,CLOSED
2026-08-03,CHENNPETRO.NS,Chennai Petroleum Corporation Limited,Oil & Gas,1325.5,1414.1,5.1,3.0,🟡 Neutral (Priced-In),6.68,,,45,CLOSED
2026-08-03,ABCAPITAL.NS,Aditya Birla Capital Limited,Financial Services,424.4,390.0,5.0,2.7,🟡 Neutral (Priced-In),-8.11,,,45,CLOSED
2026-08-03,ASHOKLEY.NS,Ashok Leyland Limited,Auto,174.6,158.62,5.0,2.7,🟡 Neutral (Priced-In),-9.15,,,45,CLOSED
2026-08-03,GAEL.NS,Gujarat Ambuja Exports Limited,Consumer Goods,180.7,159.41,5.0,3.0,🟡 Neutral (Priced-In),-11.78,,,45,CLOSED
2026-08-03,AFFLE.NS,Affle 3i Limited,IT & Technology,1663.0,1545.6,4.9,3.0,🟡 Neutral (Priced-In),-7.06,,,45,CLOSED
2026-08-03,AQYLON.NS,AQYLON.NS,Media,26.8,18.88,4.9,2.7,🟡 Neutral (Priced-In),-29.55,,,45,CLOSED
2026-08-03,DHUNINV.NS,DHUNINV.NS,Financial Services,886.9,981.75,4.8,2.7,🟡 Neutral (Priced-In),10.69,,,45,CLOSED
2026-08-03,EMAMIPAP.NS,EMAMIPAP.NS,Cement & Materials,114.9,111.97,4.8,2.3,🟡 Neutral (Priced-In),-2.55,,,45,CLOSED
2026-08-03,CRAFTSMAN.NS,Craftsman Automation Limited,Auto,10338.5,10937.0,4.7,3.3,🟡 Neutral (Priced-In),5.79,,,45,CLOSED
2026-08-03,BAJAJHIND.NS,BAJAJHIND.NS,Consumer Goods,17.5,19.38,4.6,2.3,🟡 Neutral (Priced-In),10.74,,,45,CLOSED
2026-08-03,ALICON.NS,ALICON.NS,Capital Goods,702.8,695.15,4.5,2.7,🟢 Buy (Drifter),-1.09,,,45,CLOSED
2026-08-03,COASTCORP.NS,COASTCORP.NS,Consumer Goods,51.0,44.87,4.5,2.3,🟡 Neutral (Priced-In),-12.02,,,45,CLOSED
2026-08-03,AUTOAXLES.NS,AUTOAXLES.NS,Auto,1880.5,1679.4,4.4,2.7,🟡 Neutral (Priced-In),-10.69,,,45,CLOSED
2026-08-03,ABB.NS,ABB India Limited,Capital Goods,7601.0,7130.5,4.3,3.0,🟢 Buy (Drifter),-6.19,,,45,CLOSED
2026-08-03,FILATEX.NS,FILATEX.NS,Textiles,76.7,90.35,4.3,3.0,🟡 Neutral (Priced-In),17.8,,,45,CLOSED
2026-08-03,GULFOILLUB.NS,Gulf Oil Lubricants India Limited,Oil & Gas,1115.1,1064.0,4.3,2.3,🟡 Neutral (Priced-In),-4.58,,,45,CLOSED
2026-08-03,ECLERX.NS,eClerx Services Limited,Capital Goods,1922.2,1923.0,4.2,3.0,🟢 Buy (Drifter),0.04,,,45,CLOSED
2026-08-03,HEMIPROP.NS,Hemisphere Properties India Limited,Real Estate,140.0,120.81,4.2,2.7,🟢 Buy (Drifter),-13.71,,,45,CLOSED
2026-08-03,ADOR.NS,ADOR.NS,Capital Goods,1503.3,1564.3,4.1,2.7,🟢 Buy (Drifter),4.06,,,45,CLOSED
2026-08-03,BEPL.NS,BEPL.NS,Chemicals,120.7,127.47,4.1,2.3,🟡 Neutral (Priced-In),5.61,,,45,CLOSED
2026-08-03,AEGISVOPAK.NS,AEGISVOPAK.NS,Oil & Gas,301.8,310.7,4.0,2.3,🟡 Neutral (Priced-In),2.95,,,45,CLOSED
2026-08-04,AARTISURF.NS,AARTISURF.NS,Chemicals,541.8,525.45,35.2,3.0,🟡 Neutral (Priced-In),-3.02,,,44,CLOSED
2026-08-04,CENTEXT.NS,CENTEXT.NS,Metals & Mining,23.7,19.05,19.1,3.0,🟡 Neutral (Priced-In),-19.62,,,44,CLOSED
2026-08-04,BESTAGRO.NS,BESTAGRO.NS,Chemicals,22.7,20.35,18.5,3.0,🟡 Neutral (Priced-In),-10.35,,,44,CLOSED
2026-08-04,GENESYS.NS,GENESYS.NS,IT & Technology,316.6,284.42,16.6,2.3,🟡 Neutral (Priced-In),-10.16,,,44,CLOSED
2026-08-04,ATHERENERG.NS,Ather Energy Limited,Auto,1450.4,1550.0,14.0,3.0,🟡 Neutral (Priced-In),6.87,,,44,CLOSED
2026-08-04,CTE.NS,CTE.NS,IT & Technology,39.8,38.77,14.0,2.7,🟡 Neutral (Priced-In),-2.59,,,44,CLOSED
2026-08-04,DPABHUSHAN.NS,DPABHUSHAN.NS,Consumer Durables,1486.6,1337.0,12.8,3.0,🟡 Neutral (Priced-In),-10.06,,,44,CLOSED
2026-08-04,ALPHAGEO.NS,ALPHAGEO.NS,Oil & Gas,247.7,294.95,12.5,2.3,🟡 Neutral (Priced-In),19.08,,,44,CLOSED
2026-08-04,DHAMPURSUG.NS,DHAMPURSUG.NS,Consumer Goods,151.4,151.72,11.7,2.3,🟡 Neutral (Priced-In),0.21,,,44,CLOSED
2026-08-04,AEROENTER.NS,AEROENTER.NS,Metals & Mining,132.7,122.94,11.1,2.3,🟡 Neutral (Priced-In),-7.35,,,44,CLOSED
2026-08-04,DIFFNKG.NS,DIFFNKG.NS,Capital Goods,423.7,435.85,10.4,2.7,🟢 Buy (Drifter),2.87,,,44,CLOSED
2026-08-04,HMVL.NS,HMVL.NS,Media,104.4,77.34,10.4,3.0,🟡 Neutral (Priced-In),-25.92,,,44,CLOSED
2026-08-04,E2E.NS,E2E.NS,IT & Technology,570.2,616.2,10.2,2.7,🟡 Neutral (Priced-In),8.07,,,44,CLOSED
2026-08-04,ALIVUS.NS,Alivus Life Sciences Limited,Pharma & Healthcare,1335.8,1387.8,10.0,3.0,🟡 Neutral (Priced-In),3.89,,,44,CLOSED
2026-08-04,BASF.NS,BASF India Limited,Chemicals,3947.1,3601.6,8.6,2.3,🟡 Neutral (Priced-In),-8.75,,,44,CLOSED
2026-08-04,BIL.NS,BIL.NS,Consumer Durables,801.8,1023.45,8.3,2.7,🟡 Neutral (Priced-In),27.64,,,44,CLOSED
2026-08-04,ATULAUTO.NS,ATULAUTO.NS,Auto,557.8,441.4,8.2,2.3,🟡 Neutral (Priced-In),-20.87,,,44,CLOSED
2026-08-04,CAPILLARY.NS,CAPILLARY.NS,IT & Technology,535.0,448.95,8.0,3.0,🟡 Neutral (Priced-In),-16.08,,,44,CLOSED
2026-08-04,ICDSLTD.NS,ICDSLTD.NS,Real Estate,43.6,58.8,8.0,2.7,🟢 Buy (Drifter),34.86,,,44,CLOSED
2026-08-04,GRAPHITE.NS,Graphite India Limited,Capital Goods,710.0,814.1,7.9,3.3,🟢 Buy (Drifter),14.66,,,44,CLOSED
2026-08-04,ALKYLAMINE.NS,Alkyl Amines Chemicals Limited,Chemicals,1921.2,1843.8,7.6,2.7,🟡 Neutral (Priced-In),-4.03,,,44,CLOSED
2026-08-04,EMUDHRA.NS,eMudhra Limited,IT & Technology,514.0,633.35,7.6,2.3,🟡 Neutral (Priced-In),23.22,,,44,CLOSED
2026-08-04,AEROFLEX.NS,AEROFLEX.NS,Capital Goods,463.8,497.6,7.5,2.7,🟢 Buy (Drifter),7.29,,,44,CLOSED
2026-08-04,EXCELINDUS.NS,EXCELINDUS.NS,Chemicals,1050.6,963.8,6.5,3.0,🟡 Neutral (Priced-In),-8.26,,,44,CLOSED
2026-08-04,DATAPATTNS.NS,Data Patterns (India) Limited,Aerospace & Defense,4554.7,4411.1,6.4,3.0,🟢 Buy (Drifter),-3.15,,,44,CLOSED
2026-08-04,GUJAPOLLO.NS,GUJAPOLLO.NS,Capital Goods,366.5,324.0,6.4,2.3,🟢 Buy (Drifter),-11.6,,,44,CLOSED
2026-08-04,GANESHBE.NS,GANESHBE.NS,Chemicals,119.3,125.2,6.2,2.7,🟡 Neutral (Priced-In),4.95,,,44,CLOSED
2026-08-04,BETA.NS,BETA.NS,Pharma & Healthcare,2365.0,2095.0,6.0,2.3,🟡 Neutral (Priced-In),-11.42,,,44,CLOSED
2026-08-04,BLUESTONE.NS,BLUESTONE.NS,Consumer Durables,848.8,831.2,5.7,3.0,🟡 Neutral (Priced-In),-2.07,,,44,CLOSED
2026-08-04,EIDPARRY.NS,E.I.D.- Parry (India) Limited,Consumer Goods,803.1,703.1,5.7,2.7,🟡 Neutral (Priced-In),-12.45,,,44,CLOSED
2026-08-04,GARFIBRES.NS,Garware Technical Fibres Limited,Capital Goods,774.6,799.7,5.7,2.7,🟢 Buy (Drifter),3.24,,,44,CLOSED
2026-08-04,FLUOROCHEM.NS,Gujarat Fluorochemicals Limited,Chemicals,4612.8,4471.8,5.6,3.0,🟡 Neutral (Priced-In),-3.06,,,44,CLOSED
2026-08-04,DECCANCE.NS,DECCANCE.NS,Cement & Materials,583.3,569.2,5.5,2.7,🟡 Neutral (Priced-In),-2.42,,,44,CLOSED
2026-08-04,AGARIND.NS,AGARIND.NS,Chemicals,526.0,407.75,5.2,2.3,🟡 Neutral (Priced-In),-22.48,,,44,CLOSED
2026-08-04,DBL.NS,Dilip Buildcon Limited,Capital Goods,467.2,408.35,5.2,3.0,🟢 Buy (Drifter),-12.6,,,44,CLOSED
2026-08-04,GANGAFORGE.NS,GANGAFORGE.NS,Capital Goods,1.9,1.57,5.1,2.7,🟢 Buy (Drifter),-17.37,,,44,CLOSED
2026-08-04,ASIANENE.NS,ASIANENE.NS,Oil & Gas,417.6,486.2,4.8,3.0,🟡 Neutral (Priced-In),16.43,,,44,CLOSED
2026-08-04,APARINDS.NS,APAR Industries Limited,Capital Goods,15433.0,17801.0,4.7,3.0,🟢 Buy (Drifter),15.34,,,44,CLOSED
2026-08-04,ADOR.NS,ADOR.NS,Capital Goods,1510.8,1564.3,4.6,2.7,🟢 Buy (Drifter),3.54,,,44,CLOSED
2026-08-04,AETHER.NS,Aether Industries Limited,Chemicals,1578.3,1623.3,4.6,3.0,🟡 Neutral (Priced-In),2.85,,,44,CLOSED
2026-08-04,AKSHARCHEM.NS,AKSHARCHEM.NS,Chemicals,261.5,373.5,4.6,3.0,🟡 Neutral (Priced-In),42.83,,,44,CLOSED
2026-08-04,BHARATSE.NS,BHARATSE.NS,Auto,231.9,209.22,4.6,2.7,🟡 Neutral (Priced-In),-9.78,,,44,CLOSED
2026-08-04,GOODYEAR.NS,GOODYEAR.NS,Auto,871.3,800.4,4.6,3.0,🟡 Neutral (Priced-In),-8.14,,,44,CLOSED
2026-08-04,DHUNINV.NS,DHUNINV.NS,Financial Services,885.0,981.75,4.5,2.7,🟡 Neutral (Priced-In),10.93,,,44,CLOSED
2026-08-04,ASKAUTOLTD.NS,ASKAUTOLTD.NS,Auto,551.3,618.9,4.4,2.7,🟡 Neutral (Priced-In),12.26,,,44,CLOSED
2026-08-04,HECPROJECT.NS,HECPROJECT.NS,Infrastructure,136.9,116.84,4.1,3.0,🟡 Neutral (Priced-In),-14.65,,,44,CLOSED
2026-08-05,ELANTAS.NS,ELANTAS.NS,Chemicals,11847.5,12338.0,20.0,3.0,🟡 Neutral (Priced-In),4.14,,,43,CLOSED
2026-08-05,CELLO.NS,Cello World Limited,Consumer Durables,399.0,327.6,15.7,3.0,🟡 Neutral (Priced-In),-17.89,,,43,CLOSED
2026-08-05,ASKAUTOLTD.NS,ASKAUTOLTD.NS,Auto,637.5,618.9,15.6,3.0,🟡 Neutral (Priced-In),-2.92,,,43,CLOSED
2026-08-05,BATLIBOI.NS,BATLIBOI.NS,Capital Goods,94.3,103.51,12.2,3.0,🟢 Buy (Drifter),9.77,,,43,CLOSED
2026-08-05,EMIL.NS,Electronics Mart India Limited,Consumer Durables,147.6,185.07,10.8,2.7,🟡 Neutral (Priced-In),25.39,,,43,CLOSED
2026-08-05,DIAMINESQ.NS,DIAMINESQ.NS,Chemicals,262.8,255.04,9.6,2.3,🟡 Neutral (Priced-In),-2.95,,,43,CLOSED
2026-08-05,DGCONTENT.NS,DGCONTENT.NS,Hospitality,26.0,24.0,8.9,2.7,🟡 Neutral (Priced-In),-7.69,,,43,CLOSED
2026-08-05,HINDCOPPER.NS,Hindustan Copper Limited,Metals & Mining,533.8,485.5,8.4,2.7,🟡 Neutral (Priced-In),-9.05,,,43,CLOSED
2026-08-05,HTMEDIA.NS,HTMEDIA.NS,Media,28.7,24.0,8.2,2.3,🟡 Neutral (Priced-In),-16.38,,,43,CLOSED
2026-08-05,CHEVIOT.NS,CHEVIOT.NS,Textiles,1221.6,1161.5,8.0,3.0,🟡 Neutral (Priced-In),-4.92,,,43,CLOSED
2026-08-05,CAPILLARY.NS,CAPILLARY.NS,IT & Technology,576.3,448.95,7.7,3.0,🟡 Neutral (Priced-In),-22.1,,,43,CLOSED
2026-08-05,GREENLAM.NS,GREENLAM.NS,Consumer Durables,266.7,236.73,7.7,3.0,🟡 Neutral (Priced-In),-11.24,,,43,CLOSED
2026-08-05,FIEMIND.NS,Fiem Industries Limited,Consumer Durables,2498.0,1900.9,7.5,3.3,🟡 Neutral (Priced-In),-23.9,,,43,CLOSED
2026-08-05,ADVANCE.NS,ADVANCE.NS,Chemicals,134.1,111.67,7.2,3.0,🟡 Neutral (Priced-In),-16.73,,,43,CLOSED
2026-08-05,CNL.NS,CNL.NS,IT & Technology,1131.7,1078.9,7.2,3.0,🟡 Neutral (Priced-In),-4.67,,,43,CLOSED
2026-08-05,ELGIRUBCO.NS,ELGIRUBCO.NS,Auto,62.7,60.81,7.2,2.7,🟡 Neutral (Priced-In),-3.01,,,43,CLOSED
2026-08-05,ENGINERSIN.NS,Engineers India Limited,Infrastructure,240.3,263.75,6.8,2.7,🟡 Neutral (Priced-In),9.76,,,43,CLOSED
2026-08-05,HAPPYFORGE.NS,HAPPYFORGE.NS,Capital Goods,1817.0,2143.2,6.7,3.3,🟢 Buy (Drifter),17.95,,,43,CLOSED
2026-08-05,HAVISHA.NS,HAVISHA.NS,Hospitality,1.5,1.32,6.6,2.7,🟡 Neutral (Priced-In),-12.0,,,43,CLOSED
2026-08-05,ALMONDZ.NS,ALMONDZ.NS,Financial Services,14.6,18.41,6.4,3.0,🟡 Neutral (Priced-In),26.1,,,43,CLOSED
2026-08-05,DVL.NS,DVL.NS,Financial Services,264.0,278.8,6.3,2.3,🟡 Neutral (Priced-In),5.61,,,43,CLOSED
2026-08-05,HINDZINC.NS,Hindustan Zinc Limited,Metals & Mining,597.0,572.3,6.0,3.0,🟡 Neutral (Priced-In),-4.14,,,43,CLOSED
2026-08-05,BLSE.NS,BLSE.NS,Capital Goods,319.1,314.5,5.9,3.3,🟢 Buy (Drifter),-1.44,,,43,CLOSED
2026-08-05,BOSCH-HCIL.NS,Bosch Home Comfort India Limited,Consumer Durables,1523.8,1668.3,5.9,3.0,🟡 Neutral (Priced-In),9.48,,,43,CLOSED
2026-08-05,CUPID.NS,CUPID.NS,Consumer Goods,252.1,279.15,5.9,3.0,🟡 Neutral (Priced-In),10.73,,,43,CLOSED
2026-08-05,AGARWALEYE.NS,AGARWALEYE.NS,Pharma & Healthcare,521.0,500.15,5.6,2.3,🟡 Neutral (Priced-In),-4.0,,,43,CLOSED
2026-08-05,AUTOAXLES.NS,AUTOAXLES.NS,Auto,1939.2,1679.4,5.5,3.0,🟡 Neutral (Priced-In),-13.4,,,43,CLOSED
2026-08-05,AQYLON.NS,AQYLON.NS,Media,26.7,18.88,5.0,2.7,🟡 Neutral (Priced-In),-29.29,,,43,CLOSED
2026-08-05,BEDMUTHA.NS,BEDMUTHA.NS,Metals & Mining,115.0,112.1,5.0,2.3,🟡 Neutral (Priced-In),-2.52,,,43,CLOSED
2026-08-05,DIACABS.NS,Diamond Power Infrastructure Limited,Capital Goods,332.2,376.05,5.0,3.0,🟢 Buy (Drifter),13.2,,,43,CLOSED
2026-08-05,E2E.NS,E2E.NS,IT & Technology,598.7,616.2,5.0,2.7,🟡 Neutral (Priced-In),2.92,,,43,CLOSED
2026-08-05,AKSHARCHEM.NS,AKSHARCHEM.NS,Chemicals,273.3,373.5,4.5,3.0,🟡 Neutral (Priced-In),36.66,,,43,CLOSED
2026-08-05,DEVYANI.NS,Devyani International Limited,Hospitality,125.1,138.51,4.5,3.3,🟡 Neutral (Priced-In),10.72,,,43,CLOSED
2026-08-05,GULPOLY.NS,GULPOLY.NS,Chemicals,208.9,171.05,4.5,2.3,🟡 Neutral (Priced-In),-18.12,,,43,CLOSED
2026-08-05,DATAMATICS.NS,Datamatics Global Services Limited,IT & Technology,877.2,758.35,4.4,2.3,🟡 Neutral (Priced-In),-13.55,,,43,CLOSED
2026-08-05,FILATEX.NS,FILATEX.NS,Textiles,81.4,90.35,4.4,3.3,🟡 Neutral (Priced-In),11.0,,,43,CLOSED
2026-08-05,AROGRANITE.NS,AROGRANITE.NS,Cement & Materials,26.1,23.1,4.3,2.3,🟡 Neutral (Priced-In),-11.49,,,43,CLOSED
2026-08-05,BLUSPRING.NS,BLUSPRING.NS,Capital Goods,116.2,123.72,4.3,2.7,🟢 Buy (Drifter),6.47,,,43,CLOSED
2026-08-05,GANGAFORGE.NS,GANGAFORGE.NS,Capital Goods,1.9,1.57,4.3,3.0,🟢 Buy (Drifter),-17.37,,,43,CLOSED
2026-08-05,ATULAUTO.NS,ATULAUTO.NS,Auto,581.0,441.4,4.2,3.0,🟡 Neutral (Priced-In),-24.03,,,43,CLOSED
2026-08-05,BOSCHLTD.NS,Bosch Limited,Auto,42920.0,47735.0,4.2,2.7,🟡 Neutral (Priced-In),11.22,,,43,CLOSED
2026-08-05,CLEANMAX.NS,CLEANMAX.NS,Power & Utilities,1380.8,1395.1,4.1,2.3,🟢 Buy (Drifter),1.04,,,43,CLOSED
2026-08-06,ALLCARGO.NS,Allcargo Logistics Limited,Infrastructure,9.6,11.03,18.4,3.0,🟡 Neutral (Priced-In),14.9,,,42,CLOSED
2026-08-06,GMMPFAUDLR.NS,GMM Pfaudler Limited,Capital Goods,1005.2,1363.4,17.3,3.3,🟢 Buy (Drifter),35.63,,,42,CLOSED
2026-08-06,BATLIBOI.NS,BATLIBOI.NS,Capital Goods,103.5,103.51,9.8,3.0,🟢 Buy (Drifter),0.01,,,42,CLOSED
2026-08-06,FCL.NS,FCL.NS,Chemicals,42.1,52.99,9.0,3.0,🟡 Neutral (Priced-In),25.87,,,42,CLOSED
2026-08-06,ICDSLTD.NS,ICDSLTD.NS,Real Estate,47.4,58.8,8.9,2.7,🟢 Buy (Drifter),24.05,,,42,CLOSED
2026-08-06,HAVISHA.NS,HAVISHA.NS,Hospitality,1.6,1.32,8.3,2.7,🟡 Neutral (Priced-In),-17.5,,,42,CLOSED
2026-08-06,DDEVPLSTIK.NS,DDEVPLSTIK.NS,Chemicals,309.8,255.15,7.4,3.0,🟡 Neutral (Priced-In),-17.64,,,42,CLOSED
2026-08-06,ATL.NS,ATL.NS,Infrastructure,24.8,24.5,6.9,2.3,🟡 Neutral (Priced-In),-1.21,,,42,CLOSED
2026-08-06,ALBERTDAVD.NS,ALBERTDAVD.NS,Pharma & Healthcare,737.5,838.45,6.5,2.7,🟡 Neutral (Priced-In),13.69,,,42,CLOSED
2026-08-06,GARFIBRES.NS,Garware Technical Fibres Limited,Capital Goods,849.3,799.7,6.5,3.3,🟢 Buy (Drifter),-5.84,,,42,CLOSED
2026-08-06,GRWRHITECH.NS,Garware Hi-Tech Films Limited,Chemicals,7880.0,6502.5,6.3,3.0,🟡 Neutral (Priced-In),-17.48,,,42,CLOSED
2026-08-06,BETA.NS,BETA.NS,Pharma & Healthcare,2514.0,2095.0,6.2,2.3,🟡 Neutral (Priced-In),-16.67,,,42,CLOSED
2026-08-06,HAL.NS,Hindustan Aeronautics Limited,Aerospace & Defense,4934.3,4788.0,6.2,3.0,🟢 Buy (Drifter),-2.96,,,42,CLOSED
2026-08-06,HERITGFOOD.NS,Heritage Foods Limited,Consumer Goods,357.1,405.45,5.7,2.7,🟡 Neutral (Priced-In),13.54,,,42,CLOSED
2026-08-06,ASKAUTOLTD.NS,ASKAUTOLTD.NS,Auto,672.0,618.9,5.4,3.0,🟡 Neutral (Priced-In),-7.9,,,42,CLOSED
2026-08-06,BAJEL.NS,BAJEL.NS,Power & Utilities,193.7,173.08,5.4,3.0,🟢 Buy (Drifter),-10.65,,,42,CLOSED
2026-08-06,BTML.NS,BTML.NS,Media,7.0,7.25,5.3,3.0,🟡 Neutral (Priced-In),3.57,,,42,CLOSED
2026-08-06,BLKASHYAP.NS,BLKASHYAP.NS,Infrastructure,56.4,52.87,5.2,3.0,🟡 Neutral (Priced-In),-6.26,,,42,CLOSED
2026-08-06,AQYLON.NS,AQYLON.NS,Media,28.0,18.88,5.0,2.7,🟡 Neutral (Priced-In),-32.57,,,42,CLOSED
2026-08-06,DIACABS.NS,Diamond Power Infrastructure Limited,Capital Goods,348.8,376.05,5.0,3.0,🟢 Buy (Drifter),7.81,,,42,CLOSED
2026-08-06,GATECH.NS,GATECH.NS,Financial Services,0.6,0.7,4.8,3.0,🟡 Neutral (Priced-In),16.67,,,42,CLOSED
2026-08-06,ASIANTILES.NS,ASIANTILES.NS,Cement & Materials,55.9,49.97,4.7,2.3,🟡 Neutral (Priced-In),-10.61,,,42,CLOSED
2026-08-06,BOSCH-HCIL.NS,Bosch Home Comfort India Limited,Consumer Durables,1596.0,1668.3,4.7,3.0,🟡 Neutral (Priced-In),4.53,,,42,CLOSED
2026-08-06,ALPA.NS,ALPA.NS,Pharma & Healthcare,70.4,59.64,4.6,2.3,🟡 Neutral (Priced-In),-15.28,,,42,CLOSED
2026-08-06,GANGAFORGE.NS,GANGAFORGE.NS,Capital Goods,2.0,1.57,4.6,3.0,🟢 Buy (Drifter),-21.5,,,42,CLOSED
2026-08-06,DIFFNKG.NS,DIFFNKG.NS,Capital Goods,443.2,435.85,4.5,3.0,🟢 Buy (Drifter),-1.66,,,42,CLOSED
2026-08-06,ARCHIDPLY.NS,ARCHIDPLY.NS,Cement & Materials,83.8,101.48,4.2,2.3,🟡 Neutral (Priced-In),21.1,,,42,CLOSED
2026-08-06,COCHINSHIP.NS,Cochin Shipyard Limited,Infrastructure,1484.8,1334.3,4.2,2.7,🟡 Neutral (Priced-In),-10.14,,,42,CLOSED
2026-08-06,CUPID.NS,CUPID.NS,Consumer Goods,262.7,279.15,4.2,3.0,🟡 Neutral (Priced-In),6.26,,,42,CLOSED
2026-08-06,ELANTAS.NS,ELANTAS.NS,Chemicals,12338.0,12338.0,4.1,2.7,🟡 Neutral (Priced-In),0.0,,,42,CLOSED
2026-08-06,ELGIRUBCO.NS,ELGIRUBCO.NS,Auto,65.3,60.81,4.1,3.0,🟡 Neutral (Priced-In),-6.88,,,42,CLOSED
2026-08-06,GATECHDVR.NS,GATECHDVR.NS,Financial Services,0.5,0.48,4.1,2.3,🟡 Neutral (Priced-In),-4.0,,,42,CLOSED
2026-08-07,ALBERTDAVD.NS,Albert David Limited,Pharma & Healthcare,822.8,838.45,12.6,3.0,🟡 Neutral (Priced-In),1.9,,,41,CLOSED
2026-08-07,SAPPHIRE.NS,Sapphire Foods India Limited,Hospitality,224.2,233.24,12.3,3.0,🟡 Neutral (Priced-In),4.03,,,41,CLOSED
2026-08-07,ENRIN.NS,Siemens Energy India Limited,Power & Utilities,3648.8,3109.1,12.2,3.0,🟢 Buy (Drifter),-14.79,,,41,CLOSED
2026-08-07,BTML.NS,Bodhi Tree Multimedia Limited,Media,8.0,7.25,11.3,3.0,🟡 Neutral (Priced-In),-9.38,,,41,CLOSED
2026-08-07,PGIL.NS,Pearl Global Industries Limited,Consumer Durables,2464.1,1143.1,10.9,3.0,🟡 Neutral (Priced-In),-53.61,,,41,CLOSED
2026-08-07,AVALON.NS,Avalon Technologies Limited,Capital Goods,1965.3,2230.0,10.8,3.0,🟢 Buy (Drifter),13.47,,,41,CLOSED
2026-08-07,EMIL.NS,Electronics Mart India Limited,Retail,165.8,185.07,10.7,3.0,🟡 Neutral (Priced-In),11.62,,,41,CLOSED
2026-08-07,VARROC.NS,Varroc Engineering Limited,Auto,811.2,846.15,10.2,3.0,🟡 Neutral (Priced-In),4.31,,,41,CLOSED
2026-08-07,LLOYDSENGG.NS,Lloyds Engineering Works Limited,Capital Goods,96.9,80.2,9.5,3.0,🟢 Buy (Drifter),-17.23,,,41,CLOSED
2026-08-07,ARCHIDPLY.NS,Archidply Industries Limited,Cement & Materials,89.5,101.48,9.1,3.0,🟡 Neutral (Priced-In),13.39,,,41,CLOSED
2026-08-07,TATATECH.NS,Tata Technologies Limited,IT & Technology,872.8,758.75,8.9,3.0,🟡 Neutral (Priced-In),-13.07,,,41,CLOSED
2026-08-07,DEVYANI.NS,Devyani International Limited,Hospitality,134.7,138.51,8.8,3.0,🟡 Neutral (Priced-In),2.83,,,41,CLOSED
2026-08-07,MOTHERSON.NS,Samvardhana Motherson International Limited,Auto,168.5,161.87,8.7,3.0,🟡 Neutral (Priced-In),-3.93,,,41,CLOSED
2026-08-07,UNIMECH.NS,UNIMECH.NS,Aerospace & Defense,1446.7,1570.6,8.2,3.0,🟢 Buy (Drifter),8.56,,,41,CLOSED
2026-08-07,ARVSMART.NS,Arvind SmartSpaces Limited,Real Estate,650.8,553.45,7.9,3.0,🟢 Buy (Drifter),-14.96,,,41,CLOSED
2026-08-07,BHARATSE.NS,Bharat Seats Limited,Auto,240.9,209.22,7.8,2.3,🟡 Neutral (Priced-In),-13.15,,,41,CLOSED
2026-08-07,TECHNOE.NS,Techno Electric & Engineering Company Limited,Infrastructure,1066.2,984.7,7.5,2.7,🟡 Neutral (Priced-In),-7.64,,,41,CLOSED
2026-08-07,COMSYN.NS,Commercial Syn Bags Limited,Capital Goods,224.8,293.0,7.3,3.0,🟢 Buy (Drifter),30.34,,,41,CLOSED
2026-08-07,BIRLANU.NS,BIRLANU.NS,Cement & Materials,1641.5,1381.1,6.7,3.0,🟡 Neutral (Priced-In),-15.86,,,41,CLOSED
2026-08-07,GOCLCORP.NS,GOCL Corporation Limited,Chemicals,438.2,456.15,6.7,3.0,🟡 Neutral (Priced-In),4.1,,,41,CLOSED
2026-08-07,BECTORFOOD.NS,Mrs. Bectors Food Specialities Limited,Consumer Goods,224.4,220.81,6.6,3.0,🟡 Neutral (Priced-In),-1.6,,,41,CLOSED
2026-08-07,NEULANDLAB.NS,Neuland Laboratories Limited,Pharma & Healthcare,22855.0,22665.0,6.1,2.3,🟡 Neutral (Priced-In),-0.83,,,41,CLOSED
2026-08-07,DIVGIITTS.NS,Divgi TorqTransfer Systems Limited,Auto,1047.2,1122.2,5.9,2.7,🟡 Neutral (Priced-In),7.16,,,41,CLOSED
2026-08-07,DOLATALGO.NS,Dolat Algotech Limited,Financial Services,71.0,67.86,5.4,2.3,🟡 Neutral (Priced-In),-4.42,,,41,CLOSED
2026-08-07,AKUMS.NS,AKUMS.NS,Pharma & Healthcare,697.5,766.7,5.3,3.0,🟡 Neutral (Priced-In),9.92,,,41,CLOSED
2026-08-07,DIAMONDYD.NS,Prataap Snacks Limited,Consumer Goods,1227.4,1100.4,5.2,3.0,🟡 Neutral (Priced-In),-10.35,,,41,CLOSED
2026-08-07,RBA.NS,Restaurant Brands Asia Limited,Hospitality,94.9,96.12,5.2,3.0,🟡 Neutral (Priced-In),1.29,,,41,CLOSED
2026-08-07,LLOYDSENT.NS,Lloyds Enterprises Limited,Metals & Mining,83.5,67.0,5.1,2.7,🟡 Neutral (Priced-In),-19.76,,,41,CLOSED
2026-08-07,M&MFIN.NS,Mahindra & Mahindra Financial Services Limited,Financial Services,408.5,345.7,5.1,3.0,🟡 Neutral (Priced-In),-15.37,,,41,CLOSED
2026-08-07,DBREALTY.NS,Valor Estate Limited,Real Estate,117.3,94.73,5.0,2.3,🟢 Buy (Drifter),-19.24,,,41,CLOSED
2026-08-07,PTCIL.NS,PTC Industries Limited,Capital Goods,19076.0,22670.0,4.7,3.0,🟢 Buy (Drifter),18.84,,,41,CLOSED
2026-08-07,GANGAFORGE.NS,Ganga Forging Limited,Capital Goods,2.1,1.57,4.5,3.0,🟢 Buy (Drifter),-25.24,,,41,CLOSED
2026-08-07,DIACABS.NS,Diamond Power Infrastructure Limited,Capital Goods,364.0,376.05,4.4,3.0,🟢 Buy (Drifter),3.31,,,41,CLOSED
2026-08-07,GALAXYSURF.NS,Galaxy Surfactants Limited,Chemicals,2066.7,2257.0,4.4,2.7,🟡 Neutral (Priced-In),9.21,,,41,CLOSED
2026-08-07,AMBIKCO.NS,Ambika Cotton Mills Limited,Textiles,1904.3,1568.8,4.3,3.0,🟡 Neutral (Priced-In),-17.62,,,41,CLOSED
2026-08-07,ASIANENE.NS,Asian Energy Services Limited,Oil & Gas,408.5,486.2,4.3,3.0,🟡 Neutral (Priced-In),19.02,,,41,CLOSED
2026-08-07,AUROPHARMA.NS,Aurobindo Pharma Limited,Pharma & Healthcare,1658.0,1690.0,4.3,2.7,🟡 Neutral (Priced-In),1.93,,,41,CLOSED
2026-08-07,GUFICBIO.NS,Gufic Biosciences Limited,Pharma & Healthcare,421.4,425.5,4.2,2.7,🟡 Neutral (Priced-In),0.97,,,41,CLOSED
2026-08-07,FIEMIND.NS,Fiem Industries Limited,Auto,2580.3,1900.9,4.1,3.0,🟡 Neutral (Priced-In),-26.33,,,41,CLOSED
2026-08-07,SKYGOLD.NS,Sky Gold and Diamonds Limited,Consumer Durables,719.4,793.3,4.1,2.3,🟡 Neutral (Priced-In),10.27,,,41,CLOSED
2026-08-10,AARTIPHARM.NS,Aarti Pharmalabs Limited,Pharma & Healthcare,823.0,826.95,20.0,3.0,🟡 Neutral (Priced-In),0.48,,,38,CLOSED
2026-08-10,COMSYN.NS,Commercial Syn Bags Limited,Capital Goods,269.0,293.0,19.7,3.0,🟢 Buy (Drifter),8.92,,,38,CLOSED
2026-08-10,ESTER.NS,Ester Industries Limited,Chemicals,99.2,86.76,13.6,3.0,🟡 Neutral (Priced-In),-12.54,,,38,CLOSED
2026-08-10,DMCC.NS,DMCC Speciality Chemicals Limited,Chemicals,313.1,261.7,12.8,3.0,🟡 Neutral (Priced-In),-16.42,,,38,CLOSED
2026-08-10,ATLANTAA.NS,Atlantaa Limited,Infrastructure,45.2,36.21,12.6,3.0,🟡 Neutral (Priced-In),-19.89,,,38,CLOSED
2026-08-10,POWERINDIA.NS,Hitachi Energy India Limited,Capital Goods,36050.0,31230.0,10.6,3.0,🟢 Buy (Drifter),-13.37,,,38,CLOSED
2026-08-10,PAYTM.NS,One97 Communications Limited,Financial Services,1584.1,1763.0,9.9,2.7,🟡 Neutral (Priced-In),11.29,,,38,CLOSED
2026-08-10,EMIL.NS,Electronics Mart India Limited,Retail,180.8,185.07,9.0,3.0,🟡 Neutral (Priced-In),2.36,,,38,CLOSED
2026-08-10,SKYGOLD.NS,Sky Gold and Diamonds Limited,Consumer Durables,779.6,793.3,8.4,2.3,🟡 Neutral (Priced-In),1.76,,,38,CLOSED
2026-08-10,AAATECH.NS,AAA Technologies Limited,IT & Technology,99.5,84.57,8.2,3.0,🟡 Neutral (Priced-In),-15.01,,,38,CLOSED
2026-08-10,GARUDA.NS,GARUDA.NS,Infrastructure,194.5,174.82,7.8,3.0,🟡 Neutral (Priced-In),-10.12,,,38,CLOSED
2026-08-10,ORCHPHARMA.NS,Orchid Pharma Limited,Pharma & Healthcare,1079.2,958.05,7.7,2.7,🟡 Neutral (Priced-In),-11.23,,,38,CLOSED
2026-08-10,ARCHIDPLY.NS,Archidply Industries Limited,Cement & Materials,95.3,101.48,6.5,3.0,🟡 Neutral (Priced-In),6.48,,,38,CLOSED
2026-08-10,SHAILY.NS,Shaily Engineering Plastics Limited,Capital Goods,3367.4,3107.2,6.5,3.0,🟢 Buy (Drifter),-7.73,,,38,CLOSED
2026-08-10,SYRMA.NS,Syrma SGS Technology Limited,Capital Goods,1516.4,1617.7,6.4,2.3,🟢 Buy (Drifter),6.68,,,38,CLOSED
2026-08-10,SHILPAMED.NS,Shilpa Medicare Limited,Pharma & Healthcare,807.5,958.35,6.3,2.7,🟡 Neutral (Priced-In),18.68,,,38,CLOSED
2026-08-10,ALPHAGEO.NS,Alphageo (India) Limited,Oil & Gas,244.7,294.95,6.1,2.7,🟡 Neutral (Priced-In),20.54,,,38,CLOSED
2026-08-10,DHARMAJ.NS,Dharmaj Crop Guard Limited,Chemicals,281.0,271.1,5.8,2.3,🟡 Neutral (Priced-In),-3.52,,,38,CLOSED
2026-08-10,ENTERO.NS,Entero Healthcare Solutions Limited,Pharma & Healthcare,1315.1,1666.6,5.8,2.3,🟡 Neutral (Priced-In),26.73,,,38,CLOSED
2026-08-10,CARYSIL.NS,Carysil Limited,Consumer Durables,1251.7,1111.1,5.7,2.3,🟡 Neutral (Priced-In),-11.23,,,38,CLOSED
2026-08-10,DHAMPURSUG.NS,Dhampur Sugar Mills Limited,Consumer Goods,159.4,151.72,5.7,3.0,🟡 Neutral (Priced-In),-4.82,,,38,CLOSED
2026-08-10,POLYPLEX.NS,Polyplex Corporation Limited,Chemicals,1179.7,1084.9,5.7,3.0,🟡 Neutral (Priced-In),-8.04,,,38,CLOSED
2026-08-10,DVL.NS,Dhunseri Ventures Limited,Financial Services,283.1,278.8,5.6,2.3,🟡 Neutral (Priced-In),-1.52,,,38,CLOSED
2026-08-10,BEML.NS,BEML Limited,Diversified,1884.4,2013.3,5.4,3.0,🟡 Neutral (Priced-In),6.84,,,38,CLOSED
2026-08-10,ALLCARGO.NS,Allcargo Logistics Limited,Infrastructure,9.8,11.03,5.3,3.0,🟡 Neutral (Priced-In),12.55,,,38,CLOSED
2026-08-10,SUMICHEM.NS,Sumitomo Chemical India Limited,Chemicals,561.2,455.45,5.3,3.0,🟡 Neutral (Priced-In),-18.84,,,38,CLOSED
2026-08-10,3IINFOLTD.NS,3i Infotech Limited,IT & Technology,27.1,25.76,5.2,3.0,🟡 Neutral (Priced-In),-4.94,,,38,CLOSED
2026-08-10,DYCL.NS,Dynamic Cables Limited,Capital Goods,422.9,442.35,5.2,2.7,🟢 Buy (Drifter),4.6,,,38,CLOSED
2026-08-10,HINDOILEXP.NS,Hindustan Oil Exploration Company Limited,Oil & Gas,163.8,180.95,5.2,2.7,🟡 Neutral (Priced-In),10.47,,,38,CLOSED
2026-08-10,BASML.NS,Bannari Amman Spinning Mills Ltd,Textiles,28.3,23.78,4.8,3.0,🟡 Neutral (Priced-In),-15.97,,,38,CLOSED
2026-08-10,AKUMS.NS,AKUMS.NS,Pharma & Healthcare,730.1,766.7,4.7,3.0,🟡 Neutral (Priced-In),5.01,,,38,CLOSED
2026-08-10,NAUKRI.NS,Info Edge (India) Limited,IT & Technology,1282.0,1265.0,4.6,3.0,🟡 Neutral (Priced-In),-1.33,,,38,CLOSED
2026-08-10,POLYMED.NS,Poly Medicure Limited,Pharma & Healthcare,1772.4,1712.7,4.6,2.7,🟡 Neutral (Priced-In),-3.37,,,38,CLOSED
2026-08-10,CENTRUM.NS,Centrum Capital Limited,Financial Services,26.2,22.25,4.5,2.3,🟡 Neutral (Priced-In),-15.08,,,38,CLOSED
2026-08-10,SAILIFE.NS,SAILIFE.NS,Pharma & Healthcare,1426.2,1545.7,4.5,3.0,🟡 Neutral (Priced-In),8.38,,,38,CLOSED
2026-08-10,AYE.NS,AYE.NS,Financial Services,177.9,180.98,4.4,2.7,🟡 Neutral (Priced-In),1.73,,,38,CLOSED
2026-08-10,BRIGADE.NS,Brigade Enterprises Limited,Real Estate,607.7,620.9,4.4,3.0,🟢 Buy (Drifter),2.17,,,38,CLOSED
2026-08-10,AARON.NS,Aaron Industries Limited,Capital Goods,140.0,124.42,4.3,3.0,🟢 Buy (Drifter),-11.13,,,38,CLOSED
2026-08-10,GANGAFORGE.NS,Ganga Forging Limited,Capital Goods,2.2,1.57,4.3,3.0,🟢 Buy (Drifter),-28.64,,,38,CLOSED
2026-08-10,ABDL.NS,ABDL.NS,Consumer Goods,624.7,653.1,4.2,2.7,🟡 Neutral (Priced-In),4.55,,,38,CLOSED
2026-08-10,QUESS.NS,Quess Corp Limited,Capital Goods,323.8,353.0,4.1,3.0,🟢 Buy (Drifter),9.02,,,38,CLOSED
2026-08-11,LUMAXTECH.NS,Lumax Auto Technologies Limited,Consumer Durables,2076.3,2018.0,19.5,3.0,🟡 Neutral (Priced-In),-2.81,,,37,CLOSED
2026-08-11,ALPHAGEO.NS,Alphageo (India) Limited,Oil & Gas,284.9,294.95,16.4,3.0,🟡 Neutral (Priced-In),3.53,,,37,CLOSED
2026-08-11,HPAL.NS,HP Adhesives Limited,Chemicals,38.9,34.83,16.1,3.0,🟡 Neutral (Priced-In),-10.46,,,37,CLOSED
2026-08-11,CHENNPETRO.NS,Chennai Petroleum Corporation Limited,Oil & Gas,1426.1,1414.1,15.0,3.3,🟡 Neutral (Priced-In),-0.84,,,37,CLOSED
2026-08-11,FINCABLES.NS,Finolex Cables Limited,Capital Goods,1207.8,1395.8,14.2,3.0,🟢 Buy (Drifter),15.57,,,37,CLOSED
2026-08-11,GODAVARIB.NS,GODAVARIB.NS,Chemicals,273.6,243.31,14.0,3.0,🟡 Neutral (Priced-In),-11.07,,,37,CLOSED
2026-08-11,MRPL.NS,Mangalore Refinery and Petrochemicals Limited,Oil & Gas,181.1,163.77,11.2,3.0,🟡 Neutral (Priced-In),-9.57,,,37,CLOSED
2026-08-11,GLAND.NS,Gland Pharma Limited,Pharma & Healthcare,2924.4,2907.8,10.5,3.0,🟡 Neutral (Priced-In),-0.57,,,37,CLOSED
2026-08-11,AARTISURF.NS,Aarti Surfactants Limited,Chemicals,572.0,525.45,10.0,3.0,🟡 Neutral (Priced-In),-8.14,,,37,CLOSED
2026-08-11,AMDIND.NS,AMD Industries Limited,Capital Goods,51.9,66.58,9.9,3.0,🟢 Buy (Drifter),28.29,,,37,CLOSED
2026-08-11,ENTERO.NS,Entero Healthcare Solutions Limited,Pharma & Healthcare,1427.2,1666.6,8.5,2.3,🟡 Neutral (Priced-In),16.77,,,37,CLOSED
2026-08-11,ARE&M.NS,Amara Raja Energy & Mobility Limited,Capital Goods,970.2,795.3,8.1,3.0,🟢 Buy (Drifter),-18.03,,,37,CLOSED
2026-08-11,SUNDRMFAST.NS,Sundram Fasteners Limited,Auto,1210.1,1226.7,7.9,3.0,🟡 Neutral (Priced-In),1.37,,,37,CLOSED
2026-08-11,AARTIPHARM.NS,Aarti Pharmalabs Limited,Pharma & Healthcare,883.7,826.95,7.4,3.0,🟡 Neutral (Priced-In),-6.42,,,37,CLOSED
2026-08-11,ARENTERP.NS,Rajdarshan Industries Limited,Metals & Mining,39.5,34.2,7.4,2.7,🟡 Neutral (Priced-In),-13.42,,,37,CLOSED
2026-08-11,SAPPHIRE.NS,Sapphire Foods India Limited,Hospitality,236.0,233.24,7.0,3.0,🟡 Neutral (Priced-In),-1.17,,,37,CLOSED
2026-08-11,BTML.NS,Bodhi Tree Multimedia Limited,Media,8.6,7.25,6.9,3.0,🟡 Neutral (Priced-In),-15.7,,,37,CLOSED
2026-08-11,DEVYANI.NS,Devyani International Limited,Hospitality,142.8,138.51,6.9,3.0,🟡 Neutral (Priced-In),-3.0,,,37,CLOSED
2026-08-11,AMJLAND.NS,AMJ Land Holdings Limited,Real Estate,40.7,36.48,6.7,3.0,🟢 Buy (Drifter),-10.37,,,37,CLOSED
2026-08-11,BETA.NS,BETA.NS,Pharma & Healthcare,2668.3,2095.0,6.6,2.3,🟡 Neutral (Priced-In),-21.49,,,37,CLOSED
2026-08-11,ZYDUSLIFE.NS,Zydus Lifesciences Limited,Pharma & Healthcare,1191.0,1135.1,6.4,3.0,🟡 Neutral (Priced-In),-4.69,,,37,CLOSED
2026-08-11,POLICYBZR.NS,PB Fintech Limited,Financial Services,1733.0,1765.0,6.3,2.3,🟡 Neutral (Priced-In),1.85,,,37,CLOSED
2026-08-11,NAUKRI.NS,Info Edge (India) Limited,IT & Technology,1360.0,1265.0,6.1,3.0,🟡 Neutral (Priced-In),-6.99,,,37,CLOSED
2026-08-11,GANDHITUBE.NS,Gandhi Special Tubes Limited,Capital Goods,931.3,894.0,5.6,3.0,🟢 Buy (Drifter),-4.01,,,37,CLOSED
2026-08-11,INNOVACAP.NS,Innova Captab Limited,Pharma & Healthcare,1018.9,1149.5,5.5,2.3,🟡 Neutral (Priced-In),12.82,,,37,CLOSED
2026-08-11,CUPID.NS,Cupid Limited,Consumer Goods,276.6,279.15,5.3,3.0,🟡 Neutral (Priced-In),0.92,,,37,CLOSED
2026-08-11,ESTER.NS,Ester Industries Limited,Chemicals,104.5,86.76,5.3,3.0,🟡 Neutral (Priced-In),-16.98,,,37,CLOSED
2026-08-11,AFFLE.NS,Affle 3i Limited,Media,1677.3,1545.6,5.2,3.0,🟡 Neutral (Priced-In),-7.85,,,37,CLOSED
2026-08-11,DEVX.NS,Dev Accelerator Limited,Real Estate,35.8,33.31,5.2,2.3,🟢 Buy (Drifter),-6.96,,,37,CLOSED
2026-08-11,POLYMED.NS,Poly Medicure Limited,Pharma & Healthcare,1863.9,1712.7,5.2,3.0,🟡 Neutral (Priced-In),-8.11,,,37,CLOSED
2026-08-11,ALLCARGO.NS,Allcargo Logistics Limited,Infrastructure,10.2,11.03,5.1,3.0,🟡 Neutral (Priced-In),8.14,,,37,CLOSED
2026-08-11,CELLO.NS,Cello World Limited,Consumer Durables,378.6,327.6,5.1,3.0,🟡 Neutral (Priced-In),-13.47,,,37,CLOSED
2026-08-11,AARTECH.NS,Aartech Solonics Limited,Capital Goods,48.5,51.4,5.0,3.0,🟢 Buy (Drifter),5.98,,,37,CLOSED
2026-08-11,KRN.NS,KRN.NS,Capital Goods,1287.7,1392.8,5.0,3.0,🟢 Buy (Drifter),8.16,,,37,CLOSED
2026-08-11,ASPINWALL.NS,Aspinwall and Company Limited,Consumer Goods,241.2,255.0,4.8,2.7,🟡 Neutral (Priced-In),5.72,,,37,CLOSED
2026-08-11,BIRLANU.NS,BIRLANU.NS,Cement & Materials,1684.8,1381.1,4.8,3.0,🟡 Neutral (Priced-In),-18.03,,,37,CLOSED
2026-08-11,CARBORUNIV.NS,Carborundum Universal Limited,Diversified,1173.8,1083.6,4.7,3.0,🟡 Neutral (Priced-In),-7.68,,,37,CLOSED
2026-08-11,ANTHEM.NS,ANTHEM.NS,Pharma & Healthcare,891.7,927.4,4.5,3.0,🟡 Neutral (Priced-In),4.0,,,37,CLOSED
2026-08-11,GANGAFORGE.NS,Ganga Forging Limited,Capital Goods,2.3,1.57,4.5,3.0,🟢 Buy (Drifter),-31.74,,,37,CLOSED
2026-08-11,THYROCARE.NS,Thyrocare Technologies Limited,Pharma & Healthcare,649.3,559.25,4.4,2.3,🟡 Neutral (Priced-In),-13.87,,,37,CLOSED
2026-08-11,DYCL.NS,Dynamic Cables Limited,Capital Goods,441.2,442.35,4.3,2.7,🟢 Buy (Drifter),0.26,,,37,CLOSED
2026-08-11,SONATSOFTW.NS,Sonata Software Limited,IT & Technology,333.9,281.65,4.3,2.7,🟡 Neutral (Priced-In),-15.65,,,37,CLOSED
2026-08-11,AKUMS.NS,AKUMS.NS,Pharma & Healthcare,761.0,766.7,4.2,3.0,🟡 Neutral (Priced-In),0.75,,,37,CLOSED
2026-08-11,POLYPLEX.NS,Polyplex Corporation Limited,Chemicals,1229.6,1084.9,4.2,3.0,🟡 Neutral (Priced-In),-11.77,,,37,CLOSED
2026-08-11,ATHERENERG.NS,Ather Energy Limited,Auto,1525.4,1550.0,4.0,2.7,🟡 Neutral (Priced-In),1.61,,,37,CLOSED
2026-08-11,GRMOVER.NS,GRM Overseas Limited,Consumer Goods,94.2,80.13,4.0,2.3,🟡 Neutral (Priced-In),-14.94,,,37,CLOSED
2026-08-12,TDPOWERSYS.NS,TD Power Systems Limited,Capital Goods,1480.1,722.1,16.0,3.0,🟢 Buy (Drifter),-51.21,,,36,CLOSED
2026-08-12,DIVGIITTS.NS,Divgi TorqTransfer Systems Limited,Auto,1231.9,1122.2,14.5,3.0,🟡 Neutral (Priced-In),-8.9,,,36,CLOSED
2026-08-12,DOLPHIN.NS,Dolphin Offshore Enterprises (India) Limited,Oil & Gas,494.4,673.7,12.2,3.0,🟡 Neutral (Priced-In),36.27,,,36,CLOSED
2026-08-12,MARKSANS.NS,Marksans Pharma Limited,Pharma & Healthcare,312.6,319.7,12.1,3.0,🟡 Neutral (Priced-In),2.27,,,36,CLOSED
2026-08-12,ARIES.NS,Aries Agro Limited,Chemicals,397.4,477.6,11.7,3.0,🟡 Neutral (Priced-In),20.18,,,36,CLOSED
2026-08-12,ELLEN.NS,ELLEN.NS,Chemicals,323.8,371.0,10.0,2.7,🟡 Neutral (Priced-In),14.58,,,36,CLOSED
2026-08-12,CNL.NS,Creative Newtech Limited,IT & Technology,1207.2,1078.9,8.2,3.0,🟡 Neutral (Priced-In),-10.63,,,36,CLOSED
2026-08-12,NATIONALUM.NS,National Aluminium Company Limited,Metals & Mining,420.0,355.7,8.2,3.0,🟡 Neutral (Priced-In),-15.31,,,36,CLOSED
2026-08-12,ALPHAGEO.NS,Alphageo (India) Limited,Oil & Gas,306.4,294.95,7.5,3.0,🟡 Neutral (Priced-In),-3.74,,,36,CLOSED
2026-08-12,APARINDS.NS,APAR Industries Limited,Capital Goods,18000.0,17801.0,7.5,3.0,🟢 Buy (Drifter),-1.11,,,36,CLOSED
2026-08-12,AARTISURF.NS,Aarti Surfactants Limited,Chemicals,612.5,525.45,7.1,3.0,🟡 Neutral (Priced-In),-14.21,,,36,CLOSED
2026-08-12,BLUESTONE.NS,BLUESTONE.NS,Consumer Durables,894.5,831.2,6.8,3.0,🟡 Neutral (Priced-In),-7.08,,,36,CLOSED
2026-08-12,PRICOLLTD.NS,PRICOLLTD.NS,Auto,783.2,752.5,6.3,3.0,🟡 Neutral (Priced-In),-3.92,,,36,CLOSED
2026-08-12,CHEMPLASTS.NS,Chemplast Sanmar Limited,Chemicals,182.4,167.8,6.2,2.3,🟡 Neutral (Priced-In),-8.0,,,36,CLOSED
2026-08-12,ALICON.NS,Alicon Castalloy Limited,Capital Goods,773.0,695.15,6.1,3.0,🟢 Buy (Drifter),-10.07,,,36,CLOSED
2026-08-12,FINCABLES.NS,Finolex Cables Limited,Capital Goods,1280.1,1395.8,6.0,2.7,🟢 Buy (Drifter),9.04,,,36,CLOSED
2026-08-12,HAPPYFORGE.NS,HAPPYFORGE.NS,Capital Goods,2022.7,2143.2,6.0,3.0,🟢 Buy (Drifter),5.96,,,36,CLOSED
2026-08-12,VIJAYA.NS,Vijaya Diagnostic Centre Limited,Pharma & Healthcare,1510.6,1506.1,5.8,2.3,🟡 Neutral (Priced-In),-0.3,,,36,CLOSED
2026-08-12,AEROFLEX.NS,Aeroflex Industries Limited,Capital Goods,446.5,497.6,5.7,2.7,🟢 Buy (Drifter),11.44,,,36,CLOSED
2026-08-12,SKYGOLD.NS,Sky Gold and Diamonds Limited,Consumer Durables,833.1,793.3,5.4,2.7,🟡 Neutral (Priced-In),-4.78,,,36,CLOSED
2026-08-12,SANSERA.NS,Sansera Engineering Limited,Auto,3878.3,4017.5,5.2,2.7,🟡 Neutral (Priced-In),3.59,,,36,CLOSED
2026-08-12,AARTIIND.NS,Aarti Industries Limited,Chemicals,530.9,476.6,5.1,2.3,🟡 Neutral (Priced-In),-10.23,,,36,CLOSED
2026-08-12,FORCEMOT.NS,Force Motors Limited,Auto,19269.0,17650.0,5.1,2.3,🟡 Neutral (Priced-In),-8.4,,,36,CLOSED
2026-08-12,STLTECH.NS,Sterlite Technologies Limited,Telecom,651.0,827.45,5.0,3.0,🟡 Neutral (Priced-In),27.1,,,36,CLOSED
2026-08-12,CUPID.NS,Cupid Limited,Consumer Goods,289.9,279.15,4.8,3.0,🟡 Neutral (Priced-In),-3.71,,,36,CLOSED
2026-08-12,EMIL.NS,Electronics Mart India Limited,Retail,193.6,185.07,4.8,3.0,🟡 Neutral (Priced-In),-4.41,,,36,CLOSED
2026-08-12,GOKULAGRO.NS,Gokul Agro Resources Limited,Consumer Goods,236.6,218.17,4.7,2.3,🟡 Neutral (Priced-In),-7.79,,,36,CLOSED
2026-08-12,ARVSMART.NS,Arvind SmartSpaces Limited,Real Estate,665.5,553.45,4.6,3.0,🟢 Buy (Drifter),-16.84,,,36,CLOSED
2026-08-12,BERGEPAINT.NS,Berger Paints India Limited,Chemicals,559.8,448.6,4.6,3.0,🟡 Neutral (Priced-In),-19.86,,,36,CLOSED
2026-08-12,GANGAFORGE.NS,Ganga Forging Limited,Capital Goods,2.4,1.57,4.3,2.7,🟢 Buy (Drifter),-34.58,,,36,CLOSED
2026-08-12,PNB.NS,Punjab National Bank,Banking,119.0,116.47,4.3,3.3,🟡 Neutral (Priced-In),-2.13,,,36,CLOSED
2026-08-12,AHLADA.NS,Ahlada Engineers Limited,Cement & Materials,41.5,39.33,4.1,2.3,🟡 Neutral (Priced-In),-5.23,,,36,CLOSED
2026-08-13,DICIND.NS,DIC India Limited,Chemicals,575.5,628.45,13.8,2.3,🟡 Neutral (Priced-In),9.2,,,35,CLOSED
2026-08-13,AMDIND.NS,AMD Industries Limited,Capital Goods,55.9,66.58,9.2,2.3,🟢 Buy (Drifter),19.11,,,35,CLOSED
2026-08-13,MIDHANI.NS,Mishra Dhatu Nigam Limited,Aerospace & Defense,444.9,407.85,8.9,3.0,🟢 Buy (Drifter),-8.33,,,35,CLOSED
2026-08-13,ASTRAL.NS,Astral Limited,Cement & Materials,1592.0,1398.9,8.7,3.3,🟡 Neutral (Priced-In),-12.13,,,35,CLOSED
2026-08-13,SOLARINDS.NS,Solar Industries India Limited,Chemicals,20324.0,18815.0,8.5,3.0,🟡 Neutral (Priced-In),-7.42,,,35,CLOSED
2026-08-13,BBOX.NS,Black Box Limited,IT & Technology,832.5,766.4,7.8,2.3,🟡 Neutral (Priced-In),-7.94,,,35,CLOSED
2026-08-13,AZAD.NS,AZAD.NS,Capital Goods,2665.1,2605.3,7.5,2.7,🟢 Buy (Drifter),-2.24,,,35,CLOSED
2026-08-13,INGERRAND.NS,Ingersoll-Rand (India) Limited,Capital Goods,4606.4,4225.2,7.3,3.0,🟢 Buy (Drifter),-8.28,,,35,CLOSED
2026-08-13,GFLLIMITED.NS,GFL Limited,Financial Services,51.3,55.7,7.1,3.0,🟡 Neutral (Priced-In),8.58,,,35,CLOSED
2026-08-13,NETWEB.NS,Netweb Technologies India Limited,IT & Technology,5181.0,4578.5,7.1,3.0,🟡 Neutral (Priced-In),-11.63,,,35,CLOSED
2026-08-13,SARDAEN.NS,Sarda Energy & Minerals Limited,Metals & Mining,523.3,506.95,6.9,3.0,🟡 Neutral (Priced-In),-3.12,,,35,CLOSED
2026-08-13,LMW.NS,LMW Limited,Capital Goods,18747.0,18170.0,6.8,2.7,🟢 Buy (Drifter),-3.08,,,35,CLOSED
2026-08-13,AEQUS.NS,AEQUS.NS,Aerospace & Defense,252.3,229.33,6.6,3.0,🟢 Buy (Drifter),-9.1,,,35,CLOSED
2026-08-13,DODLA.NS,Dodla Dairy Limited,Consumer Goods,1109.8,1049.6,6.3,2.7,🟡 Neutral (Priced-In),-5.42,,,35,CLOSED
2026-08-13,GPIL.NS,Godawari Power & Ispat Limited,Metals & Mining,243.3,238.39,6.3,3.0,🟡 Neutral (Priced-In),-2.02,,,35,CLOSED
2026-08-13,CYIENTDLM.NS,Cyient DLM Limited,Aerospace & Defense,728.2,893.5,5.7,3.0,🟢 Buy (Drifter),22.7,,,35,CLOSED
2026-08-13,ARKADE.NS,ARKADE.NS,Real Estate,136.9,117.22,5.6,2.7,🟢 Buy (Drifter),-14.38,,,35,CLOSED
2026-08-13,ESTER.NS,Ester Industries Limited,Chemicals,101.7,86.76,5.6,3.0,🟡 Neutral (Priced-In),-14.69,,,35,CLOSED
2026-08-13,AARTISURF.NS,Aarti Surfactants Limited,Chemicals,645.8,525.45,5.5,3.0,🟡 Neutral (Priced-In),-18.64,,,35,CLOSED
2026-08-13,EIMCOELECO.NS,Eimco Elecon (India) Limited,Auto,1893.9,2247.4,5.5,2.3,🟡 Neutral (Priced-In),18.67,,,35,CLOSED
2026-08-13,AVONMORE.NS,Avonmore Capital & Management Services Limited,Financial Services,12.0,12.02,5.4,2.7,🟡 Neutral (Priced-In),0.17,,,35,CLOSED
2026-08-13,ARENTERP.NS,Rajdarshan Industries Limited,Metals & Mining,39.2,34.2,5.3,2.7,🟡 Neutral (Priced-In),-12.76,,,35,CLOSED
2026-08-13,SKFINDIA.NS,SKF India Limited,Auto,1606.3,1541.0,5.2,2.3,🟡 Neutral (Priced-In),-4.07,,,35,CLOSED
2026-08-13,AKSHARCHEM.NS,AksharChem (India) Limited,Chemicals,296.1,373.5,5.0,3.0,🟡 Neutral (Priced-In),26.14,,,35,CLOSED
2026-08-13,ASAHISONG.NS,Asahi Songwon Colors Limited,Chemicals,346.0,365.15,5.0,2.3,🟡 Neutral (Priced-In),5.53,,,35,CLOSED
2026-08-13,COMSYN.NS,Commercial Syn Bags Limited,Capital Goods,282.7,293.0,5.0,3.0,🟢 Buy (Drifter),3.64,,,35,CLOSED
2026-08-13,EDELWEISS.NS,Edelweiss Financial Services Limited,Financial Services,124.9,128.34,5.0,2.7,🟡 Neutral (Priced-In),2.75,,,35,CLOSED
2026-08-13,KRN.NS,KRN.NS,Capital Goods,1398.4,1392.8,5.0,2.7,🟢 Buy (Drifter),-0.4,,,35,CLOSED
2026-08-13,COUNCODOS.NS,Country Condo's Limited,Real Estate,6.2,6.33,4.9,2.3,🟢 Buy (Drifter),2.1,,,35,CLOSED
2026-08-13,PARAS.NS,Paras Defence and Space Technologies Limited,Aerospace & Defense,1342.2,1370.9,4.8,3.3,🟢 Buy (Drifter),2.14,,,35,CLOSED
2026-08-13,RBA.NS,Restaurant Brands Asia Limited,Hospitality,98.3,96.12,4.8,3.0,🟡 Neutral (Priced-In),-2.22,,,35,CLOSED
2026-08-13,CYIENT.NS,Cyient Limited,Diversified,879.7,1064.0,4.7,2.3,🟡 Neutral (Priced-In),20.95,,,35,CLOSED
2026-08-13,GANGAFORGE.NS,Ganga Forging Limited,Capital Goods,2.5,1.57,4.6,2.7,🟢 Buy (Drifter),-37.2,,,35,CLOSED
2026-08-13,JAIBALAJI.NS,Jai Balaji Industries Limited,Metals & Mining,68.9,63.81,4.6,2.3,🟡 Neutral (Priced-In),-7.39,,,35,CLOSED
2026-08-13,SHAREINDIA.NS,Share India Securities Limited,Financial Services,173.3,218.44,4.6,2.3,🟡 Neutral (Priced-In),26.05,,,35,CLOSED
2026-08-13,JSFB.NS,Jana Small Finance Bank Limited,Financial Services,571.2,520.1,4.5,3.0,🟡 Neutral (Priced-In),-8.95,,,35,CLOSED
2026-08-13,MAXESTATES.NS,MAXESTATES.NS,Real Estate,439.5,577.6,4.5,2.3,🟢 Buy (Drifter),31.42,,,35,CLOSED
2026-08-13,PRINCEPIPE.NS,Prince Pipes and Fittings Limited,Capital Goods,281.6,258.7,4.5,2.7,🟢 Buy (Drifter),-8.13,,,35,CLOSED
2026-08-13,AIIL.NS,Authum Investment & Infrastructure Limited,Financial Services,579.1,527.2,4.4,3.0,🟡 Neutral (Priced-In),-8.96,,,35,CLOSED
2026-08-13,IFCI.NS,IFCI Limited,Financial Services,76.7,77.09,4.3,3.0,🟡 Neutral (Priced-In),0.51,,,35,CLOSED
2026-08-13,TI.NS,Tilaknagar Industries Ltd.,Consumer Goods,553.7,543.85,4.3,3.0,🟡 Neutral (Priced-In),-1.78,,,35,CLOSED
2026-08-13,BHARATSE.NS,Bharat Seats Limited,Auto,245.2,209.22,4.2,2.7,🟡 Neutral (Priced-In),-14.67,,,35,CLOSED
2026-08-13,CONCOR.NS,Container Corporation of India Limited,Infrastructure,533.7,488.15,4.2,3.0,🟡 Neutral (Priced-In),-8.53,,,35,CLOSED
2026-08-13,DALMIASUG.NS,Dalmia Bharat Sugar and Industries Limited,Consumer Goods,427.4,390.5,4.2,3.0,🟡 Neutral (Priced-In),-8.63,,,35,CLOSED
2026-08-13,ELLEN.NS,ELLEN.NS,Chemicals,337.0,371.0,4.1,3.0,🟡 Neutral (Priced-In),10.09,,,35,CLOSED
2026-08-14,GALAXYSURF.NS,Galaxy Surfactants Limited,Chemicals,2508.4,2257.0,20.0,3.3,🟡 Neutral (Priced-In),-10.02,,,34,CLOSED
2026-08-14,APEX.NS,Apex Frozen Foods Limited,Consumer Goods,426.4,350.95,16.0,3.0,🟡 Neutral (Priced-In),-17.69,,,34,CLOSED
2026-08-14,FINKURVE.NS,Finkurve Financial Services Limited,Financial Services,72.7,75.05,15.8,2.7,🟡 Neutral (Priced-In),3.23,,,34,CLOSED
2026-08-14,AVTNPL.NS,AVT Natural Products Limited,Chemicals,81.2,85.45,13.9,3.0,🟡 Neutral (Priced-In),5.23,,,34,CLOSED
2026-08-14,BALUFORGE.NS,Balu Forge Industries Limited,Capital Goods,493.8,501.6,10.6,3.0,🟢 Buy (Drifter),1.58,,,34,CLOSED
2026-08-14,HMAAGRO.NS,HMA Agro Industries Limited,Consumer Goods,24.2,23.08,10.6,2.7,🟡 Neutral (Priced-In),-4.63,,,34,CLOSED
2026-08-14,MARKSANS.NS,Marksans Pharma Limited,Pharma & Healthcare,333.0,319.7,9.8,3.0,🟡 Neutral (Priced-In),-3.99,,,34,CLOSED
2026-08-14,DREDGECORP.NS,Dredging Corporation of India Limited,Infrastructure,1166.4,988.0,9.6,3.0,🟡 Neutral (Priced-In),-15.29,,,34,CLOSED
2026-08-14,MANORAMA.NS,Manorama Industries Limited,Consumer Goods,1737.1,1939.1,7.6,2.3,🟡 Neutral (Priced-In),11.63,,,34,CLOSED
2026-08-14,MSTCLTD.NS,MSTC Limited,Capital Goods,623.4,715.25,7.4,2.7,🟢 Buy (Drifter),14.73,,,34,CLOSED
2026-08-14,ARIES.NS,Aries Agro Limited,Chemicals,413.5,477.6,7.1,3.0,🟡 Neutral (Priced-In),15.5,,,34,CLOSED
2026-08-14,DIVGIITTS.NS,Divgi TorqTransfer Systems Limited,Auto,1301.1,1122.2,6.7,3.0,🟡 Neutral (Priced-In),-13.75,,,34,CLOSED
2026-08-14,UNIMECH.NS,UNIMECH.NS,Aerospace & Defense,1522.6,1570.6,6.7,2.7,🟢 Buy (Drifter),3.15,,,34,CLOSED
2026-08-14,HAPPSTMNDS.NS,Happiest Minds Technologies Limited,IT & Technology,420.2,327.9,6.4,2.7,🟡 Neutral (Priced-In),-21.97,,,34,CLOSED
2026-08-14,SUDARSCHEM.NS,Sudarshan Chemical Industries Limited,Chemicals,1118.1,1205.4,6.2,3.0,🟡 Neutral (Priced-In),7.81,,,34,CLOSED
2026-08-14,BBTCL.NS,B&B Triplewall Containers Limited,Capital Goods,244.6,230.63,5.9,2.7,🟢 Buy (Drifter),-5.71,,,34,CLOSED
2026-08-14,EIMCOELECO.NS,Eimco Elecon (India) Limited,Auto,2005.5,2247.4,5.9,3.0,🟡 Neutral (Priced-In),12.06,,,34,CLOSED
2026-08-14,ELGIEQUIP.NS,Elgi Equipments Limited,Capital Goods,609.5,593.3,5.7,3.0,🟢 Buy (Drifter),-2.66,,,34,CLOSED
2026-08-14,HALDER.NS,Halder Venture Limited,Consumer Goods,301.9,297.15,5.7,2.7,🟡 Neutral (Priced-In),-1.57,,,34,CLOSED
2026-08-14,KRN.NS,KRN.NS,Capital Goods,1468.3,1392.8,5.0,2.7,🟢 Buy (Drifter),-5.14,,,34,CLOSED
2026-08-14,BHAGCHEM.NS,Bhagiradha Chemicals & Industries Limited,Chemicals,289.9,247.95,4.9,2.3,🟡 Neutral (Priced-In),-14.47,,,34,CLOSED
2026-08-14,HONASA.NS,Honasa Consumer Limited,Consumer Goods,502.8,460.1,4.9,3.0,🟡 Neutral (Priced-In),-8.49,,,34,CLOSED
2026-08-14,DOLPHIN.NS,Dolphin Offshore Enterprises (India) Limited,Oil & Gas,508.1,673.7,4.8,2.7,🟡 Neutral (Priced-In),32.59,,,34,CLOSED
2026-08-14,DPABHUSHAN.NS,D. P. Abhushan Limited,Consumer Durables,1429.3,1337.0,4.7,3.0,🟡 Neutral (Priced-In),-6.46,,,34,CLOSED
2026-08-14,ASAHISONG.NS,Asahi Songwon Colors Limited,Chemicals,361.9,365.15,4.6,2.3,🟡 Neutral (Priced-In),0.9,,,34,CLOSED
2026-08-14,CENTRUM.NS,Centrum Capital Limited,Financial Services,25.8,22.25,4.6,2.3,🟡 Neutral (Priced-In),-13.76,,,34,CLOSED
2026-08-14,GPPL.NS,Gujarat Pipavav Port Limited,Infrastructure,158.7,162.59,4.6,2.3,🟡 Neutral (Priced-In),2.45,,,34,CLOSED
2026-08-14,GANGAFORGE.NS,Ganga Forging Limited,Capital Goods,2.6,1.57,4.4,2.3,🟢 Buy (Drifter),-39.62,,,34,CLOSED
2026-08-14,IDEA.NS,Vodafone Idea Limited,Telecom,14.1,14.22,4.4,2.3,🟡 Neutral (Priced-In),0.85,,,34,CLOSED
2026-08-14,ASAHIINDIA.NS,Asahi India Glass Limited,Auto,939.2,950.7,4.2,3.0,🟡 Neutral (Priced-In),1.22,,,34,CLOSED
2026-08-14,FCL.NS,Fineotex Chemical Limited,Chemicals,43.4,52.99,4.1,2.7,🟡 Neutral (Priced-In),22.1,,,34,CLOSED
2026-08-14,HAPPYFORGE.NS,HAPPYFORGE.NS,Capital Goods,2089.6,2143.2,4.1,3.0,🟢 Buy (Drifter),2.57,,,34,CLOSED
2026-08-14,AYMSYNTEX.NS,AYM Syntex Limited,Textiles,266.8,281.95,4.0,3.0,🟡 Neutral (Priced-In),5.68,,,34,CLOSED
2026-08-14,SUMICHEM.NS,Sumitomo Chemical India Limited,Chemicals,565.0,455.45,4.0,3.0,🟡 Neutral (Priced-In),-19.39,,,34,CLOSED
2026-08-17,ASIANENE.NS,Asian Energy Services Limited,Oil & Gas,425.2,486.2,13.6,3.0,🟡 Neutral (Priced-In),14.35,,,31,CLOSED
2026-08-17,DOLPHIN.NS,Dolphin Offshore Enterprises (India) Limited,Oil & Gas,576.8,673.7,13.5,3.0,🟡 Neutral (Priced-In),16.8,,,31,CLOSED
2026-08-17,EXPLEOSOL.NS,Expleo Solutions Limited,IT & Technology,923.0,898.05,13.1,3.0,🟡 Neutral (Priced-In),-2.7,,,31,CLOSED
2026-08-17,ALPHAGEO.NS,Alphageo (India) Limited,Oil & Gas,338.4,294.95,12.3,3.0,🟡 Neutral (Priced-In),-12.84,,,31,CLOSED
2026-08-17,MANORAMA.NS,Manorama Industries Limited,Consumer Goods,1943.4,1939.1,11.9,2.7,🟡 Neutral (Priced-In),-0.22,,,31,CLOSED
2026-08-17,GKSL.NS,GKSL.NS,Pharma & Healthcare,151.4,177.82,10.9,3.0,🟡 Neutral (Priced-In),17.45,,,31,CLOSED
2026-08-17,EIMCOELECO.NS,Eimco Elecon (India) Limited,Auto,2189.1,2247.4,9.2,3.0,🟡 Neutral (Priced-In),2.66,,,31,CLOSED
2026-08-17,DALMIASUG.NS,Dalmia Bharat Sugar and Industries Limited,Consumer Goods,459.6,390.5,8.8,3.0,🟡 Neutral (Priced-In),-15.03,,,31,CLOSED
2026-08-17,IPCALAB.NS,Ipca Laboratories Limited,Pharma & Healthcare,1884.6,1970.3,8.7,2.3,🟡 Neutral (Priced-In),4.55,,,31,CLOSED
2026-08-17,AVTNPL.NS,AVT Natural Products Limited,Chemicals,88.1,85.45,8.4,3.0,🟡 Neutral (Priced-In),-3.01,,,31,CLOSED
2026-08-17,DCMSRIND.NS,DCM Shriram Industries Limited,Consumer Goods,45.7,38.39,8.3,2.3,🟡 Neutral (Priced-In),-16.0,,,31,CLOSED
2026-08-17,HINDCOPPER.NS,Hindustan Copper Limited,Metals & Mining,572.7,485.5,8.2,3.0,🟡 Neutral (Priced-In),-15.23,,,31,CLOSED
2026-08-17,PTCIL.NS,PTC Industries Limited,Capital Goods,20584.0,22670.0,8.1,3.0,🟢 Buy (Drifter),10.13,,,31,CLOSED
2026-08-17,JYOTHYLAB.NS,Jyothy Labs Limited,Consumer Goods,213.9,193.84,7.3,3.0,🟡 Neutral (Priced-In),-9.38,,,31,CLOSED
2026-08-17,MAXESTATES.NS,MAXESTATES.NS,Real Estate,474.4,577.6,7.3,3.0,🟢 Buy (Drifter),21.75,,,31,CLOSED
2026-08-17,APOLLOPIPE.NS,Apollo Pipes Limited,Cement & Materials,545.3,525.85,6.7,2.3,🟡 Neutral (Priced-In),-3.57,,,31,CLOSED
2026-08-17,AZAD.NS,AZAD.NS,Capital Goods,2899.9,2605.3,6.7,3.0,🟢 Buy (Drifter),-10.16,,,31,CLOSED
2026-08-17,GPIL.NS,Godawari Power & Ispat Limited,Metals & Mining,250.8,238.39,6.5,3.0,🟡 Neutral (Priced-In),-4.95,,,31,CLOSED
2026-08-17,BECTORFOOD.NS,Mrs. Bectors Food Specialities Limited,Consumer Goods,255.3,220.81,6.2,3.0,🟡 Neutral (Priced-In),-13.51,,,31,CLOSED
2026-08-17,DHAMPURSUG.NS,Dhampur Sugar Mills Limited,Consumer Goods,170.9,151.72,6.2,3.0,🟡 Neutral (Priced-In),-11.22,,,31,CLOSED
2026-08-17,AVALON.NS,Avalon Technologies Limited,Capital Goods,2059.4,2230.0,6.1,3.0,🟢 Buy (Drifter),8.28,,,31,CLOSED
2026-08-17,LMW.NS,LMW Limited,Capital Goods,20047.0,18170.0,6.0,3.0,🟢 Buy (Drifter),-9.36,,,31,CLOSED
2026-08-17,CYIENTDLM.NS,Cyient DLM Limited,Aerospace & Defense,737.5,893.5,5.9,3.0,🟢 Buy (Drifter),21.15,,,31,CLOSED
2026-08-17,FINCABLES.NS,Finolex Cables Limited,Capital Goods,1320.8,1395.8,5.9,2.7,🟢 Buy (Drifter),5.68,,,31,CLOSED
2026-08-17,GNFC.NS,Gujarat Narmada Valley Fertilizers & Chemicals Limited,Chemicals,600.7,584.85,5.6,3.0,🟡 Neutral (Priced-In),-2.64,,,31,CLOSED
2026-08-17,AVONMORE.NS,Avonmore Capital & Management Services Limited,Financial Services,13.0,12.02,5.3,2.7,🟡 Neutral (Priced-In),-7.54,,,31,CLOSED
2026-08-17,VGUARD.NS,V-Guard Industries Limited,Consumer Durables,344.0,330.15,5.3,2.3,🟡 Neutral (Priced-In),-4.03,,,31,CLOSED
2026-08-17,HAPPYFORGE.NS,HAPPYFORGE.NS,Capital Goods,2198.1,2143.2,5.2,3.0,🟢 Buy (Drifter),-2.5,,,31,CLOSED
2026-08-17,ABINFRA.NS,ABINFRA.NS,Infrastructure,11.4,11.02,5.1,2.7,🟡 Neutral (Priced-In),-3.33,,,31,CLOSED
2026-08-17,ARIES.NS,Aries Agro Limited,Chemicals,434.6,477.6,5.1,3.0,🟡 Neutral (Priced-In),9.89,,,31,CLOSED
2026-08-17,GOCOLORS.NS,Go Fashion (India) Limited,Retail,344.0,308.1,5.1,2.3,🟡 Neutral (Priced-In),-10.44,,,31,CLOSED
2026-08-17,SKFINDIA.NS,SKF India Limited,Auto,1652.8,1541.0,5.1,2.3,🟡 Neutral (Priced-In),-6.76,,,31,CLOSED
2026-08-17,CTE.NS,Cambridge Technology Enterprises Limited,IT & Technology,40.8,38.77,5.0,3.0,🟡 Neutral (Priced-In),-4.98,,,31,CLOSED
2026-08-17,HMVL.NS,Hindustan Media Ventures Limited,Media,91.0,77.34,5.0,3.0,🟡 Neutral (Priced-In),-15.01,,,31,CLOSED
2026-08-17,BALRAMCHIN.NS,Balrampur Chini Mills Limited,Consumer Goods,655.8,675.7,4.9,3.0,🟡 Neutral (Priced-In),3.03,,,31,CLOSED
2026-08-17,EBGNG.NS,EBGNG.NS,IT & Technology,593.0,661.65,4.9,2.7,🟡 Neutral (Priced-In),11.58,,,31,CLOSED
2026-08-17,KRN.NS,KRN.NS,Capital Goods,1539.7,1392.8,4.9,3.0,🟢 Buy (Drifter),-9.54,,,31,CLOSED
2026-08-17,MSTCLTD.NS,MSTC Limited,Capital Goods,653.2,715.25,4.8,3.0,🟢 Buy (Drifter),9.5,,,31,CLOSED
2026-08-17,RENUKA.NS,Shree Renuka Sugars Limited,Consumer Goods,23.0,22.81,4.8,2.3,🟡 Neutral (Priced-In),-0.83,,,31,CLOSED
2026-08-17,CHENNPETRO.NS,Chennai Petroleum Corporation Limited,Oil & Gas,1382.4,1414.1,4.6,3.0,🟡 Neutral (Priced-In),2.29,,,31,CLOSED
2026-08-17,OBEROIRLTY.NS,Oberoi Realty Limited,Real Estate,1931.0,1740.7,4.6,2.7,🟢 Buy (Drifter),-9.85,,,31,CLOSED
2026-08-17,CONCORDBIO.NS,Concord Biotech Limited,Pharma & Healthcare,1515.0,1461.1,4.4,3.0,🟡 Neutral (Priced-In),-3.56,,,31,CLOSED
2026-08-17,EMAMIPAP.NS,Emami Paper Mills Limited,Cement & Materials,113.9,111.97,4.4,2.3,🟡 Neutral (Priced-In),-1.69,,,31,CLOSED
2026-08-17,TDPOWERSYS.NS,TD Power Systems Limited,Capital Goods,1548.8,722.1,4.3,3.0,🟢 Buy (Drifter),-53.38,,,31,CLOSED
2026-08-17,COUNCODOS.NS,Country Condo's Limited,Real Estate,6.7,6.33,4.2,2.3,🟢 Buy (Drifter),-5.52,,,31,CLOSED
2026-08-17,NETWEB.NS,Netweb Technologies India Limited,IT & Technology,5212.4,4578.5,4.1,3.0,🟡 Neutral (Priced-In),-12.16,,,31,CLOSED
2026-08-17,TBOTEK.NS,TBOTEK.NS,IT & Technology,1700.0,1647.7,4.1,3.0,🟡 Neutral (Priced-In),-3.08,,,31,CLOSED
2026-08-18,ICIL.NS,Indo Count Industries Limited,Textiles,437.7,435.5,12.6,3.0,🟡 Neutral (Priced-In),-0.5,,,30,CLOSED
2026-08-18,ABINFRA.NS,ABINFRA.NS,Infrastructure,12.6,11.02,10.7,3.0,🟡 Neutral (Priced-In),-12.54,,,30,CLOSED
2026-08-18,PARAS.NS,Paras Defence and Space Technologies Limited,Aerospace & Defense,1527.3,1370.9,10.0,3.0,🟢 Buy (Drifter),-10.24,,,30,CLOSED
2026-08-18,ABCOTS.NS,ABCOTS.NS,Textiles,217.4,210.83,8.9,2.3,🟡 Neutral (Priced-In),-3.02,,,30,CLOSED
2026-08-18,ASIANENE.NS,Asian Energy Services Limited,Oil & Gas,463.0,486.2,8.9,3.0,🟡 Neutral (Priced-In),5.01,,,30,CLOSED
2026-08-18,EMUDHRA.NS,eMudhra Limited,IT & Technology,562.0,633.35,8.3,3.0,🟡 Neutral (Priced-In),12.7,,,30,CLOSED
2026-08-18,TIINDIA.NS,Tube Investments of India Limited,Auto,2959.0,2598.8,7.9,3.0,🟡 Neutral (Priced-In),-12.17,,,30,CLOSED
2026-08-18,DOLPHIN.NS,Dolphin Offshore Enterprises (India) Limited,Oil & Gas,619.4,673.7,7.4,3.0,🟡 Neutral (Priced-In),8.77,,,30,CLOSED
2026-08-18,MSTCLTD.NS,MSTC Limited,Capital Goods,701.5,715.25,7.4,3.0,🟢 Buy (Drifter),1.96,,,30,CLOSED
2026-08-18,FINKURVE.NS,Finkurve Financial Services Limited,Financial Services,78.2,75.05,7.2,2.7,🟡 Neutral (Priced-In),-4.03,,,30,CLOSED
2026-08-18,RBA.NS,Restaurant Brands Asia Limited,Hospitality,106.3,96.12,6.8,3.0,🟡 Neutral (Priced-In),-9.58,,,30,CLOSED
2026-08-18,AVALON.NS,Avalon Technologies Limited,Capital Goods,2197.3,2230.0,6.7,3.0,🟢 Buy (Drifter),1.49,,,30,CLOSED
2026-08-18,AEROFLEX.NS,Aeroflex Industries Limited,Capital Goods,485.9,497.6,6.6,3.0,🟢 Buy (Drifter),2.41,,,30,CLOSED
2026-08-18,GLAXO.NS,GlaxoSmithKline Pharmaceuticals Limited,Pharma & Healthcare,2877.4,2799.9,6.5,3.0,🟡 Neutral (Priced-In),-2.69,,,30,CLOSED
2026-08-18,ACE.NS,Action Construction Equipment Limited,Auto,1184.8,1205.6,6.4,3.0,🟡 Neutral (Priced-In),1.76,,,30,CLOSED
2026-08-18,INDIAGLYCO.NS,India Glycols Limited,Metals & Mining,1139.2,248.7,6.4,2.7,🟡 Neutral (Priced-In),-78.17,,,30,CLOSED
2026-08-18,AEGISLOG.NS,AEGISLOG.NS,Oil & Gas,1367.7,1353.8,6.3,2.3,🟡 Neutral (Priced-In),-1.02,,,30,CLOSED
2026-08-18,CUPID.NS,Cupid Limited,Consumer Goods,284.0,279.15,6.3,3.0,🟡 Neutral (Priced-In),-1.71,,,30,CLOSED
2026-08-18,ZENTEC.NS,Zen Technologies Limited,Aerospace & Defense,1982.4,1681.7,6.3,2.7,🟢 Buy (Drifter),-15.17,,,30,CLOSED
2026-08-18,HEG.NS,HEG Limited,Capital Goods,739.2,225.8,5.9,2.7,🟢 Buy (Drifter),-69.45,,,30,CLOSED
2026-08-18,BALUFORGE.NS,Balu Forge Industries Limited,Capital Goods,542.5,501.6,5.7,3.0,🟢 Buy (Drifter),-7.54,,,30,CLOSED
2026-08-18,WELSPUNLIV.NS,Welspun Living Limited,Textiles,177.8,212.25,5.7,2.3,🟡 Neutral (Priced-In),19.38,,,30,CLOSED
2026-08-18,DEEPINDS.NS,Deep Industries Limited,Oil & Gas,718.0,734.7,5.5,3.0,🟡 Neutral (Priced-In),2.33,,,30,CLOSED
2026-08-18,BLISSGVS.NS,Bliss GVS Pharma Limited,Pharma & Healthcare,546.5,690.65,5.0,2.7,🟡 Neutral (Priced-In),26.38,,,30,CLOSED
2026-08-18,CTE.NS,Cambridge Technology Enterprises Limited,IT & Technology,42.8,38.77,5.0,3.0,🟡 Neutral (Priced-In),-9.42,,,30,CLOSED
2026-08-18,AQYLON.NS,Aqylon Nexus Limited,Media,22.9,18.88,4.9,3.0,🟡 Neutral (Priced-In),-17.55,,,30,CLOSED
2026-08-18,FILATEX.NS,Filatex India Limited,Textiles,86.8,90.35,4.9,3.0,🟡 Neutral (Priced-In),4.09,,,30,CLOSED
2026-08-18,INGERRAND.NS,Ingersoll-Rand (India) Limited,Capital Goods,4691.0,4225.2,4.8,2.7,🟢 Buy (Drifter),-9.93,,,30,CLOSED
2026-08-18,JSFB.NS,Jana Small Finance Bank Limited,Financial Services,575.0,520.1,4.8,2.7,🟡 Neutral (Priced-In),-9.55,,,30,CLOSED
2026-08-18,APCOTEXIND.NS,Apcotex Industries Limited,Chemicals,632.5,599.4,4.5,2.3,🟡 Neutral (Priced-In),-5.23,,,30,CLOSED
2026-08-18,HNDFDS.NS,Hindustan Foods Limited,Diversified,635.6,620.35,4.5,3.0,🟡 Neutral (Priced-In),-2.4,,,30,CLOSED
2026-08-18,GSLSU.NS,Global Surfaces Limited,Cement & Materials,35.2,28.17,4.4,2.7,🟡 Neutral (Priced-In),-19.97,,,30,CLOSED
2026-08-18,ALICON.NS,Alicon Castalloy Limited,Capital Goods,757.0,695.15,4.2,3.0,🟢 Buy (Drifter),-8.17,,,30,CLOSED
2026-08-18,APARINDS.NS,APAR Industries Limited,Capital Goods,17214.0,17801.0,4.2,3.0,🟢 Buy (Drifter),3.41,,,30,CLOSED
2026-08-18,AEQUS.NS,AEQUS.NS,Aerospace & Defense,259.9,229.33,4.1,2.7,🟢 Buy (Drifter),-11.76,,,30,CLOSED
2026-08-18,AEROENTER.NS,Aeroflex Enterprises Limited,Metals & Mining,130.9,122.94,4.1,2.7,🟡 Neutral (Priced-In),-6.08,,,30,CLOSED
2026-08-18,ALPHAGEO.NS,Alphageo (India) Limited,Oil & Gas,352.3,294.95,4.1,3.0,🟡 Neutral (Priced-In),-16.28,,,30,CLOSED
2026-08-19,EXCELINDUS.NS,Excel Industries Limited,Chemicals,1133.2,963.8,15.0,3.0,🟡 Neutral (Priced-In),-14.95,,,29,CLOSED
2026-08-19,AHLADA.NS,Ahlada Engineers Limited,Cement & Materials,40.8,39.33,12.1,3.0,🟡 Neutral (Priced-In),-3.6,,,29,CLOSED
2026-08-19,GFLLIMITED.NS,GFL Limited,Financial Services,56.8,55.7,10.8,3.0,🟡 Neutral (Priced-In),-1.94,,,29,CLOSED
2026-08-19,BAJAJHIND.NS,Bajaj Hindusthan Sugar Limited,Consumer Goods,20.4,19.38,9.6,3.0,🟡 Neutral (Priced-In),-5.0,,,29,CLOSED
2026-08-19,AVROIND.NS,Avro India Limited,Consumer Durables,9.5,7.84,8.4,2.3,🟡 Neutral (Priced-In),-17.47,,,29,CLOSED
2026-08-19,DWARKESH.NS,Dwarikesh Sugar Industries Limited,Consumer Goods,48.3,40.53,8.2,2.7,🟡 Neutral (Priced-In),-16.09,,,29,CLOSED
2026-08-19,BLUSPRING.NS,Bluspring Enterprises Limited,Capital Goods,119.9,123.72,7.8,2.7,🟢 Buy (Drifter),3.19,,,29,CLOSED
2026-08-19,ABINFRA.NS,ABINFRA.NS,Infrastructure,13.4,11.02,7.0,3.0,🟡 Neutral (Priced-In),-17.76,,,29,CLOSED
2026-08-19,VIYASH.NS,Viyash Scientific Limited,Pharma & Healthcare,271.4,244.5,6.5,2.7,🟡 Neutral (Priced-In),-9.91,,,29,CLOSED
2026-08-19,DLINKINDIA.NS,D-Link (India) Limited,Telecom,445.8,424.6,6.4,3.0,🟡 Neutral (Priced-In),-4.76,,,29,CLOSED
2026-08-19,DCMSRIND.NS,DCM Shriram Industries Limited,Consumer Goods,49.9,38.39,6.3,3.0,🟡 Neutral (Priced-In),-23.07,,,29,CLOSED
2026-08-19,DOLATALGO.NS,Dolat Algotech Limited,Financial Services,75.1,67.86,5.6,3.0,🟡 Neutral (Priced-In),-9.64,,,29,CLOSED
2026-08-19,GLAXO.NS,GlaxoSmithKline Pharmaceuticals Limited,Pharma & Healthcare,3032.4,2799.9,5.4,3.3,🟡 Neutral (Priced-In),-7.67,,,29,CLOSED
2026-08-19,GOPAL.NS,Gopal Snacks Limited,Consumer Goods,288.5,252.25,5.2,2.3,🟡 Neutral (Priced-In),-12.56,,,29,CLOSED
2026-08-19,IMAGICAA.NS,Imagicaaworld Entertainment Limited,Media,48.5,51.18,5.2,2.7,🟡 Neutral (Priced-In),5.53,,,29,CLOSED
2026-08-19,EMSLIMITED.NS,EMS Limited,Infrastructure,395.0,364.5,5.1,2.3,🟡 Neutral (Priced-In),-7.72,,,29,CLOSED
2026-08-19,BLISSGVS.NS,Bliss GVS Pharma Limited,Pharma & Healthcare,573.8,690.65,5.0,3.0,🟡 Neutral (Priced-In),20.36,,,29,CLOSED
2026-08-19,CTE.NS,Cambridge Technology Enterprises Limited,IT & Technology,44.9,38.77,5.0,3.0,🟡 Neutral (Priced-In),-13.65,,,29,CLOSED
2026-08-19,DALMIASUG.NS,Dalmia Bharat Sugar and Industries Limited,Consumer Goods,475.5,390.5,5.0,3.0,🟡 Neutral (Priced-In),-17.88,,,29,CLOSED
2026-08-19,ICICIAMC.NS,ICICIAMC.NS,Financial Services,3260.9,3098.0,5.0,2.7,🟡 Neutral (Priced-In),-5.0,,,29,CLOSED
2026-08-19,COMPUSOFT.NS,Compucom Software Limited,Hospitality,13.9,12.94,4.9,2.3,🟡 Neutral (Priced-In),-6.91,,,29,CLOSED
2026-08-19,KAYNES.NS,Kaynes Technology India Limited,Capital Goods,3823.3,3520.0,4.9,3.0,🟢 Buy (Drifter),-7.93,,,29,CLOSED
2026-08-19,GUJAPOLLO.NS,Gujarat Apollo Industries Limited,Capital Goods,365.0,324.0,4.8,3.0,🟢 Buy (Drifter),-11.23,,,29,CLOSED
2026-08-19,BLACKBUCK.NS,BlackBuck Limited,IT & Technology,616.3,611.5,4.7,2.7,🟡 Neutral (Priced-In),-0.78,,,29,CLOSED
2026-08-19,ADOR.NS,Ador Welding Limited,Capital Goods,1634.6,1564.3,4.6,3.0,🟢 Buy (Drifter),-4.3,,,29,CLOSED
2026-08-19,APOLLOPIPE.NS,Apollo Pipes Limited,Cement & Materials,576.5,525.85,4.6,2.3,🟡 Neutral (Priced-In),-8.79,,,29,CLOSED
2026-08-19,AQYLON.NS,Aqylon Nexus Limited,Media,23.9,18.88,4.6,3.0,🟡 Neutral (Priced-In),-21.0,,,29,CLOSED
2026-08-19,TRIVENI.NS,Triveni Engineering & Industries Limited,Consumer Goods,289.2,232.45,4.6,2.7,🟡 Neutral (Priced-In),-19.62,,,29,CLOSED
2026-08-19,5PAISA.NS,5paisa Capital Limited,Financial Services,405.6,315.4,4.5,2.3,🟡 Neutral (Priced-In),-22.24,,,29,CLOSED
2026-08-19,DHAMPURSUG.NS,Dhampur Sugar Mills Limited,Consumer Goods,176.2,151.72,4.5,2.7,🟡 Neutral (Priced-In),-13.89,,,29,CLOSED
2026-08-19,HCG.NS,HealthCare Global Enterprises Limited,Pharma & Healthcare,745.2,687.15,4.4,3.0,🟡 Neutral (Priced-In),-7.79,,,29,CLOSED
2026-08-19,KTKBANK.NS,The Karnataka Bank Limited,Banking,324.0,313.9,4.3,3.0,🟡 Neutral (Priced-In),-3.12,,,29,CLOSED
2026-08-19,CYIENT.NS,Cyient Limited,Diversified,894.5,1064.0,4.2,2.7,🟡 Neutral (Priced-In),18.95,,,29,CLOSED
2026-08-19,63MOONS.NS,63 moons technologies limited,IT & Technology,788.8,872.65,4.1,2.7,🟡 Neutral (Priced-In),10.63,,,29,CLOSED
2026-08-19,GSLSU.NS,Global Surfaces Limited,Cement & Materials,36.6,28.17,4.1,2.7,🟡 Neutral (Priced-In),-23.03,,,29,CLOSED
2026-08-19,RRKABEL.NS,R R Kabel Limited,Capital Goods,2898.8,2390.5,4.1,2.3,🟢 Buy (Drifter),-17.53,,,29,CLOSED
2026-08-19,RENUKA.NS,Shree Renuka Sugars Limited,Consumer Goods,24.2,22.81,4.0,2.3,🟡 Neutral (Priced-In),-5.74,,,29,CLOSED
2026-08-20,BALRAMCHIN.NS,Balrampur Chini Mills Limited,Consumer Goods,767.1,675.7,17.9,3.0,🟡 Neutral (Priced-In),-11.92,,,28,CLOSED
2026-08-20,BANARISUG.NS,Bannari Amman Sugars Limited,Consumer Goods,4240.7,3302.8,17.2,3.0,🟡 Neutral (Priced-In),-22.12,,,28,CLOSED
2026-08-20,DWARKESH.NS,Dwarikesh Sugar Industries Limited,Consumer Goods,55.4,40.53,14.7,3.0,🟡 Neutral (Priced-In),-26.84,,,28,CLOSED
2026-08-20,BAJAJHIND.NS,Bajaj Hindusthan Sugar Limited,Consumer Goods,23.3,19.38,14.5,3.0,🟡 Neutral (Priced-In),-16.82,,,28,CLOSED
2026-08-20,NETWORK18.NS,Network18 Media & Investments Limited,Media,30.6,26.46,9.0,3.0,🟡 Neutral (Priced-In),-13.53,,,28,CLOSED
2026-08-20,GENUSPOWER.NS,Genus Power Infrastructures Limited,Capital Goods,334.2,303.15,8.1,3.0,🟢 Buy (Drifter),-9.29,,,28,CLOSED
2026-08-20,RENUKA.NS,Shree Renuka Sugars Limited,Consumer Goods,26.1,22.81,7.8,3.0,🟡 Neutral (Priced-In),-12.61,,,28,CLOSED
2026-08-20,DHAMPURSUG.NS,Dhampur Sugar Mills Limited,Consumer Goods,189.8,151.72,7.7,3.0,🟡 Neutral (Priced-In),-20.06,,,28,CLOSED
2026-08-20,EPL.NS,EPL Limited,Capital Goods,270.1,231.4,7.7,2.7,🟢 Buy (Drifter),-14.33,,,28,CLOSED
2026-08-20,FINKURVE.NS,Finkurve Financial Services Limited,Financial Services,76.3,75.05,7.0,2.3,🟡 Neutral (Priced-In),-1.64,,,28,CLOSED
2026-08-20,NETWEB.NS,Netweb Technologies India Limited,IT & Technology,5419.8,4578.5,7.0,3.0,🟡 Neutral (Priced-In),-15.52,,,28,CLOSED
2026-08-20,DALMIASUG.NS,Dalmia Bharat Sugar and Industries Limited,Consumer Goods,508.1,390.5,6.8,3.0,🟡 Neutral (Priced-In),-23.15,,,28,CLOSED
2026-08-20,MMTC.NS,MMTC Limited,Metals & Mining,66.3,60.14,6.6,3.0,🟡 Neutral (Priced-In),-9.29,,,28,CLOSED
2026-08-20,BRIGADE.NS,Brigade Enterprises Limited,Real Estate,625.8,620.9,6.5,3.0,🟢 Buy (Drifter),-0.78,,,28,CLOSED
2026-08-20,COHANCE.NS,COHANCE.NS,Pharma & Healthcare,475.5,439.95,6.4,3.0,🟡 Neutral (Priced-In),-7.48,,,28,CLOSED
2026-08-20,EBGNG.NS,EBGNG.NS,IT & Technology,624.8,661.65,6.2,2.7,🟡 Neutral (Priced-In),5.9,,,28,CLOSED
2026-08-20,GILLANDERS.NS,Gillanders Arbuthnot and Company Limited,Consumer Goods,94.6,103.87,6.2,2.3,🟡 Neutral (Priced-In),9.8,,,28,CLOSED
2026-08-20,ZAGGLE.NS,Zaggle Prepaid Ocean Services Limited,Financial Services,197.6,181.38,6.2,2.3,🟡 Neutral (Priced-In),-8.21,,,28,CLOSED
2026-08-20,HBLENGINE.NS,HBLENGINE.NS,Capital Goods,712.9,756.75,6.1,2.3,🟢 Buy (Drifter),6.15,,,28,CLOSED
2026-08-20,DCMSRIND.NS,DCM Shriram Industries Limited,Consumer Goods,52.8,38.39,5.9,3.0,🟡 Neutral (Priced-In),-27.29,,,28,CLOSED
2026-08-20,GAEL.NS,Gujarat Ambuja Exports Limited,Consumer Goods,183.4,159.41,5.5,3.3,🟡 Neutral (Priced-In),-13.08,,,28,CLOSED
2026-08-20,ELECON.NS,Elecon Engineering Company Limited,Capital Goods,451.7,414.6,5.3,2.3,🟢 Buy (Drifter),-8.21,,,28,CLOSED
2026-08-20,PRAJIND.NS,Praj Industries Limited,Capital Goods,358.5,317.1,5.3,2.3,🟢 Buy (Drifter),-11.55,,,28,CLOSED
2026-08-20,HERITGFOOD.NS,Heritage Foods Limited,Consumer Goods,378.8,405.45,5.2,3.0,🟡 Neutral (Priced-In),7.04,,,28,CLOSED
2026-08-20,MCX.NS,Multi Commodity Exchange of India Limited,Financial Services,3126.0,3265.2,5.1,2.7,🟡 Neutral (Priced-In),4.45,,,28,CLOSED
2026-08-20,A2ZINFRA.NS,A2Z Infra Engineering Limited,Infrastructure,15.2,15.01,5.0,2.7,🟡 Neutral (Priced-In),-1.25,,,28,CLOSED
2026-08-20,CTE.NS,Cambridge Technology Enterprises Limited,IT & Technology,47.2,38.77,5.0,3.0,🟡 Neutral (Priced-In),-17.86,,,28,CLOSED
2026-08-20,GANESHBE.NS,Ganesh Benzoplast Limited,Chemicals,118.1,125.2,5.0,3.0,🟡 Neutral (Priced-In),6.01,,,28,CLOSED
2026-08-20,GATECH.NS,GACM Technologies Limited,Financial Services,0.9,0.7,4.8,2.7,🟡 Neutral (Priced-In),-22.22,,,28,CLOSED
2026-08-20,ASPINWALL.NS,Aspinwall and Company Limited,Consumer Goods,246.6,255.0,4.7,2.7,🟡 Neutral (Priced-In),3.41,,,28,CLOSED
2026-08-20,DREAMFOLKS.NS,Dreamfolks Services Limited,Infrastructure,68.4,65.17,4.7,2.3,🟡 Neutral (Priced-In),-4.72,,,28,CLOSED
2026-08-20,APOLLOPIPE.NS,Apollo Pipes Limited,Cement & Materials,603.2,525.85,4.6,2.3,🟡 Neutral (Priced-In),-12.82,,,28,CLOSED
2026-08-20,CARBORUNIV.NS,Carborundum Universal Limited,Diversified,1137.6,1083.6,4.6,2.7,🟡 Neutral (Priced-In),-4.75,,,28,CLOSED
2026-08-20,ACMESOLAR.NS,ACME Solar Holdings Limited,Power & Utilities,397.4,411.3,4.5,3.0,🟢 Buy (Drifter),3.5,,,28,CLOSED
2026-08-20,SUDARSCHEM.NS,Sudarshan Chemical Industries Limited,Chemicals,1186.5,1205.4,4.5,2.3,🟡 Neutral (Priced-In),1.59,,,28,CLOSED
2026-08-20,EPACKPEB.NS,EPACKPEB.NS,Infrastructure,232.9,222.26,4.4,2.3,🟡 Neutral (Priced-In),-4.57,,,28,CLOSED
2026-08-20,INNOVACAP.NS,Innova Captab Limited,Pharma & Healthcare,1084.2,1149.5,4.3,2.3,🟡 Neutral (Priced-In),6.02,,,28,CLOSED
2026-08-20,ALLCARGO.NS,Allcargo Logistics Limited,Infrastructure,10.5,11.03,4.1,3.0,🟡 Neutral (Priced-In),5.05,,,28,CLOSED
2026-08-20,RBA.NS,Restaurant Brands Asia Limited,Hospitality,105.2,96.12,4.1,3.0,🟡 Neutral (Priced-In),-8.63,,,28,CLOSED
2026-08-20,WELSPUNLIV.NS,Welspun Living Limited,Textiles,188.7,212.25,4.1,2.3,🟡 Neutral (Priced-In),12.48,,,28,CLOSED
2026-08-20,CARTRADE.NS,CarTrade Tech Limited,Retail,2895.2,2938.0,4.0,2.7,🟡 Neutral (Priced-In),1.48,,,28,CLOSED
2026-08-21,ALLCARGO.NS,Allcargo Logistics Limited,Infrastructure,12.2,11.03,15.8,3.0,🟡 Neutral (Priced-In),-9.59,,,27,CLOSED
2026-08-21,WELCORP.NS,Welspun Corp Limited,Metals & Mining,2311.9,2460.3,15.3,3.3,🟡 Neutral (Priced-In),6.42,,,27,CLOSED
2026-08-21,THOMASCOOK.NS,Thomas Cook (India) Limited,Hospitality,113.2,103.42,11.4,3.0,🟡 Neutral (Priced-In),-8.64,,,27,CLOSED
2026-08-21,ATLANTAELE.NS,ATLANTAELE.NS,Capital Goods,1846.9,1633.3,9.4,2.7,🟢 Buy (Drifter),-11.57,,,27,CLOSED
2026-08-21,BLUSPRING.NS,Bluspring Enterprises Limited,Capital Goods,129.0,123.72,9.3,3.0,🟢 Buy (Drifter),-4.09,,,27,CLOSED
2026-08-21,FCL.NS,Fineotex Chemical Limited,Chemicals,47.4,52.99,8.9,3.0,🟡 Neutral (Priced-In),11.79,,,27,CLOSED
2026-08-21,JBMA.NS,JBM Auto Limited,Auto,674.0,593.6,8.1,3.0,🟡 Neutral (Priced-In),-11.93,,,27,CLOSED
2026-08-21,JINDALSAW.NS,Jindal Saw Limited,Metals & Mining,291.6,291.2,8.1,3.3,🟡 Neutral (Priced-In),-0.14,,,27,CLOSED
2026-08-21,WELENT.NS,Welspun Enterprises Limited,Capital Goods,631.5,778.7,8.0,3.0,🟢 Buy (Drifter),23.31,,,27,CLOSED
2026-08-21,DCBBANK.NS,DCB Bank Limited,Banking,203.6,218.51,7.9,3.0,🟡 Neutral (Priced-In),7.32,,,27,CLOSED
2026-08-21,HAPPSTMNDS.NS,Happiest Minds Technologies Limited,IT & Technology,444.5,327.9,7.3,2.7,🟡 Neutral (Priced-In),-26.23,,,27,CLOSED
2026-08-21,AEROENTER.NS,Aeroflex Enterprises Limited,Metals & Mining,140.1,122.94,7.2,3.0,🟡 Neutral (Priced-In),-12.25,,,27,CLOSED
2026-08-21,BALAJITELE.NS,Balaji Telefilms Limited,Media,97.8,95.97,6.9,2.3,🟡 Neutral (Priced-In),-1.87,,,27,CLOSED
2026-08-21,IIFL.NS,IIFL Finance Limited,Financial Services,679.8,596.55,6.8,3.0,🟡 Neutral (Priced-In),-12.25,,,27,CLOSED
2026-08-21,NCC.NS,NCC Limited,Infrastructure,149.6,135.6,6.8,2.7,🟡 Neutral (Priced-In),-9.36,,,27,CLOSED
2026-08-21,ALKYLAMINE.NS,Alkyl Amines Chemicals Limited,Chemicals,2052.7,1843.8,6.7,2.7,🟡 Neutral (Priced-In),-10.18,,,27,CLOSED
2026-08-21,PCJEWELLER.NS,PC Jeweller Limited,Consumer Durables,10.2,12.35,6.3,2.3,🟡 Neutral (Priced-In),21.08,,,27,CLOSED
2026-08-21,BAJEL.NS,Bajel Projects Limited,Power & Utilities,191.8,173.08,6.2,2.7,🟢 Buy (Drifter),-9.76,,,27,CLOSED
2026-08-21,AEGISLOG.NS,AEGISLOG.NS,Oil & Gas,1417.9,1353.8,6.1,2.7,🟡 Neutral (Priced-In),-4.52,,,27,CLOSED
2026-08-21,AGI.NS,AGI Greenpac Limited,Capital Goods,753.6,733.75,5.9,2.3,🟢 Buy (Drifter),-2.63,,,27,CLOSED
2026-08-21,AEROFLEX.NS,Aeroflex Industries Limited,Capital Goods,503.0,497.6,5.8,3.0,🟢 Buy (Drifter),-1.07,,,27,CLOSED
2026-08-21,GARFIBRES.NS,Garware Technical Fibres Limited,Textiles,802.6,799.7,5.6,3.0,🟡 Neutral (Priced-In),-0.36,,,27,CLOSED
2026-08-21,ASHIMASYN.NS,Ashima Limited,Real Estate,18.5,16.12,5.5,2.7,🟢 Buy (Drifter),-12.86,,,27,CLOSED
2026-08-21,HALDER.NS,Halder Venture Limited,Consumer Goods,304.6,297.15,5.4,3.0,🟡 Neutral (Priced-In),-2.45,,,27,CLOSED
2026-08-21,VOLTAMP.NS,Voltamp Transformers Limited,Capital Goods,10869.5,10735.0,5.4,2.7,🟢 Buy (Drifter),-1.24,,,27,CLOSED
2026-08-21,GOKUL.NS,Gokul Refoils & Solvent Limited,Consumer Goods,42.5,39.74,5.2,2.3,🟡 Neutral (Priced-In),-6.49,,,27,CLOSED
2026-08-21,PTCIL.NS,PTC Industries Limited,Capital Goods,20629.0,22670.0,5.1,3.0,🟢 Buy (Drifter),9.89,,,27,CLOSED
2026-08-21,3IINFOLTD.NS,3i Infotech Limited,IT & Technology,23.4,25.76,5.0,3.0,🟡 Neutral (Priced-In),10.09,,,27,CLOSED
2026-08-21,CTE.NS,Cambridge Technology Enterprises Limited,IT & Technology,49.5,38.77,5.0,3.0,🟡 Neutral (Priced-In),-21.68,,,27,CLOSED
2026-08-21,GANESHBE.NS,Ganesh Benzoplast Limited,Chemicals,124.0,125.2,5.0,3.0,🟡 Neutral (Priced-In),0.97,,,27,CLOSED
2026-08-21,AQYLON.NS,Aqylon Nexus Limited,Media,25.3,18.88,4.9,3.0,🟡 Neutral (Priced-In),-25.38,,,27,CLOSED
2026-08-21,DEEPINDS.NS,Deep Industries Limited,Oil & Gas,688.0,734.7,4.9,3.0,🟡 Neutral (Priced-In),6.79,,,27,CLOSED
2026-08-21,ALMONDZ.NS,Almondz Global Securities Limited,Financial Services,14.2,18.41,4.5,3.0,🟡 Neutral (Priced-In),29.65,,,27,CLOSED
2026-08-21,GOCOLORS.NS,Go Fashion (India) Limited,Retail,344.8,308.1,4.4,2.3,🟡 Neutral (Priced-In),-10.64,,,27,CLOSED
2026-08-21,GUFICBIO.NS,Gufic Biosciences Limited,Pharma & Healthcare,431.5,425.5,4.3,3.3,🟡 Neutral (Priced-In),-1.39,,,27,CLOSED
2026-08-21,THELEELA.NS,Leela Palaces Hotels & Resorts Limited,Hospitality,561.7,530.0,4.1,3.0,🟡 Neutral (Priced-In),-5.64,,,27,CLOSED
2026-08-21,VEDL.NS,Vedanta Limited,Metals & Mining,279.0,257.45,4.1,2.7,🟡 Neutral (Priced-In),-7.72,,,27,CLOSED
2026-08-21,ARIES.NS,Aries Agro Limited,Chemicals,452.7,477.6,4.0,3.0,🟡 Neutral (Priced-In),5.5,,,27,CLOSED
2026-08-21,INDIAGLYCO.NS,India Glycols Limited,Metals & Mining,1146.5,248.7,4.0,2.7,🟡 Neutral (Priced-In),-78.31,,,27,CLOSED
2026-08-24,BANG.NS,Bang Overseas Limited,Textiles,34.0,33.19,18.6,3.0,🟡 Neutral (Priced-In),-2.38,,,24,CLOSED
2026-08-24,RATNAMANI.NS,Ratnamani Metals & Tubes Limited,Metals & Mining,2697.0,2702.6,14.6,2.7,🟡 Neutral (Priced-In),0.21,,,24,CLOSED
2026-08-24,ARCHIDPLY.NS,Archidply Industries Limited,Cement & Materials,111.5,101.48,13.8,3.0,🟡 Neutral (Priced-In),-8.99,,,24,CLOSED
2026-08-24,BALUFORGE.NS,Balu Forge Industries Limited,Capital Goods,632.2,501.6,13.8,3.0,🟢 Buy (Drifter),-20.66,,,24,CLOSED
2026-08-24,ATL.NS,Allcargo Terminals Limited,Infrastructure,27.6,24.5,11.0,3.0,🟡 Neutral (Priced-In),-11.23,,,24,CLOSED
2026-08-24,MAXESTATES.NS,MAXESTATES.NS,Real Estate,549.2,577.6,11.0,3.0,🟢 Buy (Drifter),5.17,,,24,CLOSED
2026-08-24,VMM.NS,VMM.NS,Retail,113.5,101.24,9.7,2.7,🟡 Neutral (Priced-In),-10.8,,,24,CLOSED
2026-08-24,ALLCARGO.NS,Allcargo Logistics Limited,Infrastructure,13.3,11.03,9.5,3.0,🟡 Neutral (Priced-In),-17.07,,,24,CLOSED
2026-08-24,PCJEWELLER.NS,PC Jeweller Limited,Consumer Durables,11.1,12.35,8.8,2.7,🟡 Neutral (Priced-In),11.26,,,24,CLOSED
2026-08-24,CLSEL.NS,Chaman Lal Setia Exports Ltd.,Consumer Goods,312.8,295.55,8.5,3.0,🟡 Neutral (Priced-In),-5.51,,,24,CLOSED
2026-08-24,OPTIEMUS.NS,Optiemus Infracom Limited,Telecom,585.7,610.0,8.4,2.7,🟡 Neutral (Priced-In),4.15,,,24,CLOSED
2026-08-24,CENTEXT.NS,Century Extrusions Limited,Metals & Mining,22.3,19.05,8.2,3.0,🟡 Neutral (Priced-In),-14.57,,,24,CLOSED
2026-08-24,HERANBA.NS,Heranba Industries Limited,Chemicals,178.4,165.78,8.2,2.3,🟡 Neutral (Priced-In),-7.07,,,24,CLOSED
2026-08-24,GUJTHEM.NS,Gujarat Themis Biosyn Limited,Pharma & Healthcare,411.7,420.15,8.0,3.0,🟡 Neutral (Priced-In),2.05,,,24,CLOSED
2026-08-24,KRBL.NS,KRBL Limited,Consumer Goods,437.8,395.4,7.6,3.0,🟡 Neutral (Priced-In),-9.68,,,24,CLOSED
2026-08-24,ENTERO.NS,Entero Healthcare Solutions Limited,Pharma & Healthcare,1529.8,1666.6,7.5,2.3,🟡 Neutral (Priced-In),8.94,,,24,CLOSED
2026-08-24,LTFOODS.NS,LT Foods Limited,Consumer Goods,459.0,421.9,7.3,3.0,🟡 Neutral (Priced-In),-8.08,,,24,CLOSED
2026-08-24,HCC.NS,Hindustan Construction Company Limited,Infrastructure,22.5,21.56,7.1,2.3,🟡 Neutral (Priced-In),-4.18,,,24,CLOSED
2026-08-24,IDBI.NS,IDBI Bank Limited,Banking,87.9,81.89,6.9,2.7,🟡 Neutral (Priced-In),-6.84,,,24,CLOSED
2026-08-24,EPIGRAL.NS,Epigral Limited,Chemicals,1202.7,1101.4,6.8,2.3,🟡 Neutral (Priced-In),-8.42,,,24,CLOSED
2026-08-24,GILLANDERS.NS,Gillanders Arbuthnot and Company Limited,Consumer Goods,102.3,103.87,6.4,2.3,🟡 Neutral (Priced-In),1.53,,,24,CLOSED
2026-08-24,HATSUN.NS,Hatsun Agro Product Limited,Consumer Goods,1044.5,1181.6,6.1,3.0,🟡 Neutral (Priced-In),13.13,,,24,CLOSED
2026-08-24,YATHARTH.NS,Yatharth Hospital & Trauma Care Services Limited,Pharma & Healthcare,907.5,1072.4,6.1,2.7,🟡 Neutral (Priced-In),18.17,,,24,CLOSED
2026-08-24,GUJALKALI.NS,Gujarat Alkalies and Chemicals Limited,Chemicals,723.0,673.75,5.7,2.7,🟡 Neutral (Priced-In),-6.81,,,24,CLOSED
2026-08-24,DVL.NS,Dhunseri Ventures Limited,Financial Services,283.6,278.8,5.2,2.3,🟡 Neutral (Priced-In),-1.69,,,24,CLOSED
2026-08-24,PTCIL.NS,PTC Industries Limited,Capital Goods,21672.0,22670.0,5.1,3.0,🟢 Buy (Drifter),4.61,,,24,CLOSED
2026-08-24,3IINFOLTD.NS,3i Infotech Limited,IT & Technology,24.5,25.76,5.0,3.0,🟡 Neutral (Priced-In),5.14,,,24,CLOSED
2026-08-24,AKSHARCHEM.NS,AksharChem (India) Limited,Chemicals,318.4,373.5,5.0,3.3,🟡 Neutral (Priced-In),17.31,,,24,CLOSED
2026-08-24,CTE.NS,Cambridge Technology Enterprises Limited,IT & Technology,52.0,38.77,5.0,3.0,🟡 Neutral (Priced-In),-25.44,,,24,CLOSED
2026-08-24,SHILPAMED.NS,Shilpa Medicare Limited,Pharma & Healthcare,855.8,958.35,5.0,2.7,🟡 Neutral (Priced-In),11.98,,,24,CLOSED
2026-08-24,STLTECH.NS,Sterlite Technologies Limited,Telecom,658.5,827.45,5.0,3.0,🟡 Neutral (Priced-In),25.66,,,24,CLOSED
2026-08-24,AQYLON.NS,Aqylon Nexus Limited,Media,26.5,18.88,4.9,3.0,🟡 Neutral (Priced-In),-28.75,,,24,CLOSED
2026-08-24,ASPINWALL.NS,Aspinwall and Company Limited,Consumer Goods,259.7,255.0,4.9,2.7,🟡 Neutral (Priced-In),-1.81,,,24,CLOSED
2026-08-24,SIEMENS.NS,Siemens Limited,Capital Goods,4114.0,3763.5,4.9,3.0,🟢 Buy (Drifter),-8.52,,,24,CLOSED
2026-08-24,BAJAJHIND.NS,Bajaj Hindusthan Sugar Limited,Consumer Goods,24.2,19.38,4.8,3.0,🟡 Neutral (Priced-In),-19.92,,,24,CLOSED
2026-08-24,CGCL.NS,Capri Global Capital Limited,Financial Services,234.3,262.35,4.6,3.0,🟡 Neutral (Priced-In),11.97,,,24,CLOSED
2026-08-24,FCL.NS,Fineotex Chemical Limited,Chemicals,49.6,52.99,4.6,2.7,🟡 Neutral (Priced-In),6.83,,,24,CLOSED
2026-08-24,HFCL.NS,HFCL Limited,Telecom,238.4,209.45,4.6,3.3,🟡 Neutral (Priced-In),-12.14,,,24,CLOSED
2026-08-24,MANINFRA.NS,Man Infraconstruction Limited,Infrastructure,113.7,125.71,4.6,2.7,🟡 Neutral (Priced-In),10.56,,,24,CLOSED
2026-08-24,CONTROLPR.NS,Control Print Limited,Capital Goods,599.8,603.5,4.5,2.3,🟢 Buy (Drifter),0.62,,,24,CLOSED
2026-08-24,ADL.NS,Archidply Decor Limited,Consumer Durables,75.1,72.03,4.3,3.0,🟡 Neutral (Priced-In),-4.09,,,24,CLOSED
2026-08-24,FINKURVE.NS,Finkurve Financial Services Limited,Financial Services,79.6,75.05,4.3,2.7,🟡 Neutral (Priced-In),-5.72,,,24,CLOSED
2026-08-24,GOKUL.NS,Gokul Refoils & Solvent Limited,Consumer Goods,44.4,39.74,4.3,2.3,🟡 Neutral (Priced-In),-10.5,,,24,CLOSED
2026-08-24,ARVSMART.NS,Arvind SmartSpaces Limited,Real Estate,694.8,553.45,4.2,3.0,🟢 Buy (Drifter),-20.34,,,24,CLOSED
2026-08-24,MSTCLTD.NS,MSTC Limited,Capital Goods,730.6,715.25,4.2,3.0,🟢 Buy (Drifter),-2.1,,,24,CLOSED
2026-08-24,REDINGTON.NS,Redington Limited,Capital Goods,365.1,400.1,4.2,2.7,🟢 Buy (Drifter),9.59,,,24,CLOSED
2026-08-24,WELCORP.NS,Welspun Corp Limited,Metals & Mining,2409.2,2460.3,4.2,3.3,🟡 Neutral (Priced-In),2.12,,,24,CLOSED
2026-08-24,BCLIND.NS,BCL Industries Limited,Consumer Goods,38.0,33.17,4.1,2.7,🟡 Neutral (Priced-In),-12.71,,,24,CLOSED
2026-08-24,ENGINERSIN.NS,Engineers India Limited,Infrastructure,254.8,263.75,4.1,3.0,🟡 Neutral (Priced-In),3.51,,,24,CLOSED
2026-08-25,BANG.NS,Bang Overseas Limited,Textiles,34.7,33.19,21.0,3.0,🟡 Neutral (Priced-In),-4.35,,,23,CLOSED
2026-08-25,GENESYS.NS,Genesys International Corporation Limited,IT & Technology,214.2,284.42,20.0,3.0,🟡 Neutral (Priced-In),32.78,,,23,CLOSED
2026-08-25,ARCHIDPLY.NS,Archidply Industries Limited,Cement & Materials,114.3,101.48,16.7,2.3,🟡 Neutral (Priced-In),-11.22,,,23,CLOSED
2026-08-25,ENTERO.NS,Entero Healthcare Solutions Limited,Pharma & Healthcare,1633.0,1666.6,14.7,2.7,🟡 Neutral (Priced-In),2.06,,,23,CLOSED
2026-08-25,BTML.NS,Bodhi Tree Multimedia Limited,Media,9.0,7.25,14.0,3.0,🟡 Neutral (Priced-In),-19.44,,,23,CLOSED
2026-08-25,FMGOETZE.NS,Federal-Mogul Goetze (India) Limited,Auto,534.1,447.5,13.1,3.0,🟡 Neutral (Priced-In),-16.21,,,23,CLOSED
2026-08-25,MAXESTATES.NS,MAXESTATES.NS,Real Estate,556.0,577.6,12.4,3.0,🟢 Buy (Drifter),3.88,,,23,CLOSED
2026-08-25,FACT.NS,The Fertilisers and Chemicals Travancore Limited,Chemicals,876.1,759.8,11.8,3.0,🟡 Neutral (Priced-In),-13.27,,,23,CLOSED
2026-08-25,CLSEL.NS,Chaman Lal Setia Exports Ltd.,Consumer Goods,319.0,295.55,10.6,2.7,🟡 Neutral (Priced-In),-7.35,,,23,CLOSED
2026-08-25,EPIGRAL.NS,Epigral Limited,Chemicals,1240.9,1101.4,10.2,2.3,🟡 Neutral (Priced-In),-11.24,,,23,CLOSED
2026-08-25,AKSHARCHEM.NS,AksharChem (India) Limited,Chemicals,333.7,373.5,10.1,3.3,🟡 Neutral (Priced-In),11.93,,,23,CLOSED
2026-08-25,DTIL.NS,Dhunseri Tea & Industries Limited,Consumer Goods,152.7,138.98,10.1,2.7,🟡 Neutral (Priced-In),-8.98,,,23,CLOSED
2026-08-25,GILLANDERS.NS,Gillanders Arbuthnot and Company Limited,Consumer Goods,105.9,103.87,10.1,2.3,🟡 Neutral (Priced-In),-1.92,,,23,CLOSED
2026-08-25,ATL.NS,Allcargo Terminals Limited,Infrastructure,27.2,24.5,9.3,2.7,🟡 Neutral (Priced-In),-9.93,,,23,CLOSED
2026-08-25,APOLLOPIPE.NS,Apollo Pipes Limited,Cement & Materials,663.8,525.85,8.9,2.7,🟡 Neutral (Priced-In),-20.78,,,23,CLOSED
2026-08-25,IDEA.NS,Vodafone Idea Limited,Telecom,15.2,14.22,8.0,3.0,🟡 Neutral (Priced-In),-6.45,,,23,CLOSED
2026-08-25,ALMONDZ.NS,Almondz Global Securities Limited,Financial Services,15.2,18.41,7.7,3.0,🟡 Neutral (Priced-In),21.12,,,23,CLOSED
2026-08-25,CYIENT.NS,Cyient Limited,Diversified,979.0,1064.0,7.7,3.0,🟡 Neutral (Priced-In),8.68,,,23,CLOSED
2026-08-25,CENTEXT.NS,Century Extrusions Limited,Metals & Mining,22.2,19.05,7.5,3.0,🟡 Neutral (Priced-In),-14.19,,,23,CLOSED
2026-08-25,GIPCL.NS,Gujarat Industries Power Company Limited,Power & Utilities,190.7,186.12,6.9,2.7,🟢 Buy (Drifter),-2.4,,,23,CLOSED
2026-08-25,PARADEEP.NS,Paradeep Phosphates Limited,Chemicals,159.6,153.81,6.8,2.7,🟡 Neutral (Priced-In),-3.63,,,23,CLOSED
2026-08-25,CYIENTDLM.NS,Cyient DLM Limited,Aerospace & Defense,769.3,893.5,6.7,2.7,🟢 Buy (Drifter),16.14,,,23,CLOSED
2026-08-25,GATECH.NS,GACM Technologies Limited,Financial Services,1.0,0.7,6.7,2.3,🟡 Neutral (Priced-In),-30.0,,,23,CLOSED
2026-08-25,ADVENTHTL.NS,Advent Hotels International Limited,Hospitality,141.8,127.04,6.5,3.0,🟡 Neutral (Priced-In),-10.41,,,23,CLOSED
2026-08-25,GODREJAGRO.NS,Godrej Agrovet Limited,Consumer Goods,610.1,653.6,6.2,3.0,🟡 Neutral (Priced-In),7.13,,,23,CLOSED
2026-08-25,PAYTM.NS,One97 Communications Limited,Financial Services,1718.0,1763.0,5.8,3.0,🟡 Neutral (Priced-In),2.62,,,23,CLOSED
2026-08-25,GOKUL.NS,Gokul Refoils & Solvent Limited,Consumer Goods,45.0,39.74,5.7,2.7,🟡 Neutral (Priced-In),-11.69,,,23,CLOSED
2026-08-25,SKYGOLD.NS,Sky Gold and Diamonds Limited,Consumer Durables,842.3,793.3,5.6,2.3,🟡 Neutral (Priced-In),-5.82,,,23,CLOSED
2026-08-25,ADL.NS,Archidply Decor Limited,Consumer Durables,75.9,72.03,5.4,2.3,🟡 Neutral (Priced-In),-5.1,,,23,CLOSED
2026-08-25,BALAMINES.NS,Balaji Amines Limited,Chemicals,2343.6,2148.9,5.4,2.3,🟡 Neutral (Priced-In),-8.31,,,23,CLOSED
2026-08-25,ASPINWALL.NS,Aspinwall and Company Limited,Consumer Goods,260.6,255.0,5.3,2.3,🟡 Neutral (Priced-In),-2.15,,,23,CLOSED
2026-08-25,ARSSBL.NS,ARSSBL.NS,Financial Services,537.3,500.55,5.0,2.3,🟡 Neutral (Priced-In),-6.84,,,23,CLOSED
2026-08-25,FOSECOIND.NS,Foseco India Limited,Chemicals,5615.5,6765.5,5.0,2.7,🟡 Neutral (Priced-In),20.48,,,23,CLOSED
2026-08-25,WELENT.NS,Welspun Enterprises Limited,Capital Goods,661.0,778.7,4.7,3.0,🟢 Buy (Drifter),17.81,,,23,CLOSED
2026-08-25,GROBTEA.NS,The Grob Tea Company Limited,Consumer Goods,967.2,930.0,4.3,2.3,🟡 Neutral (Priced-In),-3.85,,,23,CLOSED
2026-08-26,DTIL.NS,Dhunseri Tea & Industries Limited,Consumer Goods,183.2,138.98,20.0,3.0,🟡 Neutral (Priced-In),-24.14,,,22,CLOSED
2026-08-26,DHUNINV.NS,Dhunseri Investments Limited,Financial Services,1115.9,981.75,16.3,3.0,🟡 Neutral (Priced-In),-12.02,,,22,CLOSED
2026-08-26,GENESYS.NS,Genesys International Corporation Limited,IT & Technology,246.3,284.42,15.0,3.0,🟡 Neutral (Priced-In),15.48,,,22,CLOSED
2026-08-26,ARIES.NS,Aries Agro Limited,Chemicals,503.7,477.6,12.7,3.0,🟡 Neutral (Priced-In),-5.18,,,22,CLOSED
2026-08-26,GENCON.NS,Generic Engineering Construction and Projects Limited,Infrastructure,46.8,39.56,12.7,2.7,🟡 Neutral (Priced-In),-15.47,,,22,CLOSED
2026-08-26,SBFC.NS,SBFC Finance Limited,Financial Services,101.1,93.32,9.0,3.0,🟡 Neutral (Priced-In),-7.7,,,22,CLOSED
2026-08-26,ALLCARGO.NS,Allcargo Logistics Limited,Infrastructure,13.3,11.03,8.6,3.0,🟡 Neutral (Priced-In),-17.07,,,22,CLOSED
2026-08-26,AEROFLEX.NS,Aeroflex Industries Limited,Capital Goods,536.3,497.6,8.2,3.0,🟢 Buy (Drifter),-7.22,,,22,CLOSED
2026-08-26,FOSECOIND.NS,Foseco India Limited,Chemicals,6077.5,6765.5,8.2,3.0,🟡 Neutral (Priced-In),11.32,,,22,CLOSED
2026-08-26,JISLJALEQS.NS,Jain Irrigation Systems Limited,Capital Goods,30.1,30.2,7.6,2.3,🟢 Buy (Drifter),0.33,,,22,CLOSED
2026-08-26,IDBI.NS,IDBI Bank Limited,Banking,94.8,81.89,7.3,3.0,🟡 Neutral (Priced-In),-13.62,,,22,CLOSED
2026-08-26,JINDALSAW.NS,Jindal Saw Limited,Metals & Mining,302.5,291.2,7.3,3.3,🟡 Neutral (Priced-In),-3.74,,,22,CLOSED
2026-08-26,DYCL.NS,Dynamic Cables Limited,Capital Goods,458.9,442.35,7.2,2.7,🟢 Buy (Drifter),-3.61,,,22,CLOSED
2026-08-26,CGCL.NS,Capri Global Capital Limited,Financial Services,256.4,262.35,7.0,3.0,🟡 Neutral (Priced-In),2.32,,,22,CLOSED
2026-08-26,CYIENT.NS,Cyient Limited,Diversified,1047.7,1064.0,7.0,3.0,🟡 Neutral (Priced-In),1.56,,,22,CLOSED
2026-08-26,QUESS.NS,Quess Corp Limited,Capital Goods,370.7,353.0,6.8,3.3,🟢 Buy (Drifter),-4.77,,,22,CLOSED
2026-08-26,WABAG.NS,VA Tech Wabag Limited,Infrastructure,2155.3,2074.8,6.6,3.0,🟡 Neutral (Priced-In),-3.73,,,22,CLOSED
2026-08-26,ASIANENE.NS,Asian Energy Services Limited,Oil & Gas,478.5,486.2,6.0,3.0,🟡 Neutral (Priced-In),1.61,,,22,CLOSED
2026-08-26,GKENERGY.NS,GKENERGY.NS,Power & Utilities,133.8,118.98,6.0,2.3,🟢 Buy (Drifter),-11.08,,,22,CLOSED
2026-08-26,KRBL.NS,KRBL Limited,Consumer Goods,447.4,395.4,5.8,3.0,🟡 Neutral (Priced-In),-11.62,,,22,CLOSED
2026-08-26,HINDZINC.NS,Hindustan Zinc Limited,Metals & Mining,626.5,572.3,5.7,3.0,🟡 Neutral (Priced-In),-8.65,,,22,CLOSED
2026-08-26,GIPCL.NS,Gujarat Industries Power Company Limited,Power & Utilities,201.5,186.12,5.6,3.0,🟢 Buy (Drifter),-7.63,,,22,CLOSED
2026-08-26,HCC.NS,Hindustan Construction Company Limited,Infrastructure,23.9,21.56,5.6,2.7,🟡 Neutral (Priced-In),-9.79,,,22,CLOSED
2026-08-26,SAIL.NS,Steel Authority of India Limited,Metals & Mining,194.9,175.01,5.6,3.0,🟡 Neutral (Priced-In),-10.21,,,22,CLOSED
2026-08-26,ANTHEM.NS,ANTHEM.NS,Pharma & Healthcare,923.0,927.4,5.5,3.3,🟡 Neutral (Priced-In),0.48,,,22,CLOSED
2026-08-26,AVALON.NS,Avalon Technologies Limited,Capital Goods,2226.4,2230.0,5.4,3.0,🟢 Buy (Drifter),0.16,,,22,CLOSED
2026-08-26,HATSUN.NS,Hatsun Agro Product Limited,Consumer Goods,1086.6,1181.6,5.4,3.0,🟡 Neutral (Priced-In),8.74,,,22,CLOSED
2026-08-26,DATAPATTNS.NS,Data Patterns (India) Limited,Aerospace & Defense,4779.4,4411.1,5.2,2.3,🟢 Buy (Drifter),-7.71,,,22,CLOSED
2026-08-26,GROBTEA.NS,The Grob Tea Company Limited,Consumer Goods,1017.2,930.0,5.2,2.3,🟡 Neutral (Priced-In),-8.57,,,22,CLOSED
2026-08-26,KSL.NS,Kalyani Steels Limited,Metals & Mining,919.3,970.55,5.2,2.3,🟡 Neutral (Priced-In),5.57,,,22,CLOSED
2026-08-26,BLKASHYAP.NS,B.L. Kashyap and Sons Limited,Infrastructure,55.2,52.87,5.1,2.7,🟡 Neutral (Priced-In),-4.22,,,22,CLOSED
2026-08-26,OLAELEC.NS,OLAELEC.NS,Auto,38.0,36.79,5.0,2.7,🟡 Neutral (Priced-In),-3.18,,,22,CLOSED
2026-08-26,AKSHARCHEM.NS,AksharChem (India) Limited,Chemicals,350.2,373.5,4.9,3.3,🟡 Neutral (Priced-In),6.65,,,22,CLOSED
2026-08-26,BALUFORGE.NS,Balu Forge Industries Limited,Capital Goods,638.9,501.6,4.8,3.0,🟢 Buy (Drifter),-21.49,,,22,CLOSED
2026-08-26,DVL.NS,Dhunseri Ventures Limited,Financial Services,294.4,278.8,4.8,2.3,🟡 Neutral (Priced-In),-5.3,,,22,CLOSED
2026-08-26,MAHABANK.NS,Bank of Maharashtra,Banking,85.6,80.8,4.8,3.0,🟡 Neutral (Priced-In),-5.61,,,22,CLOSED
2026-08-26,WELENT.NS,Welspun Enterprises Limited,Capital Goods,692.8,778.7,4.8,3.0,🟢 Buy (Drifter),12.4,,,22,CLOSED
2026-08-26,YATHARTH.NS,Yatharth Hospital & Trauma Care Services Limited,Pharma & Healthcare,965.3,1072.4,4.6,3.0,🟡 Neutral (Priced-In),11.09,,,22,CLOSED
2026-08-26,JAIBALAJI.NS,Jai Balaji Industries Limited,Metals & Mining,68.6,63.81,4.5,2.7,🟡 Neutral (Priced-In),-6.98,,,22,CLOSED
2026-08-26,HINDCOPPER.NS,Hindustan Copper Limited,Metals & Mining,556.0,485.5,4.4,2.7,🟡 Neutral (Priced-In),-12.68,,,22,CLOSED
2026-08-26,INDIGOPNTS.NS,Indigo Paints Limited,Chemicals,1186.1,1098.9,4.4,2.3,🟡 Neutral (Priced-In),-7.35,,,22,CLOSED
2026-08-26,ALEMBICLTD.NS,Alembic Limited,Real Estate,98.7,102.72,4.3,3.0,🟢 Buy (Drifter),4.07,,,22,CLOSED
2026-08-26,NAVINFLUOR.NS,Navin Fluorine International Limited,Chemicals,8553.0,8220.0,4.2,3.0,🟡 Neutral (Priced-In),-3.89,,,22,CLOSED
2026-08-26,VEDL.NS,Vedanta Limited,Metals & Mining,286.5,257.45,4.2,3.0,🟡 Neutral (Priced-In),-10.14,,,22,CLOSED
2026-08-26,DALBHARAT.NS,Dalmia Bharat Limited,Cement & Materials,1898.0,1693.3,4.1,3.0,🟡 Neutral (Priced-In),-10.79,,,22,CLOSED
2026-08-27,DTIL.NS,Dhunseri Tea & Industries Limited,Consumer Goods,183.2,138.98,20.0,3.0,🟡 Neutral (Priced-In),-24.14,,,21,ACTIVE
2026-08-27,DHUNINV.NS,Dhunseri Investments Limited,Financial Services,1115.9,981.75,16.3,3.0,🟡 Neutral (Priced-In),-12.02,,,21,ACTIVE
2026-08-27,GENESYS.NS,Genesys International Corporation Limited,IT & Technology,246.3,284.42,15.0,3.0,🟡 Neutral (Priced-In),15.48,,,21,ACTIVE
2026-08-27,ARIES.NS,Aries Agro Limited,Chemicals,503.7,477.6,12.7,3.0,🟡 Neutral (Priced-In),-5.18,,,21,ACTIVE
2026-08-27,GENCON.NS,Generic Engineering Construction and Projects Limited,Infrastructure,46.8,39.56,12.7,2.7,🟡 Neutral (Priced-In),-15.47,,,21,ACTIVE
2026-08-27,SBFC.NS,SBFC Finance Limited,Financial Services,101.1,93.32,9.0,3.0,🟡 Neutral (Priced-In),-7.7,,,21,ACTIVE
2026-08-27,ALLCARGO.NS,Allcargo Logistics Limited,Infrastructure,13.3,11.03,8.6,3.0,🟡 Neutral (Priced-In),-17.07,,,21,ACTIVE
2026-08-27,AEROFLEX.NS,Aeroflex Industries Limited,Capital Goods,536.3,497.6,8.2,3.0,🟢 Buy (Drifter),-7.22,,,21,ACTIVE
2026-08-27,FOSECOIND.NS,Foseco India Limited,Chemicals,6077.5,6765.5,8.2,3.0,🟡 Neutral (Priced-In),11.32,,,21,ACTIVE
2026-08-27,JISLJALEQS.NS,Jain Irrigation Systems Limited,Capital Goods,30.1,30.2,7.6,2.3,🟢 Buy (Drifter),0.33,,,21,ACTIVE
2026-08-27,IDBI.NS,IDBI Bank Limited,Banking,94.8,81.89,7.3,3.0,🟡 Neutral (Priced-In),-13.62,,,21,ACTIVE
2026-08-27,JINDALSAW.NS,Jindal Saw Limited,Metals & Mining,302.5,291.2,7.3,3.3,🟡 Neutral (Priced-In),-3.74,,,21,ACTIVE
2026-08-27,DYCL.NS,Dynamic Cables Limited,Capital Goods,458.9,442.35,7.2,2.7,🟢 Buy (Drifter),-3.61,,,21,ACTIVE
2026-08-27,CGCL.NS,Capri Global Capital Limited,Financial Services,256.4,262.35,7.0,3.0,🟡 Neutral (Priced-In),2.32,,,21,ACTIVE
2026-08-27,CYIENT.NS,Cyient Limited,Diversified,1047.7,1064.0,7.0,3.0,🟡 Neutral (Priced-In),1.56,,,21,ACTIVE
2026-08-27,QUESS.NS,Quess Corp Limited,Capital Goods,370.7,353.0,6.8,3.3,🟢 Buy (Drifter),-4.77,,,21,ACTIVE
2026-08-27,WABAG.NS,VA Tech Wabag Limited,Infrastructure,2155.3,2074.8,6.6,3.0,🟡 Neutral (Priced-In),-3.73,,,21,ACTIVE
2026-08-27,ASIANENE.NS,Asian Energy Services Limited,Oil & Gas,478.5,486.2,6.0,3.0,🟡 Neutral (Priced-In),1.61,,,21,ACTIVE
2026-08-27,GKENERGY.NS,GKENERGY.NS,Power & Utilities,133.8,118.98,6.0,2.3,🟢 Buy (Drifter),-11.08,,,21,ACTIVE
2026-08-27,KRBL.NS,KRBL Limited,Consumer Goods,447.4,395.4,5.8,3.0,🟡 Neutral (Priced-In),-11.62,,,21,ACTIVE
2026-08-27,HINDZINC.NS,Hindustan Zinc Limited,Metals & Mining,626.5,572.3,5.7,3.0,🟡 Neutral (Priced-In),-8.65,,,21,ACTIVE
2026-08-27,GIPCL.NS,Gujarat Industries Power Company Limited,Power & Utilities,201.5,186.12,5.6,3.0,🟢 Buy (Drifter),-7.63,,,21,ACTIVE
2026-08-27,HCC.NS,Hindustan Construction Company Limited,Infrastructure,23.9,21.56,5.6,2.7,🟡 Neutral (Priced-In),-9.79,,,21,ACTIVE
2026-08-27,SAIL.NS,Steel Authority of India Limited,Metals & Mining,194.9,175.01,5.6,3.0,🟡 Neutral (Priced-In),-10.21,,,21,ACTIVE
2026-08-27,ANTHEM.NS,ANTHEM.NS,Pharma & Healthcare,923.0,927.4,5.5,3.3,🟡 Neutral (Priced-In),0.48,,,21,ACTIVE
2026-08-27,AVALON.NS,Avalon Technologies Limited,Capital Goods,2226.4,2230.0,5.4,3.0,🟢 Buy (Drifter),0.16,,,21,ACTIVE
2026-08-27,HATSUN.NS,Hatsun Agro Product Limited,Consumer Goods,1086.6,1181.6,5.4,3.0,🟡 Neutral (Priced-In),8.74,,,21,ACTIVE
2026-08-27,DATAPATTNS.NS,Data Patterns (India) Limited,Aerospace & Defense,4779.4,4411.1,5.2,2.3,🟢 Buy (Drifter),-7.71,,,21,ACTIVE
2026-08-27,GROBTEA.NS,The Grob Tea Company Limited,Consumer Goods,1017.2,930.0,5.2,2.3,🟡 Neutral (Priced-In),-8.57,,,21,ACTIVE
2026-08-27,KSL.NS,Kalyani Steels Limited,Metals & Mining,919.3,970.55,5.2,2.3,🟡 Neutral (Priced-In),5.57,,,21,ACTIVE
2026-08-27,BLKASHYAP.NS,B.L. Kashyap and Sons Limited,Infrastructure,55.2,52.87,5.1,2.7,🟡 Neutral (Priced-In),-4.22,,,21,ACTIVE
2026-08-27,OLAELEC.NS,OLAELEC.NS,Auto,38.0,36.79,5.0,2.7,🟡 Neutral (Priced-In),-3.18,,,21,ACTIVE
2026-08-27,AKSHARCHEM.NS,AksharChem (India) Limited,Chemicals,350.2,373.5,4.9,3.3,🟡 Neutral (Priced-In),6.65,,,21,ACTIVE
2026-08-27,BALUFORGE.NS,Balu Forge Industries Limited,Capital Goods,638.9,501.6,4.8,3.0,🟢 Buy (Drifter),-21.49,,,21,ACTIVE
2026-08-27,DVL.NS,Dhunseri Ventures Limited,Financial Services,294.4,278.8,4.8,2.3,🟡 Neutral (Priced-In),-5.3,,,21,ACTIVE
2026-08-27,MAHABANK.NS,Bank of Maharashtra,Banking,85.6,80.8,4.8,3.0,🟡 Neutral (Priced-In),-5.61,,,21,ACTIVE
2026-08-27,WELENT.NS,Welspun Enterprises Limited,Capital Goods,692.8,778.7,4.8,3.0,🟢 Buy (Drifter),12.4,,,21,ACTIVE
2026-08-27,YATHARTH.NS,Yatharth Hospital & Trauma Care Services Limited,Pharma & Healthcare,965.3,1072.4,4.6,3.0,🟡 Neutral (Priced-In),11.09,,,21,ACTIVE
2026-08-27,JAIBALAJI.NS,Jai Balaji Industries Limited,Metals & Mining,68.6,63.81,4.5,2.7,🟡 Neutral (Priced-In),-6.98,,,21,ACTIVE
2026-08-27,HINDCOPPER.NS,Hindustan Copper Limited,Metals & Mining,556.0,485.5,4.4,2.7,🟡 Neutral (Priced-In),-12.68,,,21,ACTIVE
2026-08-27,INDIGOPNTS.NS,Indigo Paints Limited,Chemicals,1186.1,1098.9,4.4,2.3,🟡 Neutral (Priced-In),-7.35,,,21,ACTIVE
2026-08-27,ALEMBICLTD.NS,Alembic Limited,Real Estate,98.7,102.72,4.3,3.0,🟢 Buy (Drifter),4.07,,,21,ACTIVE
2026-08-27,NAVINFLUOR.NS,Navin Fluorine International Limited,Chemicals,8553.0,8220.0,4.2,3.0,🟡 Neutral (Priced-In),-3.89,,,21,ACTIVE
2026-08-27,VEDL.NS,Vedanta Limited,Metals & Mining,286.5,257.45,4.2,3.0,🟡 Neutral (Priced-In),-10.14,,,21,ACTIVE
2026-08-27,DALBHARAT.NS,Dalmia Bharat Limited,Cement & Materials,1898.0,1693.3,4.1,3.0,🟡 Neutral (Priced-In),-10.79,,,21,ACTIVE
2026-08-28,IMAGICAA.NS,Imagicaaworld Entertainment Limited,Media,60.2,51.18,20.0,3.3,🟡 Neutral (Priced-In),-14.98,,,20,ACTIVE
2026-08-28,BBTC.NS,The Bombay Burmah Trading Corporation Limited,Consumer Goods,1613.6,1399.4,13.1,3.0,🟡 Neutral (Priced-In),-13.27,,,20,ACTIVE
2026-08-28,INOXINDIA.NS,INOX India Limited,Capital Goods,2177.9,2014.8,13.0,3.0,🟢 Buy (Drifter),-7.49,,,20,ACTIVE
2026-08-28,ALMONDZ.NS,Almondz Global Securities Limited,Financial Services,16.1,18.41,9.6,2.7,🟡 Neutral (Priced-In),14.35,,,20,ACTIVE
2026-08-28,WHIRLPOOL.NS,Whirlpool of India Limited,Consumer Durables,836.2,727.4,9.0,3.0,🟡 Neutral (Priced-In),-13.01,,,20,ACTIVE
2026-08-28,NSLNISP.NS,NMDC Steel Limited,Metals & Mining,45.0,41.64,8.6,2.7,🟡 Neutral (Priced-In),-7.47,,,20,ACTIVE
2026-08-28,ENTERO.NS,Entero Healthcare Solutions Limited,Pharma & Healthcare,1753.5,1666.6,6.4,3.0,🟡 Neutral (Priced-In),-4.96,,,20,ACTIVE
2026-08-28,HATSUN.NS,Hatsun Agro Product Limited,Consumer Goods,1152.5,1181.6,6.1,3.0,🟡 Neutral (Priced-In),2.52,,,20,ACTIVE
2026-08-28,ANUHPHR.NS,Anuh Pharma Limited,Pharma & Healthcare,83.6,93.68,5.8,2.3,🟡 Neutral (Priced-In),12.06,,,20,ACTIVE
2026-08-28,JINDWORLD.NS,Jindal Worldwide Limited,Consumer Durables,36.8,49.0,5.7,3.0,🟡 Neutral (Priced-In),33.15,,,20,ACTIVE
2026-08-28,HCC.NS,Hindustan Construction Company Limited,Infrastructure,25.1,21.56,5.1,2.7,🟡 Neutral (Priced-In),-14.1,,,20,ACTIVE
2026-08-28,STLTECH.NS,Sterlite Technologies Limited,Telecom,695.8,827.45,5.0,3.0,🟡 Neutral (Priced-In),18.92,,,20,ACTIVE
2026-08-28,APARINDS.NS,APAR Industries Limited,Capital Goods,17900.0,17801.0,4.9,3.0,🟢 Buy (Drifter),-0.55,,,20,ACTIVE
2026-08-28,SHILPAMED.NS,Shilpa Medicare Limited,Pharma & Healthcare,901.8,958.35,4.8,2.7,🟡 Neutral (Priced-In),6.27,,,20,ACTIVE
2026-08-28,AKSHARCHEM.NS,AksharChem (India) Limited,Chemicals,365.6,373.5,4.4,3.3,🟡 Neutral (Priced-In),2.16,,,20,ACTIVE
2026-08-28,BHEL.NS,Bharat Heavy Electricals Limited,Capital Goods,434.0,429.2,4.4,3.0,🟢 Buy (Drifter),-1.11,,,20,ACTIVE
2026-08-28,WELCORP.NS,Welspun Corp Limited,Metals & Mining,2405.8,2460.3,4.3,3.3,🟡 Neutral (Priced-In),2.27,,,20,ACTIVE
2026-08-28,CRISIL.NS,CRISIL Limited,Financial Services,4703.2,4560.0,4.2,3.3,🟡 Neutral (Priced-In),-3.04,,,20,ACTIVE
2026-08-28,HFCL.NS,HFCL Limited,Telecom,245.8,209.45,4.2,3.3,🟡 Neutral (Priced-In),-14.79,,,20,ACTIVE
2026-08-28,ALEMBICLTD.NS,Alembic Limited,Real Estate,102.8,102.72,4.1,3.0,🟢 Buy (Drifter),-0.08,,,20,ACTIVE
2026-08-28,ASHIMASYN.NS,Ashima Limited,Real Estate,18.9,16.12,4.1,2.3,🟢 Buy (Drifter),-14.71,,,20,ACTIVE
2026-08-28,FILATEX.NS,Filatex India Limited,Textiles,78.3,90.35,4.1,2.3,🟡 Neutral (Priced-In),15.39,,,20,ACTIVE
2026-08-31,DIFFNKG.NS,DIFFNKG.NS,Capital Goods,485.5,435.85,20.6,3.0,🟢 Buy (Drifter),-10.23,,,17,ACTIVE
2026-08-31,ASIANHOTNR.NS,Asian Hotels (North) Limited,Hospitality,366.4,375.8,17.4,3.0,🟡 Neutral (Priced-In),2.57,,,17,ACTIVE
2026-08-31,AYMSYNTEX.NS,AYM Syntex Limited,Textiles,280.5,281.95,12.1,3.3,🟡 Neutral (Priced-In),0.52,,,17,ACTIVE
2026-08-31,ICIL.NS,Indo Count Industries Limited,Textiles,469.5,435.5,10.9,3.0,🟡 Neutral (Priced-In),-7.24,,,17,ACTIVE
2026-08-31,ADOR.NS,Ador Welding Limited,Capital Goods,1705.2,1564.3,10.6,2.7,🟢 Buy (Drifter),-8.26,,,17,ACTIVE
2026-08-31,BLISSGVS.NS,Bliss GVS Pharma Limited,Pharma & Healthcare,616.8,690.65,10.1,3.0,🟡 Neutral (Priced-In),11.97,,,17,ACTIVE
2026-08-31,EMMBI.NS,Emmbi Industries Limited,Capital Goods,90.3,87.91,9.6,3.0,🟢 Buy (Drifter),-2.65,,,17,ACTIVE
2026-08-31,ASKAUTOLTD.NS,ASKAUTOLTD.NS,Auto,659.9,618.9,8.9,3.0,🟡 Neutral (Priced-In),-6.21,,,17,ACTIVE
2026-08-31,ALMONDZ.NS,Almondz Global Securities Limited,Financial Services,17.5,18.41,8.5,3.0,🟡 Neutral (Priced-In),5.2,,,17,ACTIVE
2026-08-31,GEEKAYWIRE.NS,Geekay Wires Limited,Capital Goods,26.7,33.46,8.1,2.3,🟢 Buy (Drifter),25.32,,,17,ACTIVE
2026-08-31,INDGN.NS,INDGN.NS,IT & Technology,611.7,591.75,7.8,3.0,🟡 Neutral (Priced-In),-3.26,,,17,ACTIVE
2026-08-31,LUMAXTECH.NS,Lumax Auto Technologies Limited,Consumer Durables,2078.5,2018.0,7.7,3.0,🟡 Neutral (Priced-In),-2.91,,,17,ACTIVE
2026-08-31,AVTNPL.NS,AVT Natural Products Limited,Chemicals,92.1,85.45,7.5,3.0,🟡 Neutral (Priced-In),-7.22,,,17,ACTIVE
2026-08-31,GHCLTEXTIL.NS,GHCL Textiles Limited,Textiles,134.8,124.33,7.5,3.0,🟡 Neutral (Priced-In),-7.77,,,17,ACTIVE
2026-08-31,PGIL.NS,Pearl Global Industries Limited,Consumer Durables,2463.8,1143.1,7.4,3.0,🟡 Neutral (Priced-In),-53.6,,,17,ACTIVE
2026-08-31,EMKAY.NS,Emkay Global Financial Services Limited,Financial Services,257.2,248.95,7.3,2.3,🟡 Neutral (Priced-In),-3.21,,,17,ACTIVE
2026-08-31,HAPPYFORGE.NS,HAPPYFORGE.NS,Capital Goods,2412.0,2143.2,7.2,3.3,🟢 Buy (Drifter),-11.14,,,17,ACTIVE
2026-08-31,DRCSYSTEMS.NS,DRC Systems India Limited,IT & Technology,13.7,12.59,7.0,2.7,🟡 Neutral (Priced-In),-8.1,,,17,ACTIVE
2026-08-31,ATHERENERG.NS,Ather Energy Limited,Auto,1717.7,1550.0,6.3,3.0,🟡 Neutral (Priced-In),-9.76,,,17,ACTIVE
2026-08-31,AVALON.NS,Avalon Technologies Limited,Capital Goods,2373.3,2230.0,6.3,3.0,🟢 Buy (Drifter),-6.04,,,17,ACTIVE
2026-08-31,RENUKA.NS,Shree Renuka Sugars Limited,Consumer Goods,24.9,22.81,6.3,2.3,🟡 Neutral (Priced-In),-8.39,,,17,ACTIVE
2026-08-31,CYIENT.NS,Cyient Limited,Diversified,1174.8,1064.0,6.1,3.0,🟡 Neutral (Priced-In),-9.43,,,17,ACTIVE
2026-08-31,GAEL.NS,Gujarat Ambuja Exports Limited,Consumer Goods,176.9,159.41,6.0,2.3,🟡 Neutral (Priced-In),-9.89,,,17,ACTIVE
2026-08-31,VARROC.NS,Varroc Engineering Limited,Auto,862.0,846.15,6.0,3.0,🟡 Neutral (Priced-In),-1.84,,,17,ACTIVE
2026-08-31,BALRAMCHIN.NS,Balrampur Chini Mills Limited,Consumer Goods,693.5,675.7,5.9,2.7,🟡 Neutral (Priced-In),-2.57,,,17,ACTIVE
2026-08-31,CNL.NS,Creative Newtech Limited,IT & Technology,1279.6,1078.9,5.9,3.0,🟡 Neutral (Priced-In),-15.68,,,17,ACTIVE
2026-08-31,CSLFINANCE.NS,CSL Finance Limited,Financial Services,239.7,216.92,5.7,2.3,🟡 Neutral (Priced-In),-9.5,,,17,ACTIVE
2026-08-31,EBGNG.NS,EBGNG.NS,IT & Technology,612.5,661.65,5.6,3.0,🟡 Neutral (Priced-In),8.02,,,17,ACTIVE
2026-08-31,AMDIND.NS,AMD Industries Limited,Capital Goods,56.3,66.58,5.5,2.3,🟢 Buy (Drifter),18.26,,,17,ACTIVE
2026-08-31,INNOVACAP.NS,Innova Captab Limited,Pharma & Healthcare,1078.1,1149.5,5.5,2.3,🟡 Neutral (Priced-In),6.62,,,17,ACTIVE
2026-08-31,OLAELEC.NS,OLAELEC.NS,Auto,41.1,36.79,5.5,2.7,🟡 Neutral (Priced-In),-10.49,,,17,ACTIVE
2026-08-31,FOSECOIND.NS,Foseco India Limited,Chemicals,6432.0,6765.5,5.3,3.0,🟡 Neutral (Priced-In),5.19,,,17,ACTIVE
2026-08-31,SHILPAMED.NS,Shilpa Medicare Limited,Pharma & Healthcare,949.3,958.35,5.3,3.0,🟡 Neutral (Priced-In),0.95,,,17,ACTIVE
2026-08-31,INGERRAND.NS,Ingersoll-Rand (India) Limited,Capital Goods,4848.5,4225.2,5.2,2.7,🟢 Buy (Drifter),-12.86,,,17,ACTIVE
2026-08-31,NAZARA.NS,Nazara Technologies Limited,Media,372.7,362.55,5.1,3.0,🟡 Neutral (Priced-In),-2.72,,,17,ACTIVE
2026-08-31,ABCOTS.NS,ABCOTS.NS,Textiles,214.7,210.83,5.0,2.3,🟡 Neutral (Priced-In),-1.8,,,17,ACTIVE
2026-08-31,DGCONTENT.NS,Digicontent Limited,Hospitality,25.2,24.0,5.0,2.3,🟡 Neutral (Priced-In),-4.76,,,17,ACTIVE
2026-08-31,ATLANTAELE.NS,ATLANTAELE.NS,Capital Goods,1830.4,1633.3,4.9,2.7,🟢 Buy (Drifter),-10.77,,,17,ACTIVE
2026-08-31,AUROPHARMA.NS,Aurobindo Pharma Limited,Pharma & Healthcare,1717.0,1690.0,4.9,3.3,🟡 Neutral (Priced-In),-1.57,,,17,ACTIVE
2026-08-31,HCG.NS,HealthCare Global Enterprises Limited,Pharma & Healthcare,733.3,687.15,4.8,3.0,🟡 Neutral (Priced-In),-6.29,,,17,ACTIVE
2026-08-31,COMSYN.NS,Commercial Syn Bags Limited,Capital Goods,297.1,293.0,4.7,3.0,🟢 Buy (Drifter),-1.38,,,17,ACTIVE
2026-08-31,ELGIEQUIP.NS,Elgi Equipments Limited,Capital Goods,627.3,593.3,4.7,3.0,🟢 Buy (Drifter),-5.42,,,17,ACTIVE
2026-08-31,TRIVENI.NS,Triveni Engineering & Industries Limited,Consumer Goods,295.6,232.45,4.6,2.3,🟡 Neutral (Priced-In),-21.36,,,17,ACTIVE
2026-08-31,INDHOTEL.NS,The Indian Hotels Company Limited,Hospitality,737.9,726.65,4.5,2.3,🟡 Neutral (Priced-In),-1.52,,,17,ACTIVE
2026-08-31,KPRMILL.NS,K.P.R. Mill Limited,Textiles,1177.6,1095.4,4.5,2.7,🟡 Neutral (Priced-In),-6.98,,,17,ACTIVE
2026-08-31,VGUARD.NS,V-Guard Industries Limited,Consumer Durables,346.4,330.15,4.5,3.0,🟡 Neutral (Priced-In),-4.69,,,17,ACTIVE
2026-08-31,BLSE.NS,BLSE.NS,Capital Goods,327.9,314.5,4.4,3.0,🟢 Buy (Drifter),-4.09,,,17,ACTIVE
2026-08-31,BANG.NS,Bang Overseas Limited,Textiles,34.9,33.19,4.3,2.3,🟡 Neutral (Priced-In),-4.9,,,17,ACTIVE
2026-08-31,BANARISUG.NS,Bannari Amman Sugars Limited,Consumer Goods,3925.7,3302.8,4.2,2.7,🟡 Neutral (Priced-In),-15.87,,,17,ACTIVE
2026-08-31,PRICOLLTD.NS,Pricol Limited,Auto,803.2,752.5,4.2,2.7,🟡 Neutral (Priced-In),-6.31,,,17,ACTIVE
2026-08-31,SANSERA.NS,Sansera Engineering Limited,Auto,4018.0,4017.5,4.1,3.0,🟡 Neutral (Priced-In),-0.01,,,17,ACTIVE
2026-08-31,EPL.NS,EPL Limited,Capital Goods,262.1,231.4,4.0,2.3,🟢 Buy (Drifter),-11.71,,,17,ACTIVE
2026-08-31,PAYTM.NS,One97 Communications Limited,Financial Services,1717.1,1763.0,4.0,3.0,🟡 Neutral (Priced-In),2.67,,,17,ACTIVE
2026-09-01,ICDSLTD.NS,ICDS Limited,Real Estate,49.2,58.8,20.0,3.0,🟢 Buy (Drifter),19.51,,,16,ACTIVE
2026-09-01,AKI.NS,AKI India Limited,Consumer Durables,4.6,5.82,10.1,2.3,🟡 Neutral (Priced-In),26.52,,,16,ACTIVE
2026-09-01,DYCL.NS,Dynamic Cables Limited,Capital Goods,542.4,442.35,10.0,3.0,🟢 Buy (Drifter),-18.45,,,16,ACTIVE
2026-09-01,JINDWORLD.NS,Jindal Worldwide Limited,Consumer Durables,42.1,49.0,9.8,2.7,🟡 Neutral (Priced-In),16.39,,,16,ACTIVE
2026-09-01,GEEKAYWIRE.NS,Geekay Wires Limited,Capital Goods,29.1,33.46,9.0,2.7,🟢 Buy (Drifter),14.98,,,16,ACTIVE
2026-09-01,HGM.NS,Handson Global Management (HGM) Limited,IT & Technology,48.7,47.79,7.9,2.7,🟡 Neutral (Priced-In),-1.87,,,16,ACTIVE
2026-09-01,CAPLIPOINT.NS,Caplin Point Laboratories Limited,Pharma & Healthcare,2711.2,2596.6,7.7,3.0,🟡 Neutral (Priced-In),-4.23,,,16,ACTIVE
2026-09-01,DIVGIITTS.NS,Divgi TorqTransfer Systems Limited,Auto,1268.8,1122.2,6.9,3.0,🟡 Neutral (Priced-In),-11.55,,,16,ACTIVE
2026-09-01,ENGINERSIN.NS,Engineers India Limited,Infrastructure,280.0,263.75,6.9,3.0,🟡 Neutral (Priced-In),-5.8,,,16,ACTIVE
2026-09-01,WELCORP.NS,Welspun Corp Limited,Metals & Mining,2553.6,2460.3,6.8,3.0,🟡 Neutral (Priced-In),-3.65,,,16,ACTIVE
2026-09-01,GODREJAGRO.NS,Godrej Agrovet Limited,Consumer Goods,654.4,653.6,6.4,2.3,🟡 Neutral (Priced-In),-0.12,,,16,ACTIVE
2026-09-01,EBGNG.NS,EBGNG.NS,IT & Technology,650.5,661.65,6.2,3.0,🟡 Neutral (Priced-In),1.71,,,16,ACTIVE
2026-09-01,AEROFLEX.NS,Aeroflex Industries Limited,Capital Goods,552.0,497.6,5.1,3.0,🟢 Buy (Drifter),-9.86,,,16,ACTIVE
2026-09-01,AKSHARCHEM.NS,AksharChem (India) Limited,Chemicals,384.6,373.5,5.0,3.0,🟡 Neutral (Priced-In),-2.89,,,16,ACTIVE
2026-09-01,BEPL.NS,Bhansali Engineering Polymers Limited,Chemicals,127.2,127.47,5.0,3.0,🟡 Neutral (Priced-In),0.21,,,16,ACTIVE
2026-09-01,AYMSYNTEX.NS,AYM Syntex Limited,Textiles,294.2,281.95,4.9,3.0,🟡 Neutral (Priced-In),-4.16,,,16,ACTIVE
2026-09-01,GARUDA.NS,GARUDA.NS,Infrastructure,179.9,174.82,4.8,2.7,🟡 Neutral (Priced-In),-2.82,,,16,ACTIVE
2026-09-01,FISCHER.NS,Fischer Medical Ventures Limited,Pharma & Healthcare,36.8,33.3,4.4,2.7,🟡 Neutral (Priced-In),-9.51,,,16,ACTIVE
2026-09-01,GRAPHITE.NS,Graphite India Limited,Capital Goods,732.9,814.1,4.3,2.7,🟢 Buy (Drifter),11.08,,,16,ACTIVE
2026-09-01,HINDOILEXP.NS,Hindustan Oil Exploration Company Limited,Oil & Gas,169.0,180.95,4.3,2.7,🟡 Neutral (Priced-In),7.07,,,16,ACTIVE
2026-09-01,GHCLTEXTIL.NS,GHCL Textiles Limited,Textiles,140.4,124.33,4.2,3.3,🟡 Neutral (Priced-In),-11.45,,,16,ACTIVE
2026-09-01,SAILIFE.NS,SAILIFE.NS,Pharma & Healthcare,1518.1,1545.7,4.0,2.7,🟡 Neutral (Priced-In),1.82,,,16,ACTIVE
2026-09-02,ANTELOPUS.NS,Antelopus Selan Energy Limited,Oil & Gas,951.2,1130.85,20.0,3.0,🟡 Neutral (Priced-In),18.89,,,15,ACTIVE
2026-09-02,ICDSLTD.NS,ICDS Limited,Real Estate,59.1,58.8,20.0,3.0,🟢 Buy (Drifter),-0.51,,,15,ACTIVE
2026-09-02,AKI.NS,AKI India Limited,Consumer Durables,5.5,5.82,19.9,3.0,🟡 Neutral (Priced-In),5.82,,,15,ACTIVE
2026-09-02,IFCI.NS,IFCI Limited,Financial Services,98.3,77.09,12.7,3.0,🟡 Neutral (Priced-In),-21.58,,,15,ACTIVE
2026-09-02,CENTENKA.NS,Century Enka Limited,Textiles,602.3,564.4,10.7,3.0,🟡 Neutral (Priced-In),-6.29,,,15,ACTIVE
2026-09-02,BLUSPRING.NS,Bluspring Enterprises Limited,Capital Goods,132.4,123.72,9.0,3.0,🟢 Buy (Drifter),-6.56,,,15,ACTIVE
2026-09-02,ARIES.NS,Aries Agro Limited,Chemicals,495.4,477.6,8.0,3.0,🟡 Neutral (Priced-In),-3.59,,,15,ACTIVE
2026-09-02,NIACL.NS,The New India Assurance Company Limited,Insurance,199.1,197.05,7.2,3.0,🟡 Neutral (Priced-In),-1.03,,,15,ACTIVE
2026-09-02,HERITGFOOD.NS,Heritage Foods Limited,Consumer Goods,378.8,405.45,7.1,3.3,🟡 Neutral (Priced-In),7.04,,,15,ACTIVE
2026-09-02,DCW.NS,DCW Limited,Chemicals,47.6,45.42,6.8,2.3,🟡 Neutral (Priced-In),-4.58,,,15,ACTIVE
2026-09-02,AYMSYNTEX.NS,AYM Syntex Limited,Textiles,312.5,281.95,6.2,3.0,🟡 Neutral (Priced-In),-9.78,,,15,ACTIVE
2026-09-02,AEGISVOPAK.NS,Aegis Vopak Terminals Limited,Oil & Gas,286.3,310.7,6.0,2.7,🟡 Neutral (Priced-In),8.52,,,15,ACTIVE
2026-09-02,BLBLIMITED.NS,BLB Limited,Financial Services,17.1,15.99,5.9,2.7,🟡 Neutral (Priced-In),-6.49,,,15,ACTIVE
2026-09-02,WELENT.NS,Welspun Enterprises Limited,Capital Goods,741.7,778.7,5.1,3.0,🟢 Buy (Drifter),4.99,,,15,ACTIVE
2026-09-02,AKSHARCHEM.NS,AksharChem (India) Limited,Chemicals,403.9,373.5,5.0,3.0,🟡 Neutral (Priced-In),-7.53,,,15,ACTIVE
2026-09-02,ALPHAGEO.NS,Alphageo (India) Limited,Oil & Gas,300.0,294.95,4.7,3.0,🟡 Neutral (Priced-In),-1.68,,,15,ACTIVE
2026-09-02,ARCHIDPLY.NS,Archidply Industries Limited,Cement & Materials,106.5,101.48,4.7,2.3,🟡 Neutral (Priced-In),-4.71,,,15,ACTIVE
2026-09-02,GFLLIMITED.NS,GFL Limited,Financial Services,58.8,55.7,4.5,3.0,🟡 Neutral (Priced-In),-5.27,,,15,ACTIVE
2026-09-02,SAILIFE.NS,Sai Life Sciences Limited,Pharma & Healthcare,1587.0,1545.7,4.5,3.0,🟡 Neutral (Priced-In),-2.6,,,15,ACTIVE
2026-09-02,CLEAN.NS,Clean Science and Technology Limited,Chemicals,863.2,828.15,4.4,3.3,🟡 Neutral (Priced-In),-4.06,,,15,ACTIVE
2026-09-02,SHILPAMED.NS,Shilpa Medicare Limited,Pharma & Healthcare,928.5,958.35,4.4,3.0,🟡 Neutral (Priced-In),3.21,,,15,ACTIVE
2026-09-02,DEEPINDS.NS,Deep Industries Limited,Oil & Gas,693.7,734.7,4.3,3.0,🟡 Neutral (Priced-In),5.91,,,15,ACTIVE
2026-09-02,EXPLEOSOL.NS,Expleo Solutions Limited,IT & Technology,890.8,898.05,4.3,3.0,🟡 Neutral (Priced-In),0.81,,,15,ACTIVE
2026-09-02,GUFICBIO.NS,Gufic Biosciences Limited,Pharma & Healthcare,438.8,425.5,4.2,3.3,🟡 Neutral (Priced-In),-3.03,,,15,ACTIVE
2026-09-02,COALINDIA.NS,Coal India Limited,Oil & Gas,417.9,418.0,4.0,2.7,🟡 Neutral (Priced-In),0.02,,,15,ACTIVE
2026-09-03,AKI.NS,AKI India Limited,Consumer Durables,6.6,5.82,19.9,3.0,🟡 Neutral (Priced-In),-11.82,,,14,ACTIVE
2026-09-03,HIKAL.NS,Hikal Limited,Pharma & Healthcare,240.4,225.29,19.8,3.0,🟡 Neutral (Priced-In),-6.29,,,14,ACTIVE
2026-09-03,JINDWORLD.NS,Jindal Worldwide Limited,Consumer Durables,48.2,49.0,19.8,3.0,🟡 Neutral (Priced-In),1.66,,,14,ACTIVE
2026-09-03,BRIGADE.NS,Brigade Enterprises Limited,Real Estate,712.3,620.9,11.3,3.3,🟢 Buy (Drifter),-12.83,,,14,ACTIVE
2026-09-03,HINDOILEXP.NS,Hindustan Oil Exploration Company Limited,Oil & Gas,184.4,180.95,11.0,3.0,🟡 Neutral (Priced-In),-1.87,,,14,ACTIVE
2026-09-03,ICDSLTD.NS,ICDS Limited,Real Estate,65.0,58.8,10.0,3.0,🟢 Buy (Drifter),-9.54,,,14,ACTIVE
2026-09-03,ALEMBICLTD.NS,Alembic Limited,Real Estate,109.5,102.72,9.4,3.0,🟢 Buy (Drifter),-6.19,,,14,ACTIVE
2026-09-03,MANORAMA.NS,Manorama Industries Limited,Consumer Goods,1966.3,1939.1,8.4,2.3,🟡 Neutral (Priced-In),-1.38,,,14,ACTIVE
2026-09-03,JYOTICNC.NS,Jyoti CNC Automation Limited,Capital Goods,1026.8,980.85,7.5,3.3,🟢 Buy (Drifter),-4.48,,,14,ACTIVE
2026-09-03,DEEPINDS.NS,Deep Industries Limited,Oil & Gas,744.8,734.7,7.4,3.3,🟡 Neutral (Priced-In),-1.36,,,14,ACTIVE
2026-09-03,FINCABLES.NS,Finolex Cables Limited,Capital Goods,1272.9,1395.8,6.9,2.7,🟢 Buy (Drifter),9.66,,,14,ACTIVE
2026-09-03,EDELWEISS.NS,Edelweiss Financial Services Limited,Financial Services,134.8,128.34,6.8,2.7,🟡 Neutral (Priced-In),-4.79,,,14,ACTIVE
2026-09-03,ANANTRAJ.NS,Anant Raj Limited,Real Estate,628.3,596.9,6.7,3.0,🟢 Buy (Drifter),-5.0,,,14,ACTIVE
2026-09-03,HGM.NS,Handson Global Management (HGM) Limited,IT & Technology,51.5,47.79,6.6,3.0,🟡 Neutral (Priced-In),-7.2,,,14,ACTIVE
2026-09-03,ANTELOPUS.NS,Antelopus Selan Energy Limited,Oil & Gas,1013.3,1130.85,6.5,3.0,🟡 Neutral (Priced-In),11.6,,,14,ACTIVE
2026-09-03,AMBICAAGAR.NS,Ambica Agarbathies Aroma & Industries Limited,Consumer Goods,26.3,25.14,6.4,3.0,🟡 Neutral (Priced-In),-4.41,,,14,ACTIVE
2026-09-03,DONEAR.NS,Donear Industries Limited,Textiles,88.6,82.81,6.1,2.7,🟡 Neutral (Priced-In),-6.53,,,14,ACTIVE
2026-09-03,CGCL.NS,Capri Global Capital Limited,Financial Services,271.7,262.35,5.9,3.0,🟡 Neutral (Priced-In),-3.44,,,14,ACTIVE
2026-09-03,ELLEN.NS,Ellenbarrie Industrial Gases Limited,Chemicals,330.5,371.0,5.5,2.7,🟡 Neutral (Priced-In),12.25,,,14,ACTIVE
2026-09-03,GEEKAYWIRE.NS,Geekay Wires Limited,Capital Goods,29.4,33.46,5.5,2.7,🟢 Buy (Drifter),13.81,,,14,ACTIVE
2026-09-03,AYE.NS,Aye Finance Limited,Financial Services,180.6,180.98,5.4,3.0,🟡 Neutral (Priced-In),0.21,,,14,ACTIVE
2026-09-03,APARINDS.NS,APAR Industries Limited,Capital Goods,17704.0,17801.0,5.3,2.7,🟢 Buy (Drifter),0.55,,,14,ACTIVE
2026-09-03,ACE.NS,Action Construction Equipment Limited,Auto,1145.5,1205.6,5.2,3.0,🟡 Neutral (Priced-In),5.25,,,14,ACTIVE
2026-09-03,BALRAMCHIN.NS,Balrampur Chini Mills Limited,Consumer Goods,704.3,675.7,5.2,3.0,🟡 Neutral (Priced-In),-4.06,,,14,ACTIVE
2026-09-03,AVTNPL.NS,AVT Natural Products Limited,Chemicals,91.6,85.45,5.1,3.0,🟡 Neutral (Priced-In),-6.71,,,14,ACTIVE
2026-09-03,BTML.NS,Bodhi Tree Multimedia Limited,Media,8.5,7.25,5.1,3.0,🟡 Neutral (Priced-In),-14.71,,,14,ACTIVE
2026-09-03,KSL.NS,Kalyani Steels Limited,Metals & Mining,950.2,970.55,5.1,2.7,🟡 Neutral (Priced-In),2.14,,,14,ACTIVE
2026-09-03,AKSHARCHEM.NS,AksharChem (India) Limited,Chemicals,424.0,373.5,5.0,3.0,🟡 Neutral (Priced-In),-11.91,,,14,ACTIVE
2026-09-03,ALPHAGEO.NS,Alphageo (India) Limited,Oil & Gas,315.0,294.95,5.0,3.0,🟡 Neutral (Priced-In),-6.37,,,14,ACTIVE
2026-09-03,CEMPRO.NS,Cemindia Projects Limited,Infrastructure,1296.9,1255.1,4.9,2.7,🟡 Neutral (Priced-In),-3.22,,,14,ACTIVE
2026-09-03,KIRLOSENG.NS,Kirloskar Oil Engines Limited,Capital Goods,2267.6,2120.6,4.9,2.7,🟢 Buy (Drifter),-6.48,,,14,ACTIVE
2026-09-03,PTCIL.NS,PTC Industries Limited,Capital Goods,23820.0,22670.0,4.9,3.3,🟢 Buy (Drifter),-4.83,,,14,ACTIVE
2026-09-03,MAHABANK.NS,Bank of Maharashtra,Banking,86.3,80.8,4.8,3.0,🟡 Neutral (Priced-In),-6.37,,,14,ACTIVE
2026-09-03,RBLBANK.NS,RBL Bank Limited,Banking,408.1,404.15,4.8,3.0,🟡 Neutral (Priced-In),-0.97,,,14,ACTIVE
2026-09-03,VOLTAMP.NS,Voltamp Transformers Limited,Capital Goods,11182.0,10735.0,4.7,3.0,🟢 Buy (Drifter),-4.0,,,14,ACTIVE
2026-09-03,WELCORP.NS,Welspun Corp Limited,Metals & Mining,2641.6,2460.3,4.7,3.0,🟡 Neutral (Priced-In),-6.86,,,14,ACTIVE
2026-09-03,CAPLIPOINT.NS,Caplin Point Laboratories Limited,Pharma & Healthcare,2845.0,2596.6,4.6,3.0,🟡 Neutral (Priced-In),-8.73,,,14,ACTIVE
2026-09-03,ELECON.NS,Elecon Engineering Company Limited,Capital Goods,436.0,414.6,4.6,2.3,🟢 Buy (Drifter),-4.91,,,14,ACTIVE
2026-09-03,MSTCLTD.NS,MSTC Limited,Capital Goods,744.2,715.25,4.6,3.0,🟢 Buy (Drifter),-3.89,,,14,ACTIVE
2026-09-03,MANYAVAR.NS,Vedant Fashions Limited,Retail,568.2,567.6,4.4,3.3,🟡 Neutral (Priced-In),-0.11,,,14,ACTIVE
2026-09-03,SOLARINDS.NS,Solar Industries India Limited,Chemicals,21500.0,18815.0,4.4,3.0,🟡 Neutral (Priced-In),-12.49,,,14,ACTIVE
2026-09-03,SOUTHBANK.NS,The South Indian Bank Limited,Banking,47.7,45.88,4.3,2.3,🟡 Neutral (Priced-In),-3.82,,,14,ACTIVE
2026-09-04,JINDWORLD.NS,Jindal Worldwide Limited,Consumer Durables,57.5,49.0,19.4,3.0,🟡 Neutral (Priced-In),-14.78,,,13,ACTIVE
2026-09-04,NIACL.NS,The New India Assurance Company Limited,Insurance,229.9,197.05,17.7,3.0,🟡 Neutral (Priced-In),-14.29,,,13,ACTIVE
2026-09-04,PCJEWELLER.NS,PC Jeweller Limited,Consumer Durables,11.9,12.35,12.7,3.0,🟡 Neutral (Priced-In),3.78,,,13,ACTIVE
2026-09-04,ICDSLTD.NS,ICDS Limited,Real Estate,71.4,58.8,10.0,3.0,🟢 Buy (Drifter),-17.65,,,13,ACTIVE
2026-09-04,AKI.NS,AKI India Limited,Consumer Durables,7.2,5.82,9.9,3.0,🟡 Neutral (Priced-In),-19.17,,,13,ACTIVE
2026-09-04,JISLJALEQS.NS,Jain Irrigation Systems Limited,Capital Goods,30.9,30.2,9.6,3.0,🟢 Buy (Drifter),-2.27,,,13,ACTIVE
2026-09-04,HESTERBIO.NS,Hester Biosciences Limited,Pharma & Healthcare,2405.4,2245.8,9.3,2.7,🟡 Neutral (Priced-In),-6.64,,,13,ACTIVE
2026-09-04,PURVA.NS,Puravankara Limited,Real Estate,230.7,218.23,9.3,2.3,🟢 Buy (Drifter),-5.41,,,13,ACTIVE
2026-09-04,DOLPHIN.NS,Dolphin Offshore Enterprises (India) Limited,Oil & Gas,674.0,673.7,8.8,3.0,🟡 Neutral (Priced-In),-0.04,,,13,ACTIVE
2026-09-04,TEJASNET.NS,Tejas Networks Limited,Telecom,614.2,524.25,8.2,2.7,🟡 Neutral (Priced-In),-14.65,,,13,ACTIVE
2026-09-04,SKIPPER.NS,Skipper Limited,Capital Goods,591.1,532.55,8.1,3.0,🟢 Buy (Drifter),-9.91,,,13,ACTIVE
2026-09-04,HEADSUP.NS,Heads UP Ventures Limited,Retail,7.2,6.97,7.8,2.3,🟡 Neutral (Priced-In),-3.19,,,13,ACTIVE
2026-09-04,EXICOM.NS,Exicom Tele-Systems Limited,Capital Goods,177.9,160.09,7.1,3.0,🟢 Buy (Drifter),-10.01,,,13,ACTIVE
2026-09-04,GFLLIMITED.NS,GFL Limited,Financial Services,62.8,55.7,7.1,3.0,🟡 Neutral (Priced-In),-11.31,,,13,ACTIVE
2026-09-04,IONEXCHANG.NS,Ion Exchange (India) Limited,Capital Goods,409.2,424.35,7.1,2.7,🟢 Buy (Drifter),3.7,,,13,ACTIVE
2026-09-04,WOCKPHARMA.NS,Wockhardt Limited,Pharma & Healthcare,2088.7,2072.3,7.1,2.7,🟡 Neutral (Priced-In),-0.79,,,13,ACTIVE
2026-09-04,GMMPFAUDLR.NS,GMM Pfaudler Limited,Capital Goods,1147.9,1363.4,6.9,3.3,🟢 Buy (Drifter),18.77,,,13,ACTIVE
2026-09-04,FCL.NS,Fineotex Chemical Limited,Chemicals,51.5,52.99,6.5,3.0,🟡 Neutral (Priced-In),2.89,,,13,ACTIVE
2026-09-04,AFFLE.NS,Affle 3i Limited,Media,1616.5,1545.6,6.4,3.0,🟡 Neutral (Priced-In),-4.39,,,13,ACTIVE
2026-09-04,WELENT.NS,Welspun Enterprises Limited,Capital Goods,813.6,778.7,6.4,3.0,🟢 Buy (Drifter),-4.29,,,13,ACTIVE
2026-09-04,CINELINE.NS,Cineline India Limited,Media,95.2,92.95,6.0,2.7,🟡 Neutral (Priced-In),-2.36,,,13,ACTIVE
2026-09-04,DICIND.NS,DIC India Limited,Chemicals,618.6,628.45,5.9,2.3,🟡 Neutral (Priced-In),1.59,,,13,ACTIVE
2026-09-04,IGL.NS,Indraprastha Gas Limited,Oil & Gas,158.0,148.67,5.8,2.3,🟡 Neutral (Priced-In),-5.91,,,13,ACTIVE
2026-09-04,IFCI.NS,IFCI Limited,Financial Services,101.4,77.09,5.7,3.0,🟡 Neutral (Priced-In),-23.97,,,13,ACTIVE
2026-09-04,DEEPINDS.NS,Deep Industries Limited,Oil & Gas,786.5,734.7,5.6,3.3,🟡 Neutral (Priced-In),-6.59,,,13,ACTIVE
2026-09-04,GENCON.NS,Generic Engineering Construction and Projects Limited,Infrastructure,44.6,39.56,5.4,3.0,🟡 Neutral (Priced-In),-11.3,,,13,ACTIVE
2026-09-04,MAHSEAMLES.NS,Maharashtra Seamless Limited,Metals & Mining,688.1,720.2,5.3,2.7,🟡 Neutral (Priced-In),4.67,,,13,ACTIVE
2026-09-04,BLISSGVS.NS,Bliss GVS Pharma Limited,Pharma & Healthcare,671.0,690.65,5.0,3.3,🟡 Neutral (Priced-In),2.93,,,13,ACTIVE
2026-09-04,EMAMIPAP.NS,Emami Paper Mills Limited,Cement & Materials,115.9,111.97,5.0,3.0,🟡 Neutral (Priced-In),-3.39,,,13,ACTIVE
2026-09-04,HFCL.NS,HFCL Limited,Telecom,231.4,209.45,5.0,2.7,🟡 Neutral (Priced-In),-9.49,,,13,ACTIVE
2026-09-04,MTARTECH.NS,MTAR Technologies Limited,Capital Goods,7161.0,7060.0,5.0,3.0,🟢 Buy (Drifter),-1.41,,,13,ACTIVE
2026-09-04,STLTECH.NS,Sterlite Technologies Limited,Telecom,748.9,827.45,5.0,2.7,🟡 Neutral (Priced-In),10.49,,,13,ACTIVE
2026-09-04,THOMASCOOK.NS,Thomas Cook (India) Limited,Hospitality,111.7,103.42,5.0,3.0,🟡 Neutral (Priced-In),-7.41,,,13,ACTIVE
2026-09-04,AKSHARCHEM.NS,AksharChem (India) Limited,Chemicals,444.9,373.5,4.9,3.0,🟡 Neutral (Priced-In),-16.05,,,13,ACTIVE
2026-09-04,CARBORUNIV.NS,Carborundum Universal Limited,Diversified,1130.6,1083.6,4.9,2.3,🟡 Neutral (Priced-In),-4.16,,,13,ACTIVE
2026-09-04,ANGELONE.NS,Angel One Limited,Financial Services,299.8,295.0,4.8,2.3,🟡 Neutral (Priced-In),-1.6,,,13,ACTIVE
2026-09-04,KRN.NS,KRN Heat Exchanger and Refrigeration Limited,Capital Goods,1578.7,1392.8,4.8,3.0,🟢 Buy (Drifter),-11.78,,,13,ACTIVE
2026-09-04,MANYAVAR.NS,Vedant Fashions Limited,Retail,594.2,567.6,4.6,3.0,🟡 Neutral (Priced-In),-4.48,,,13,ACTIVE
2026-09-04,GICRE.NS,General Insurance Corporation of India,Insurance,358.5,339.8,4.5,2.3,🟡 Neutral (Priced-In),-5.22,,,13,ACTIVE
2026-09-04,HBLENGINE.NS,HBL Engineering Limited,Capital Goods,695.8,756.75,4.5,2.3,🟢 Buy (Drifter),8.76,,,13,ACTIVE
2026-09-04,BAGFILMS.NS,B.A.G. Films and Media Limited,Media,4.5,4.32,4.4,2.7,🟡 Neutral (Priced-In),-4.0,,,13,ACTIVE
2026-09-04,BALAMINES.NS,Balaji Amines Limited,Chemicals,2525.2,2148.9,4.4,3.0,🟡 Neutral (Priced-In),-14.9,,,13,ACTIVE
2026-09-04,INNOVACAP.NS,Innova Captab Limited,Pharma & Healthcare,1175.4,1149.5,4.4,2.7,🟡 Neutral (Priced-In),-2.2,,,13,ACTIVE
2026-09-04,AIRAN.NS,Airan Limited,IT & Technology,15.4,16.7,4.3,2.3,🟡 Neutral (Priced-In),8.44,,,13,ACTIVE
2026-09-04,APLAPOLLO.NS,APL Apollo Tubes Limited,Metals & Mining,2250.0,2148.5,4.2,2.7,🟡 Neutral (Priced-In),-4.51,,,13,ACTIVE
2026-09-04,DONEAR.NS,Donear Industries Limited,Textiles,92.2,82.81,4.2,2.7,🟡 Neutral (Priced-In),-10.18,,,13,ACTIVE
2026-09-04,NUVOCO.NS,Nuvoco Vistas Corporation Limited,Cement & Materials,352.1,319.0,4.2,3.0,🟡 Neutral (Priced-In),-9.4,,,13,ACTIVE
2026-09-04,ACMESOLAR.NS,ACME Solar Holdings Limited,Power & Utilities,418.0,411.3,4.0,3.0,🟢 Buy (Drifter),-1.6,,,13,ACTIVE
2026-09-07,PCJEWELLER.NS,PC Jeweller Limited,Consumer Durables,13.9,12.35,17.5,3.0,🟡 Neutral (Priced-In),-11.15,,,10,ACTIVE
2026-09-07,CENTUM.NS,Centum Electronics Limited,Capital Goods,4376.9,4343.4,16.2,2.7,🟢 Buy (Drifter),-0.77,,,10,ACTIVE
2026-09-07,SYRMA.NS,Syrma SGS Technology Limited,Capital Goods,1634.8,1617.7,12.2,3.0,🟢 Buy (Drifter),-1.05,,,10,ACTIVE
2026-09-07,ANDHRAPAP.NS,Andhra Paper Limited,Cement & Materials,72.2,71.88,12.0,3.0,🟡 Neutral (Priced-In),-0.44,,,10,ACTIVE
2026-09-07,ANUHPHR.NS,Anuh Pharma Limited,Pharma & Healthcare,90.3,93.68,11.3,3.0,🟡 Neutral (Priced-In),3.74,,,10,ACTIVE
2026-09-07,STAR.NS,Strides Pharma Science Limited,Pharma & Healthcare,1178.8,1200.2,11.2,2.7,🟡 Neutral (Priced-In),1.82,,,10,ACTIVE
2026-09-07,AKI.NS,AKI India Limited,Consumer Durables,7.9,5.82,10.0,3.0,🟡 Neutral (Priced-In),-26.33,,,10,ACTIVE
2026-09-07,FCL.NS,Fineotex Chemical Limited,Chemicals,56.7,52.99,10.0,3.0,🟡 Neutral (Priced-In),-6.54,,,10,ACTIVE
2026-09-07,HIKAL.NS,Hikal Limited,Pharma & Healthcare,243.0,225.29,9.3,3.0,🟡 Neutral (Priced-In),-7.29,,,10,ACTIVE
2026-09-07,ARFIN.NS,Arfin India Limited,Metals & Mining,95.3,87.88,9.2,3.0,🟡 Neutral (Priced-In),-7.79,,,10,ACTIVE
2026-09-07,AEROENTER.NS,Aeroflex Enterprises Limited,Metals & Mining,154.7,122.94,9.1,3.0,🟡 Neutral (Priced-In),-20.53,,,10,ACTIVE
2026-09-07,CHEMPLASTS.NS,Chemplast Sanmar Limited,Chemicals,185.5,167.8,8.9,3.0,🟡 Neutral (Priced-In),-9.54,,,10,ACTIVE
2026-09-07,BBOX.NS,Black Box Limited,IT & Technology,774.2,766.4,8.7,2.7,🟡 Neutral (Priced-In),-1.01,,,10,ACTIVE
2026-09-07,AVONMORE.NS,Avonmore Capital & Management Services Limited,Financial Services,14.1,12.02,8.3,2.3,🟡 Neutral (Priced-In),-14.75,,,10,ACTIVE
2026-09-07,BAIDFIN.NS,Baid Finserv Limited,Financial Services,10.9,10.55,7.6,2.7,🟡 Neutral (Priced-In),-3.21,,,10,ACTIVE
2026-09-07,GMMPFAUDLR.NS,GMM Pfaudler Limited,Capital Goods,1235.7,1363.4,7.6,3.0,🟢 Buy (Drifter),10.33,,,10,ACTIVE
2026-09-07,BHARATSE.NS,Bharat Seats Limited,Auto,227.6,209.22,7.5,2.3,🟡 Neutral (Priced-In),-8.08,,,10,ACTIVE
2026-09-07,ALMONDZ.NS,Almondz Global Securities Limited,Financial Services,19.2,18.41,7.3,3.0,🟡 Neutral (Priced-In),-4.11,,,10,ACTIVE
2026-09-07,IONEXCHANG.NS,Ion Exchange (India) Limited,Capital Goods,439.1,424.35,7.3,3.0,🟢 Buy (Drifter),-3.36,,,10,ACTIVE
2026-09-07,AVALON.NS,Avalon Technologies Limited,Capital Goods,2352.5,2230.0,7.1,3.0,🟢 Buy (Drifter),-5.21,,,10,ACTIVE
2026-09-07,MSTCLTD.NS,MSTC Limited,Capital Goods,785.7,715.25,7.0,3.0,🟢 Buy (Drifter),-8.97,,,10,ACTIVE
2026-09-07,DOLPHIN.NS,Dolphin Offshore Enterprises (India) Limited,Oil & Gas,720.4,673.7,6.9,3.3,🟡 Neutral (Priced-In),-6.48,,,10,ACTIVE
2026-09-07,BAGFILMS.NS,B.A.G. Films and Media Limited,Media,4.8,4.32,6.7,3.0,🟡 Neutral (Priced-In),-10.0,,,10,ACTIVE
2026-09-07,SUPRIYA.NS,Supriya Lifescience Limited,Pharma & Healthcare,909.1,900.65,6.6,2.3,🟡 Neutral (Priced-In),-0.93,,,10,ACTIVE
2026-09-07,AIRAN.NS,Airan Limited,IT & Technology,16.4,16.7,6.5,2.7,🟡 Neutral (Priced-In),1.83,,,10,ACTIVE
2026-09-07,TARC.NS,TARC Limited,Real Estate,134.9,130.69,6.2,2.7,🟢 Buy (Drifter),-3.12,,,10,ACTIVE
2026-09-07,CARTRADE.NS,CarTrade Tech Limited,Retail,3179.9,2938.0,6.0,3.0,🟡 Neutral (Priced-In),-7.61,,,10,ACTIVE
2026-09-07,BALPHARMA.NS,Bal Pharma Limited,Pharma & Healthcare,92.7,102.46,5.7,3.0,🟡 Neutral (Priced-In),10.53,,,10,ACTIVE
2026-09-07,WOCKPHARMA.NS,Wockhardt Limited,Pharma & Healthcare,2208.0,2072.3,5.7,3.0,🟡 Neutral (Priced-In),-6.15,,,10,ACTIVE
2026-09-07,ASHOKAMET.NS,Ashoka Metcast Limited,Metals & Mining,14.3,14.6,5.3,2.3,🟡 Neutral (Priced-In),2.1,,,10,ACTIVE
2026-09-07,JISLJALEQS.NS,Jain Irrigation Systems Limited,Capital Goods,32.5,30.2,5.3,3.0,🟢 Buy (Drifter),-7.08,,,10,ACTIVE
2026-09-07,PARAS.NS,Paras Defence and Space Technologies Limited,Aerospace & Defense,1489.4,1370.9,5.3,3.0,🟢 Buy (Drifter),-7.96,,,10,ACTIVE
2026-09-07,ASAHISONG.NS,Asahi Songwon Colors Limited,Chemicals,391.1,365.15,5.0,2.3,🟡 Neutral (Priced-In),-6.64,,,10,ACTIVE
2026-09-07,CHEVIOT.NS,Cheviot Company Limited,Textiles,1217.1,1161.5,5.0,2.7,🟡 Neutral (Priced-In),-4.57,,,10,ACTIVE
2026-09-07,GANESHBE.NS,Ganesh Benzoplast Limited,Chemicals,129.4,125.2,5.0,2.7,🟡 Neutral (Priced-In),-3.25,,,10,ACTIVE
2026-09-07,HFCL.NS,HFCL Limited,Telecom,243.0,209.45,5.0,2.7,🟡 Neutral (Priced-In),-13.81,,,10,ACTIVE
2026-09-07,MTARTECH.NS,MTAR Technologies Limited,Capital Goods,7519.0,7060.0,5.0,3.3,🟢 Buy (Drifter),-6.1,,,10,ACTIVE
2026-09-07,STLTECH.NS,Sterlite Technologies Limited,Telecom,786.3,827.45,5.0,3.0,🟡 Neutral (Priced-In),5.23,,,10,ACTIVE
2026-09-07,EMAMIPAP.NS,Emami Paper Mills Limited,Cement & Materials,121.3,111.97,4.7,3.0,🟡 Neutral (Priced-In),-7.69,,,10,ACTIVE
2026-09-07,RENUKA.NS,Shree Renuka Sugars Limited,Consumer Goods,25.1,22.81,4.6,2.3,🟡 Neutral (Priced-In),-9.12,,,10,ACTIVE
2026-09-07,DCW.NS,DCW Limited,Chemicals,48.0,45.42,4.4,2.7,🟡 Neutral (Priced-In),-5.38,,,10,ACTIVE
2026-09-07,GUJTHEM.NS,Gujarat Themis Biosyn Limited,Pharma & Healthcare,429.3,420.15,4.4,2.7,🟡 Neutral (Priced-In),-2.13,,,10,ACTIVE
2026-09-07,ZYDUSWELL.NS,Zydus Wellness Limited,Consumer Goods,555.3,546.15,4.4,2.3,🟡 Neutral (Priced-In),-1.65,,,10,ACTIVE
2026-09-07,AKSHARCHEM.NS,AksharChem (India) Limited,Chemicals,463.9,373.5,4.3,3.0,🟡 Neutral (Priced-In),-19.49,,,10,ACTIVE
2026-09-07,ALLTIME.NS,All Time Plastics Limited,Consumer Goods,214.6,208.01,4.2,2.3,🟡 Neutral (Priced-In),-3.07,,,10,ACTIVE
2026-09-07,BAJAJHIND.NS,Bajaj Hindusthan Sugar Limited,Consumer Goods,22.8,19.38,4.2,2.7,🟡 Neutral (Priced-In),-15.0,,,10,ACTIVE
2026-09-07,CEIGALL.NS,Ceigall India Limited,Infrastructure,370.3,390.0,4.1,2.7,🟡 Neutral (Priced-In),5.32,,,10,ACTIVE
2026-09-07,GENESYS.NS,Genesys International Corporation Limited,IT & Technology,240.2,284.42,4.0,3.0,🟡 Neutral (Priced-In),18.41,,,10,ACTIVE
2026-09-08,ASTEC.NS,Astec LifeSciences Limited,Chemicals,662.8,755.15,20.0,3.0,🟡 Neutral (Priced-In),13.93,,,9,ACTIVE
2026-09-08,GENESYS.NS,Genesys International Corporation Limited,IT & Technology,288.2,284.42,20.0,3.0,🟡 Neutral (Priced-In),-1.31,,,9,ACTIVE
2026-09-08,BAIDFIN.NS,Baid Finserv Limited,Financial Services,12.1,10.55,19.1,3.0,🟡 Neutral (Priced-In),-12.81,,,9,ACTIVE
2026-09-08,ATLASCYCLE.NS,Atlas Cycles (Haryana) Limited,Hospitality,113.0,89.76,17.5,3.0,🟡 Neutral (Priced-In),-20.57,,,9,ACTIVE
2026-09-08,CYIENTDLM.NS,Cyient DLM Limited,Aerospace & Defense,976.2,893.5,13.9,3.0,🟢 Buy (Drifter),-8.47,,,9,ACTIVE
2026-09-08,MIDHANI.NS,Mishra Dhatu Nigam Limited,Aerospace & Defense,477.0,407.85,13.9,3.0,🟢 Buy (Drifter),-14.5,,,9,ACTIVE
2026-09-08,ANMOL.NS,Anmol India Limited,Oil & Gas,11.4,14.77,12.9,3.0,🟡 Neutral (Priced-In),29.56,,,9,ACTIVE
2026-09-08,SYRMA.NS,Syrma SGS Technology Limited,Capital Goods,1639.2,1617.7,12.5,2.3,🟢 Buy (Drifter),-1.31,,,9,ACTIVE
2026-09-08,GMMPFAUDLR.NS,GMM Pfaudler Limited,Capital Goods,1285.2,1363.4,12.0,3.0,🟢 Buy (Drifter),6.08,,,9,ACTIVE
2026-09-08,ANTELOPUS.NS,Antelopus Selan Energy Limited,Oil & Gas,1099.2,1130.85,11.6,3.0,🟡 Neutral (Priced-In),2.88,,,9,ACTIVE
2026-09-08,AIRAN.NS,Airan Limited,IT & Technology,17.1,16.7,11.1,2.3,🟡 Neutral (Priced-In),-2.34,,,9,ACTIVE
2026-09-08,STLTECH.NS,Sterlite Technologies Limited,Telecom,824.7,827.45,10.1,3.0,🟡 Neutral (Priced-In),0.33,,,9,ACTIVE
2026-09-08,UNIMECH.NS,Unimech Aerospace and Manufacturing Limited,Aerospace & Defense,1629.6,1570.6,9.0,3.0,🟢 Buy (Drifter),-3.62,,,9,ACTIVE
2026-09-08,MTARTECH.NS,MTAR Technologies Limited,Capital Goods,7799.5,7060.0,8.9,3.3,🟢 Buy (Drifter),-9.48,,,9,ACTIVE
2026-09-08,GVT&D.NS,GE Vernova T&D India Limited,Capital Goods,4750.0,4341.0,8.8,2.7,🟢 Buy (Drifter),-8.61,,,9,ACTIVE
2026-09-08,AXISCADES.NS,AXISCADES Technologies Limited,Infrastructure,1848.6,1852.3,8.0,2.7,🟡 Neutral (Priced-In),0.2,,,9,ACTIVE
2026-09-08,BLISSGVS.NS,Bliss GVS Pharma Limited,Pharma & Healthcare,722.3,690.65,7.6,3.0,🟡 Neutral (Priced-In),-4.38,,,9,ACTIVE
2026-09-08,DATAPATTNS.NS,Data Patterns (India) Limited,Aerospace & Defense,4932.3,4411.1,7.6,3.0,🟢 Buy (Drifter),-10.57,,,9,ACTIVE
2026-09-08,GOODLUCK.NS,Goodluck India Limited,Metals & Mining,515.7,509.75,7.5,3.0,🟡 Neutral (Priced-In),-1.15,,,9,ACTIVE
2026-09-08,EBGNG.NS,GNG Electronics Limited,IT & Technology,665.2,661.65,7.4,3.0,🟡 Neutral (Priced-In),-0.53,,,9,ACTIVE
2026-09-08,LXCHEM.NS,Laxmi Organic Industries Limited,Chemicals,184.5,179.23,7.3,2.3,🟡 Neutral (Priced-In),-2.86,,,9,ACTIVE
2026-09-08,EMIL.NS,Electronics Mart India Limited,Retail,186.0,185.07,7.1,3.0,🟡 Neutral (Priced-In),-0.5,,,9,ACTIVE
2026-09-08,ASIANENE.NS,Asian Energy Services Limited,Oil & Gas,553.5,486.2,7.0,3.0,🟡 Neutral (Priced-In),-12.16,,,9,ACTIVE
2026-09-08,MANORAMA.NS,Manorama Industries Limited,Consumer Goods,2132.9,1939.1,7.0,2.7,🟡 Neutral (Priced-In),-9.09,,,9,ACTIVE
2026-09-08,AEROFLEX.NS,Aeroflex Industries Limited,Capital Goods,573.5,497.6,6.7,3.0,🟢 Buy (Drifter),-13.23,,,9,ACTIVE
2026-09-08,AGI.NS,AGI Greenpac Limited,Capital Goods,783.8,733.75,6.6,2.7,🟢 Buy (Drifter),-6.39,,,9,ACTIVE
2026-09-08,EVEREADY.NS,Eveready Industries India Limited,Capital Goods,348.9,334.1,6.6,2.7,🟢 Buy (Drifter),-4.24,,,9,ACTIVE
2026-09-08,NESCO.NS,Nesco Limited,Real Estate,1117.1,1081.5,6.6,2.3,🟢 Buy (Drifter),-3.19,,,9,ACTIVE
2026-09-08,SANSERA.NS,Sansera Engineering Limited,Auto,4033.6,4017.5,6.6,2.7,🟡 Neutral (Priced-In),-0.4,,,9,ACTIVE
2026-09-08,ASHOKAMET.NS,Ashoka Metcast Limited,Metals & Mining,14.4,14.6,6.3,2.3,🟡 Neutral (Priced-In),1.39,,,9,ACTIVE
2026-09-08,PARAS.NS,Paras Defence and Space Technologies Limited,Aerospace & Defense,1504.0,1370.9,6.3,2.7,🟢 Buy (Drifter),-8.85,,,9,ACTIVE
2026-09-08,CHEMPLASTS.NS,Chemplast Sanmar Limited,Chemicals,180.8,167.8,6.1,2.3,🟡 Neutral (Priced-In),-7.19,,,9,ACTIVE
2026-09-08,FINCABLES.NS,Finolex Cables Limited,Capital Goods,1302.3,1395.8,6.1,2.7,🟢 Buy (Drifter),7.18,,,9,ACTIVE
2026-09-08,CARTRADE.NS,CarTrade Tech Limited,Retail,3176.7,2938.0,5.9,3.0,🟡 Neutral (Priced-In),-7.51,,,9,ACTIVE
2026-09-08,NEULANDLAB.NS,Neuland Laboratories Limited,Pharma & Healthcare,23995.0,22665.0,5.9,2.7,🟡 Neutral (Priced-In),-5.54,,,9,ACTIVE
2026-09-08,ANUHPHR.NS,Anuh Pharma Limited,Pharma & Healthcare,95.5,93.68,5.8,3.0,🟡 Neutral (Priced-In),-1.91,,,9,ACTIVE
2026-09-08,HATSUN.NS,Hatsun Agro Product Limited,Consumer Goods,1198.0,1181.6,5.8,3.0,🟡 Neutral (Priced-In),-1.37,,,9,ACTIVE
2026-09-08,PPLPHARMA.NS,Piramal Pharma Limited,Pharma & Healthcare,226.6,204.71,5.8,2.3,🟡 Neutral (Priced-In),-9.66,,,9,ACTIVE
2026-09-08,AARTECH.NS,Aartech Solonics Limited,Capital Goods,51.4,51.4,5.6,3.0,🟢 Buy (Drifter),0.0,,,9,ACTIVE
2026-09-08,GUJTHEM.NS,Gujarat Themis Biosyn Limited,Pharma & Healthcare,453.2,420.15,5.6,3.0,🟡 Neutral (Priced-In),-7.29,,,9,ACTIVE
2026-09-08,ASIANHOTNR.NS,Asian Hotels (North) Limited,Hospitality,405.8,375.8,5.5,3.0,🟡 Neutral (Priced-In),-7.39,,,9,ACTIVE
2026-09-08,BEPL.NS,Bhansali Engineering Polymers Limited,Chemicals,133.8,127.47,5.5,3.0,🟡 Neutral (Priced-In),-4.73,,,9,ACTIVE
2026-09-08,TEGA.NS,Tega Industries Limited,Capital Goods,1632.4,1920.0,5.5,2.7,🟢 Buy (Drifter),17.62,,,9,ACTIVE
2026-09-08,GANESHBE.NS,Ganesh Benzoplast Limited,Chemicals,129.6,125.2,5.2,2.3,🟡 Neutral (Priced-In),-3.4,,,9,ACTIVE
2026-09-08,JUBLPHARMA.NS,Jubilant Pharmova Limited,Pharma & Healthcare,997.8,1012.1,5.0,3.0,🟡 Neutral (Priced-In),1.43,,,9,ACTIVE
2026-09-08,HIRECT.NS,Hirect Limited,Capital Goods,1281.4,1211.9,4.8,2.7,🟢 Buy (Drifter),-5.42,,,9,ACTIVE
2026-09-08,TDPOWERSYS.NS,TD Power Systems Limited,Capital Goods,768.8,722.1,4.7,3.0,🟢 Buy (Drifter),-6.07,,,9,ACTIVE
2026-09-08,EDELWEISS.NS,Edelweiss Financial Services Limited,Financial Services,138.8,128.34,4.6,3.0,🟡 Neutral (Priced-In),-7.54,,,9,ACTIVE
2026-09-08,GODREJAGRO.NS,Godrej Agrovet Limited,Consumer Goods,673.6,653.6,4.5,2.7,🟡 Neutral (Priced-In),-2.97,,,9,ACTIVE
2026-09-08,SFL.NS,Sheela Foam Limited,Consumer Durables,676.0,673.0,4.5,2.3,🟡 Neutral (Priced-In),-0.44,,,9,ACTIVE
2026-09-08,AVALON.NS,Avalon Technologies Limited,Capital Goods,2290.3,2230.0,4.3,2.7,🟢 Buy (Drifter),-2.63,,,9,ACTIVE
2026-09-08,SAILIFE.NS,Sai Life Sciences Limited,Pharma & Healthcare,1647.1,1545.7,4.3,3.0,🟡 Neutral (Priced-In),-6.16,,,9,ACTIVE
2026-09-08,DEEPINDS.NS,Deep Industries Limited,Oil & Gas,818.7,734.7,4.1,3.3,🟡 Neutral (Priced-In),-10.26,,,9,ACTIVE
2026-09-08,GALAXYSURF.NS,Galaxy Surfactants Limited,Chemicals,2251.9,2257.0,4.0,2.3,🟡 Neutral (Priced-In),0.23,,,9,ACTIVE
2026-09-09,BALPHARMA.NS,Bal Pharma Limited,Pharma & Healthcare,114.4,102.46,20.0,3.0,🟡 Neutral (Priced-In),-10.44,,,8,ACTIVE
2026-09-09,GOACARBON.NS,Goa Carbon Limited,Chemicals,463.5,378.3,20.0,3.0,🟡 Neutral (Priced-In),-18.38,,,8,ACTIVE
2026-09-09,ANMOL.NS,Anmol India Limited,Oil & Gas,13.6,14.77,19.8,3.0,🟡 Neutral (Priced-In),8.6,,,8,ACTIVE
2026-09-09,BIL.NS,Bhartiya International Ltd.,Consumer Durables,1108.2,1023.45,18.3,3.0,🟡 Neutral (Priced-In),-7.65,,,8,ACTIVE
2026-09-09,GRAPHITE.NS,Graphite India Limited,Capital Goods,844.7,814.1,15.0,3.0,🟢 Buy (Drifter),-3.62,,,8,ACTIVE
2026-09-09,ASTEC.NS,Astec LifeSciences Limited,Chemicals,761.0,755.15,14.8,3.0,🟡 Neutral (Priced-In),-0.77,,,8,ACTIVE
2026-09-09,SHAREINDIA.NS,Share India Securities Limited,Financial Services,189.5,218.44,11.2,3.0,🟡 Neutral (Priced-In),15.27,,,8,ACTIVE
2026-09-09,CHENNPETRO.NS,Chennai Petroleum Corporation Limited,Oil & Gas,1604.4,1414.1,10.1,2.7,🟡 Neutral (Priced-In),-11.86,,,8,ACTIVE
2026-09-09,ELLEN.NS,Ellenbarrie Industrial Gases Limited,Chemicals,355.0,371.0,10.0,2.7,🟡 Neutral (Priced-In),4.51,,,8,ACTIVE
2026-09-09,HLEGLAS.NS,HLE Glascoat Limited,Capital Goods,368.0,415.65,10.0,2.3,🟢 Buy (Drifter),12.95,,,8,ACTIVE
2026-09-09,CONFIPET.NS,Confidence Petroleum India Limited,Oil & Gas,90.7,86.76,9.9,3.0,🟡 Neutral (Priced-In),-4.34,,,8,ACTIVE
2026-09-09,EXCELSOFT.NS,Excelsoft Technologies Limited,IT & Technology,75.2,79.8,8.9,3.0,🟡 Neutral (Priced-In),6.12,,,8,ACTIVE
2026-09-09,AKG.NS,AKG Exim Limited,Capital Goods,10.5,10.32,7.0,2.3,🟢 Buy (Drifter),-1.71,,,8,ACTIVE
2026-09-09,HUHTAMAKI.NS,Huhtamaki India Limited,Capital Goods,267.9,243.6,6.8,2.7,🟢 Buy (Drifter),-9.07,,,8,ACTIVE
2026-09-09,MRPL.NS,Mangalore Refinery and Petrochemicals Limited,Oil & Gas,184.5,163.77,6.6,2.3,🟡 Neutral (Priced-In),-11.24,,,8,ACTIVE
2026-09-09,ANTELOPUS.NS,Antelopus Selan Energy Limited,Oil & Gas,1169.4,1130.85,6.4,3.0,🟡 Neutral (Priced-In),-3.3,,,8,ACTIVE
2026-09-09,BANG.NS,Bang Overseas Limited,Textiles,35.6,33.19,6.3,3.0,🟡 Neutral (Priced-In),-6.77,,,8,ACTIVE
2026-09-09,ELGIRUBCO.NS,Elgi Rubber Company Limited,Auto,62.8,60.81,6.3,2.7,🟡 Neutral (Priced-In),-3.17,,,8,ACTIVE
2026-09-09,WABAG.NS,VA Tech Wabag Limited,Infrastructure,2130.9,2074.8,6.1,3.0,🟡 Neutral (Priced-In),-2.63,,,8,ACTIVE
2026-09-09,EPACKPEB.NS,EPack Prefab Technologies Limited,Infrastructure,248.1,222.26,6.0,2.3,🟡 Neutral (Priced-In),-10.42,,,8,ACTIVE
2026-09-09,JSL.NS,Jindal Stainless Limited,Metals & Mining,783.3,724.45,6.0,3.0,🟡 Neutral (Priced-In),-7.51,,,8,ACTIVE
2026-09-09,AEGISLOG.NS,Aegis Logistics Limited,Oil & Gas,1343.4,1353.8,5.9,3.0,🟡 Neutral (Priced-In),0.77,,,8,ACTIVE
2026-09-09,BLUSPRING.NS,Bluspring Enterprises Limited,Capital Goods,130.5,123.72,5.6,3.0,🟢 Buy (Drifter),-5.2,,,8,ACTIVE
2026-09-09,QUESS.NS,Quess Corp Limited,Capital Goods,355.0,353.0,5.2,3.0,🟢 Buy (Drifter),-0.56,,,8,ACTIVE
2026-09-09,RBA.NS,Restaurant Brands Asia Limited,Hospitality,100.5,96.12,5.2,2.7,🟡 Neutral (Priced-In),-4.36,,,8,ACTIVE
2026-09-09,BECTORFOOD.NS,Mrs. Bectors Food Specialities Limited,Consumer Goods,242.1,220.81,5.1,2.7,🟡 Neutral (Priced-In),-8.79,,,8,ACTIVE
2026-09-09,CEWATER.NS,Concord Enviro Systems Limited,Power & Utilities,280.3,256.5,5.0,2.7,🟢 Buy (Drifter),-8.49,,,8,ACTIVE
2026-09-09,ICDSLTD.NS,ICDS Limited,Real Estate,64.3,58.8,5.0,3.0,🟢 Buy (Drifter),-8.55,,,8,ACTIVE
2026-09-09,SARDAEN.NS,Sarda Energy & Minerals Limited,Metals & Mining,545.8,506.95,5.0,3.3,🟡 Neutral (Priced-In),-7.12,,,8,ACTIVE
2026-09-09,STLTECH.NS,Sterlite Technologies Limited,Telecom,865.9,827.45,5.0,3.0,🟡 Neutral (Priced-In),-4.44,,,8,ACTIVE
2026-09-09,PAYTM.NS,One97 Communications Limited,Financial Services,1751.5,1763.0,4.9,3.0,🟡 Neutral (Priced-In),0.66,,,8,ACTIVE
2026-09-09,MAXHEALTH.NS,Max Healthcare Institute Limited,Pharma & Healthcare,1037.5,1037.0,4.5,3.0,🟡 Neutral (Priced-In),-0.05,,,8,ACTIVE
2026-09-09,AHCL.NS,Anlon Healthcare Limited,Pharma & Healthcare,16.3,21.84,4.3,2.7,🟡 Neutral (Priced-In),33.99,,,8,ACTIVE
2026-09-10,DIGJAMLMTD.NS,Digjam Limited,Textiles,61.8,58.67,20.0,3.0,🟡 Neutral (Priced-In),-5.06,,,7,ACTIVE
2026-09-10,BIOFILCHEM.NS,Biofil Chemicals and Pharmaceuticals Limited,Pharma & Healthcare,36.8,32.86,16.9,3.0,🟡 Neutral (Priced-In),-10.71,,,7,ACTIVE
2026-09-10,ANMOL.NS,Anmol India Limited,Oil & Gas,15.3,14.77,12.5,3.0,🟡 Neutral (Priced-In),-3.46,,,7,ACTIVE
2026-09-10,GENESYS.NS,Genesys International Corporation Limited,IT & Technology,299.7,284.42,9.2,3.0,🟡 Neutral (Priced-In),-5.1,,,7,ACTIVE
2026-09-10,AHCL.NS,Anlon Healthcare Limited,Pharma & Healthcare,17.5,21.84,7.7,3.0,🟡 Neutral (Priced-In),24.8,,,7,ACTIVE
2026-09-10,SHAKTIPUMP.NS,Shakti Pumps (India) Limited,Capital Goods,503.2,464.1,7.6,2.3,🟢 Buy (Drifter),-7.77,,,7,ACTIVE
2026-09-10,SWANCORP.NS,Swan Corp Limited,Diversified,298.1,289.8,7.4,3.0,🟡 Neutral (Priced-In),-2.78,,,7,ACTIVE
2026-09-10,ANDHRAPAP.NS,Andhra Paper Limited,Cement & Materials,72.6,71.88,6.6,3.0,🟡 Neutral (Priced-In),-0.99,,,7,ACTIVE
2026-09-10,ACUTAAS.NS,Acutaas Chemicals Limited,Chemicals,3451.4,3315.1,6.5,2.7,🟡 Neutral (Priced-In),-3.95,,,7,ACTIVE
2026-09-10,WELCORP.NS,Welspun Corp Limited,Metals & Mining,2776.9,2460.3,6.5,3.3,🟡 Neutral (Priced-In),-11.4,,,7,ACTIVE
2026-09-10,EXCELSOFT.NS,Excelsoft Technologies Limited,IT & Technology,80.1,79.8,6.4,3.0,🟡 Neutral (Priced-In),-0.37,,,7,ACTIVE
2026-09-10,BELLACASA.NS,Bella Casa Fashion & Retail Limited,Textiles,262.1,255.25,6.3,2.3,🟡 Neutral (Priced-In),-2.61,,,7,ACTIVE
2026-09-10,KSL.NS,Kalyani Steels Limited,Metals & Mining,968.2,970.55,6.3,3.0,🟡 Neutral (Priced-In),0.24,,,7,ACTIVE
2026-09-10,MAHSEAMLES.NS,Maharashtra Seamless Limited,Metals & Mining,719.0,720.2,6.3,3.0,🟡 Neutral (Priced-In),0.17,,,7,ACTIVE
2026-09-10,NEOGEN.NS,Neogen Chemicals Limited,Chemicals,2388.9,2395.6,5.9,2.7,🟡 Neutral (Priced-In),0.28,,,7,ACTIVE
2026-09-10,VARROC.NS,Varroc Engineering Limited,Auto,884.4,846.15,5.4,2.7,🟡 Neutral (Priced-In),-4.32,,,7,ACTIVE
2026-09-10,BLUSPRING.NS,Bluspring Enterprises Limited,Capital Goods,137.4,123.72,5.3,3.0,🟢 Buy (Drifter),-9.96,,,7,ACTIVE
2026-09-10,ELLEN.NS,Ellenbarrie Industrial Gases Limited,Chemicals,373.5,371.0,5.2,3.0,🟡 Neutral (Priced-In),-0.67,,,7,ACTIVE
2026-09-10,ATHERENERG.NS,Ather Energy Limited,Auto,1658.3,1550.0,5.0,3.0,🟡 Neutral (Priced-In),-6.53,,,7,ACTIVE
2026-09-10,EMIL.NS,Electronics Mart India Limited,Retail,191.8,185.07,5.0,2.7,🟡 Neutral (Priced-In),-3.51,,,7,ACTIVE
2026-09-10,INOXINDIA.NS,INOX India Limited,Capital Goods,2295.8,2014.8,5.0,3.0,🟢 Buy (Drifter),-12.24,,,7,ACTIVE
2026-09-10,OLAELEC.NS,Ola Electric Mobility Limited,Auto,39.2,36.79,4.9,2.3,🟡 Neutral (Priced-In),-6.15,,,7,ACTIVE
2026-09-10,EVEREADY.NS,Eveready Industries India Limited,Capital Goods,366.2,334.1,4.8,3.0,🟢 Buy (Drifter),-8.77,,,7,ACTIVE
2026-09-10,FINCABLES.NS,Finolex Cables Limited,Capital Goods,1418.4,1395.8,4.8,3.3,🟢 Buy (Drifter),-1.59,,,7,ACTIVE
2026-09-10,HERITGFOOD.NS,Heritage Foods Limited,Consumer Goods,398.0,405.45,4.7,3.0,🟡 Neutral (Priced-In),1.87,,,7,ACTIVE
2026-09-10,PGIL.NS,Pearl Global Industries Limited,Consumer Durables,2378.4,1143.1,4.4,2.7,🟡 Neutral (Priced-In),-51.94,,,7,ACTIVE
2026-09-10,THELEELA.NS,Leela Palaces Hotels & Resorts Limited,Hospitality,554.2,530.0,4.3,3.0,🟡 Neutral (Priced-In),-4.37,,,7,ACTIVE
2026-09-10,TSFINV.NS,TSF Investments Limited,Financial Services,441.1,445.95,4.3,2.7,🟡 Neutral (Priced-In),1.1,,,7,ACTIVE
2026-09-10,EMMVEE.NS,Emmvee Photovoltaic Power Limited,Power & Utilities,342.6,325.5,4.2,2.3,🟢 Buy (Drifter),-4.99,,,7,ACTIVE
2026-09-10,SHARDAMOTR.NS,Sharda Motor Industries Limited,Auto,946.2,948.35,4.1,3.0,🟡 Neutral (Priced-In),0.23,,,7,ACTIVE
2026-09-10,GANESHBE.NS,Ganesh Benzoplast Limited,Chemicals,133.4,125.2,4.0,2.7,🟡 Neutral (Priced-In),-6.15,,,7,ACTIVE
2026-09-11,ASHOKAMET.NS,Ashoka Metcast Limited,Metals & Mining,17.2,14.6,19.9,3.0,🟡 Neutral (Priced-In),-15.12,,,6,ACTIVE
2026-09-11,AWFIS.NS,Awfis Space Solutions Limited,Capital Goods,293.2,264.7,17.5,3.0,🟢 Buy (Drifter),-9.72,,,6,ACTIVE
2026-09-11,FILATEX.NS,Filatex India Limited,Textiles,87.4,90.35,14.6,3.0,🟡 Neutral (Priced-In),3.38,,,6,ACTIVE
2026-09-11,AMDIND.NS,AMD Industries Limited,Capital Goods,64.0,66.58,14.3,3.0,🟢 Buy (Drifter),4.03,,,6,ACTIVE
2026-09-11,AHCL.NS,Anlon Healthcare Limited,Pharma & Healthcare,19.6,21.84,11.6,3.0,🟡 Neutral (Priced-In),11.43,,,6,ACTIVE
2026-09-11,DIGJAMLMTD.NS,Digjam Limited,Textiles,68.4,58.67,10.6,3.0,🟡 Neutral (Priced-In),-14.23,,,6,ACTIVE
2026-09-11,ANMOL.NS,Anmol India Limited,Oil & Gas,16.9,14.77,10.0,3.0,🟡 Neutral (Priced-In),-12.6,,,6,ACTIVE
2026-09-11,HLEGLAS.NS,HLE Glascoat Limited,Capital Goods,404.4,415.65,10.0,2.7,🟢 Buy (Drifter),2.78,,,6,ACTIVE
2026-09-11,FINKURVE.NS,Finkurve Financial Services Limited,Financial Services,72.5,75.05,8.6,2.7,🟡 Neutral (Priced-In),3.52,,,6,ACTIVE
2026-09-11,BBOX.NS,Black Box Limited,IT & Technology,800.8,766.4,7.5,2.7,🟡 Neutral (Priced-In),-4.3,,,6,ACTIVE
2026-09-11,BLACKBUCK.NS,BlackBuck Limited,IT & Technology,628.2,611.5,7.2,3.3,🟡 Neutral (Priced-In),-2.66,,,6,ACTIVE
2026-09-11,AIIL.NS,Authum Investment & Infrastructure Limited,Financial Services,544.3,527.2,6.3,2.7,🟡 Neutral (Priced-In),-3.14,,,6,ACTIVE
2026-09-11,CCAVENUE.NS,AvenuesAI Limited,IT & Technology,16.3,16.32,6.1,2.3,🟡 Neutral (Priced-In),0.12,,,6,ACTIVE
2026-09-11,PTCIL.NS,PTC Industries Limited,Capital Goods,23630.0,22670.0,5.6,3.0,🟢 Buy (Drifter),-4.06,,,6,ACTIVE
2026-09-11,TDPOWERSYS.NS,TD Power Systems Limited,Capital Goods,804.9,722.1,5.5,2.7,🟢 Buy (Drifter),-10.29,,,6,ACTIVE
2026-09-11,YESBANK.NS,Yes Bank Limited,Banking,23.5,23.13,5.3,2.7,🟡 Neutral (Priced-In),-1.57,,,6,ACTIVE
2026-09-11,ALLTIME.NS,All Time Plastics Limited,Consumer Goods,221.1,208.01,5.2,2.3,🟡 Neutral (Priced-In),-5.92,,,6,ACTIVE
2026-09-11,STLTECH.NS,Sterlite Technologies Limited,Telecom,897.4,827.45,5.0,3.0,🟡 Neutral (Priced-In),-7.79,,,6,ACTIVE
2026-09-11,HERITGFOOD.NS,Heritage Foods Limited,Consumer Goods,417.4,405.45,4.9,3.3,🟡 Neutral (Priced-In),-2.86,,,6,ACTIVE
2026-09-11,DYNAMATECH.NS,Dynamatic Technologies Limited,Auto,12097.0,11819.0,4.8,3.0,🟡 Neutral (Priced-In),-2.3,,,6,ACTIVE
2026-09-11,SUNTV.NS,Sun TV Network Limited,Media,476.0,468.4,4.5,2.7,🟡 Neutral (Priced-In),-1.6,,,6,ACTIVE
2026-09-11,INDUSTOWER.NS,Indus Towers Limited,Telecom,388.0,381.35,4.3,2.7,🟡 Neutral (Priced-In),-1.71,,,6,ACTIVE
2026-09-11,ASPINWALL.NS,Aspinwall and Company Limited,Consumer Goods,260.5,255.0,4.1,2.7,🟡 Neutral (Priced-In),-2.11,,,6,ACTIVE
2026-09-11,BLUESTONE.NS,BlueStone Jewellery and Lifestyle Limited,Consumer Durables,890.3,831.2,4.1,2.7,🟡 Neutral (Priced-In),-6.64,,,6,ACTIVE
2026-09-11,ANUHPHR.NS,Anuh Pharma Limited,Pharma & Healthcare,94.9,93.68,4.0,2.7,🟡 Neutral (Priced-In),-1.29,,,6,ACTIVE
2026-09-14,ASHOKAMET.NS,Ashoka Metcast Limited,Metals & Mining,17.2,14.6,19.9,3.0,🟡 Neutral (Priced-In),-15.12,,,3,ACTIVE
2026-09-14,AWFIS.NS,Awfis Space Solutions Limited,Capital Goods,293.2,264.7,17.5,3.0,🟢 Buy (Drifter),-9.72,,,3,ACTIVE
2026-09-14,FILATEX.NS,Filatex India Limited,Textiles,87.4,90.35,14.6,3.0,🟡 Neutral (Priced-In),3.38,,,3,ACTIVE
2026-09-14,AMDIND.NS,AMD Industries Limited,Capital Goods,64.0,66.58,14.3,3.0,🟢 Buy (Drifter),4.03,,,3,ACTIVE
2026-09-14,AHCL.NS,Anlon Healthcare Limited,Pharma & Healthcare,19.6,21.84,11.6,3.0,🟡 Neutral (Priced-In),11.43,,,3,ACTIVE
2026-09-14,DIGJAMLMTD.NS,Digjam Limited,Textiles,68.4,58.67,10.6,3.0,🟡 Neutral (Priced-In),-14.23,,,3,ACTIVE
2026-09-14,ANMOL.NS,Anmol India Limited,Oil & Gas,16.9,14.77,10.0,3.0,🟡 Neutral (Priced-In),-12.6,,,3,ACTIVE
2026-09-14,HLEGLAS.NS,HLE Glascoat Limited,Capital Goods,404.4,415.65,10.0,2.7,🟢 Buy (Drifter),2.78,,,3,ACTIVE
2026-09-14,FINKURVE.NS,Finkurve Financial Services Limited,Financial Services,72.5,75.05,8.6,2.7,🟡 Neutral (Priced-In),3.52,,,3,ACTIVE
2026-09-14,BBOX.NS,Black Box Limited,IT & Technology,800.8,766.4,7.5,2.7,🟡 Neutral (Priced-In),-4.3,,,3,ACTIVE
2026-09-14,BLACKBUCK.NS,BlackBuck Limited,IT & Technology,628.2,611.5,7.2,3.3,🟡 Neutral (Priced-In),-2.66,,,3,ACTIVE
2026-09-14,AIIL.NS,Authum Investment & Infrastructure Limited,Financial Services,544.3,527.2,6.3,2.7,🟡 Neutral (Priced-In),-3.14,,,3,ACTIVE
2026-09-14,CCAVENUE.NS,AvenuesAI Limited,IT & Technology,16.3,16.32,6.1,2.3,🟡 Neutral (Priced-In),0.12,,,3,ACTIVE
2026-09-14,PTCIL.NS,PTC Industries Limited,Capital Goods,23630.0,22670.0,5.6,3.0,🟢 Buy (Drifter),-4.06,,,3,ACTIVE
2026-09-14,TDPOWERSYS.NS,TD Power Systems Limited,Capital Goods,804.9,722.1,5.5,2.7,🟢 Buy (Drifter),-10.29,,,3,ACTIVE
2026-09-14,YESBANK.NS,Yes Bank Limited,Banking,23.5,23.13,5.3,2.7,🟡 Neutral (Priced-In),-1.57,,,3,ACTIVE
2026-09-14,ALLTIME.NS,All Time Plastics Limited,Consumer Goods,221.1,208.01,5.2,2.3,🟡 Neutral (Priced-In),-5.92,,,3,ACTIVE
2026-09-14,STLTECH.NS,Sterlite Technologies Limited,Telecom,897.4,827.45,5.0,3.0,🟡 Neutral (Priced-In),-7.79,,,3,ACTIVE
2026-09-14,HERITGFOOD.NS,Heritage Foods Limited,Consumer Goods,417.4,405.45,4.9,3.3,🟡 Neutral (Priced-In),-2.86,,,3,ACTIVE
2026-09-14,DYNAMATECH.NS,Dynamatic Technologies Limited,Auto,12097.0,11819.0,4.8,3.0,🟡 Neutral (Priced-In),-2.3,,,3,ACTIVE
2026-09-14,SUNTV.NS,Sun TV Network Limited,Media,476.0,468.4,4.5,2.7,🟡 Neutral (Priced-In),-1.6,,,3,ACTIVE
2026-09-14,INDUSTOWER.NS,Indus Towers Limited,Telecom,388.0,381.35,4.3,2.7,🟡 Neutral (Priced-In),-1.71,,,3,ACTIVE
2026-09-14,ASPINWALL.NS,Aspinwall and Company Limited,Consumer Goods,260.5,255.0,4.1,2.7,🟡 Neutral (Priced-In),-2.11,,,3,ACTIVE
2026-09-14,BLUESTONE.NS,BlueStone Jewellery and Lifestyle Limited,Consumer Durables,890.3,831.2,4.1,2.7,🟡 Neutral (Priced-In),-6.64,,,3,ACTIVE
2026-09-14,ANUHPHR.NS,Anuh Pharma Limited,Pharma & Healthcare,94.9,93.68,4.0,2.7,🟡 Neutral (Priced-In),-1.29,,,3,ACTIVE
2026-09-15,EMUDHRA.NS,eMudhra Limited,IT & Technology,592.8,633.35,20.0,3.3,🟡 Neutral (Priced-In),6.84,,,2,ACTIVE
2026-09-15,HMAAGRO.NS,HMA Agro Industries Limited,Consumer Goods,23.4,23.08,16.6,2.7,🟡 Neutral (Priced-In),-1.37,,,2,ACTIVE
2026-09-15,FSL.NS,Firstsource Solutions Limited,IT & Technology,283.4,273.1,14.4,3.3,🟡 Neutral (Priced-In),-3.63,,,2,ACTIVE
2026-09-15,TATAINVEST.NS,Tata Investment Corporation Limited,Financial Services,718.3,719.3,10.4,2.3,🟡 Neutral (Priced-In),0.14,,,2,ACTIVE
2026-09-15,AMDIND.NS,AMD Industries Limited,Capital Goods,69.6,66.58,8.8,2.7,🟢 Buy (Drifter),-4.34,,,2,ACTIVE
2026-09-15,OPTIEMUS.NS,Optiemus Infracom Limited,Telecom,605.0,610.0,6.8,3.0,🟡 Neutral (Priced-In),0.83,,,2,ACTIVE
2026-09-15,GRPLTD.NS,GRP Limited,Auto,2046.2,1971.9,6.3,3.0,🟡 Neutral (Priced-In),-3.63,,,2,ACTIVE
2026-09-15,BALAJITELE.NS,Balaji Telefilms Limited,Media,95.5,95.97,5.4,3.0,🟡 Neutral (Priced-In),0.49,,,2,ACTIVE
2026-09-15,GEEKAYWIRE.NS,Geekay Wires Limited,Capital Goods,29.3,33.46,5.4,2.3,🟢 Buy (Drifter),14.2,,,2,ACTIVE
2026-09-15,ACMESOLAR.NS,ACME Solar Holdings Limited,Power & Utilities,420.4,411.3,4.5,3.3,🟢 Buy (Drifter),-2.16,,,2,ACTIVE
2026-09-15,HATSUN.NS,Hatsun Agro Product Limited,Consumer Goods,1275.0,1181.6,4.1,3.0,🟡 Neutral (Priced-In),-7.33,,,2,ACTIVE
2026-09-15,HEXT.NS,Hexaware Technologies Limited,IT & Technology,517.5,526.45,4.1,2.3,🟡 Neutral (Priced-In),1.73,,,2,ACTIVE
2026-09-16,ATAM.NS,Atam Valves Limited,Capital Goods,62.2,59.29,14.4,2.3,🟢 Buy (Drifter),-4.68,,,1,ACTIVE
2026-09-16,CSBBANK.NS,CSB Bank Limited,Banking,328.8,328.35,10.9,3.0,🟡 Neutral (Priced-In),-0.14,,,1,ACTIVE
2026-09-16,ANTELOPUS.NS,Antelopus Selan Energy Limited,Oil & Gas,1170.9,1130.85,10.7,3.0,🟡 Neutral (Priced-In),-3.42,,,1,ACTIVE
2026-09-16,FOSECOIND.NS,Foseco India Limited,Chemicals,6846.5,6765.5,10.0,3.0,🟡 Neutral (Priced-In),-1.18,,,1,ACTIVE
2026-09-16,HLVLTD.NS,HLV Limited,Hospitality,6.8,6.66,8.5,2.3,🟡 Neutral (Priced-In),-2.06,,,1,ACTIVE
2026-09-16,EMUDHRA.NS,eMudhra Limited,IT & Technology,642.3,633.35,8.3,3.0,🟡 Neutral (Priced-In),-1.39,,,1,ACTIVE
2026-09-16,PATANJALI.NS,Patanjali Foods Limited,Consumer Goods,365.0,354.45,7.8,3.0,🟡 Neutral (Priced-In),-2.89,,,1,ACTIVE
2026-09-16,ALMONDZ.NS,Almondz Global Securities Limited,Financial Services,18.0,18.41,6.9,3.0,🟡 Neutral (Priced-In),2.28,,,1,ACTIVE
2026-09-16,CENTUM.NS,Centum Electronics Limited,Capital Goods,4276.1,4343.4,6.6,3.0,🟢 Buy (Drifter),1.57,,,1,ACTIVE
2026-09-16,CLSEL.NS,Chaman Lal Setia Exports Ltd.,Consumer Goods,298.2,295.55,5.9,3.0,🟡 Neutral (Priced-In),-0.89,,,1,ACTIVE
2026-09-16,FILATEX.NS,Filatex India Limited,Textiles,87.2,90.35,5.8,3.0,🟡 Neutral (Priced-In),3.61,,,1,ACTIVE
2026-09-16,HIKAL.NS,Hikal Limited,Pharma & Healthcare,224.4,225.29,5.7,3.0,🟡 Neutral (Priced-In),0.4,,,1,ACTIVE
2026-09-16,ELLEN.NS,Ellenbarrie Industrial Gases Limited,Chemicals,374.6,371.0,5.5,3.0,🟡 Neutral (Priced-In),-0.96,,,1,ACTIVE
2026-09-16,HLEGLAS.NS,HLE Glascoat Limited,Capital Goods,416.9,415.65,5.4,2.7,🟢 Buy (Drifter),-0.3,,,1,ACTIVE
2026-09-16,POLICYBZR.NS,PB Fintech Limited,Financial Services,1827.1,1765.0,5.2,3.3,🟡 Neutral (Priced-In),-3.4,,,1,ACTIVE
2026-09-16,AIROLAM.NS,Airo Lam Limited,Consumer Durables,88.5,86.15,5.1,2.7,🟡 Neutral (Priced-In),-2.66,,,1,ACTIVE
2026-09-16,IMAGICAA.NS,Imagicaaworld Entertainment Limited,Media,53.0,51.18,5.1,3.0,🟡 Neutral (Priced-In),-3.43,,,1,ACTIVE
2026-09-16,GEECEE.NS,GeeCee Ventures Limited,Real Estate,367.1,370.95,4.9,2.3,🟢 Buy (Drifter),1.05,,,1,ACTIVE
2026-09-16,SAMHI.NS,SAMHI Hotels Limited,Hospitality,160.3,156.67,4.9,2.3,🟡 Neutral (Priced-In),-2.26,,,1,ACTIVE
2026-09-16,AHLADA.NS,Ahlada Engineers Limited,Cement & Materials,36.6,39.33,4.5,2.3,🟡 Neutral (Priced-In),7.46,,,1,ACTIVE
2026-09-16,VTL.NS,Vardhman Textiles Limited,Textiles,571.8,561.3,4.5,2.3,🟡 Neutral (Priced-In),-1.84,,,1,ACTIVE
2026-09-16,AEGISLOG.NS,Aegis Logistics Limited,Oil & Gas,1381.2,1353.8,4.4,2.7,🟡 Neutral (Priced-In),-1.98,,,1,ACTIVE
2026-09-16,3IINFOLTD.NS,3i Infotech Limited,IT & Technology,25.0,25.76,4.3,2.7,🟡 Neutral (Priced-In),3.04,,,1,ACTIVE
2026-09-16,GEEKAYWIRE.NS,Geekay Wires Limited,Capital Goods,30.6,33.46,4.2,2.3,🟢 Buy (Drifter),9.35,,,1,ACTIVE
2026-09-16,WELENT.NS,Welspun Enterprises Limited,Capital Goods,768.0,778.7,4.1,2.7,🟢 Buy (Drifter),1.39,,,1,ACTIVE
2026-09-17,ASTEC.NS,Astec LifeSciences Limited,Chemicals,755.2,755.15,14.1,3.0,🟡 Neutral (Priced-In),-0.01,,,0,ACTIVE
2026-09-17,TEGA.NS,Tega Industries Limited,Capital Goods,1920.0,1920.0,11.8,3.0,🟢 Buy (Drifter),0.0,,,0,ACTIVE
2026-09-17,SHAREINDIA.NS,Share India Securities Limited,Financial Services,218.4,218.44,11.4,2.7,🟡 Neutral (Priced-In),0.02,,,0,ACTIVE
2026-09-17,AXISCADES.NS,AXISCADES Technologies Limited,Infrastructure,1852.3,1852.3,10.0,3.0,🟡 Neutral (Priced-In),0.0,,,0,ACTIVE
2026-09-17,AWHCL.NS,Antony Waste Handling Cell Limited,Power & Utilities,379.6,379.6,9.9,3.0,🟢 Buy (Drifter),0.0,,,0,ACTIVE
2026-09-17,GEEKAYWIRE.NS,Geekay Wires Limited,Capital Goods,33.5,33.46,9.5,3.0,🟢 Buy (Drifter),-0.12,,,0,ACTIVE
2026-09-17,YATHARTH.NS,Yatharth Hospital & Trauma Care Services Limited,Pharma & Healthcare,1072.4,1072.4,9.2,3.0,🟡 Neutral (Priced-In),0.0,,,0,ACTIVE
2026-09-17,AHCL.NS,Anlon Healthcare Limited,Pharma & Healthcare,21.8,21.84,9.0,3.0,🟡 Neutral (Priced-In),0.18,,,0,ACTIVE
2026-09-17,CUBEXTUB.NS,Cubex Tubings Limited,Metals & Mining,81.6,81.63,8.7,2.3,🟡 Neutral (Priced-In),0.04,,,0,ACTIVE
2026-09-17,GNFC.NS,Gujarat Narmada Valley Fertilizers & Chemicals Limited,Chemicals,584.8,584.85,8.4,3.0,🟡 Neutral (Priced-In),0.01,,,0,ACTIVE
2026-09-17,ALGOQUANT.NS,Algoquant Fintech Limited,Financial Services,70.1,70.13,7.6,2.3,🟡 Neutral (Priced-In),0.04,,,0,ACTIVE
2026-09-17,HBLENGINE.NS,HBL Engineering Limited,Capital Goods,756.8,756.75,7.4,2.7,🟢 Buy (Drifter),-0.01,,,0,ACTIVE
2026-09-17,ELGIRUBCO.NS,Elgi Rubber Company Limited,Auto,60.8,60.81,7.3,2.7,🟡 Neutral (Priced-In),0.02,,,0,ACTIVE
2026-09-17,NIACL.NS,The New India Assurance Company Limited,Insurance,197.1,197.05,7.0,2.7,🟡 Neutral (Priced-In),-0.03,,,0,ACTIVE
2026-09-17,SYRMA.NS,Syrma SGS Technology Limited,Capital Goods,1617.7,1617.7,7.0,3.0,🟢 Buy (Drifter),-0.0,,,0,ACTIVE
2026-09-17,CCAVENUE.NS,AvenuesAI Limited,IT & Technology,16.3,16.32,6.5,2.3,🟡 Neutral (Priced-In),0.12,,,0,ACTIVE
2026-09-17,GOCLCORP.NS,GOCL Corporation Limited,Chemicals,456.1,456.15,6.5,2.3,🟡 Neutral (Priced-In),0.01,,,0,ACTIVE
2026-09-17,TATACHEM.NS,Tata Chemicals Limited,Chemicals,779.3,779.3,6.5,2.3,🟡 Neutral (Priced-In),-0.0,,,0,ACTIVE
2026-09-17,ARFIN.NS,Arfin India Limited,Metals & Mining,87.9,87.88,6.3,2.7,🟡 Neutral (Priced-In),-0.02,,,0,ACTIVE
2026-09-17,DOLPHIN.NS,Dolphin Offshore Enterprises (India) Limited,Oil & Gas,673.7,673.7,6.1,2.3,🟡 Neutral (Priced-In),0.0,,,0,ACTIVE
2026-09-17,TATAINVEST.NS,Tata Investment Corporation Limited,Financial Services,719.3,719.3,5.5,2.3,🟡 Neutral (Priced-In),-0.0,,,0,ACTIVE
2026-09-17,FOODSIN.NS,Foods and Inns Limited,Consumer Goods,54.8,54.79,5.4,2.7,🟡 Neutral (Priced-In),-0.02,,,0,ACTIVE
2026-09-17,INDIACEM.NS,The India Cements Limited,Cement & Materials,351.7,351.7,5.1,3.0,🟡 Neutral (Priced-In),0.0,,,0,ACTIVE
2026-09-17,ANUHPHR.NS,Anuh Pharma Limited,Pharma & Healthcare,93.7,93.68,5.0,2.7,🟡 Neutral (Priced-In),-0.02,,,0,ACTIVE
2026-09-17,GANESHBE.NS,Ganesh Benzoplast Limited,Chemicals,125.2,125.2,5.0,2.7,🟡 Neutral (Priced-In),-0.0,,,0,ACTIVE
2026-09-17,ACE.NS,Action Construction Equipment Limited,Auto,1205.6,1205.6,4.9,2.3,🟡 Neutral (Priced-In),-0.0,,,0,ACTIVE
2026-09-17,AKI.NS,AKI India Limited,Consumer Durables,5.8,5.82,4.9,2.3,🟡 Neutral (Priced-In),0.34,,,0,ACTIVE
2026-09-17,ASAHISONG.NS,Asahi Songwon Colors Limited,Chemicals,365.1,365.15,4.9,2.3,🟡 Neutral (Priced-In),0.01,,,0,ACTIVE
2026-09-17,PARADEEP.NS,Paradeep Phosphates Limited,Chemicals,153.8,153.81,4.7,3.0,🟡 Neutral (Priced-In),0.01,,,0,ACTIVE
2026-09-17,VIJAYA.NS,Vijaya Diagnostic Centre Limited,Pharma & Healthcare,1506.1,1506.1,4.7,2.3,🟡 Neutral (Priced-In),-0.0,,,0,ACTIVE
2026-09-17,AEGISVOPAK.NS,Aegis Vopak Terminals Limited,Oil & Gas,310.7,310.7,4.6,3.0,🟡 Neutral (Priced-In),0.0,,,0,ACTIVE
2026-09-17,AMDIND.NS,AMD Industries Limited,Capital Goods,66.6,66.58,4.6,2.3,🟢 Buy (Drifter),-0.03,,,0,ACTIVE
2026-09-17,WELSPUNLIV.NS,Welspun Living Limited,Textiles,212.2,212.25,4.6,3.0,🟡 Neutral (Priced-In),0.02,,,0,ACTIVE
2026-09-17,BHEL.NS,Bharat Heavy Electricals Limited,Capital Goods,429.2,429.2,4.5,3.0,🟢 Buy (Drifter),0.0,,,0,ACTIVE
2026-09-17,ICICIPRULI.NS,ICICI Prudential Life Insurance Company Limited,Insurance,490.5,490.5,4.4,2.7,🟡 Neutral (Priced-In),0.0,,,0,ACTIVE
2026-09-17,LXCHEM.NS,Laxmi Organic Industries Limited,Chemicals,179.2,179.23,4.4,2.3,🟡 Neutral (Priced-In),0.02,,,0,ACTIVE
2026-09-17,APARINDS.NS,APAR Industries Limited,Capital Goods,17801.0,17801.0,4.3,3.0,🟢 Buy (Drifter),0.0,,,0,ACTIVE
2026-09-17,GREENPLY.NS,Greenply Industries Limited,Cement & Materials,293.2,293.2,4.3,3.0,🟡 Neutral (Priced-In),0.0,,,0,ACTIVE
2026-09-17,BALAJITELE.NS,Balaji Telefilms Limited,Media,96.0,95.97,4.2,3.0,🟡 Neutral (Priced-In),-0.03,,,0,ACTIVE
2026-09-17,GEOJITFSL.NS,Geojit Financial Services Limited,Financial Services,80.1,80.12,4.2,2.3,🟡 Neutral (Priced-In),0.02,,,0,ACTIVE
2026-09-17,AYMSYNTEX.NS,AYM Syntex Limited,Textiles,282.0,281.95,4.1,3.0,🟡 Neutral (Priced-In),-0.02,,,0,ACTIVE
2026-09-17,GANDHAR.NS,Gandhar Oil Refinery (India) Limited,Oil & Gas,269.4,269.4,4.0,2.3,🟡 Neutral (Priced-In),-0.0,,,0,ACTIVE
2026-09-17,NEOGEN.NS,Neogen Chemicals Limited,Chemicals,2395.6,2395.6,4.0,2.7,🟡 Neutral (Priced-In),0.0,,,0,ACTIVE
2026-09-17,TTML.NS,Tata Teleservices (Maharashtra) Limited,Telecom,36.6,36.64,4.0,2.7,🟡 Neutral (Priced-In),0.11,,,0,ACTIVE
