ticker,name,sector,sector_granular,pe,forwardPE,pegRatio,pb,roe,roa,profitMargins,grossMargins,operatingMargins,ebitdaMargins,revenueGrowth,earningsGrowth,earningsQuarterlyGrowth,debtToEquity,marketCap,beta,earningsQuality,earningsTrend,fund_last_updated
20MICRONS.NS,20 Microns Limited,Metals & Mining,Minerals & Mining,10.789172,,1.9979948148148148,1.5122397,0.1381781939915512,0.0883676314355059,0.07119,0.47230998,0.11048,0.12637,-0.01,0.054,0.055,32.043,7313480704.0,0.73,1.5502277570272471,0.07132997628907133,2026-10-01
21STCENMGM.NS,Twentyfirst Century Management Services Limited,Financial Services,Capital Markets,-2.3170731707317076,,-0.007841195163220668,1.2070006,-0.727452581903984,-0.6079330569319445,0.0,0.0,0.94581,0.0,1.902,2.955,2.947,,399000000.0,0.501,0.09849713482538652,-2.9490991027501074,2026-10-01
360ONE.NS,360 One Wam Limited,Financial Services,Capital Markets,34.574467,25.408546,2.701130234375,4.2880764,0.12365055706143231,0.04470991329474456,0.26455998,0.72869,0.6107,0.6328,0.299,0.128,0.161,161.977,424230780928.0,0.47,-2.4018517148096072,0.19784300206835417,2026-10-01
3IINFOLTD.NS,3i Infotech Limited,IT & Technology,IT - Services,12.5419,,-0.4251491525423729,1.2593259,0.09302691641744058,0.053551202863313045,0.04895,0.08748,0.00298,-0.0068300003,0.043,-0.295,-0.152,16.298,4658420224.0,-0.276,-1.2289904117315285,0.3988165680473373,2026-10-01
3MINDIA.NS,3M India Limited,Diversified,Diversified,60.224117,39.623005,1.9302601602564102,19.619823,0.2954048016288211,0.16648976014025021,0.10865,0.40658,0.15554,0.18732001,0.19,0.312,0.312,9.6,346907836416.0,0.265,0.9835349977025578,0.0971495788434474,2026-10-01
5PAISA.NS,5paisa Capital Limited,Financial Services,Capital Markets,24.27859,20.409678,-0.8286208191126281,1.5243359,0.0680566337658497,0.02316785737694173,0.14894,1.0,0.19328,0.0,0.134,-0.293,0.002,58.31,14830253056.0,0.662,-2.3471166032953104,-0.3524635812058505,2026-10-01
63MOONS.NS,63 moons technologies limited,IT & Technology,IT - Software,-56.856839121190646,,-0.16221637409754822,1.0412935,-0.006316088029549574,-0.005772084965485897,-0.20482,0.07594,-0.58952,-0.92599,3.505,,,0.149,36966506496.0,0.65,13.059473024957986,0.32368316330222124,2026-10-01
A2ZINFRA.NS,A2Z Infra Engineering Limited,Infrastructure,Construction,68.4762,,-0.913016,5.1320486,0.0883885547039229,0.00949250925557098,0.01005,0.12979001,-0.0074400003,0.0073400005,-0.244,-0.75,-0.948,301.806,2552771328.0,0.055,-3.7994237233872257,-0.5126656339503628,2026-10-01
AAATECH.NS,AAA Technologies Limited,IT & Technology,IT - Services,54.552937,,8.659196349206349,3.8748224,0.06662252938896783,0.0631911387209224,0.10566,0.49607,0.17938,0.08179,-0.114,0.063,0.063,,1189557376.0,0.327,1.3070919579233118,-0.4122959459844449,2026-10-01
AADHARHFC.NS,Aadhar Housing Finance Limited,Financial Services,Finance,17.400078,12.123753,0.9456564130434784,2.590799,0.14532502131711245,0.039997313754888894,0.48151,0.98473,0.61723,0.0,0.196,0.184,0.19,255.574,196575494144.0,0.381,-2.5622148410409897,0.20184683548468466,2026-10-01
AAKASH.NS,Aakash Exploration Services Limited,Oil & Gas,Oil,,,,1.2918216,0.054792533972070886,0.03298262251176326,0.029930001,0.83101,-0.01026,0.12354,0.169,0.0,-0.024,41.927,844425024.0,-0.116,4.123227795635447,0.9013080725771404,2026-10-01
AARON.NS,Aaron Industries Limited,Capital Goods,Industrial Manufacturing,37.996914,,0.2683397881355932,5.3046365,0.13982909639966923,0.0745505514463952,0.0854,0.35539,0.16079001,0.20173,0.27,1.416,1.419,57.079,2578721024.0,0.138,1.1284314590872981,-0.17539305124223603,2026-10-01
AARTECH.NS,Aartech Solonics Limited,Capital Goods,Electrical Equipment,31.116882,,0.21459918620689655,4.910339,0.11311031282315706,0.07842312341494631,0.10617,0.44229,0.104370005,0.16237,0.68,1.45,0.628,16.02,1522436352.0,0.771,-0.1887671577886916,0.4364011287171695,2026-10-01
AARTIDRUGS.NS,Aarti Drugs Limited,Pharma & Healthcare,Pharmaceuticals & Biotechnology,20.105062,15.089606,-2.9137771014492753,2.4795628,0.12584563753622824,0.06923591753839657,0.0714,0.37521,0.11462,0.12547,0.19,-0.069,-0.069,37.221,38424670208.0,0.314,1.3007484195869634,0.15912903599877495,2026-10-01
AARTIIND.NS,Aarti Industries Limited,Chemicals,Chemicals & Petrochemicals,31.856163,23.164347,0.1234735,2.8232195,0.07036969867945567,0.03150772580624545,0.05901,0.35997,0.08881,0.14399,0.425,2.58,2.605,83.392,168711012352.0,0.636,1.8632176776595237,0.26653972859431196,2026-10-01
AARTIPHARM.NS,Aarti Pharmalabs Limited,Pharma & Healthcare,Pharmaceuticals & Biotechnology,42.85398,37.980392,0.7980256983240223,4.134031,0.08223050067763198,0.050178649494777836,0.10402001,0.5419,0.19152,0.22323999,0.387,0.537,0.538,37.359,87823400960.0,0.274,1.499259046416492,-0.35864823233658144,2026-10-01
AARTISURF.NS,Aarti Surfactants Limited,Chemicals,Chemicals & Petrochemicals,22.97235,,0.11146215429403201,1.7209654,0.05039117969605489,0.023888257590053957,0.020079998,0.16405001,0.056950003,0.06077,0.264,2.061,2.058,42.536,4222746112.0,0.695,6.209745505221964,-0.1514366057739245,2026-10-01
AARVI.NS,Aarvi Encon Limited,Capital Goods,Commercial Services & Supplies,10.555812,,0.24663112149532712,1.4294798,0.12402811036358491,0.07436432335661408,0.02893,0.27079,0.02316,0.033150002,0.141,0.428,0.423,18.792,2030843136.0,-0.102,0.456615873556369,0.7542436159092041,2026-10-01
AAVAS.NS,Aavas Financiers Limited,Financial Services,Finance,13.820355,10.362985,0.5931482832618026,1.8672233,0.12965775730023815,0.030872422968288477,0.42543998,0.99343,0.54527,0.0,0.169,0.233,0.23,310.553,94431617024.0,0.525,-2.11704960883751,0.14069316550434222,2026-10-01
ABB.NS,ABB India Limited,Capital Goods,Industrial Manufacturing,92.56775,65.78928,30.85591666666667,15.662205,0.19131,0.07907,0.21349001,0.37280998,0.11459,0.13784,0.121,0.03,0.03,1.547,1462167797760.0,0.483,0.9300926004162897,-0.10866405932764849,2026-10-01
ABBOTINDIA.NS,Abbott India Limited,Pharma & Healthcare,Pharmaceuticals & Biotechnology,35.33904,29.688944,2.066610526315789,11.946139,0.32508551188788043,0.23870143172873284,0.23052,0.47241002,0.27719998,0.27479,0.043,0.171,0.171,3.602,570331234304.0,0.043,0.8500148193966572,0.09726817680495461,2026-10-01
ABCAPITAL.NS,Aditya Birla Capital Limited,Financial Services,Finance,24.27508,14.783755,0.6208460358056266,2.8541312,0.10935938095076243,0.011224112170219831,0.119449995,0.28106,0.17869,0.0,0.314,0.391,0.407,495.936,1026810314752.0,0.681,-9.7075885445306,0.1296904258894704,2026-10-01
ABCOTS.NS,A B Cotspin India Limited,Textiles,Textiles & Apparels,29.813189,,1.3866599534883721,2.7236614,0.08503099221425453,0.041639459637233214,0.04188,0.25438,0.08523,0.12475,0.514,0.215,0.222,95.828,4171111168.0,-0.656,2.6461801797652766,0.2757013463892289,2026-10-01
ABDL.NS,Allied Blenders and Distillers Limited,Consumer Goods,Beverages,86.33418,43.554485,-6.692572093023256,11.4304695,0.1373228403096568,0.05496833511636113,0.05554,0.45597,0.09467,0.13609,0.061,-0.129,-0.13,68.251,190049058816.0,0.805,1.5853095254467264,0.17169974956893014,2026-10-01
ABFRL.NS,Aditya Birla Fashion and Retail Limited,Textiles,Textiles & Apparels,-6.946957878315133,-7.8241262,-0.6553733847467107,0.92809504,-0.13287926481317197,-0.043694388754983896,-0.09308,0.54804003,-0.114930004,-0.0378,0.106,,,98.822,54183088128.0,0.006,-0.20718143035739603,-1.0645255707519556,2026-10-01
ABINFRA.NS,A B Infrabuild Limited,Infrastructure,Construction,41.866665,,1.6164735521235518,4.9216304,0.11425342707706922,0.053481896461141126,0.07196,0.19795,0.12043,0.14239,0.259,0.0,0.044,68.314,8023194624.0,0.358,-2.6458252547657084,0.19971342794759825,2026-10-01
ABLBL.NS,Aditya Birla Lifestyle Brands Limited,Retail,Retailing,51.337933,24.012905,2.56689665,6.4338813,0.12112392808333157,0.019615713212653596,0.02046,0.57197,0.050819997,0.09656,0.111,0.2,0.206,213.719,90417668096.0,,7.125460391698334,1.86996644295302,2026-10-01
ABREL.NS,Aditya Birla Real Estate Limited,Real Estate,Realty,-34.63959710418634,18.829815,-1.166316400814355,3.2892377,-0.02789119138783131,-0.005101627261925709,-0.25416002,0.58744997,-0.38474998,-0.80021006,0.297,,,152.371,121690914816.0,0.417,-7.239197829877931,0.3599950396825397,2026-10-01
ABSLAMC.NS,Aditya Birla Sun Life AMC Limited,Financial Services,Capital Markets,28.546343,22.839548,2.5262250442477874,7.086406,0.2412548309358036,0.22083239910948652,0.47594002,0.76512,0.65116,0.62608004,0.106,0.113,0.117,1.577,286973329408.0,0.364,0.8326889351533736,0.047786374382119065,2026-10-01
ACC.NS,ACC Limited,Cement & Materials,Other Construction Materials,11.665845,12.0441065,2.33,1.0808222,0.10399094135725874,0.07764032020042681,0.07563,0.40609002,0.03375,0.09591,-0.038,-0.606,-0.608,2.085,222114791424.0,0.349,-0.6382617321847202,-0.11034003297087573,2026-10-01
ACCELYA.NS,Accelya Solutions India Limited,IT & Technology,IT - Services,17.046267,17.479233,-1.6549773786407769,6.5297694,0.36141,0.19558,0.17919001,0.71698,0.31774,0.32521,-0.035,-0.103,-0.103,6.276,16332313600.0,0.519,1.0396763738844528,-0.2607174774582048,2026-10-01
ACCURACY.NS,Accuracy Shipping Limited,Infrastructure,Transport Services,15.884617,,-1.2313656589147286,0.48565385,0.03162587805112743,0.012162403863351816,0.00614,0.07595,0.02614,0.047259998,-0.129,0.0,0.178,124.622,621812800.0,0.269,6.302231237322515,-0.15219260533104043,2026-10-01
ACE.NS,Action Construction Equipment Limited,Auto,"Agricultural, Commercial & Construction Vehicles",33.0237,25.738855,1.4808834080717488,7.173882,0.2064107032490564,0.12765395446927308,0.12796,0.32229,0.13842,0.15519,0.205,0.223,0.223,0.393,144297508864.0,0.387,1.005212357305214,0.014349054515117348,2026-10-01
ACEINTEG.NS,Ace Integrated Solutions Limited,Capital Goods,Commercial Services & Supplies,-18.43010752688172,,0.2614199649203081,1.4548849,-0.056920311563810666,-0.055915244261330196,-1.7,-1.2,-2.38462,-2.835,-0.705,,,0.479,174828000.0,0.164,0.16842105263157894,0.391025641025641,2026-10-01
ACI.NS,Archean Chemical Industries Limited,Chemicals,Chemicals & Petrochemicals,59.75472,15.324193,-2.5212962025316457,3.0318985,0.05524191945397559,0.04010062965397045,0.08724,0.92349,0.13467,0.19688,0.119,-0.237,-0.237,24.128,58648907776.0,0.177,1.3066655811280992,-0.3409789902725091,2026-10-01
ACL.NS,Andhra Cements Limited,Cement & Materials,Other Construction Materials,-4.928571428571428,,-0.1151535380507343,4.489726,-0.8318057963834531,-0.04729377631931045,-0.15141,0.39141998,-0.119720004,0.02283,0.428,,,1395.925,3625130496.0,1.017,0.3744788564621799,0.5584774176582736,2026-10-01
ACMESOLAR.NS,ACME Solar Holdings Limited,Power & Utilities,Power,44.592785,17.375645,0.6236753146853147,5.176458,0.09857093238699653,0.01748106511390609,0.21146,0.98635,0.67576,0.89101,0.468,0.715,0.799,393.194,305506353152.0,,2.5026126694927995,0.9789732971583607,2026-10-01
ACUTAAS.NS,Acutaas Chemicals Limited,Chemicals,Chemicals & Petrochemicals,68.15565,43.549774,1.0157324888226524,15.830134,0.2154473285231086,0.17956739443345832,0.26421,0.58419997,0.31319,0.37173,0.591,0.671,0.677,2.081,261701042176.0,0.024,0.8201242199063424,1.2446425511109318,2026-10-01
ADANIENSOL.NS,Adani Energy Solutions Limited,Power & Utilities,Power,54.539474,36.750153,0.43948004834810633,6.2663584,0.08976645007735708,0.02458708425665687,0.095769994,0.43660998,0.24952,0.31635,0.424,1.241,1.242,194.5,1622126886912.0,0.652,4.817738133833361,1.153400567940602,2026-10-01
ADANIENT.NS,Adani Enterprises Limited,Oil & Gas,Consumable Fuels,48.996346,42.782505,0.9818907014028057,4.499458,0.11540760411215438,0.0357012901550017,0.06546,0.43306,0.09395,0.1342,0.499,,,119.56,3813166022656.0,0.797,0.2523601446334749,0.3156036061417101,2026-10-01
ADANIGREEN.NS,Adani Green Energy Limited,Power & Utilities,Power,121.76527,42.77577,6.581906486486487,10.896593,0.08274480340596044,0.01146449960790301,0.13095,0.94693,0.6678,0.85926,0.166,0.185,0.185,346.548,2101961555968.0,1.056,6.13498789346247,0.1440443213296399,2026-10-01
ADANIPORTS.NS,Adani Ports and Special Economic Zone Limited,Infrastructure,Transport Services,29.645174,22.230867,12.352155833333335,4.172439,0.1332241355813714,0.06910518082855353,0.32431,0.64402,0.4463,0.57613,0.186,0.024,0.092,64.051,4003820208128.0,0.493,1.5895608458708705,0.1545124505175207,2026-10-01
ADANIPOWER.NS,Adani Power Limited,Power & Utilities,Power,26.586721,24.734234,0.5988000225225225,5.826924,0.19764269549137561,0.09020457700566602,0.24148001,0.43477002,0.35876998,0.37247002,0.34,0.444,0.42,82.332,3783850196992.0,0.455,1.5983458388848633,-0.008074183249257851,2026-10-01
ADFFOODS.NS,ADF Foods Limited,Consumer Goods,Food Products,33.62007,,2.5861592307692307,5.4055095,0.157229646228444,0.11918289220311433,0.12815,0.59547,0.14308,0.17785,0.259,0.13,0.134,9.628,30915614720.0,0.568,0.6404812502988632,0.29843608540524463,2026-10-01
ADL.NS,Archidply Decor Limited,Consumer Durables,Consumer Durables,-381.6842105263158,,3816.8421052631575,0.7026042,3.934390110517018e-05,2.6589733703816956e-05,-0.00223,0.30767,-0.0327,0.03743,-0.001,,,37.408,403664416.0,0.395,1223.8,-0.9646017699115044,2026-10-01
ADOR.NS,Ador Welding Limited,Capital Goods,Industrial Manufacturing,24.122889,19.174603,1.0534012663755459,4.9290957,0.14786090469663082,0.09855379103903442,0.094799995,0.36903998,0.09927,0.13397999,0.229,,,0.532,27329382400.0,0.545,1.413271529641376,0.365195670274771,2026-10-01
ADROITINFO.NS,Adroit Infotech Limited,IT & Technology,IT - Services,17.645569,,-0.7058227599999999,0.9738037,0.042533959989426794,0.028712885937936576,0.057290003,0.45721,0.03716,0.089650005,0.527,-0.25,-0.254,34.111,761521536.0,-0.189,2.1833449540728167,3.7925323260206305,2026-10-01
ADSL.NS,Allied Digital Services Limited,IT & Technology,IT - Services,17.353996,10.328155,-3.615415833333333,0.9824166,0.046951646811492644,0.02722573450892562,0.025559999,0.18427,0.06803,0.05855,0.189,-0.048,-0.208,20.27,6026490880.0,0.687,-2.725442554668518,0.03595828838547285,2026-10-01
ADVAIT.NS,Advait Energy Transitions Limited,Capital Goods,Industrial Manufacturing,35.621414,,0.7025919921104536,7.327981,0.18597236829095093,0.07753872768852647,0.07384,0.19338,0.13281,0.122159995,0.514,0.507,0.66,44.021,20375216128.0,0.407,-0.1872161568042132,0.6724902831939675,2026-10-01
ADVANCE.NS,Advance Agrolife Limited,Chemicals,Fertilizers & Agrochemicals,15.341656,,0.20212985507246375,2.6768312,0.11385093929283607,0.056455664606887196,0.06115,0.16412,0.09769,0.10764,0.96,0.759,1.522,31.588,7505357824.0,,-1.9848940029475117,0.37623839613074345,2026-10-01
ADVANIHOTR.NS,Advani Hotels & Resorts (India) Limited,Hospitality,Leisure Services,18.943548,,-0.4735887,0.84092575,0.04632194796220233,0.04387722305943579,0.21240999,0.59901,0.040310003,0.28676,0.055,-0.4,-0.41,0.558,4342760448.0,-0.033,0.9806942849719654,-0.09729719505967355,2026-10-01
ADVENTHTL.NS,Advent Hotels International Limited,Hospitality,Leisure Services,18.121523,,-0.22708675438596487,0.738229,0.06986491415866491,0.015823683116730776,0.09505,0.74874,0.23902,0.31366,0.0,-0.798,-0.797,78.145,6676511232.0,,2.8096224608494036,1.8154520015684597,2026-10-01
ADVENZYMES.NS,Advanced Enzyme Technologies Limited,Chemicals,Chemicals & Petrochemicals,18.480457,14.904892,-2.5315694520547947,1.880924,0.10338446417399479,0.09175689499614142,0.22128001,0.72388,0.21648,0.28237,0.021,-0.073,-0.071,1.902,30246434816.0,0.681,0.9292136629543798,0.28680166266254814,2026-10-01
AEGISLOG.NS,Aegis Logistics Limited,Oil & Gas,Petroleum Products,39.345688,33.31724,0.14626649814126394,8.1219425,0.1483319820038386,0.0619820780595738,0.13949001,0.26479998,0.28032,0.21219,0.371,2.69,2.689,47.243,491786076160.0,0.54,2.2576244736703224,0.35390973983305746,2026-10-01
AEGISVOPAK.NS,Aegis Vopak Terminals Limited,Oil & Gas,Oil,105.3442,38.425095,3.4652697368421053,7.5082636,0.07236084338900853,0.03674136895996189,0.32126,0.98737,0.53026,0.68784,0.425,0.304,0.385,84.438,322148532224.0,,2.260976206021014,0.5489643363715327,2026-10-01
AEQUS.NS,Aequs Limited,Aerospace & Defense,Aerospace & Defense,-105.78846153846153,515.84766,-1.9304463784390788,11.168635,-0.07618643982280346,-0.042093017205172334,-0.12412,0.59365004,-0.077309996,0.05867,0.548,,,47.183,180117618688.0,,0.8719735099337749,-0.10654055849764524,2026-10-01
AEROENTER.NS,Aeroflex Enterprises Limited,Metals & Mining,Ferrous Metals,9.160781,,0.010805356216088701,1.6714876,0.07768046561471156,0.055567500221709344,0.16426,0.54881,0.45742,0.31425,1.477,8.478,8.486,4.218,13798111232.0,1.587,0.28491774945698295,0.20904555722891566,2026-10-01
AEROFLEX.NS,Aeroflex Industries Limited,Capital Goods,Industrial Products,101.233,52.661617,0.6399051833122629,15.424556,0.12414551722827308,0.0982751278813796,0.13351,0.43493998,0.17643,0.23086001,0.724,1.582,1.622,1.988,68990640128.0,0.845,1.185664631620653,0.05750405655562242,2026-10-01
AERONEU.NS,Aeroflex Neu Limited,Capital Goods,Industrial Products,251.99998,,-2.6951869518716576,1.7514769,0.016522307614650036,0.011644260485498726,0.00745,0.38314998,0.00291,0.02802,-0.049,-0.935,-0.914,22.955,1820165760.0,0.257,1.7137094382155782,15.510284035259549,2026-10-01
AETHER.NS,Aether Industries Limited,Chemicals,Chemicals & Petrochemicals,93.60986,56.49146,2.745157184750733,9.022199,0.08936197416168816,0.06855163917579228,0.1912,0.48695,0.2491,0.31237,0.275,0.341,0.335,18.646,221655498752.0,-0.121,0.6487745086871135,0.3853413122246209,2026-10-01
AFCONS.NS,Afcons Infrastructure Limited,Infrastructure,Construction,62.31105,16.54038,-0.7978367477592829,1.6357918,0.046148482513119746,0.013146284959186405,0.01286,0.3222,0.06288,0.092080005,-0.208,-0.781,-0.777,66.542,89147318272.0,,-0.5069184890656063,-0.4833713358394445,2026-10-01
AFFLE.NS,Affle 3i Limited,Media,Media,42.824226,29.261303,2.1095677832512316,5.574184,0.1245412028268888,0.10287274069477,0.16849001,0.28415,0.17857,0.23174,0.204,0.203,0.217,0.405,204017352704.0,0.104,1.104425405242596,0.19111789645140087,2026-10-01
AFSL.NS,Abans Financial Services Limited,Financial Services,Capital Markets,7.5820446,,0.08528734083239595,0.8146062,0.08412796356817076,0.036172971158963924,0.0049900003,0.014450001,0.02668,0.00819,0.959,0.889,1.069,55.763,10294240256.0,-0.071,4.803997961174835,-0.03089099129485967,2026-10-01
AGARIND.NS,Agarwal Industrial Corporation Limited,Chemicals,Chemicals & Petrochemicals,14.118507,34.963768,-0.6853644174757282,0.83783543,0.06322907996322262,0.03624220445909183,0.0274,0.28893,0.036989998,0.07195,-0.27,-0.206,-0.206,49.544,5773706752.0,0.168,5.391998255500338,-0.6234175984233251,2026-10-01
AGARWALEYE.NS,Dr. Agarwal's Health Care Limited,Pharma & Healthcare,Healthcare Equipment & Supplies,104.61291,57.894516,2.1133921212121214,7.608747,0.06575790190870222,0.03378956047440858,0.06724,0.43609002,0.15,0.22760999,0.26,0.495,0.505,50.3,154217381888.0,,3.896613859899392,0.5958543014617781,2026-10-01
AGI.NS,AGI Greenpac Limited,Capital Goods,Industrial Products,14.12395,8.20332,1.186886554621849,2.1257207,0.14607763446441704,0.09899270149840685,0.13108,0.5146,0.16576,0.22517,0.142,0.119,0.118,10.126,51162685440.0,-0.174,1.6250600723996826,0.09071786101325453,2026-10-01
AGIIL.NS,AGI Infra Limited,Real Estate,Realty,31.287603,,0.9121750145772594,7.0097866,0.20406799075051785,0.060101187422304685,0.28643999,0.54298997,0.39055002,0.40245,0.053,0.343,0.375,38.289,32499322880.0,0.116,-0.34136552112402835,0.4228281446413517,2026-10-01
AGROPHOS.NS,Agro Phos (India) Limited,Chemicals,Fertilizers & Agrochemicals,5.6930695,,-0.25190573008849554,0.6678669,0.10389,0.057210002,0.04772,0.33311,0.039219998,0.10967,-0.226,,,42.354,466304672.0,0.131,0.5885843778769209,0.556697108066971,2026-10-01
AHCL.NS,Anlon Healthcare Limited,Pharma & Healthcare,Pharmaceuticals & Biotechnology,47.623188,,0.29216679754601227,6.430528,0.12384994740010581,0.07624722200012782,0.13981,0.3504,0.16588,0.24834,1.63,,0.878,17.133,17465583616.0,,-2.7860194011320836,0.3897036246399485,2026-10-01
AHLADA.NS,Ahlada Engineers Limited,Cement & Materials,Other Construction Materials,264.7143,,-3.8420072568940493,0.34939194,0.001299041929255765,0.0007873132614816149,-0.0023,0.43635,0.046,0.13229,-0.121,-0.689,-0.697,27.946,478852288.0,0.805,42.08244531688166,-0.9518836355785838,2026-10-01
AHLEAST.NS,Asian Hotels (East) Limited,Hospitality,Leisure Services,3.3856113,7.2225175,0.44547517105263157,1.283382,-0.32002051959321,-0.08350673489184926,-0.38484,0.63897,0.19338,0.30835,0.076,,,235.025,2351670784.0,-0.267,-0.37984734074119547,-4.346997482919813,2026-10-01
AHLUCONT.NS,Ahluwalia Contracts (India) Limited,Infrastructure,Construction,16.53972,11.686755,-0.2075247176913425,1.8092759,0.12906711438100255,0.06232386220906175,0.04802,0.20456,0.01432,0.08416,0.12,-0.797,-0.797,3.552,37238386688.0,0.515,1.0574212170610924,0.31562593866923855,2026-10-01
AIAENG.NS,AIA Engineering Limited,Capital Goods,Industrial Manufacturing,28.162,25.027157,-21.663076923076922,4.446289,0.15826829596916062,0.14876538469989373,0.27836,0.54664004,0.23876,0.27702,0.124,-0.013,-0.013,0.128,,0.248,0.4656913603360589,0.19743102902135876,2026-10-01
AIIL.NS,Authum Investment & Infrastructure Limited,Financial Services,Capital Markets,28.191322,,1.6109326857142856,3.1096656,0.1310002899273009,0.10043074840909387,0.82054,0.9786,0.92406,0.0,0.141,0.175,0.178,24.59,457987293184.0,-0.022,0.7543006712105114,-0.5451158930638632,2026-10-01
AIRAN.NS,Airan Limited,IT & Technology,IT - Services,12.580646,,0.11648746296296296,1.4538678,0.07732158233557487,0.06257323525080935,0.13878,0.32463002,0.083850004,0.123,0.033,1.08,1.136,0.621,1950312064.0,0.637,0.30576040302934887,-0.34677816567887204,2026-10-01
AIROLAM.NS,Airo Lam Limited,Consumer Durables,Consumer Durables,25.594286,,-0.27432246516613074,1.7102927,0.07005,0.04188,0.02157,0.32933998,0.03387,0.07944,0.092,-0.933,-0.917,106.303,1343879168.0,-0.554,3.692102454642476,0.8027278661490364,2026-10-01
AJANTPHARM.NS,Ajanta Pharma Limited,Pharma & Healthcare,Pharmaceuticals & Biotechnology,39.40361,30.741648,1.279337987012987,9.882601,0.23326242685698761,0.1715722910749914,0.19648,0.77218,0.25195998,0.27071,0.248,0.308,0.309,5.874,447478267904.0,0.218,0.5011268939393939,0.14733971468616563,2026-10-01
AJAXENGG.NS,Ajax Engineering Limited,Auto,"Agricultural, Commercial & Construction Vehicles",29.646107,19.981703,5.701174423076923,4.8190794,0.16171653905273592,0.12853045580086842,0.10795999,0.25361001,0.11866,0.12507,0.017,0.052,0.052,0.132,67090796544.0,,1.675751182571232,-0.1343773068405512,2026-10-01
AJMERA.NS,Ajmera Realty & Infra India Limited,Real Estate,Realty,15.216285,6.0100503,1.2173028,1.6802236,0.10711048503006858,0.05775603631990481,0.13454,0.32371,0.28287,0.271,0.226,0.125,0.125,46.832,23536758784.0,0.542,0.45817099581549736,0.18936335773610075,2026-10-01
AJOONI.NS,Ajooni Biotech Limited,Consumer Goods,Food Products,12.4,,0.12424849699398799,0.6439551,0.04402,0.0361,0.018339999,0.18536,0.017819999,0.04144,0.998,,-0.447,29.371,533955136.0,0.326,-1.3266930427338561,0.2816475402544258,2026-10-01
AKASH.NS,Akash Infra-Projects Limited,Infrastructure,Construction,63.97436,,6.397436,0.4980537,0.007609075534851865,0.002951680337750845,0.0068800002,0.26543,0.029760001,0.07073,0.845,0.1,0.21,108.169,420720224.0,0.587,-2.3640567200986435,-0.27174767089460095,2026-10-01
AKG.NS,AKG Exim Limited,Capital Goods,Commercial Services & Supplies,88.27273,,1.7654546,0.62892675,0.006183697694198577,0.005344034325889165,0.0047299997,0.092259996,0.01272,0.00611,-0.274,0.5,0.139,10.82,308550560.0,0.529,12.048972188633616,-0.614542064786763,2026-10-01
AKI.NS,AKI India Limited,Consumer Durables,Consumer Durables,23.692308,,0.15794872000000001,0.79865164,0.019282162106125655,0.012079083528261333,0.02578,0.14878,0.044260003,0.06183,0.644,1.5,2.663,21.381,635748672.0,0.069,-8.223480148883375,0.1530758226037196,2026-10-01
AKSHAR.NS,Akshar Spintex Limited,Textiles,Textiles & Apparels,-6.833333333333333,,-0.4778554778554779,0.39499035,-0.0913810416553307,-0.07716405846983465,-0.045900002,0.14819999,0.03728,0.02016,0.143,,,6.226,322862080.0,1.117,-0.24545971256123636,-0.6612486230075763,2026-10-01
AKSHARCHEM.NS,AksharChem (India) Limited,Chemicals,Chemicals & Petrochemicals,21.662857,,0.010681355455845372,1.1642154,-0.001677060028883975,-0.0009711969038614709,0.03378,0.28952998,0.12953,0.08041,0.453,20.281,20.396,41.473,3045347840.0,0.689,-3.803465572275422,-1.09194197551568,2026-10-01
AKUMS.NS,Akums Drugs and Pharmaceuticals Limited,Pharma & Healthcare,Pharmaceuticals & Biotechnology,42.63765,23.823015,0.7441125654450262,3.7571504,0.07701817014089676,0.046849575864724664,0.064770006,0.41092,0.11453,0.12269,0.139,0.573,0.576,5.756,124487286784.0,0.581,4.628752135680361,-0.2453988455715367,2026-10-01
AKZOINDIA.NS,AKZOINDIA.NS,Chemicals,Chemicals & Petrochemicals,,,,,,,,,,,,,,,,,,,2026-10-01
ALANKIT.NS,Alankit Limited,IT & Technology,IT - Services,10.928572,,-0.6071428888888889,0.64491653,0.060205199501266536,0.04137954196554612,0.08191,0.43675,0.0867,0.09187,-0.18,0.0,0.009,6.351,2074359552.0,0.663,-1.154739151607819,-0.03825854862265196,2026-10-01
ALBERTDAVD.NS,Albert David Limited,Pharma & Healthcare,Pharmaceuticals & Biotechnology,21.683119,,0.07153783899703069,1.2487538,-0.003817525986734819,-0.002879224737870541,0.061929997,0.65757006,0.08238,0.073709995,0.436,3.031,3.031,7.555,4889325568.0,0.337,5.123770656318994,-1.0868971210641365,2026-10-01
ALEMBICLTD.NS,Alembic Limited,Real Estate,Realty,8.335468,2.0905623,1.543605185185185,1.0933627,0.1298028175373492,0.12256343202788206,1.3416001,0.65414,0.24574,0.35872,-0.02,0.054,0.053,0.435,26733555712.0,0.651,0.37830196704885954,0.021572901484758437,2026-10-01
ALGOQUANT.NS,Algoquant Fintech Limited,Financial Services,Capital Markets,41.67284,,0.1550328869047619,14.055799,0.2483777460821248,0.12137031350781725,0.17552,1.0,0.32301998,0.27013,0.429,2.688,2.71,25.483,18976794624.0,0.591,1.7962916389722217,0.047212049764221935,2026-10-01
ALICON.NS,Alicon Castalloy Limited,Capital Goods,Industrial Products,39.013424,10.967925,1.6672403418803416,2.2672138,0.05481072216299702,0.023888571839031224,0.0189,0.44487,0.049239997,0.10897,0.383,0.234,0.229,56.406,14244908032.0,0.545,6.936148094373865,-0.252346898013061,2026-10-01
ALIVUS.NS,Alivus Life Sciences Limited,Pharma & Healthcare,Pharmaceuticals & Biotechnology,28.062077,21.87767,0.8852390220820189,5.070512,0.16940595390578764,0.14172673810043293,0.23279,0.59418,0.29845,0.3236,0.064,0.317,0.317,1.704,168712519680.0,0.078,1.0016475252576251,0.16237976883492886,2026-10-01
ALKEM.NS,Alkem Laboratories Limited,Pharma & Healthcare,Pharmaceuticals & Biotechnology,28.966206,23.357908,-1.334848202764977,4.5160985,0.1665545111829871,0.11027659216680712,0.14306,0.64803004,0.17803,0.19404,0.109,-0.217,-0.217,14.267,624129277952.0,0.281,0.8528238769658528,0.06295140107505033,2026-10-01
ALKYLAMINE.NS,Alkyl Amines Chemicals Limited,Chemicals,Chemicals & Petrochemicals,39.541325,37.747112,0.43261843544857764,5.808268,0.11738803277803299,0.09496587595220914,0.13579,0.46386,0.21924,0.20752001,0.302,0.914,0.914,0.078,89069518848.0,0.631,1.3252849597581322,-0.0328577477078614,2026-10-01
ALLCARGO.NS,Allcargo Logistics Limited,Infrastructure,Transport Services,50.6,10.12,-0.5904317386231038,2.7124095,0.013937282229965157,0.004608294930875576,0.01467,0.19498,0.03663,0.12553,-0.857,,,120.732,15157517312.0,0.719,39.375,-0.8769230769230769,2026-10-01
ALLDIGI.NS,Alldigi Tech Limited,Capital Goods,Commercial Services & Supplies,13.484578,,0.15,4.592205,0.32763566818073153,0.15839657895750664,0.14124,0.42253,0.16841999,0.21832001,0.044,0.217,0.217,68.009,11525507072.0,0.335,1.7522801897117841,-0.012845138055222088,2026-10-01
ALLTIME.NS,All Time Plastics Limited,Consumer Goods,Personal Products,33.222614,,-1.32890456,2.0029826,0.05773553220455046,0.0451748250856154,0.05589,0.39317,0.09409001,0.13857001,0.023,-0.25,-0.085,14.078,12318082048.0,,2.4426772996571766,-0.2512316729184199,2026-10-01
ALMONDZ.NS,Almondz Global Securities Limited,Financial Services,Capital Markets,10.005236,,0.14293194285714286,1.267914,0.10303955440107986,0.07237549732509355,0.1667,0.56842,0.18429,0.0,0.427,0.7,0.816,16.822,3342334464.0,0.435,-0.1475575758012347,0.6025327999907646,2026-10-01
ALOKINDS.NS,Alok Industries Limited,Textiles,Textiles & Apparels,-4.937062937062937,,-0.7595481441635287,-0.16283415,0.034565122165463494,-0.11492845062591223,-0.18827,0.48192,-0.0095,0.019550001,0.065,,,,35054596096.0,0.196,-0.5634650790877693,0.08858077238709994,2026-10-01
ALPA.NS,Alpa Laboratories Limited,Pharma & Healthcare,Pharmaceuticals & Biotechnology,29.049019,11.202269,-0.3185199451754386,0.6693474,0.08057669895303275,0.06198731584874664,0.03817,0.2554,-0.19544001,-0.011619999,0.252,-0.912,-0.917,1.346,1246865920.0,0.897,0.6187516239282074,-0.23038388768964935,2026-10-01
ALPHAGEO.NS,Alphageo (India) Limited,Oil & Gas,Oil,-374.2028985507246,,-0.22490858189128776,0.6484635,-0.05464703753815173,-0.047003369828247356,-0.0029,0.24243,0.20235,0.06993,1.011,16.638,16.591,,1643382912.0,0.498,-1.280770697932186,-1.2732910108315063,2026-10-01
AMAGI.NS,Amagi Media Labs Limited,IT & Technology,IT - Software,117.13531,36.76612,0.18160513178294574,7.0166664,0.04079726367522024,0.030456962802586206,0.06303,0.99992996,0.054840002,0.05169,0.324,6.45,7.603,1.763,119862591488.0,,-0.12890488747506035,2.0430625491166285,2026-10-01
AMBER.NS,Amber Enterprises India Limited,Consumer Durables,Consumer Durables,249.80783,34.385937,-3.150161790668348,5.2323318,0.04063182664141879,0.012903951672172419,0.0076099997,0.19223,0.05243,0.07912,0.127,-0.793,-0.786,46.566,229240487936.0,0.195,1.3518819051929358,-0.2706168551228044,2026-10-01
AMBICAAGAR.NS,Ambica Agarbathies Aroma & Industries Limited,Consumer Goods,Personal Products,12.005025,,-4.001675,0.5544338,0.03058184818189076,0.014079629095667474,0.0252,0.14812,0.10104,0.07594,-0.182,-0.03,-0.026,84.996,410368064.0,-0.04,-2.0071648198642453,6.055669259107654,2026-10-01
AMBIKCO.NS,Ambika Cotton Mills Limited,Textiles,Textiles & Apparels,10.602732,12.110343,0.17268293159609122,0.90334433,0.07499091232312038,0.06480654316534742,0.096049994,0.36235002,0.13248,0.15165,0.343,0.614,0.614,,8620704768.0,0.61,3.1894643882685507,0.08857861688793701,2026-10-01
AMBUJACEM.NS,Ambuja Cements Limited,Cement & Materials,Other Construction Materials,20.305492,24.96358,5.15,1.5087777,0.0796696464136881,0.05276597929170396,0.11128,0.5682,0.07947,0.15627,-0.077,-0.275,-0.268,1.205,900125032448.0,0.208,1.1339521761015867,0.09878459715089122,2026-10-01
AMDIND.NS,AMD Industries Limited,Capital Goods,Industrial Products,30.461988,,0.060620871641791044,0.6509623,-0.028376457691384437,-0.01319258886919407,0.010299999,0.34201,0.11554,0.07853,0.408,5.025,5.031,51.225,998395904.0,0.232,-7.503641895629725,-5.342308077269543,2026-10-01
AMJLAND.NS,AMJ Land Holdings Limited,Real Estate,Realty,10.428169,,-1.4687561971830987,0.712869,0.06923766891717921,0.059100121637583936,0.23468,0.56254,0.28965,0.3702,0.025,-0.071,-0.062,,1517820032.0,0.329,0.5542633824434242,-0.27737468791072417,2026-10-01
AMNPLST.NS,Amines & Plasticizers Limited,Chemicals,Chemicals & Petrochemicals,23.565527,,0.8600557299270072,3.1147385,0.12499863134065657,0.08654713152135338,0.066350006,0.24766001,0.08971,0.1062,0.073,0.274,0.274,9.312,9101958144.0,0.15,1.8180073744172869,-0.10901552382229919,2026-10-01
AMRUTANJAN.NS,Amrutanjan Health Care Limited,Pharma & Healthcare,Pharmaceuticals & Biotechnology,27.458534,,-0.5792939662447257,4.008154,0.15643625115670526,0.11381179859734206,0.10552,0.51268,0.02232,0.12462,0.095,-0.474,-0.475,0.48,14831521792.0,0.376,0.6210128837766627,0.13933592605051273,2026-10-01
ANANDRATHI.NS,Anand Rathi Wealth Limited,Financial Services,Capital Markets,76.83237,62.917847,1.082146056338028,35.22415,0.39664352461773944,0.29795387815805835,0.33193,0.57806,0.48529997,0.46083,0.521,0.71,0.738,8.25,351592382464.0,0.337,0.7096698907886967,0.32047362247282,2026-10-01
ANANTRAJ.NS,Anant Raj Limited,Real Estate,Realty,35.47268,20.353998,2.647214925373134,3.5924325,0.09622500590978118,0.08109562224846378,0.22770001,0.3104,0.26478,0.26591998,0.066,0.134,0.189,11.703,207954870272.0,0.352,-0.7805518129110613,0.3081121867386723,2026-10-01
ANDHRAPAP.NS,Andhra Paper Limited,Cement & Materials,"Paper, Forest & Jute Products",51.33813,,1.2194330166270784,0.7316873,0.009599448475288899,0.007334910920785507,0.016239999,0.32808998,0.05534,0.06235,0.001,0.421,0.423,11.971,14189949952.0,0.079,5.613470701037241,-0.7906135032116495,2026-10-01
ANDHRSUGAR.NS,The Andhra Sugars Limited,Chemicals,Chemicals & Petrochemicals,11.8567705,,0.12586805201698514,0.7383502,0.04978817507510265,0.0382776316780159,0.04225,0.25338,0.085480005,0.09335,0.046,0.942,0.941,0.032,12341852160.0,0.377,3.3443667150506107,2.2155353610286843,2026-10-01
ANGELONE.NS,Angel One Limited,Financial Services,Capital Markets,25.004517,15.73658,0.25004517,4.121194,0.14957997094049144,0.03828258873247344,0.20698,0.84823,0.24655001,0.0,0.23,1.0,1.022,129.314,253159817216.0,0.278,-4.526004290246192,-0.21925276495395796,2026-10-01
ANMOL.NS,Anmol India Limited,Oil & Gas,Consumable Fuels,6.6502466,,1.66256165,0.6473578,0.0950506484565901,0.03285324597182464,0.00894,0.01704,0.021389998,0.014630001,-0.211,0.04,0.049,165.862,768341056.0,0.617,1.377735919136179,0.618257795841264,2026-10-01
ANTELOPUS.NS,Antelopus Selan Energy Limited,Oil & Gas,Oil,29.514536,,0.18574283196979233,5.9358087,0.14705,0.09304,0.32132,0.82164,0.47985,0.5687,0.653,1.589,1.576,0.542,38907150336.0,,1.3458319864597965,0.2697730766778369,2026-10-01
ANTGRAPHIC.NS,Antarctica Limited,Capital Goods,Industrial Products,-23.0,,-0.03237156931738212,0.6699029,0.12187,-0.02232694925646115,0.051220004,0.10086001,0.01454,0.098809995,7.105,0.0,-0.205,,106956624.0,0.594,-0.09355364207586689,-84.94,2026-10-01
ANTHEM.NS,Anthem Biosciences Limited,Pharma & Healthcare,Pharmaceuticals & Biotechnology,84.4768,56.61456,-6.599749999999999,15.798947,0.1945074405524901,0.1725698322393265,0.28691998,0.61659,0.28832,0.40193,-0.226,-0.128,-0.117,1.772,480686637056.0,,1.4269963095141536,0.31142135354341177,2026-10-01
ANUHPHR.NS,Anuh Pharma Limited,Pharma & Healthcare,Pharmaceuticals & Biotechnology,23.980448,,0.6429074530831099,2.4428067,0.11653460995098551,0.07364274117687797,0.056700002,0.22429001,0.071490005,0.09507,0.039,0.373,0.376,0.017,8604230656.0,0.492,-0.0733711607192888,-0.1331688907942448,2026-10-01
ANUP.NS,The Anup Engineering Limited,Capital Goods,Industrial Manufacturing,37.17845,24.214838,-0.3797594484167518,4.5416727,0.1597559501972847,0.11372930890677181,0.10967,0.51054,0.01622,0.18417,-0.285,-0.979,-0.978,17.66,31383296000.0,-0.009,0.0195855874136263,-0.06686491517099778,2026-10-01
ANURAS.NS,Anupam Rasayan India Ltd,Chemicals,Chemicals & Petrochemicals,75.81107,29.189796,-8.06500744680851,3.9700463,0.05152310576015366,0.021231674496830243,0.06894,0.46181,0.16231,0.21648,0.348,-0.094,0.135,41.317,132487053312.0,0.11,1.965224751794311,0.8224190939378033,2026-10-01
APARINDS.NS,APAR Industries Limited,Capital Goods,Electrical Equipment,60.070118,46.92868,0.7760997157622739,13.144262,0.18113502108139978,0.07125004284790125,0.04844,0.21587999,0.108009994,0.08956,0.291,0.774,0.778,17.716,738962964480.0,0.178,0.9904292016828227,0.18949226835504687,2026-10-01
APCL.NS,Anjani Portland Cement Limited,Cement & Materials,Other Construction Materials,-8.575565610859728,,0.24021192187282156,0.76176083,-0.07798612616518534,-0.03146799623871067,-0.08006,0.34397,-0.06774,0.05302,-0.357,,,62.349,2783552768.0,0.645,0.995135510771369,0.6439000247463499,2026-10-01
APCOTEXIND.NS,Apcotex Industries Limited,Chemicals,Chemicals & Petrochemicals,19.081697,21.1875,0.061237795250320914,4.952913,0.16330600812187776,0.1028004111152774,0.101289995,0.32806,0.19784,0.16156,0.399,3.116,3.12,15.522,30757021696.0,0.218,2.0060713155240095,0.8757430925226488,2026-10-01
APEX.NS,Apex Frozen Foods Limited,Consumer Goods,Agricultural Food & other Products,19.835865,18.970928,0.1436340695148443,1.9326103,0.0735760729843977,0.06555618706385989,0.05531,0.39111,0.10158,0.07513,-0.006,1.381,1.381,1.075,10196874240.0,0.343,2.4655886077904428,9.021049373162048,2026-10-01
APLAPOLLO.NS,APL Apollo Tubes Limited,Metals & Mining,Ferrous Metals,47.85569,33.24763,4.350517272727273,11.092876,0.2271449420658431,0.13619824980471623,0.052259997,0.15608,0.06276,0.07843,0.085,0.11,0.109,9.396,587441831936.0,0.332,1.7481713601755495,0.5891474916122896,2026-10-01
APLLTD.NS,Alembic Pharmaceuticals Limited,Pharma & Healthcare,Pharmaceuticals & Biotechnology,23.127659,16.818253,1.9113767768595042,2.823846,0.11890618364315281,0.07700577112474737,0.089090005,0.70559996,0.10892,0.14577,0.257,0.121,0.121,25.224,160248086528.0,0.306,1.1599952576433452,0.15657673717047754,2026-10-01
APOLLO.NS,Apollo Micro Systems Limited,Aerospace & Defense,Aerospace & Defense,112.25071,49.716087,2.8856223650385604,10.355885,0.08599561235063817,0.04768355729225411,0.118710004,0.31913,0.18360001,0.22492,0.881,0.389,0.454,41.527,146410209280.0,1.315,-1.1491563968955123,1.0022590054347345,2026-10-01
APOLLOHOSP.NS,Apollo Hospitals Enterprise Limited,Pharma & Healthcare,Healthcare Services,55.95803,37.328964,1.640997947214076,12.336082,0.2048185145726311,0.08747617910609139,0.07906,0.35206002,0.12167,0.13977,0.206,0.341,0.342,85.146,1169472487424.0,0.197,1.4707215326775507,0.3429006155335777,2026-10-01
APOLLOPIPE.NS,Apollo Pipes Limited,Cement & Materials,Other Construction Materials,-155.33333333333334,37.21234,-20.990990990990994,2.756462,0.009139033038274041,0.005820894118137379,-0.00819,0.27805,-0.040009998,0.04769,0.074,,,13.871,22513059840.0,0.117,4.70056504722085,-0.7707040510656024,2026-10-01
APOLLOTYRE.NS,Apollo Tyres Limited,Auto,Auto Components,15.018553,12.070217,0.005646072556390978,1.5317688,0.08210602981112902,0.04693670598795467,0.05829,0.43162,0.06451,0.12572,0.128,26.6,26.091,21.987,256037289984.0,0.149,2.672198517067711,0.22392894089109264,2026-10-01
APOLSINHOT.NS,Apollo Sindoori Hotels Limited,Capital Goods,Commercial Services & Supplies,36.043034,,-0.6494240360360359,1.9129215,0.06686728847969452,0.0272745095747982,0.01238,0.13198,0.01287,0.0473,0.289,-0.555,-0.555,57.786,3005802496.0,-0.329,3.8187539272997317,0.359681031469663,2026-10-01
APTUS.NS,Aptus Value Housing Finance India Limited,Financial Services,Finance,11.521628,8.661993,0.6064014736842105,2.2404528,0.18635113888367208,0.07226921111730916,0.61761004,0.99819,0.78450996,0.0,0.168,0.19,0.19,156.2,113387962368.0,0.692,-0.5188671351498217,0.2551731050583823,2026-10-01
AQYLON.NS,Aqylon Nexus Limited,Media,Media,13.803572,,0.0005681698141166012,-68.10573,-1.014125189333897,0.42110036054615796,0.5486,0.38141,0.55356,0.28046,242.948,,,,3922674432.0,-0.033,1.1456582146578673,1.2574178636731446,2026-10-01
ARCHIDPLY.NS,Archidply Industries Limited,Cement & Materials,"Paper, Forest & Jute Products",15.516768,,0.01771522776572668,1.8017205,0.07129621767053555,0.020591115226655094,0.0183,0.3367,0.05748,0.06785,0.278,8.759,8.888,163.098,2036102144.0,0.195,4.277309027995437,2.0840309866811633,2026-10-01
ARCHIES.NS,Archies Limited,Retail,Retailing,-6.988700564971751,,0.16679476288715397,0.3349399,-0.03432980581329763,-0.023172952628919434,-0.120629996,0.64542,-0.17459999,0.01186,-0.419,,,34.565,417858592.0,0.831,-0.8544333255759833,-1.9373162895618292,2026-10-01
ARE&M.NS,Amara Raja Energy & Mobility Limited,Capital Goods,Electrical Equipment,14.829365,12.792445,1.31,1.6890205,0.11060308977942847,0.07818729968088597,0.06303,0.3152,0.05862,0.101789996,0.239,0.159,0.159,5.015,136793161728.0,0.814,1.2484119807539882,-0.051764108101241706,2026-10-01
ARENTERP.NS,Rajdarshan Industries Limited,Metals & Mining,Minerals & Mining,-160.9047619047619,,-3.4827870542156254,0.51312035,-0.00863498953114468,-0.008568114268317592,-0.11213,0.3522,-0.35391,-0.56991,-0.016,0.462,0.465,,109271488.0,0.066,2.3389815145283457,-1.751273637303847,2026-10-01
ARFIN.NS,Arfin India Limited,Metals & Mining,Non - Ferrous Metals,79.318184,,0.26439394666666666,8.738108,0.09070496187776934,0.0416028316624493,0.02555,0.14068,0.042069998,0.0689,0.955,3.0,2.769,75.884,14721036288.0,0.458,1.4545507497750998,0.6893497917190557,2026-10-01
ARIES.NS,Aries Agro Limited,Chemicals,Fertilizers & Agrochemicals,13.004631,,0.2664883401639344,1.8556957,0.1281619704030419,0.06708038366263985,0.062319998,0.40485,0.12226,0.106920004,0.163,0.488,0.488,16.482,6208271360.0,0.134,2.0085803359328693,0.25956123540684484,2026-10-01
ARIHANTCAP.NS,Arihant Capital Markets Limited,Financial Services,Capital Markets,24.540167,,0.3556545942028986,2.0021243,0.07134776003749882,0.028649714049218775,0.19363001,0.46932998,0.38595,0.0,0.504,0.69,0.692,55.35,9710562304.0,0.271,-3.8750480731029002,-0.4640374905455958,2026-10-01
ARIHANTSUP.NS,Arihant Superstructures Limited,Real Estate,Realty,22.03764,,-0.5940064690026954,2.5823717,0.049069893493794245,0.010075180553714062,0.07108,0.37715998,0.20396,0.20877,0.088,-0.371,-0.385,194.333,9369245696.0,0.657,-3.9684433629013265,0.2669408747664614,2026-10-01
ARIS.NS,Arisinfra Solutions Limited,Infrastructure,Construction,16.605988,,0.059391945636623755,1.5337987,0.07130362078552498,0.05060583161539414,0.05783,0.16925,0.098500006,0.09495,0.371,2.796,4.107,9.356,11341535232.0,,2.6940649666059504,24.522518159806296,2026-10-01
ARKADE.NS,Arkade Developers Limited,Real Estate,Realty,-516.0434782608695,,15.404282933160284,2.495952,0.006097632169869914,0.004772020705163623,-0.00535,0.30916,0.16752,0.22753,-0.078,-0.335,-0.337,11.23,22036414464.0,0.48,-22.176386384339388,-0.9657234579984758,2026-10-01
ARMANFIN.NS,Arman Financial Services Limited,Financial Services,Finance,16.00653,,0.06024286789612346,1.9849677,0.06064860935902565,0.02023200144169894,0.30789,1.0,0.48415002,0.0,2.657,,,190.256,18607947776.0,0.204,-8.416211909485508,0.08703325318974059,2026-10-01
AROGRANITE.NS,Aro Granite Industries Limited,Cement & Materials,Other Construction Materials,-1.7709984152139464,,0.07472567152801463,0.1965924,-0.06793974275170475,-0.02997385230011746,-0.28804,0.34986,-0.24905,-0.102019995,-0.237,,,87.15,341955008.0,0.496,-1.4156209012058387,-0.8399296257084138,2026-10-01
ARSSBL.NS,Anand Rathi Share and Stock Brokers Limited,Financial Services,Finance,22.286142,,-0.8409864905660378,2.4243228,0.0958899333817461,0.018209016612811896,0.16182,0.8724,0.25219,0.0,0.27,-0.265,0.024,63.43,32860747776.0,,5.609652515625967,0.24772696561975174,2026-10-01
ARTNIRMAN.NS,Art Nirman Limited,Real Estate,Realty,78.43137,,1.9129602439024391,2.3979378,0.05343263727598951,0.02895052704693871,0.011720001,1.61695,-0.10899,0.14353,0.41,,,195.929,998240000.0,0.713,-6.7301611203132055,0.6902519725120896,2026-10-01
ARVIND.NS,Arvind Limited,Textiles,Textiles & Apparels,33.7579,20.745558,67.5158,3.4613166,0.1023615816414847,0.046844497859439345,0.04227,0.48304,0.05883,0.10479,0.247,0.005,0.004,40.071,139995676672.0,0.176,2.0946997149345314,0.1710090808792328,2026-10-01
ARVINDFASN.NS,Arvind Fashions Limited,Retail,Retailing,42.04873,21.42172,-1.7969542735042734,5.369213,0.12989063625959052,0.029074097794476943,0.02199,0.54629004,0.06313,0.14373,0.155,-0.234,-0.239,115.111,50777088000.0,0.09,3.298604878844742,4.445881360697217,2026-10-01
ARVSMART.NS,Arvind SmartSpaces Limited,Real Estate,Realty,14.716841,17.918344,0.01836849850224663,4.010722,0.14855969791287668,0.026837879295647554,0.23626,0.70828,0.47741002,0.3646,2.121,8.012,7.853,65.077,27176185856.0,0.306,-1.7672896566383427,-0.1271449516707092,2026-10-01
ASAHIINDIA.NS,Asahi India Glass Limited,Auto,Auto Components,54.39228,40.700428,0.35504099216710183,6.118026,0.08766330373923283,0.044350091672295665,0.08457,0.57389,0.17254,0.20627001,0.15,1.532,1.654,55.868,240715005952.0,0.373,1.4554395126196693,-0.0715651682064266,2026-10-01
ASAHISONG.NS,Asahi Songwon Colors Limited,Chemicals,Chemicals & Petrochemicals,12.55071,,0.024657583497053045,1.6128472,0.06915546862996018,0.031124514975036908,0.06064,0.28676,0.14367,0.123789996,0.26,5.09,5.08,48.076,4376020992.0,0.264,2.303856482172162,-0.04992254968463042,2026-10-01
ASAL.NS,Automotive Stampings and Assemblies Limited,Auto,Auto Components,22.695375,,0.26890254739336494,18.728613,0.7653798290976467,0.0825409843399113,0.030720001,0.27357998,0.03647,0.05783,0.464,0.844,0.846,343.962,6772511232.0,0.492,2.1308311263183377,0.6495062250803092,2026-10-01
ASALCBR.NS,Associated Alcohols & Breweries Limited,Consumer Goods,Beverages,14.412735,11.233455,-0.5057100000000001,1.6770722,0.1273437857662982,0.10335964686882482,0.07995,0.35025,0.081149995,0.13182999,0.053,-0.285,-0.246,9.922,12270398464.0,0.394,0.5852362847875805,0.08644818488658304,2026-10-01
ASHAPURMIN.NS,Ashapura Minechem Limited,Metals & Mining,Minerals & Mining,11.501174,,2.3002348,2.8377728,0.24338810404413994,0.08544341518237238,0.07401,0.75022006,0.09417,0.12434,0.192,0.05,0.05,87.774,46803013632.0,0.614,1.1530566488964178,0.35697383544047057,2026-10-01
ASHIANA.NS,Ashiana Housing Limited,Real Estate,Realty,32.237617,22.322674,8.483583421052632,4.239029,0.14333999,0.017280001,0.12347999,0.32276002,0.03974,0.13593,-0.633,0.038,0.031,35.119,38596517888.0,0.4,2.9026817342797813,5.463708041363731,2026-10-01
ASHIMASYN.NS,Ashima Limited,Real Estate,Realty,-218.7142857142857,,-1.087589685302266,1.0596622,-0.07330901737026471,-0.03644000861635672,-0.90102,0.71388,0.38849,-0.41268003,2.011,,,59.301,2934316032.0,0.218,1.9847290640394089,-0.06842105263157895,2026-10-01
ASHOKA.NS,Ashoka Buildcon Limited,Infrastructure,Construction,1.2014831,7.508734,-0.029162211165048545,0.44925556,0.3875819356398249,0.19540087903997397,0.34495997,0.31802,0.14811,0.21204,-0.205,-0.412,-0.412,24.459,29562961920.0,0.507,0.2566981305955663,0.5052276054590791,2026-10-01
ASHOKAMET.NS,Ashoka Metcast Limited,Metals & Mining,Ferrous Metals,2.1088533,,0.011295411355115158,0.21265073,0.08854378038112244,0.051827082455535856,0.49041998,0.35627997,-0.22431,0.18905,-0.254,1.867,1.872,43.157,363191872.0,0.992,-1.5912146521231874,0.9688981258659666,2026-10-01
ASHOKLEY.NS,Ashok Leyland Limited,Auto,"Agricultural, Commercial & Construction Vehicles",25.418919,18.413082,25.418919,6.206384,0.24372318172913468,0.03435277690959112,0.06021,0.40061,0.19645001,0.21465,0.116,0.01,0.008,344.737,,0.45,-1.4101606727686018,0.11723638470451912,2026-10-01
ASIANENE.NS,Asian Energy Services Limited,Oil & Gas,Oil,37.043648,,0.36175437499999996,4.227731,0.10352481923614751,0.05570170156785877,0.06079,0.20953,0.06182,0.11188,1.351,1.024,1.153,32.051,22680025088.0,0.858,1.035735020163379,0.2144666465668481,2026-10-01
ASIANHOTNR.NS,Asian Hotels (North) Limited,Hospitality,Leisure Services,-9.18712061229876,,-0.8833769819518038,1.3603183,-0.11107758195082576,-0.06042685640426134,-0.26475,0.64249,0.12086,0.14762999,0.104,,,36.252,14840627200.0,0.023,1.5212107521140341,-1.5460710446508246,2026-10-01
ASIANPAINT.NS,Asian Paints Limited,Chemicals,Chemicals & Petrochemicals,48.401367,39.693356,1.213066842105263,10.803071,0.20238784292605277,0.12524725281884863,0.12813,0.43533,0.17687,0.18521999,0.179,0.399,0.4,17.847,2307456761856.0,0.282,1.6387529332886357,0.17945970119136243,2026-10-01
ASIANTILES.NS,Asian Granito India Limited,Cement & Materials,Other Construction Materials,82.67242,2.5437665,-5.299514102564103,0.9336787,0.013706577159115605,0.00844315276631044,0.00885,0.25115,0.03185,0.055019997,0.368,-0.156,0.088,28.468,14215990272.0,0.349,4.503358984925297,0.991906157238167,2026-10-01
ASKAUTOLTD.NS,ASK Automotive Limited,Auto,Auto Components,38.466087,27.554281,1.3264167931034485,9.29479,0.22677141331706202,0.11628598247809763,0.06814,0.32514,0.09380999,0.12153,0.524,0.29,0.288,51.789,121863700480.0,-0.228,1.013016278756895,0.20071076649705194,2026-10-01
ASPINWALL.NS,Aspinwall and Company Limited,Consumer Goods,Agricultural Food & other Products,11.933399,,0.4625348449612403,0.9343794,0.06550522648083623,0.03951595952316608,0.035720002,0.39679,-0.0036199999,0.05158,0.258,,,39.552,1877170944.0,-0.006,-1.6580547112462005,-0.09428768066070199,2026-10-01
ASTEC.NS,Astec LifeSciences Limited,Chemicals,Fertilizers & Agrochemicals,-24.151329243353786,64.41818,2.9097987040185282,4.0422363,-0.20715898227829693,-0.08589619826457144,-0.15114,0.34859002,-0.14042,0.01308,-0.083,,,114.84,15789193216.0,0.173,0.9974047641115952,0.3995097675440289,2026-10-01
ASTERDM.NS,Aster DM Quality Care Limited,Pharma & Healthcare,Healthcare Services,115.64437,33.578552,-1.4206925061425062,7.983558,0.0848233993172868,0.047847869072332704,0.065359995,0.58616,0.1488,0.19906999,0.216,-0.814,-0.812,45.921,617928589312.0,-0.076,1.6899057041273766,-0.9278259074756918,2026-10-01
ASTRAL.NS,Astral Limited,Cement & Materials,Other Construction Materials,62.86249,39.90679,1.3096352083333334,8.897834,0.13223588555656868,0.09232781018255648,0.084809996,0.39638,0.09873,0.15875,0.159,0.48,0.48,6.168,361065840640.0,0.173,2.0816250465896387,0.024436807941962582,2026-10-01
ASTRAMICRO.NS,Astra Microwave Products Limited,Telecom,Telecom - Equipment & Accessories,82.045456,49.974144,-3.335181138211382,11.735088,0.14679372254618084,0.09706979901800801,0.16587,0.5109,0.11986,0.28628,-0.115,-0.246,-0.241,21.883,154238173184.0,0.492,2.0041058025359275,0.25706669585066133,2026-10-01
ASTRAZEN.NS,AstraZeneca Pharma India Limited,Pharma & Healthcare,Pharmaceuticals & Biotechnology,88.62601,,-2.7609348909657316,17.27506,0.21485122423492478,0.09427379216731185,0.06974,0.36826,0.06402,0.09278,0.297,-0.321,-0.321,12.679,150775005184.0,0.22,-0.08073805460750853,0.6201831691722827,2026-10-01
ATALREAL.NS,Atal Realtech Limited,Infrastructure,Construction,12.653465,,0.3799839339339339,0.854678,0.06771039495273146,0.05461654232190083,0.05673,0.14532,0.14325,0.09937,0.035,0.333,0.516,4.415,1583394048.0,0.528,-2.994565237316723,0.832181507134067,2026-10-01
ATAM.NS,Atam Valves Limited,Capital Goods,Industrial Manufacturing,35.031643,,-0.713475417515275,1.660965,0.06346178604177012,0.041564421928613954,0.03837,0.36040002,0.07803,0.083909996,-0.007,-0.491,-0.487,39.253,634477056.0,0.071,0.19168667715492257,-0.6165362206099477,2026-10-01
ATGL.NS,Adani Total Gas Limited,Oil & Gas,Gas,101.22395,,-7.230282142857142,13.1813345,0.13478840900261263,0.06867170334561434,0.100839995,0.28245002,0.11602,0.18347,0.272,-0.14,-0.142,58.65,641244266496.0,0.596,1.7517537973525286,0.0020018031509298454,2026-10-01
ATHERENERG.NS,Ather Energy Limited,Auto,Automobiles,-138.94268774703556,498.71957,-1.5646699070612113,20.915394,-0.2010277420383032,-0.10953487337737292,-0.0919,0.20903,-0.059359998,-0.09241,0.888,,,25.819,556983189504.0,,-0.06166250942630083,0.36331068104594477,2026-10-01
ATL.NS,Allcargo Terminals Limited,Infrastructure,Transport Services,16.268965,,-0.4506638504155125,1.9529762,0.1254077667148895,0.03542070601054369,0.04891,0.2902,0.12448,0.2074,0.123,-0.361,-0.3,218.109,6884961792.0,1.105,3.5580185478398554,0.449983601180715,2026-10-01
ATLANTAA.NS,Atlantaa Limited,Infrastructure,Construction,-57.59677419354839,,-2.198350160059099,1.3701415,-0.008044034266645152,-0.003021751842075827,-0.06515,0.71179,-0.13859001,0.68109,0.262,,,148.258,2910364928.0,0.966,19.443742690058478,-1.0401675291332035,2026-10-01
ATLANTAELE.NS,Atlanta Electricals Limited,Capital Goods,Electrical Equipment,58.64366,31.495413,1.2217429166666667,14.204263,0.2171419930993364,0.13374249135114616,0.10858,0.29797,0.14361,0.18485,0.48,,0.504,5.461,131993051136.0,,0.9135936655113639,0.700556948113136,2026-10-01
ATLASCYCLE.NS,Atlas Cycles (Haryana) Limited,Hospitality,Leisure Services,-7.128205128205129,,0.31680911680911683,0.157218,-0.021175048950931023,-0.016650653898996698,-1.29657,0.059169997,-1.25037,-1.0693,-0.225,,,2.371,596662080.0,0.491,-0.23548443294094223,-1.8447953240964616,2026-10-01
ATUL.NS,Atul Ltd,Chemicals,Chemicals & Petrochemicals,21.680107,18.897436,0.23565333695652174,2.773372,0.10895280586824731,0.0858048045121252,0.119729996,0.35047,0.1707,0.18033001,0.25,0.92,0.92,2.907,172558139392.0,0.187,1.5087328514530167,0.40082243299650777,2026-10-01
ATULAUTO.NS,Atul Auto Limited,Auto,Automobiles,24.944214,,0.14690349823321555,2.4378207,0.08739892043926954,0.05497092758562379,0.05308,0.26609,0.05585,0.10288,0.43,1.698,1.688,29.494,11788743680.0,0.227,0.9462849029815428,0.9537679149329634,2026-10-01
AUBANK.NS,AU Small Finance Bank Limited,Banking,Banks,26.11802,16.313343,0.7441031339031341,3.6933649,0.13223778460303595,0.01377105926457222,0.25577998,0.0,0.35311002,0.0,0.298,0.351,0.37,,739673440256.0,0.557,0.6924232929786428,0.2542005500096727,2026-10-01
AURIONPRO.NS,Aurionpro Solutions Limited,IT & Technology,IT - Software,16.281809,11.894325,-1.9616637349397588,1.8823806,0.12046235846973855,0.0896525504610042,0.14232999,0.26889,0.14099,0.19859,0.063,-0.083,-0.106,3.478,32699435008.0,-0.176,0.2652117495411082,0.12426151192726385,2026-10-01
AUROPHARMA.NS,Aurobindo Pharma Limited,Pharma & Healthcare,Pharmaceuticals & Biotechnology,25.78899,17.964752,0.9995732558139534,2.5702379,0.09249565265813992,0.05990805466123895,0.10627,0.58852,0.15237,0.20097,0.163,0.258,0.252,21.31,964793729024.0,0.033,1.5768228832299023,0.005413267238114909,2026-10-01
AURUM.NS,Aurum PropTech Limited,Real Estate,Realty,39.82353,106.38572,0.6271422047244094,2.719736,0.0037333333333333333,0.001993607797221607,0.10419,0.7388,0.01833,0.2935,0.635,,,44.065,21572134912.0,-0.026,28.85185185185185,1.0566376985316153,2026-10-01
AUTOAXLES.NS,Automotive Axles Limited,Auto,Auto Components,14.589112,12.186821,0.5285910144927536,2.3147192,0.14959909717229267,0.10811776104313989,0.07902,0.31961,0.09936,0.112270005,0.056,0.276,0.276,1.28,25433454592.0,0.544,1.0497399239543725,0.056836081910823934,2026-10-01
AVALON.NS,Avalon Technologies Limited,Capital Goods,Industrial Manufacturing,114.12412,62.28613,0.7854378527185134,21.10632,0.15649906332790176,0.0893281682766606,0.07572,0.33326998,0.101940006,0.10913,0.498,1.453,1.453,29.503,152505024512.0,0.868,0.506339312591858,0.7803874588187077,2026-10-01
AVANTEL.NS,Avantel Limited,Telecom,Telecom - Equipment & Accessories,349.48837,,5.2397056971514235,11.806112,0.04432978321755026,0.036584235141634655,0.071100004,0.58692,0.14673,0.22356,0.357,0.667,0.672,10.164,39940796416.0,0.132,0.6701503288025717,-0.7343625430953536,2026-10-01
AVANTIFEED.NS,Avanti Feeds Limited,Consumer Goods,Food Products,18.291773,16.043968,-0.434483919239905,2.9502125,0.18443512303025125,0.14225524377286788,0.083500005,0.25162,0.048130002,0.1008,0.183,-0.421,-0.421,0.357,96945577984.0,0.152,0.8326256794459064,0.1460593694688592,2026-10-01
AVG.NS,AVG Logistics Limited,Infrastructure,Transport Services,9.410431,,0.40215517094017095,0.9222222,0.09651767676953929,0.0477267687576499,0.04912,0.21542,0.10358,0.10257,0.06,0.234,0.298,81.0,3105540608.0,-0.613,1.8738274727668014,0.22717575291530495,2026-10-01
AVL.NS,Aditya Vision Limited,Retail,Retailing,53.18773,35.018353,1.3363751256281406,10.689204,0.1698440316224825,0.07948611114226899,0.04753,0.15841,0.09397,0.0915,0.269,0.398,0.4,83.205,73905700864.0,0.118,0.6409950711699792,0.10831031547577295,2026-10-01
AVONMORE.NS,Avonmore Capital & Management Services Limited,Financial Services,Capital Markets,23.685184,,0.12754541733979538,0.87488884,0.020409219069298223,0.013578164796585667,0.14456001,0.58206004,0.24475001,0.0,0.36,1.857,1.966,4.926,3609142784.0,0.358,1.855513307984791,-0.7279310344827586,2026-10-01
AVROIND.NS,Avro India Limited,Consumer Durables,Consumer Durables,,,,1.0033042,0.05136343881312056,0.037977956544223215,0.043109998,0.34219003,0.043920003,0.12053,0.17,-0.324,-0.341,19.736,89626496.0,-0.212,0.8883257564222479,0.5111761225428966,2026-10-01
AVTNPL.NS,AVT Natural Products Limited,Chemicals,Chemicals & Petrochemicals,15.972727,49.35393,0.10304985161290323,2.3918428,0.11586473350490904,0.07664849117217865,0.10193,0.49682,0.15254,0.13713999,0.822,1.55,1.567,20.311,13378149376.0,0.469,0.184899261026354,0.3437721608227756,2026-10-01
AWFIS.NS,Awfis Space Solutions Limited,Capital Goods,Commercial Services & Supplies,19.836426,11.287318,0.14311995670995672,3.0462253,0.12825349129777625,0.02434652869624619,0.05357,0.83629996,0.11559,0.40243,0.27,1.386,1.402,271.732,16835954688.0,1.048,8.697415776325633,0.04395167231471932,2026-10-01
AWHCL.NS,Antony Waste Handling Cell Limited,Power & Utilities,Other Utilities,17.252426,10.868501,-0.18027613375130616,1.3646766,0.10211041434952914,0.043391589494923284,0.054770004,0.57637,0.057189997,0.17695999,0.055,-0.957,-0.957,50.103,10083295232.0,0.812,1.8474535834331824,-0.11612001532349803,2026-10-01
AWL.NS,AWL Agri Business Limited,Consumer Goods,Food Products,19.623043,16.670784,0.414863488372093,2.1731536,0.09980633519527389,0.04208837164591565,0.01487,0.107250005,0.02875,0.03266,0.175,0.473,0.482,10.621,226623553536.0,-0.158,3.7698191065687827,-0.14940248800078362,2026-10-01
AXISBANK.NS,Axis Bank Limited,Banking,Banks,13.695285,10.364617,0.54,1.6961955,0.13352999,0.01535,0.36031,0.0,0.49181998,0.0,0.14,0.218,0.222,,3789671890944.0,0.42,-0.3273359522604828,-0.059534965287963586,2026-10-01
AXISCADES.NS,AXISCADES Technologies Limited,Infrastructure,Construction,156.63953,,-6.316110080645162,13.509969,0.0988506129454935,0.04905036873269008,0.02912,0.30899,-0.00035,0.14591,-0.248,,,52.834,98137522176.0,0.396,-0.01889090661334683,-0.040281944251689426,2026-10-01
AYE.NS,Aye Finance Limited,Financial Services,Finance,16.816683,8.639683,0.18459586169045006,1.4238627,0.07645442269270558,0.024910780219582294,0.22211,1.0,0.34991002,0.0,0.367,0.911,1.435,199.987,39934808064.0,,-6.996023343490162,0.13055409587201494,2026-10-01
AYMSYNTEX.NS,AYM Syntex Limited,Textiles,Textiles & Apparels,87.21184,,11.628245333333332,2.788041,0.011125098569671449,0.006109436698478174,0.01351,0.45273998,0.047059998,0.07994,0.075,,,31.914,16457668608.0,0.429,23.08833771152789,-0.4373512301174691,2026-10-01
AZAD.NS,Azad Engineering Limited,Capital Goods,Industrial Manufacturing,132.26537,77.39483,6.209641784037558,12.089007,0.08691031056355623,0.060397483320772966,0.21756001,0.92008,0.265,0.37335,0.259,0.213,0.203,31.025,184761909248.0,0.636,-0.8953091957223598,0.5217595455690693,2026-10-01
BAGFILMS.NS,B.A.G. Films and Media Limited,Media,Media,22.61111,,0.40667464028776973,0.49315402,0.02182019903997424,0.00894374100712544,0.02987,0.945,0.16813,0.122279994,0.226,0.556,0.596,50.258,886926720.0,0.392,-3.684577752827011,-0.3975067244350669,2026-10-01
BAIDFIN.NS,Baid Finserv Limited,Financial Services,Finance,9.458715,,-0.5197096153846154,0.6859614,0.06432682972928856,0.02777881350005556,0.28607,0.70817,0.49748,0.0,-0.273,-0.182,0.082,122.59,1671170688.0,0.166,-2.221684285036962,0.11371496143805919,2026-10-01
BAJAJ-AUTO.NS,Bajaj Auto Limited,Auto,Automobiles,23.870062,21.148262,1.31,7.23001,0.27668450676877493,0.13913227136115813,0.16251,0.34187,0.21514,0.2305,0.64,0.458,0.459,56.352,2760404631552.0,0.635,0.24167435297709186,0.46684041596072484,2026-10-01
BAJAJCON.NS,Bajaj Consumer Care Limited,Consumer Goods,Personal Products,29.498514,21.954506,0.3082394357366771,8.814506,0.2519017702172029,0.20122203281855058,0.18059,0.61472,0.23294,0.21452999,0.281,0.957,0.865,2.092,64923832320.0,0.917,1.0354178387956736,0.5182596547250773,2026-10-01
BAJAJELEC.NS,Bajaj Electricals Limited,Consumer Durables,Consumer Durables,-79.1029023746702,18.816458,-0.015434712658472233,2.1700263,-0.05699232187323636,-0.021326997697608444,-0.00963,0.31058002,0.04275,0.03786,0.023,51.25,52.154,104.575,34604003328.0,0.008,-6.815910689344335,-1.6809531375773283,2026-10-01
BAJAJFINSV.NS,Bajaj Finserv Ltd.,Financial Services,Finance,27.423235,18.252478,2.159309842519685,3.5551307,0.12579042796213877,0.012921558058052502,0.06471,0.51478,0.40222,0.37471,0.193,0.127,0.123,256.404,2772584103936.0,0.371,-5.64244253374921,0.10466947164830805,2026-10-01
BAJAJHCARE.NS,Bajaj HealthCare Limited,Pharma & Healthcare,Pharmaceuticals & Biotechnology,46.135715,,4.011801304347826,1.933705,0.029579819509086176,0.017077346479246705,0.028080001,0.48727,0.13124,0.17173,0.113,0.115,0.158,46.734,10872163328.0,0.276,3.6839357862756166,-0.6008127508197136,2026-10-01
BAJAJHFL.NS,Bajaj Housing Finance Limited,Financial Services,Finance,25.668732,18.935406,1.1209053275109169,3.0658584,0.12679,0.020136841554719516,0.63176996,0.99292,0.80913,0.0,0.196,0.229,0.226,460.74,690529370112.0,0.726,-7.770397681557918,0.18375329418835823,2026-10-01
BAJAJHIND.NS,Bajaj Hindusthan Sugar Limited,Consumer Goods,Food Products,9.453202,,-0.9646124489795916,4.552788,0.03322994079858924,0.008852898427619533,0.0217,0.16738,-0.15623,0.050890002,-0.098,,,92.996,45842722816.0,0.116,1.8129195293374398,6.372507424692405,2026-10-01
BAJAJHLDNG.NS,Bajaj Holdings & Investment Limited,Financial Services,Capital Markets,13.396973,,-0.5980791517857141,1.6227577,0.11598,0.11312411071072592,7.34641,0.98983,0.84845,0.83055997,0.242,-0.224,-0.224,0.012,1187056582656.0,0.151,0.49605209225101826,0.4778772733476775,2026-10-01
BAJAJINDEF.NS,Indef Manufacturing Limited,Auto,"Agricultural, Commercial & Construction Vehicles",28.21651,,-10.077324999999998,2.473488,0.0875883267461283,0.07112030822020889,0.11597,0.44891,-0.06929,0.08262999,-0.132,-0.028,-0.027,1.818,6672640000.0,,0.9954672998057414,-0.3083111096799501,2026-10-01
BAJEL.NS,Bajel Projects Limited,Power & Utilities,Power,86.121056,10.908667,2.0802187439613524,2.5324235,0.027123501844778557,0.007987780960672803,0.00802,0.17827,0.02397,0.03455,-0.067,0.414,0.601,49.067,18931490816.0,0.978,1.040016373473001,0.31126200407411,2026-10-01
BAJFINANCE.NS,Bajaj Finance Limited,Financial Services,Finance,29.088959,18.76588,1.0694470220588235,5.172329,0.16682064459852375,0.03396251423960424,0.43495,0.91551,0.61552,0.0,0.261,0.272,0.274,314.833,5899291721728.0,0.308,-3.4594547411605903,0.14302174203110743,2026-10-01
BALAJEE.NS,Shree Tirupati Balajee Agro Trading Company Limited,Capital Goods,Industrial Products,22.300886,,-0.6389938681948424,0.673023,0.03614918659815815,0.0175608189190172,0.01574,0.33675998,0.06283,0.06138,0.113,-0.349,-0.348,66.475,2055585408.0,1.168,-0.6098633122928114,-0.566027101381871,2026-10-01
BALAJITELE.NS,Balaji Telefilms Limited,Media,Entertainment,-50.58426966292135,,-0.2200272712610759,1.734574,-0.0786996731745407,-0.0575116849890684,-0.055180002,0.07143,0.1013,-0.033350002,2.299,,,3.047,10976081920.0,0.629,1.48216642228739,-1.5638933260450412,2026-10-01
BALAMINES.NS,Balaji Amines Limited,Chemicals,Chemicals & Petrochemicals,32.61602,22.36852,0.3355557613168724,3.3642733,0.08459580761748263,0.06096541490471833,0.13407,0.44541,0.22392,0.21732001,0.272,0.972,0.972,6.194,66493329408.0,0.859,1.1007040075980907,0.061445140647913614,2026-10-01
BALKRISHNA.NS,Balkrishna Paper Mills Limited,Capital Goods,Industrial Products,-7.379629629629629,,-0.12811856995884774,-0.29131183,0.037142274124266995,-0.3649688592167757,-1.21859,0.07006,-0.09233,-0.1823,0.576,,,,513579328.0,0.392,0.6582876785906112,-1.795981188542112,2026-10-01
BALKRISIND.NS,Balkrishna Industries Limited,Auto,Auto Components,28.694395,20.668388,0.5087658687943263,3.6765482,0.11347029608527022,0.06996939155729318,0.12203,0.50291,0.15574999,0.24574,0.252,0.564,0.564,37.524,402776358912.0,0.352,1.8094441316064678,-0.24886402088267995,2026-10-01
BALMLAWRIE.NS,Balmer Lawrie & Co. Ltd.,Diversified,Diversified,9.755053,,2.6365008108108112,1.314671,0.1336868264525937,0.08258355946398385,0.100200005,0.3505,0.107030004,0.13611001,0.1,0.037,0.036,10.544,27240912896.0,0.68,1.0455908425692404,0.04002259009246973,2026-10-01
BALPHARMA.NS,Bal Pharma Limited,Pharma & Healthcare,Pharmaceuticals & Biotechnology,23.342161,,0.05231322501120574,2.0447073,0.07641725700039524,0.01673218124949739,0.02155,0.47497,0.05829,0.10424,0.345,4.462,4.601,193.935,1683473024.0,0.446,4.907282449551213,-0.1291404495939241,2026-10-01
BALRAMCHIN.NS,Balrampur Chini Mills Limited,Consumer Goods,Food Products,35.6034,17.843298,-2.311909090909091,3.1680758,0.09145801730243708,0.04502118799695901,0.05829,0.2626,0.042529996,0.11337,0.061,-0.154,-0.144,76.606,137337356288.0,0.374,1.5839645260281443,-0.13379483531584185,2026-10-01
BALUFORGE.NS,Balu Forge Industries Limited,Capital Goods,Industrial Products,20.063602,,0.22799547727272726,3.1744437,0.16236249329109373,0.13988172136083868,0.22806999,0.35571998,0.27087998,0.26583,0.29,0.88,0.159,9.524,59354574848.0,0.628,0.12243820362732366,0.2699717544887209,2026-10-01
BANARBEADS.NS,Banaras Beads Limited,Consumer Durables,Consumer Durables,40.701756,,2.3391813793103453,1.3275957,0.03078406916614481,0.02203431920335742,0.0665,0.64435995,0.14499,0.19833,0.459,0.174,0.18,35.612,765312576.0,0.451,-2.6349599909838837,-0.4253424435737185,2026-10-01
BANARISUG.NS,Bannari Amman Sugars Limited,Consumer Goods,Food Products,34.015255,,-0.578490731292517,2.16334,0.07730571931476993,0.06856930410568236,0.07288,0.31738,-0.08181,0.12085,-0.588,,,0.484,41387278336.0,0.189,3.476508352015057,0.4131946600731264,2026-10-01
BANCOINDIA.NS,Banco Products (India) Limited,Auto,Auto Components,17.067417,,1.4587535897435895,5.007768,0.28598194806658267,0.15751506594588713,0.12031999,0.46886003,0.15043001,0.17622,0.22,0.117,0.117,36.44,84370546688.0,0.677,0.7894840316671947,0.22940351477207324,2026-10-01
BANDHANBNK.NS,Bandhan Bank Limited,Banking,Banks,20.977354,8.702588,0.6062819075144509,1.1071689,0.04784233167329015,0.005795476994860642,0.13617,0.0,0.23771,0.0,0.216,0.346,0.349,,283561951232.0,0.792,0.9338235792902154,-0.5543056476069698,2026-10-01
BANG.NS,Bang Overseas Limited,Textiles,Textiles & Apparels,9.274336,,-0.1159292,0.45567858,0.06365241963970328,0.03131060024883782,0.01975,0.20212,0.0295,0.045229997,0.178,-0.8,-0.8,44.214,426326400.0,0.598,-2.16264756331349,3.7375932234600864,2026-10-01
BANKBARODA.NS,Bank of Baroda Limited,Banking,Banks,6.5741954,5.389223,-0.13527151028806583,0.70807374,0.113170005,0.0093,0.27392,0.0,0.45536998,0.0,0.18,-0.486,-0.486,,1193653829632.0,0.422,1.684238840575878,-0.04199117237379134,2026-10-01
BANKINDIA.NS,Bank of India,Banking,Banks,4.79378,5.139625,0.059698381070983804,0.6482265,0.13697,0.008737472186028947,0.34992,0.0,0.48535,0.0,0.185,0.803,0.805,,589479411712.0,0.775,0.46116084035285915,0.07938803637932695,2026-10-01
BANSALWIRE.NS,Bansal Wire Industries Limited,Metals & Mining,Ferrous Metals,35.53905,19.638296,-0.743494769874477,3.5343478,0.11249406746904075,0.06394577986539529,0.03238,0.22545,0.03524,0.06807,0.244,-0.478,-0.479,38.769,50575396864.0,0.842,2.0695716469287073,0.11287668201745288,2026-10-01
BANSWRAS.NS,Banswara Syntex Limited,Textiles,Textiles & Apparels,9.677716,,0.10028721243523317,0.6151091,0.054530002,0.03862,0.023,0.56888,0.08415,0.09443,0.075,0.965,0.958,81.208,3597792000.0,0.454,3.7816190838382484,0.4082253485527557,2026-10-01
BASF.NS,BASF India Limited,Chemicals,Chemicals & Petrochemicals,23.93933,19.638506,0.14759143033292232,3.7375338,0.10615394722877805,0.049800607896970474,0.040120002,0.16985,0.09601,0.05766,0.245,1.622,1.622,3.35,147911360512.0,0.383,-0.2620566531778148,-0.12307435394313865,2026-10-01
BASML.NS,Bannari Amman Spinning Mills Ltd,Textiles,Textiles & Apparels,7.655405,1.4544288,0.0446639731621937,0.38237625,0.029028983377503467,0.013970069130951312,0.02632,0.29614002,0.05156,0.093059994,-0.004,1.714,2.005,83.809,1811018368.0,0.774,8.497774351216107,0.9119720758180478,2026-10-01
BATAINDIA.NS,Bata India Limited,Consumer Durables,Consumer Durables,53.819138,28.774845,2.3399625217391304,4.9377747,0.08410885191078711,0.03551826807288703,0.041149996,0.55102,0.10557,0.13053,0.039,0.23,0.23,86.9,78787379200.0,0.376,4.432624959017615,-0.5941280363882706,2026-10-01
BAYERCROP.NS,Bayer CropScience Limited,Chemicals,Fertilizers & Agrochemicals,21.820972,18.943668,1.4169462337662337,5.386017,0.2323903294331861,0.12092500965013861,0.13084,0.41763002,0.17302,0.14558,-0.042,0.154,0.154,2.758,159733186560.0,0.223,1.5648578061520604,0.21338028169014084,2026-10-01
BBL.NS,Bharat Bijlee Limited,Capital Goods,Electrical Equipment,20.928305,48.70793,-0.7070373310810812,1.1530827,0.05919466858576548,0.03859156377939598,0.047470003,0.23347001,0.04203,0.06394,0.177,-0.296,-0.296,15.116,23392937984.0,0.536,-0.7702556416021318,-0.10145903479236812,2026-10-01
BBOX.NS,Black Box Limited,IT & Technology,IT - Software,61.03144,27.4905,4.731119379844961,10.976636,0.16902371553787338,0.050660269697463726,0.033970002,0.17377001,0.06595,0.09215,0.239,0.129,0.179,89.594,141342326784.0,0.917,0.38594152261860976,0.06221310674870593,2026-10-01
BBTC.NS,The Bombay Burmah Trading Corporation Limited,Consumer Goods,Food Products,7.2165723,3.5721552,0.3663234670050762,1.3219246,0.1764659939392046,0.08547337172287993,0.063829996,0.42672002,0.15586,0.18955,0.078,0.197,0.197,16.57,93089669120.0,0.607,1.9463011097073237,0.10692748278595797,2026-10-01
BBTCL.NS,B&B Triplewall Containers Limited,Capital Goods,Industrial Products,6.6116395,,0.3573859189189189,3.5639522,0.1562309556380396,0.04696853037910525,0.05153,0.41371,0.13743,0.17295,0.185,,6.513,192.896,4707124736.0,0.029,1.450118718806028,4.731691439730932,2026-10-01
BCLIND.NS,BCL Industries Limited,Consumer Goods,Beverages,7.9088607,,-0.30418695,1.0129045,0.1263570577884872,0.07329078005594798,0.04514,0.25631002,0.08801,0.10026,-0.264,-0.26,0.053,59.845,9220901888.0,0.607,3.4069344303643336,0.21072516937747854,2026-10-01
BCONCEPTS.NS,Brand Concepts Limited,Consumer Durables,Consumer Durables,182.35066,,16.57733272727273,2.114322,0.013136288998357963,0.003000315939012724,0.00273,0.55425,0.00387,0.0561,0.11,,,219.532,1752580352.0,-0.224,-10.715482326951399,-0.7924063210593698,2026-10-01
BDL.NS,Bharat Dynamics Limited,Aerospace & Defense,Aerospace & Defense,76.55876,35.780098,0.13970576642335766,9.396026,0.09911356821187081,0.029473592007920008,0.18827,0.47917,0.109799996,0.12697,1.308,5.48,5.474,0.007,398783348736.0,0.321,1.4369442562359398,-0.2352564890951472,2026-10-01
BEARDSELL.NS,Beardsell Limited,Cement & Materials,Other Construction Materials,7.9891696,,-0.3648022648401827,0.94937795,0.12433611336710254,0.06460204786023123,0.03839,0.33205003,0.03269,0.08209,0.1,-0.219,-0.221,24.168,872740800.0,0.208,2.303390141744126,0.16341125963905676,2026-10-01
BECTORFOOD.NS,Mrs. Bectors Food Specialities Limited,Consumer Goods,Food Products,44.01446,30.15867,1.7466055555555555,5.1603603,0.11084691699365279,0.08349310185220854,0.07019,0.45619,0.08411,0.12753999,0.16,0.252,0.255,15.011,65336770560.0,0.17,1.545950128122316,-0.016420796883399775,2026-10-01
BEL.NS,Bharat Electronics Limited,Aerospace & Defense,Aerospace & Defense,45.6615,34.084755,5.5013855421686735,11.673827,0.25270642241992036,0.13610995852485724,0.21403,0.47842997,0.22135,0.28514,0.249,0.083,0.087,0.273,2800376348672.0,0.284,0.25426756845925436,0.13916533870531284,2026-10-01
BELLACASA.NS,Bella Casa Fashion & Retail Limited,Textiles,Textiles & Apparels,17.974665,,-0.389062012987013,1.8830161,0.12045925720222735,0.06675655013324976,0.04023,0.121759996,0.03807,0.07215,0.334,-0.462,-0.461,47.054,3229332736.0,0.458,1.5589302039031758,0.2742524675061569,2026-10-01
BELRISE.NS,Belrise Industries Limited,Auto,Auto Components,41.666668,25.933384,-4.7892721839080465,4.04393,0.09506946044263954,0.05811373524436752,0.05175,0.1903,0.07637,0.11495,0.126,-0.087,0.089,29.1,229698584576.0,,1.762269049631687,0.3978612604552629,2026-10-01
BEML.NS,BEML Limited,Diversified,Diversified,91.184944,27.084888,1.06,5.5708227,0.04825527471025092,0.020194082956646216,0.03934,0.46852002,-0.02615,0.077410005,0.293,,,10.529,163438002176.0,0.685,0.8350933379293587,-0.5161177751307786,2026-10-01
BEPL.NS,Bhansali Engineering Polymers Limited,Chemicals,Chemicals & Petrochemicals,15.393035,21.264605,0.3538628735632184,2.8432274,0.16631986173099544,0.14017538758611803,0.13877,0.32696998,0.17061001,0.17125,0.533,0.435,0.429,,30798723072.0,0.194,0.9331499051128073,0.000811598131713322,2026-10-01
BERGEPAINT.NS,Berger Paints India Limited,Chemicals,Chemicals & Petrochemicals,43.374878,34.913197,1.5219255438596495,7.6270757,0.16293289918104845,0.11204542787995936,0.099209994,0.40889,0.14074,0.14864,0.12,0.285,0.285,9.165,527499657216.0,0.441,1.366652763850311,-0.04534903422568621,2026-10-01
BETA.NS,Beta Drugs Limited,Pharma & Healthcare,Pharmaceuticals & Biotechnology,46.971004,,1.7080365090909089,8.583174,0.1694758968094603,0.08366828049074666,0.111140005,0.57102,0.18337,0.2052,0.253,0.275,0.351,60.386,21016813568.0,-0.45,0.898834936009469,-0.02206343443678009,2026-10-01
BFINVEST.NS,BF Investment Limited,Financial Services,Capital Markets,4.1456337,,0.014805834642857145,0.18911797,0.033027484685511026,0.030020730602026306,4.9828,0.99934995,0.89786005,0.84693,0.197,2.8,2.798,0.001,16148112384.0,0.31,0.11664479982979327,0.268652352097026,2026-10-01
BHAGCHEM.NS,Bhagiradha Chemicals & Industries Limited,Chemicals,Fertilizers & Agrochemicals,111.39151,,1.9338803819444446,4.3850036,0.026024067952528544,0.016223284500055526,0.04533,0.37588,0.11378,0.123330005,0.576,,2.35,33.579,30621351936.0,0.511,0.6610613430766183,0.3114531690877732,2026-10-01
BHARATFORG.NS,Bharat Forge Limited,Auto,Auto Components,126.43291,38.91374,6.7611181818181825,9.357314,0.11270136035674917,0.04850238915577323,0.040260002,0.53261,0.09616,0.16231,0.187,,,76.475,916257505280.0,0.524,1.3769525804859117,0.14716842001247407,2026-10-01
BHARATGEAR.NS,Bharat Gears Limited,Auto,Auto Components,10.188139,,-0.11232788313120176,1.1662395,0.1258038968176472,0.04117962030344585,0.0183,0.45312,0.014099999,0.05617,0.199,-0.907,-0.91,55.563,1529977984.0,0.457,1.7841687823025794,4.1767824095856465,2026-10-01
BHARATRAS.NS,Bharat Rasayan Limited,Chemicals,Fertilizers & Agrochemicals,11.579313,2.986244,-1.8982480327868856,1.302054,0.11431933010956433,0.10172774104889155,0.11915,0.34999,0.12926,0.14628,-0.104,-0.061,-0.061,0.096,16597801984.0,0.171,0.9059106249065035,0.0340997147358113,2026-10-01
BHARATSE.NS,Bharat Seats Limited,Auto,Auto Components,27.767979,,1.7035569938650306,5.596117,0.1991,0.05756,0.02165,0.13474,0.03531,0.049250003,0.462,0.163,0.164,47.94,12852019200.0,0.88,2.5267739870048684,0.2914621578395305,2026-10-01
BHARATWIRE.NS,Bharat Wire Ropes Limited,Metals & Mining,Ferrous Metals,22.14661,,-0.5606736708860759,1.354676,0.08935971467286574,0.07319310100503686,0.11925,0.48868,0.14532,0.2173,-0.08,-0.395,-0.216,9.237,11013530624.0,0.608,1.3482160109087495,0.000890993506107795,2026-10-01
BHARTIARTL.NS,Bharti Airtel Limited,Telecom,Telecom - Services,36.40945,21.193623,1.037306267806268,6.709984,0.20151,0.08163,0.1314,0.67856,0.32573003,0.52137,0.184,0.351,0.373,100.415,10862127480832.0,-0.004,4.329092280134804,-0.20446058987784635,2026-10-01
BHARTIHEXA.NS,Bharti Hexacom Limited,Telecom,Telecom - Services,37.817383,21.668179,1.6300596120689652,9.624295,0.24189136381398985,0.09097876182377458,0.18999,0.59927,0.31945,0.48179,0.109,0.232,0.232,85.654,689600004096.0,0.073,2.5755827371336255,0.16041778253883235,2026-10-01
BHEL.NS,Bharat Heavy Electricals Limited,Capital Goods,Industrial Manufacturing,60.315186,30.107279,1.496654739454094,5.6066804,0.06120334529026899,0.021004754047385065,0.06758,0.31469,0.054819997,0.07953,0.403,,,31.312,1465948700672.0,0.845,3.6477697374176694,1.9973028657051883,2026-10-01
BIGBLOC.NS,Bigbloc Construction Limited,Cement & Materials,Other Construction Materials,323.16666,9.344578,7.999174752475246,3.991765,-0.012801040020881851,-0.004531722443197101,0.00518,0.55198,0.040110003,0.08653,0.404,,,137.729,5490307072.0,-0.135,-10.789333181869818,-1.183184026802343,2026-10-01
BIKAJI.NS,Bikaji Foods International Limited,Consumer Goods,Food Products,48.794773,36.120834,121.9869325,7.8645983,0.16071212773475124,0.11531963473072154,0.08406,0.34814999,0.09911,0.13103,0.125,0.004,0.004,17.531,126383677440.0,0.23,1.1774724389692375,0.2865448484295988,2026-10-01
BIL.NS,Bhartiya International Ltd.,Consumer Durables,Consumer Durables,51.67713,58.993427,0.2426156338028169,2.6826923,0.02765301429913263,0.009892807067443275,0.01766,0.40691003,0.09016,0.09329,0.332,2.13,2.181,111.216,13243451392.0,0.178,1.4347748444894193,-0.14205096777488382,2026-10-01
BIOCON.NS,Biocon Limited,Pharma & Healthcare,Pharmaceuticals & Biotechnology,107.76163,34.069813,0.45934198635976126,1.7640873,0.011330579046656363,0.0060580732938888245,0.0286,0.61185,0.06914,0.20687,0.1,2.346,3.494,42.145,,0.303,5.171161825726141,-0.6194611664857397,2026-10-01
BIOFILCHEM.NS,Biofil Chemicals and Pharmaceuticals Limited,Pharma & Healthcare,Pharmaceuticals & Biotechnology,97.7,,-1.025183630640084,2.2186055,0.12919501212652393,0.06502038596810594,0.01398,0.07172,0.01086,0.030840002,0.34,-0.953,-0.955,14.005,476985056.0,0.573,-0.21712132089016511,3.9955173032096107,2026-10-01
BIRLACORPN.NS,Birla Corporation Limited,Cement & Materials,Other Construction Materials,11.527603,10.604565,0.23670642710472278,0.8667507,0.07571116270859642,0.0384278218008747,0.05623,0.82085,0.07556,0.1436,0.078,0.487,-0.032,46.04,63833579520.0,0.463,1.7045499381265805,0.888663076245639,2026-10-01
BIRLAMONEY.NS,Aditya Birla Money Limited,Financial Services,Capital Markets,11.752083,,-0.42580010869565216,2.1233509,0.1947556175181772,0.01687038819442397,0.15797,0.75791,0.17545,0.0,0.08,-0.276,-0.276,734.586,6375367680.0,0.438,-5.425419702817742,-0.2118173681912043,2026-10-01
BIRLANU.NS,BirlaNu Limited,Cement & Materials,Other Construction Materials,-9.637686179425009,11.006329,-0.830835015467673,0.94480187,-0.10767588227639084,-0.03893349095876764,-0.028250001,0.41092998,0.029660001,0.011779999,0.116,,,100.118,,0.586,-0.9915357156000442,-2.633692464327503,2026-10-01
BLACKBUCK.NS,BlackBuck Limited,IT & Technology,IT - Software,65.600655,38.706898,2.5525546692607004,7.7839274,0.11277005158039692,0.09234688235754865,0.23692,0.76754,0.1331,0.23625,0.421,0.257,0.251,4.164,110465236992.0,,1.056666022214877,19.526054303870595,2026-10-01
BLAL.NS,BEML Land Assets Limited,Diversified,Diversified,292.27777,,,591.1236,0.009533992693575693,0.0008165881877084399,1.16142,1.0,0.64814,0.54939,,,,1062.5,6572751360.0,0.601,120.2803738317757,1.0028553892135672,2026-10-01
BLBLIMITED.NS,BLB Limited,Financial Services,Capital Markets,3.2123551,,-0.06225494379844961,0.6749959,0.25568780856121653,0.24971934405196744,0.03507,0.05691,0.08136,0.0,0.606,-0.516,-0.519,1.655,879677824.0,0.213,0.45429282243809627,7.63127493135782,2026-10-01
BLISSGVS.NS,Bliss GVS Pharma Limited,Pharma & Healthcare,Pharmaceuticals & Biotechnology,54.082275,,3.58160761589404,6.0623255,0.108248171095036,0.08652375317212732,0.13548,0.53208,0.23273,0.19118999,0.376,0.151,0.164,1.766,72687509504.0,1.231,1.0742558615712015,0.5317944514367261,2026-10-01
BLKASHYAP.NS,B.L. Kashyap and Sons Limited,Infrastructure,Construction,1674.3334,47.838097,-201.72691566265058,2.1320033,0.0029371976567723556,0.000931126881985746,0.0005,0.17803,0.070700005,0.07556,0.026,-0.083,-0.078,56.784,11325980672.0,0.32,74.1136892450879,-0.9436873980899139,2026-10-01
BLS.NS,BLS International Services Limited,Capital Goods,Commercial Services & Supplies,12.668812,10.070232,1.1730381481481482,3.6171813,0.27875859384212764,0.18214685646816495,0.22207001,0.38274,0.24783,0.27458,0.253,0.108,0.112,15.468,89098674176.0,-0.213,1.3148669769666144,0.35119103251282746,2026-10-01
BLSE.NS,BLS E-Services Limited,Capital Goods,Commercial Services & Supplies,50.5573,,13.664135135135135,5.608282,0.11004674887195019,0.07546247613267738,0.04934,0.08327,0.06508,0.06712,0.246,0.037,0.042,1.076,29195145216.0,-0.051,0.8814934500246971,0.09386730083234245,2026-10-01
BLUEDART.NS,Blue Dart Express Limited,Infrastructure,Transport Services,37.219,24.390524,0.45836206896551723,6.0043473,0.1392311025815638,0.059946448259568436,0.04516,0.25156,0.074939996,0.16992001,0.15,0.812,0.812,64.266,106699767808.0,0.219,3.275193015077408,-0.019927105617621423,2026-10-01
BLUEJET.NS,Blue Jet Healthcare Limited,Pharma & Healthcare,Pharmaceuticals & Biotechnology,39.95575,27.792324,-2.794108391608392,6.9109783,0.1822294383754243,0.15100069585012535,0.26523,0.54899,0.31172,0.30552998,-0.174,-0.143,-0.142,3.102,93983563776.0,0.616,1.3483633018045647,-0.18802895122262886,2026-10-01
BLUESTARCO.NS,Blue Star Limited,Cement & Materials,Other Construction Materials,58.997574,37.799107,-3.907124105960265,8.745199,0.15377921573415965,0.06152999423972537,0.03979,0.21934,0.03503,0.06514,0.133,-0.151,-0.153,23.588,300083019776.0,0.146,0.2914834748332323,-0.1075028753129017,2026-10-01
BLUESTONE.NS,BlueStone Jewellery and Lifestyle Limited,Consumer Durables,Consumer Durables,202.55783,90.917274,4.083827217741935,6.6613407,0.008239596378065137,0.0029907204417163272,0.02101,0.42588,0.06431,0.17576,0.496,,,110.033,120396029952.0,,-13.418615623104401,1.0669331300272027,2026-10-01
BLUSPRING.NS,Bluspring Enterprises Limited,Capital Goods,Commercial Services & Supplies,-199.75675675675674,,-10.458468940144332,3.256808,-0.022955519379473797,-0.0090758509719478,-0.0031299999,0.12966,0.00709,0.02604,0.191,,,18.377,22099402752.0,,-3.3631860252900534,0.9108189174107143,2026-10-01
BMWVENTLTD.NS,BMW Ventures Limited,Metals & Mining,Ferrous Metals,11.026031,,-2.827187435897436,0.9982914,0.08483285484891247,0.049840935730056796,0.01666,0.092609994,0.03118,0.03487,0.257,-0.039,0.318,58.379,4407723520.0,,0.2034703639773658,0.14196622521196833,2026-10-01
BOMDYEING.NS,The Bombay Dyeing and Manufacturing Company Limited,Textiles,Textiles & Apparels,105.804115,,-2.146128093306288,0.9277623,0.011780047435257875,0.009084221395838536,0.01352,0.2944,-0.02271,-0.02891,0.087,-0.493,-0.487,0.139,21196675072.0,0.312,-6.762630014858841,-0.945079157826016,2026-10-01
BOROLTD.NS,Borosil Limited,Consumer Durables,Consumer Durables,47.979454,31.483149,-1.7969832958801495,3.7588542,0.08418396253379243,0.05825273623146117,0.05757,0.61030996,0.049689997,0.13781,0.09,-0.267,-0.265,16.696,33508456448.0,0.079,1.5915507482796398,0.005795156962270861,2026-10-01
BORORENEW.NS,Borosil Renewables Limited,Power & Utilities,Power,15.931964,,0.9316938011695906,4.170106,0.0854374148731422,0.0707339232863771,0.23685,0.54924,0.26033002,0.31217,0.171,,,10.74,66173796352.0,0.097,3.277696993454533,2.8554858871083666,2026-10-01
BOROSCI.NS,Borosil Scientific Limited,Capital Goods,Industrial Products,23.241238,,2.0751105357142854,2.2712526,0.07843425169587082,0.06303896717907287,0.09024999,0.65364,0.03343,0.1388,0.112,,,1.955,10026616832.0,0.598,1.2500866711350451,0.2913739521036275,2026-10-01
BOSCH-HCIL.NS,Bosch Home Comfort India Limited,Consumer Durables,Consumer Durables,1164.0236,,24.149867219917013,10.708998,-0.005714171545024075,-0.0014931217207444726,0.00159,0.30482998,0.0254,0.025799999,0.285,0.482,0.494,16.319,53489905664.0,0.664,-39.66083916083916,-1.0486146523882374,2026-10-01
BOSCHLTD.NS,Bosch Limited,Auto,Auto Components,56.8003,40.433975,-1.547692098092643,9.035721,0.18680785708511843,0.12791689921908514,0.11328,0.33551,0.12362,0.13423,0.22,-0.367,-0.367,0.8,,0.673,0.784400692340978,0.3761413259229853,2026-10-01
BPCL.NS,Bharat Petroleum Corporation Limited,Oil & Gas,Petroleum Products,7.4943905,7.576785,0.28,1.282571,0.2579952373089578,0.10394925057728578,0.034679998,0.12755,-0.04048,0.059520002,0.344,,,54.332,1284339007488.0,0.87,1.9644819093425994,0.9377912578590415,2026-10-01
BPL.NS,BPL Limited,Consumer Durables,Consumer Durables,-15.046511627906977,,-1.5353583293782629,0.93744826,-0.039100002,0.00062,-0.18355,0.36195,0.05016,0.03858,0.098,,,84.545,2218111744.0,0.154,5.501146707808308,-34.94758064516129,2026-10-01
BRIGADE.NS,Brigade Enterprises Limited,Real Estate,Realty,28.779684,15.242543,0.8514699408284022,27.234255,0.09448228942761377,0.024544955217331355,0.12562999,0.52987,0.25834,0.26756,-0.129,0.338,0.337,84.316,185765773312.0,0.177,-0.2126972795977591,-0.06032722818478768,2026-10-01
BRIGHOTEL.NS,Brigade Hotel Ventures Limited,Hospitality,Leisure Services,31.633333,18.367743,13.753623043478262,2.2586277,0.060954883376604416,0.042292750330977305,0.12918,0.68836,0.22173999,0.32256,0.023,,1.568,31.381,21628235776.0,,3.4131029763941156,1.895492818226845,2026-10-01
BRITANNIA.NS,Britannia Industries Limited,Consumer Goods,Food Products,44.163044,36.71133,3.247282647058823,22.537098,0.49612459268078707,0.26032733452939494,0.13376,0.41423,0.15212,0.18634,0.082,0.136,0.136,26.875,1150868652032.0,0.413,1.0308309880836317,0.16282880393623808,2026-10-01
BRNL.NS,Bharat Road Network Limited,Infrastructure,Construction,-1.0328608247422681,,-0.41314432989690725,0.19114737,-0.07362672489095984,-0.020650611898749924,-0.86336,0.96983004,-1.9691701,-0.83627,0.025,,,81.271,1345718528.0,-0.089,4.239690191302823,-1.2100690212307605,2026-10-01
BSE.NS,BSE Limited,Financial Services,Capital Markets,44.376457,34.101826,0.714596731078905,15.687365,0.3741909573041251,0.18570236513973526,0.48918,0.99595,0.80109,0.80646,0.64,0.621,0.62,0.0,1237069201408.0,0.443,1.242973512002499,0.8832482332621862,2026-10-01
BSL.NS,BSL Limited,Textiles,Textiles & Apparels,33.579544,113.65385,0.12386405016599042,1.0145401,0.0198164960111817,0.0037121408345177544,0.00543,0.42571,0.05725,0.07533,0.074,2.711,2.702,366.348,1216534272.0,0.549,20.797533877619728,-0.708716917758682,2026-10-01
BSOFT.NS,Birlasoft Limited,IT & Technology,IT - Services,13.203622,11.126387,0.2599138188976378,1.8331012,0.12602691033890534,0.09842994630147849,0.10601,0.39511,0.14749,0.16444,0.074,0.508,0.513,3.422,75434786816.0,0.369,0.927818086762598,0.0030904094744175245,2026-10-01
BTML.NS,Bodhi Tree Multimedia Limited,Media,Entertainment,19.694445,,-0.5914247747747747,1.3793775,0.07689998987507775,0.037709117474608006,0.05163,0.16174,0.05554,0.1195,0.652,-0.333,-0.345,41.589,1288237312.0,-0.069,-5.756359817551999,0.3068209750102417,2026-10-01
BUILDPRO.NS,Shankara Buildpro Limited,Retail,Retailing,23.064991,,0.5571253864734299,5.551704,0.25518999,0.09613,0.01871,0.05342,0.03432,0.03359,0.279,0.414,0.414,11.14,30292256768.0,,0.7008767207952794,0.6343398157625384,2026-10-01
BUTTERFLY.NS,Butterfly Gandhimathi Appliances Limited,Consumer Durables,Consumer Durables,20.44948,,0.5367317585301837,2.6440542,0.12259729681956967,0.0816095086455888,0.0496,0.37689,0.0418,0.0769,0.141,0.381,0.381,2.054,9842693120.0,0.001,1.936272125299642,0.4028112906547485,2026-10-01
BVCL.NS,Barak Valley Cements Limited,Cement & Materials,Other Construction Materials,45.483513,,0.34987317692307696,0.7268927,0.002343400300165881,0.0013989718009773274,0.0094,0.62786996,0.080970004,0.05847,0.058,1.3,1.303,23.443,917202368.0,0.703,23.96561116785836,-0.9431563056437253,2026-10-01
CAMLINFINE.NS,Camlin Fine Sciences Limited,Chemicals,Chemicals & Petrochemicals,-30.03630363036304,11.166872,-1.323185181954319,1.6795542,0.026542154086719498,0.01188827691072105,0.0032,0.43575,-0.00291,0.04682,0.227,,,71.951,17482258432.0,0.647,2.9705724792957664,1.1986912235456062,2026-10-01
CAMPUS.NS,Campus Activewear Limited,Consumer Durables,Consumer Durables,40.920475,30.079527,2.109302835051546,6.9408193,0.16561655172413794,0.10229758926928346,0.08482,0.52289003,0.083229996,0.13897,0.122,0.194,0.177,26.059,62918053888.0,0.118,0.8979279099207143,0.2385707212411289,2026-10-01
CAMS.NS,Computer Age Management Services Limited,IT & Technology,IT - Services,34.101208,25.92015,2.0059534117647058,12.71449,0.3603045021022305,0.2629319108960938,0.31785,0.66453004,0.40046,0.42497003,0.115,0.17,0.173,4.863,168241348608.0,0.206,1.2274252178072658,0.012360647886041883,2026-10-01
CANBK.NS,Canara Bank,Banking,Banks,5.4020996,5.084865,0.08685047588424437,0.91211736,0.16741828570199635,0.01044118435827659,0.43126,0.0,0.44137,0.0,-0.129,0.622,0.622,,1073602297856.0,0.498,0.4030232656858594,0.12350808590019896,2026-10-01
CANFINHOME.NS,Can Fin Homes Limited,Financial Services,Finance,8.377519,7.5006223,0.86,1.5830464,0.18155164922372727,0.024464318409219667,0.66733,0.98933,0.79907995,0.0,0.225,0.196,0.196,636.585,94672912384.0,0.409,-2.68047343763398,0.266677555267915,2026-10-01
CANHLIFE.NS,Canara HSBC Life Insurance Company Limited,Insurance,Insurance,104.239136,75.71053,5.160353267326732,8.365318,0.08276,0.00198,0.01075,0.12434,0.00847,0.013049999,0.183,0.202,0.202,15.304,136295710720.0,,,0.08232176440417166,2026-10-01
CANTABIL.NS,Cantabil Retail India Limited,Textiles,Textiles & Apparels,19.28412,,1.6915894736842105,3.9256322,0.20031350434724216,0.08328098175068621,0.111619994,0.71039003,0.1757,0.33048,0.127,0.114,0.113,113.826,18790121472.0,-0.224,2.0817123223293263,0.2790413434656059,2026-10-01
CAPACITE.NS,Capacit'e Infraprojects Limited,Infrastructure,Construction,8.272018,5.5657406,-0.5478157615894039,0.79926074,0.10033941429881943,0.0488319200237168,0.0696,0.3079,0.110489994,0.15609,0.067,-0.151,-0.137,25.274,15256646656.0,0.245,1.1658532281188685,-0.0544453007018623,2026-10-01
CAPILLARY.NS,Capillary Technologies India Limited,IT & Technology,IT - Software,104.266914,26.124023,2.4418481030444967,4.303603,0.05118549907034049,0.040290961221065,0.051880002,0.34469002,0.101169996,0.14866,0.427,,,5.238,44083109888.0,,2.861475910513858,2.9448795180722893,2026-10-01
CAPITALSFB.NS,Capital Small Finance Bank Limited,Banking,Banks,8.383686,5.391839,0.29416442105263163,0.84713423,0.10521,0.012519999,0.29315,0.0,0.36598,0.0,0.214,0.285,0.29,,12616588288.0,0.843,-2.723567690744121,0.07402436208290036,2026-10-01
CAPLIPOINT.NS,Caplin Point Laboratories Limited,Pharma & Healthcare,Pharmaceuticals & Biotechnology,30.182339,23.775068,1.8982603144654087,5.6964574,0.17879668304325763,0.15850776669270394,0.29089,0.59969,0.31434,0.34714,0.196,0.159,0.158,0.127,200055177216.0,0.368,0.815981535774437,0.19565176856668717,2026-10-01
CARBORUNIV.NS,Carborundum Universal Limited,Diversified,Diversified,112.49545,41.058735,4.787040425531915,6.055499,0.04993150969454503,0.036806072726035526,0.03849,0.56515,0.0675,0.11023,0.194,0.235,0.234,10.292,236169510912.0,0.346,1.8865471128366302,-0.33482043731788386,2026-10-01
CARERATING.NS,CARE Ratings Limited,Financial Services,Capital Markets,27.159803,20.573812,1.08639212,5.164519,0.1835785094931048,0.15494810076968546,0.36194,0.54753,0.27556,0.40023997,0.189,0.25,0.251,2.776,48220667904.0,0.354,0.8621011363098643,0.24729321976964225,2026-10-01
CARRARO.NS,Carraro India Limited,Auto,Auto Components,22.169447,,2.8422367948717953,5.216997,0.23124132116643523,0.10289566206320946,0.05757,0.26232,0.05968,0.09357,0.105,0.078,0.078,27.433,29454780416.0,,1.0306532778786277,0.48163237513760115,2026-10-01
CARTRADE.NS,CarTrade Tech Limited,Retail,Retailing,60.48707,35.319874,2.700315625,5.408541,0.08979655558163555,0.07410600951569819,0.28656,0.60944,0.25952,0.34814,0.163,0.224,0.195,5.363,136442535936.0,0.017,1.1524200726907459,0.6561320096130138,2026-10-01
CARYSIL.NS,Carysil Limited,Consumer Durables,Consumer Durables,27.853909,20.82312,0.7407954521276596,4.8883424,0.16138522731008184,0.09421597036980175,0.11135,0.54082,0.16339001,0.19601,0.155,0.376,0.377,45.99,29716836352.0,0.549,1.1064263163254915,0.5404769375588327,2026-10-01
CASTROLIND.NS,Castrol India Limited,Oil & Gas,Petroleum Products,18.54986,16.840736,0.4406142517814726,10.329008,0.56996,0.24879,0.17066,0.49339,0.24779,0.24235001,0.25,0.421,0.425,2.784,196874911744.0,0.311,0.9276227161335396,0.024481520226912416,2026-10-01
CCAVENUE.NS,AvenuesAI Limited,IT & Technology,IT - Software,15.916667,14.415095,1.1130536363636365,0.91267467,0.058793090334394456,0.038215270386270796,0.03089,0.05025,0.0248,0.039890002,1.094,0.143,0.243,8.63,53189980160.0,0.025,1.9227185579386836,0.23784534308071756,2026-10-01
CCCL.NS,Consolidated Construction Consortium Limited,Infrastructure,Construction,-149.44444444444443,,-1.1119378306878305,2.1554487,0.2834463159095417,0.1595752672451256,-0.01212,0.13324,-0.088649996,-0.025559999,1.344,,,0.108,6008914432.0,6.409,-1.2382684271935087,-0.0983415201875845,2026-10-01
CCHHL.NS,Country Club Hospitality & Holidays Limited,Hospitality,Leisure Services,-12.14018691588785,,-0.242803738317757,0.71213204,-0.05912707420549911,-0.03394643447031619,-0.16382,0.75206,0.02219,0.18599,-0.376,0.5,0.622,7.896,2123406848.0,0.324,1.4816236723167047,-5.026693763843537,2026-10-01
CCL.NS,CCL Products (India) Limited,Consumer Goods,Food Products,32.61111,22.265514,0.5346083606557377,6.001772,0.16553504462616764,0.08970871561133349,0.0938,0.35567,0.13101,0.17021,0.138,0.61,0.613,56.487,140891504640.0,0.033,2.211471608271967,0.2505973354729463,2026-10-01
CDSL.NS,Central Depository Services (India) Limited,Financial Services,Capital Markets,55.22222,41.588234,3.756613605442177,13.2506485,0.23274613381842119,0.18855967770572646,0.36798,1.0,0.48887002,0.522,0.154,0.147,0.148,0.11,259682500608.0,0.391,1.0229975195765786,-0.13388508153179052,2026-10-01
CEATLTD.NS,CEAT Limited,Auto,Auto Components,22.523302,13.830552,-0.23412995841995843,2.2595818,0.13833107742553027,0.05020917492432874,0.03583,0.38511002,0.04145,0.12477,0.223,-0.962,-0.964,64.742,132943273984.0,0.464,2.5580212601358125,0.4768534190927556,2026-10-01
CEIGALL.NS,Ceigall India Limited,Infrastructure,Construction,20.435484,15.970589,0.8479453941908714,3.0373497,0.1458684397974126,0.05646693785444936,0.07704,0.18924999,0.13442999,0.14985,0.157,0.241,0.153,61.085,66215268352.0,0.786,-0.2926797205398109,0.06076436717105241,2026-10-01
CEINSYS.NS,Ceinsys Tech Limited,Infrastructure,Construction,9.865048,,-1.0384261052631578,1.780742,0.19822898404302736,0.14349013787614806,0.20053,0.34036,0.22644,0.23541,0.008,-0.095,-0.022,8.43,13698463744.0,-0.249,0.02615799730175386,1.109740670461733,2026-10-01
CELEBRITY.NS,Celebrity Fashions Limited,Textiles,Textiles & Apparels,-3.3475935828877,,0.09564553093964857,3.400326,-1.634095634095634,-0.14086021505376345,-0.07199,0.50181,-0.06889,-0.010989999,-0.35,,,605.198,404072640.0,0.114,-1.955470737913486,0.13910186199342825,2026-10-01
CELLO.NS,Cello World Limited,Consumer Durables,Consumer Durables,22.500002,16.622509,-12.50000111111111,2.6423397,0.1227370265394906,0.11038518758609837,0.13963,0.48991,0.17486,0.19898,-0.003,-0.018,0.005,1.411,71367958528.0,0.254,0.769404753573385,-0.09068481494901762,2026-10-01
CEMPRO.NS,Cemindia Projects Limited,Infrastructure,Construction,33.634808,20.667952,12.936464615384615,8.439764,0.2490977587744522,0.08434829851336001,0.058920003,0.26770002,0.08524,0.10231,0.07,0.026,0.026,37.711,202520379392.0,0.82,0.8361300252622421,0.6034390256988036,2026-10-01
CENTENKA.NS,Century Enka Limited,Textiles,Textiles & Apparels,7.9875236,,0.0265278100298904,0.78559,0.06741317645485845,0.05446688992114076,0.0792,0.28835,0.12865,0.11446,0.38,3.011,3.012,1.482,11751245824.0,0.2,1.2438516461721538,0.5170753723484278,2026-10-01
CENTEXT.NS,Century Extrusions Limited,Metals & Mining,Non - Ferrous Metals,12.985715,,0.22902495590828928,1.7543182,0.13232810615199034,0.05851915075216046,0.02414,0.20101,0.062080003,0.0664,0.328,0.567,0.597,82.304,1598269568.0,0.132,0.3691886964448496,0.10362173038229376,2026-10-01
CENTRALBK.NS,Central Bank of India,Banking,Banks,6.0606065,,2.164502321428571,0.6637902,0.115600005,0.00878,0.27839002,0.0,0.39668998,0.0,-0.032,0.028,0.032,,271542042624.0,0.371,0.6198301891905884,0.14986050296204667,2026-10-01
CENTRUM.NS,Centrum Capital Limited,Financial Services,Finance,-4.234042553191489,,-0.03074831193312628,3.1084037,-0.44358178037222296,-0.006435211383093435,-0.20095,0.82601,-0.41333,0.0,1.377,,,1218.677,9442698240.0,0.008,13.124650711958074,0.26262184470550587,2026-10-01
CENTUM.NS,Centum Electronics Limited,Capital Goods,Industrial Manufacturing,73.68281,47.316673,0.04287374025369487,20.194052,-0.135934267649544,-0.03581298091980423,0.05554,0.33078998,0.092159994,0.14220999,-0.253,17.186,22.57,37.984,69406572544.0,0.131,-1.2945728126205684,-19.995928338762216,2026-10-01
CENTURYPLY.NS,Century Plyboards (India) Limited,Cement & Materials,"Paper, Forest & Jute Products",50.91291,25.898119,0.9273754098360654,5.6800847,0.10065367796397225,0.051473247148979766,0.05029,0.48176,0.09201,0.12349,0.335,0.549,0.549,67.105,148067188736.0,0.2,1.7398093000486494,0.41752396801422836,2026-10-01
CERA.NS,Cera Sanitaryware Limited,Cement & Materials,Other Construction Materials,32.41636,21.77194,-12.006059259259258,4.464485,0.13868115246595808,0.10427193218843665,0.095249996,0.47784,0.081879996,0.120220006,0.151,-0.027,-0.027,3.172,65719246848.0,-0.119,1.0377396838954362,-0.17160809025159007,2026-10-01
CESC.NS,CESC Limited,Power & Utilities,Power,11.211244,9.315809,2.950327368421053,1.3931875,0.12306050753610835,0.03318236193239663,0.08243,0.3836,0.11778,0.19537,0.054,0.038,0.039,164.311,174471577600.0,0.367,2.631333536533959,0.1255976582745104,2026-10-01
CEWATER.NS,Concord Enviro Systems Limited,Power & Utilities,Other Utilities,974.80774,,-58.723357831325295,0.9176521,0.03456631581894018,0.020756726999188936,-0.00357,0.37348998,-0.23532,0.043319996,-0.166,,,29.281,5245459968.0,,-1.1719896745457306,-0.6163167809216786,2026-10-01
CGCL.NS,Capri Global Capital Limited,Financial Services,Finance,21.24723,12.880103,0.2675973551637279,3.3356085,0.1317629812257409,0.029047377775416546,0.34958,0.94764,0.50395,0.0,0.858,0.794,1.02,334.728,239797633024.0,-0.017,-9.195339629479788,0.983461955601808,2026-10-01
CGPOWER.NS,CG Power and Industrial Solutions Limited,Capital Goods,Electrical Equipment,110.70529,63.116264,8.450785496183206,17.368452,0.15134220272806656,0.09522475036727528,0.0975,0.30722,0.104490004,0.12359,0.14,0.131,0.163,1.446,1384836628480.0,0.42,0.5823323136611206,0.237707777549764,2026-10-01
CHALET.NS,Chalet Hotels Limited,Hospitality,Leisure Services,34.464508,26.342173,-0.5973051646447142,4.913187,0.17445784553110463,0.0882667235126902,0.2212,0.69152,0.33731,0.44881,-0.427,-0.577,-0.576,64.041,,-0.045,1.6537716881953282,3.5250166590677936,2026-10-01
CHAMBLFERT.NS,Chambal Fertilisers and Chemicals Limited,Chemicals,Fertilizers & Agrochemicals,8.296281,8.176792,-1.8035393478260873,1.5351374,0.18768249270989965,0.13562910173553924,0.09581,0.37515998,0.15151,0.13765,-0.118,-0.046,-0.046,10.274,159980453888.0,0.292,0.0705286706699635,0.1842244060357318,2026-10-01
CHEMPLASTS.NS,Chemplast Sanmar Limited,Chemicals,Chemicals & Petrochemicals,-7.730427764326069,65.30462,-3.3610555497069865,1.726139,-0.15950371303351704,-0.04431667571885743,-0.092080005,0.34394002,-0.15611,0.022769999,0.023,,,111.239,30287468544.0,-0.123,-1.0515239218208454,-1.5359731786879305,2026-10-01
CHENNPETRO.NS,Chennai Petroleum Corporation Limited,Oil & Gas,Petroleum Products,4.8022256,3.357606,0.05663001886792453,1.8048136,0.2792907866535964,0.15486692535221533,0.054780003,0.1165,0.051149998,0.08154,0.848,,,17.68,200494301184.0,0.042,0.9491604086763141,13.49250315287963,2026-10-01
CHEVIOT.NS,Cheviot Company Limited,Textiles,Textiles & Apparels,9.982891,,0.1730137088388215,0.96585095,0.07323287776032052,0.06709792937047769,0.11412,0.36530998,0.112229995,0.12764,0.425,0.577,0.578,1.216,6817467904.0,0.305,0.8070340384782798,-0.10478352807926307,2026-10-01
CHOICEIN.NS,Choice International Limited,Financial Services,Capital Markets,67.86793,47.864273,4.407008441558442,8.510084,0.1302194264232912,0.06103859509952141,0.20173,0.65199995,0.27432,0.0,0.344,0.154,0.153,49.768,160265420800.0,-0.29,-1.2269060216077345,0.3905704868850689,2026-10-01
CHOLAFIN.NS,Cholamandalam Investment and Finance Company Limited,Financial Services,Finance,23.331364,16.09232,0.5338984897025172,4.419865,0.17179530113203584,0.02131858926014663,0.40549,0.99932,0.56586,0.0,0.346,0.437,0.456,695.283,1354867015680.0,0.473,-5.737251581906544,0.227534191944073,2026-10-01
CHOLAHLDNG.NS,Cholamandalam Financial Holdings Limited,Financial Services,Finance,9.638961,7.1706805,0.24526618320610685,1.6641494,0.15796986569950466,0.00909799595069882,0.11882,0.75665003,0.38779998,0.0,0.139,0.393,0.393,623.156,257179992064.0,0.401,-12.30200836443028,0.12312413164892394,2026-10-01
CIEINDIA.NS,CIE Automotive India Limited,Auto,Auto Components,16.334635,13.205263,1.0273355345911948,1.84394,0.12222,0.06652,0.09035,0.48861998,0.11165,0.14887,0.106,0.159,0.158,6.63,142773026816.0,-0.008,1.4644826457352287,0.0007951527104073163,2026-10-01
CIFL.NS,Capital India Finance Limited,Financial Services,Finance,20.76,,-2.3325842696629215,1.2059951,0.0577736738009906,0.021072371155135074,0.073249996,0.584,0.13289,0.03728,-0.089,,,145.741,8118328832.0,0.555,-6.5330458661812125,24.13013698630137,2026-10-01
CIGNITITEC.NS,CIGNITITEC.NS,IT & Technology,IT - Services,,,,,,,,,,,,,,,,,,,2026-10-01
CINELINE.NS,Cineline India Limited,Media,Entertainment,23.811634,,0.7706030420711975,1.8970274,0.074349495181661,0.034188120460888566,0.04932,0.57945,0.04507,0.23015,0.309,,,77.936,3276157952.0,0.177,3.2850431580958337,1.189891201466917,2026-10-01
CINEVISTA.NS,Cinevista Limited,Media,Entertainment,12.858491,,0.20806619741100327,1.3826334,0.10772475110077306,0.04404205126649871,0.22759001,0.49026,0.30199,0.41667,0.618,,0.008,27.129,782859200.0,0.344,1.9356155624415916,1.192901058863714,2026-10-01
CIPLA.NS,Cipla Limited,Pharma & Healthcare,Pharmaceuticals & Biotechnology,32.207047,21.171803,-0.8216083418367347,3.153057,0.1126636742908839,0.09128463445248233,0.12009,0.6328,0.12549,0.18465,0.035,-0.392,-0.392,1.778,1085778100224.0,0.078,1.0156706356673877,-0.2642550431292816,2026-10-01
CLEAN.NS,Clean Science and Technology Limited,Chemicals,Chemicals & Petrochemicals,36.63549,25.216097,7.794785106382978,5.391732,0.14500518067321602,0.12880980425150038,0.23719,0.61482,0.28083,0.35799,0.105,0.047,0.047,0.135,85351464960.0,0.27,1.195340837342971,-0.13142716665721146,2026-10-01
CLSEL.NS,Chaman Lal Setia Exports Ltd.,Consumer Goods,Food Products,11.188492,,0.23309358333333333,1.6716074,0.13693442576794213,0.110395649831269,0.08464,0.2334,0.122200005,0.115600005,0.126,0.48,0.478,9.87,14020139008.0,0.536,0.4457773487392249,0.11565946990462637,2026-10-01
CMSINFO.NS,CMS Info Systems Limited,Capital Goods,Commercial Services & Supplies,12.426239,8.688583,-1.412072613636364,1.4913199,0.12473251077871071,0.09369254077771183,0.11766,0.93161005,0.15138,0.21476,0.012,-0.088,-0.106,9.102,35324395520.0,0.315,1.2841241693914145,-0.18543080140794777,2026-10-01
CNL.NS,Creative Newtech Limited,IT & Technology,IT - Hardware,24.866358,,0.6375989230769231,4.9158673,0.17014984232551372,0.06601472157931552,0.02647,0.08592,0.04966,0.03648,0.208,0.39,0.39,83.725,16205995008.0,0.629,-4.394330821672049,0.33898462810310837,2026-10-01
COALINDIA.NS,Coal India Limited,Oil & Gas,Consumable Fuels,8.31981,7.4410095,0.87,2.1750827,0.26107374244300413,0.10885059374900122,0.18138,0.74757004,0.21113001,0.23878,0.451,0.012,0.014,11.629,2590811095040.0,-0.047,1.389792145117319,-0.12424709441674003,2026-10-01
COCHINSHIP.NS,Cochin Shipyard Limited,Aerospace & Defense,Aerospace & Defense,49.67194,28.791946,-2.5736756476683937,5.76507,0.12204480375929726,0.04932604189585174,0.13479,0.33388,0.14696,0.15426,0.024,-0.193,-0.194,28.466,338584961024.0,0.582,-1.721797249907393,-0.13367209355874105,2026-10-01
COFORGE.NS,Coforge Limited,IT & Technology,IT - Services,37.418034,25.635433,1.2109396116504854,6.430415,0.1631123133702399,0.10453989543994517,0.0964,0.37247002,0.1596,0.19738,0.499,0.309,0.634,7.518,808988508160.0,0.314,1.151700199267211,0.9156507819234084,2026-10-01
COHANCE.NS,Cohance Lifesciences Limited,Pharma & Healthcare,Pharmaceuticals & Biotechnology,164.10909,45.878227,-1.6953418388429753,4.4230356,0.04582374464083598,0.03128119742252567,0.04961,0.70359004,-0.11457,0.14797,-0.231,-0.968,,9.928,172666175488.0,0.613,2.055013111644256,-0.6322280132966718,2026-10-01
COLPAL.NS,Colgate-Palmolive (India) Limited,Consumer Goods,Personal Products,35.015137,29.68759,5.002162428571428,29.7895,0.8366275069281804,0.38885693998626847,0.21722999,0.68931997,0.27678,0.30302998,0.118,0.07,0.07,2.993,471895080960.0,0.503,1.3629264096701903,-0.07760246657526047,2026-10-01
COMPUSOFT.NS,Compucom Software Limited,Hospitality,Other Consumer Services,36.25,,-4.4753086419753085,0.71221966,0.020237281171997894,0.014158920917558715,0.08683,0.50839,-0.06102,0.036459997,-0.081,0.0,0.019,34.173,1032583680.0,0.58,3.5491552527289163,0.9436486486486486,2026-10-01
COMSYN.NS,Commercial Syn Bags Limited,Capital Goods,Industrial Products,37.009872,,0.6027666449511401,5.896894,0.14828683777632556,0.07345657909975428,0.07322,0.48204,0.11639,0.13095,0.206,0.614,0.608,72.4,11008257024.0,0.133,1.4789473484258475,0.5374519584593997,2026-10-01
CONCOR.NS,Container Corporation of India Limited,Infrastructure,Transport Services,27.066748,18.945564,45.111246666666666,2.6010404,0.09594857193631759,0.08182840153245394,0.13670999,0.39472,0.13638,0.22205,0.003,0.006,0.001,7.39,336635133952.0,0.223,1.1936141085521017,-0.037371803319354115,2026-10-01
CONCORDBIO.NS,Concord Biotech Limited,Pharma & Healthcare,Pharmaceuticals & Biotechnology,47.41546,32.30181,1.5246128617363344,7.126853,0.12934951456358812,0.11675067617876025,0.24844,0.64565,0.24962999,0.36317003,0.262,0.311,0.328,0.115,143753134080.0,0.353,1.0229025100620568,-0.2979650055981249,2026-10-01
CONFIPET.NS,Confidence Petroleum India Limited,Oil & Gas,Petroleum Products,21.246914,,0.103694065397755,2.0231826,0.06548559020923805,0.0339480454930854,0.02243,0.13912,0.042140003,0.06957,1.166,2.049,2.07,49.394,28589344768.0,0.585,4.302831305845624,0.07723530093934826,2026-10-01
CONTROLPR.NS,Control Print Limited,Capital Goods,Commercial Services & Supplies,25.379877,,-0.46826341328413285,2.1827042,0.09628143903777962,0.07503549021237681,0.08011,0.55368,0.09089,0.16705999,0.038,-0.542,-0.542,1.51,9884423168.0,0.296,1.1379591892902277,-0.5642153511559943,2026-10-01
CORALFINAC.NS,Coral India Finance and Housing Limited,Real Estate,Realty,8.729051,,-1.1485593421052633,0.60590196,0.07137340539121133,0.06626877257426005,0.97226995,1.0,0.85122,1.12228,-0.091,-0.076,-0.083,,1259444480.0,0.442,1.114627152344754,-0.15459602861047106,2026-10-01
COROMANDEL.NS,Coromandel International Limited,Chemicals,Fertilizers & Agrochemicals,28.41766,18.25253,-1.1599044897959185,4.135819,0.15577059521941983,0.07983168070755808,0.05619,0.23989001,0.067719996,0.1005,0.159,-0.245,-0.246,11.469,519452655616.0,0.127,0.7962272831838049,-0.05338114456606951,2026-10-01
COSMOFIRST.NS,Cosmo First Limited,Capital Goods,Industrial Products,12.968162,,0.5146096031746031,1.3425897,0.09648525936831166,0.03322278949599252,0.04167,0.34684,0.08412,0.102419995,0.457,0.252,0.254,103.944,21463500800.0,0.503,2.5434671111680984,0.1695283796955837,2026-10-01
COUNCODOS.NS,Country Condo's Limited,Real Estate,Realty,79.125,,5.007911392405063,2.207113,0.023122399654389985,0.013204540352639686,0.03403,0.71575,0.05094,0.057389997,0.158,0.0,0.144,,491190880.0,0.612,0.8303315940077428,-0.005690376569037657,2026-10-01
CPEDU.NS,Career Point Edutech Ltd.,Hospitality,Other Consumer Services,13.52454,,,,0.30278413550646727,0.2664611048098456,0.0,0.0,0.0,0.0,,,,,3208506880.0,,0.8131350098464648,0.23293278398805334,2026-10-01
CPPLUS.NS,Aditya Infotech Limited,Cement & Materials,Other Construction Materials,94.07279,50.392574,0.3097556470200856,23.84766,0.1960516970658926,0.09219781032048399,0.09774,0.30196,0.13607,0.14214,0.895,3.037,3.325,9.604,465933336576.0,,0.036639752582474774,0.047221012667594466,2026-10-01
CRAFTSMAN.NS,Craftsman Automation Limited,Auto,Auto Components,52.983074,29.013935,0.467635251544572,7.5029707,0.11764183256435237,0.04276867558446477,0.053340003,0.42793,0.10836001,0.15293,0.363,1.133,1.163,111.011,268501401600.0,0.339,1.3585770462772468,0.9735313768823559,2026-10-01
CRAMC.NS,Canara Robeco Asset Management Company Limited,Financial Services,Capital Markets,19.882462,15.6860695,0.8319021757322176,5.7893047,0.2732612644598535,0.24896574100293012,0.45586,0.76599,0.68551004,0.62166,0.202,0.239,0.24,2.358,43177861120.0,,0.8453249606118014,0.06869427239224685,2026-10-01
CREATIVEYE.NS,Creative Eye Limited,Media,Entertainment,-2.7180616740088106,,,0.8183024,-0.351448622316249,-0.22851512506810917,0.0,-0.15857,0.120129995,-1.68944,,,,45.361,123759408.0,0.135,0.3623008187134322,-6.217287590484468,2026-10-01
CREDITACC.NS,CreditAccess Grameen Limited,Financial Services,Finance,16.454182,9.579811,0.02300640659955257,2.5309424,0.16364999,0.02435435009393919,0.39812002,0.97994006,0.64591,0.0,1.495,7.152,7.197,302.872,198561562624.0,0.087,-3.562329612674245,0.46337975159954836,2026-10-01
CREST.NS,Crest Ventures Limited,Financial Services,Finance,31.237068,,-0.5648656057866184,0.7836425,0.03583254433229472,0.02432674398637121,0.26096,0.98493,0.45528,0.48409,-0.52,-0.553,-0.554,15.374,10243190784.0,-0.001,0.9854059951787472,-0.4708407244624719,2026-10-01
CRISIL.NS,CRISIL Limited,Financial Services,Capital Markets,36.581863,29.422106,1.396254312977099,9.899742,0.29052,0.14866,0.21434,0.47004002,0.24679,0.28408,0.276,0.262,0.262,10.23,323863609344.0,0.181,0.9782770557176302,0.11978306313681349,2026-10-01
CRIZAC.NS,Crizac Limited,Hospitality,Other Consumer Services,13.255758,10.698076,4.90954,4.9953604,0.3748485492804348,0.25027467569993767,0.21324,0.29441,0.28076,0.27754998,-0.04,0.027,0.029,0.31,29202829312.0,,0.6577534396604833,0.4138727085500151,2026-10-01
CROMPTON.NS,Crompton Greaves Consumer Electricals Limited,Consumer Durables,Consumer Durables,-58.247126436781606,18.08636,-3.9623895535225584,4.4001126,-0.08164042746856354,-0.03981389384386483,-0.02688,0.31544,0.08019,0.09398,0.118,0.147,0.149,5.797,130521546752.0,0.333,-2.987529421480778,-1.4355967263243097,2026-10-01
CROWN.NS,Crown Lifters Limited,Capital Goods,Commercial Services & Supplies,15.620448,,1.7165327472527472,1.6545022,0.11464454504686715,0.041341243984175595,0.21088,0.66683,0.38244,0.5168,0.293,0.091,0.045,74.87,1292632704.0,0.452,1.0695524743546387,-0.5326157396430998,2026-10-01
CSBBANK.NS,CSB Bank Limited,Banking,Banks,7.9527664,5.4161725,0.30010439245283016,1.0801797,0.1293711937506888,0.01096861060988085,0.241,0.0,0.30642,0.0,0.169,0.265,0.265,,51648294912.0,0.275,-0.4953524252277829,0.06632225082717565,2026-10-01
CSLFINANCE.NS,CSL Finance Limited,Financial Services,Finance,5.5014524,,1.4106288205128206,0.7638413,0.1385353607831453,0.05788528750455095,0.32508,0.95441,0.77307,0.7696,0.159,0.039,0.039,137.666,4685042176.0,0.463,-0.6578210246869709,0.19443716215372708,2026-10-01
CTE.NS,Cambridge Technology Enterprises Limited,IT & Technology,IT - Services,10.991526,,0.009992296363636364,0.9487467,0.005927055653843875,0.0025757468742714086,0.03884,0.20542,0.15403,0.1363,-0.038,11.0,10.897,100.611,749047552.0,0.806,74.90412796372682,1.0099118623760739,2026-10-01
CUB.NS,City Union Bank Limited,Banking,Banks,16.257244,11.884847,0.6451287301587302,2.157225,0.1255322454151607,0.013669046813084385,0.37791002,0.0,0.50985,0.0,0.233,0.252,0.251,,227920691200.0,0.357,0.6050769436093713,0.18031324115499966,2026-10-01
CUBEXTUB.NS,Cubex Tubings Limited,Metals & Mining,Non - Ferrous Metals,31.577946,,4.5111351428571425,2.854933,0.08947378529364457,0.035906368576544355,0.02488,0.0287,0.01666,0.025020001,0.303,0.07,0.071,52.119,2378381824.0,0.916,0.7092260427427253,0.1194395218214039,2026-10-01
CUMMINSIND.NS,Cummins India Limited,Capital Goods,Industrial Manufacturing,57.042255,41.171032,63.38028333333334,15.895755,0.2786673053960043,0.20892658575875714,0.18694,0.35457,0.20458001,0.2176,0.179,0.009,0.009,0.431,1347191963648.0,0.527,0.7343114216153276,0.1809104273128194,2026-10-01
CUPID.NS,Cupid Limited,Consumer Goods,Personal Products,312.5,,1.6369827134625459,93.089066,0.24008852592402316,0.19564093544714783,0.30351,0.58279,0.37985,0.35505,1.587,1.909,1.942,12.506,420206477312.0,0.305,0.4261146985262392,1.647125866104468,2026-10-01
CYIENT.NS,Cyient Limited,Diversified,Diversified,32.478683,15.547344,93.13,2.147707,0.07530931554585614,0.05140310412762481,0.04955,0.29849002,0.09014,0.11017,0.213,-0.324,-0.323,7.528,114990669824.0,0.657,1.8401495676559945,-0.3050186779275621,2026-10-01
CYIENTDLM.NS,Cyient DLM Limited,Aerospace & Defense,Aerospace & Defense,86.53437,50.6471,0.73272116850127,7.009496,0.07240531642868152,0.04462466492833333,0.060510002,0.38653,0.07509,0.097370006,0.343,1.181,1.182,17.021,70943842304.0,0.441,0.7355421522338365,0.07647335331100534,2026-10-01
DABUR.NS,Dabur India Limited,Consumer Goods,Personal Products,33.716213,28.467047,3.16,5.8128695,0.16594655467129968,0.108411885415886,0.14551,0.47741002,0.16476,0.18398,0.106,0.153,0.15,10.907,663903404032.0,0.413,1.3607277985045092,0.07207390686965032,2026-10-01
DALBHARAT.NS,Dalmia Bharat Limited,Cement & Materials,Other Construction Materials,33.75,23.183264,-0.6477927063339731,1.7548507,0.06335168808053841,0.034191882804995195,0.062030002,0.61489,0.11414,0.1895,0.07,-0.521,-0.522,40.987,315778596864.0,0.189,2.0,0.6676427525622255,2026-10-01
DALMIASUG.NS,Dalmia Bharat Sugar and Industries Limited,Consumer Goods,Food Products,15.804781,8.5128765,-0.1925064677222899,0.9902671,0.07300411421099055,0.042874401604054334,0.0582,0.24551001,0.01048,0.11492,-0.1,-0.821,-0.799,55.74,32108623872.0,0.052,0.9269570360356555,-0.3523666210670315,2026-10-01
DAMCAPITAL.NS,DAM Capital Advisors Limited,Financial Services,Capital Markets,14.270691,,-0.4285492792792792,2.7597635,0.2190051519990359,0.1604104601125455,0.31952,0.96079004,0.0064999997,0.0,-0.032,-0.333,-0.348,25.432,10359740416.0,,0.5105241436236071,-0.29957602620928886,2026-10-01
DAMODARIND.NS,Damodar Industries Limited,Textiles,Textiles & Apparels,10.808943,,0.7205961999999999,0.41896448,0.036330709268442445,0.015700591095516896,0.01197,0.21565,0.044310004,0.08486,0.479,0.15,0.159,113.3,3097734912.0,0.882,8.491772764500038,-0.005424218301645778,2026-10-01
DANGEE.NS,Dangee Dums Limited,Hospitality,Leisure Services,-32.22222222222222,,-2.6196928635953025,3.0494218,-0.09665525414801159,-0.03454417101172857,-0.04736,0.47005,-0.023810001,0.18927999,0.123,,,157.724,446527552.0,0.198,-2.888139968449735,-1.6731838221199924,2026-10-01
DATAMATICS.NS,Datamatics Global Services Limited,IT & Technology,IT - Services,21.61061,15.901408,0.4945219679633867,3.0254076,0.12578938164295014,0.08246464011685428,0.10629,0.38893002,0.15258001,0.20021,0.099,0.437,0.435,14.384,46711779328.0,0.211,1.6682457134030173,-0.05272656326212077,2026-10-01
DATAPATTNS.NS,Data Patterns (India) Limited,Aerospace & Defense,Aerospace & Defense,88.5503,52.50937,-6.608231343283581,13.710199,0.1563218258380041,0.14066306590228175,0.28459,0.62248003,0.21934,0.39681,0.168,-0.134,-0.135,0.304,238004633600.0,0.538,0.2953532077974721,0.2234344709436004,2026-10-01
DAVANGERE.NS,Davangere Sugar Company Limited,Consumer Goods,Food Products,45.2,,-0.47578947368421054,0.8729239,0.01685117708840534,0.010134834871542663,0.03264,0.31248,0.22994,0.19298,0.442,-0.95,-0.28,60.22,3832724480.0,0.547,-5.540773743049596,-0.22221612676120728,2026-10-01
DBCORP.NS,D. B. Corp Limited,Media,Printing & Publication,8.73519,8.036581,0.35365141700404856,1.2657745,0.13669226772331755,0.10386055864635499,0.14663,0.52798,0.18552999,0.21726,0.079,0.247,0.246,10.796,30752497664.0,0.177,1.1000274097211136,-0.10508298223907835,2026-10-01
DBL.NS,Dilip Buildcon Limited,Infrastructure,Construction,5.190532,16.170988,-0.09647828996282527,0.7652426,0.19070890582274339,0.06887873415472945,0.13572,0.25822002,0.14927,0.19082001,-0.093,-0.538,-0.507,115.513,64831733760.0,0.618,0.9246191332796262,1.0323316942516247,2026-10-01
DBREALTY.NS,Valor Estate Limited,Real Estate,Realty,416.81818,,-4.802052764976959,0.9849094,0.006226387648170166,0.00400646699877917,0.0135699995,0.64865,0.20622,0.11694,-0.868,,,18.413,49738698752.0,-0.445,36.848990838651936,1.2028577457330887,2026-10-01
DBSTOCKBRO.NS,DB (International) Stock Brokers Limited,Financial Services,Capital Markets,37.058823,,-2.6854219565217385,1.4564453,0.04113465823416553,0.02684635819886511,0.09955,0.49530998,0.10752,0.0,0.506,-0.138,-0.143,3.008,1102499968.0,0.017,1.1530285570114134,-0.4619805363015683,2026-10-01
DCAL.NS,Dishman Carbogen Amcis Limited,Pharma & Healthcare,Pharmaceuticals & Biotechnology,24.172028,12.028001,-5.621401860465117,0.35218692,0.014595096526831315,0.00817306603619297,0.00557,0.85355,-0.04516,0.17371,-0.043,,,46.07,23572338688.0,0.612,5.043099025141098,29.07716049382716,2026-10-01
DCBBANK.NS,DCB Bank Limited,Banking,Banks,8.178133,5.821833,0.25241151234567905,0.983735,0.1119447347874973,0.008306598424703772,0.25283,0.0,0.3486,0.0,0.174,0.324,0.356,,64344449024.0,0.477,9.076378801015968,0.18887769534206345,2026-10-01
DCMSHRIRAM.NS,DCM Shriram Limited,Diversified,Diversified,9.875313,21.16336,0.019325465753424656,1.8795831,0.11066433090377685,0.060370311422356625,0.103520006,0.33099997,0.05841,0.10985,0.093,5.11,5.11,37.802,140430082048.0,-0.377,1.445678665166854,0.4123487844837573,2026-10-01
DCMSRIND.NS,DCM Shriram Industries Limited,Consumer Goods,Food Products,23.85443,,-0.263003638368247,0.8988148,0.1140799714460143,0.029326561805519,0.02799,0.23339,0.00916,0.06816,-0.411,-0.907,-0.908,116.59,3278735360.0,0.236,2.3019075127840365,0.3786176189971377,2026-10-01
DCW.NS,DCW Limited,Chemicals,Chemicals & Petrochemicals,18.514523,,0.092572615,1.2304891,0.04481920783318749,0.023056451888498978,0.032279998,0.29125,0.01754,0.092209995,0.14,2.0,2.033,26.985,13169816576.0,-0.148,5.770429832974205,0.6019167586693093,2026-10-01
DCXINDIA.NS,DCX Systems Limited,Aerospace & Defense,Aerospace & Defense,-86.40760869565217,33.122917,1.6120822517845554,1.0578177,-0.005096429657241807,-0.003665836928969002,-0.03272,0.09199,-0.08718,-0.04219,-0.536,,,0.193,17709328384.0,0.562,-0.2986642458825055,-1.1983485955345201,2026-10-01
DDEVPLSTIK.NS,Ddev Plastiks Industries Limited,Chemicals,Chemicals & Petrochemicals,12.0140705,7.7378125,0.5411743468468468,2.527845,0.19916700047636346,0.1397894544648041,0.067379996,0.17569,0.087349996,0.096379995,0.286,0.222,0.223,5.608,25621856256.0,-0.049,0.4187580487800044,0.0879766723864388,2026-10-01
DECCANCE.NS,Deccan Cements Limited,Cement & Materials,Other Construction Materials,131.01433,71.29221,2.8668343544857766,1.0241051,0.03807049424461879,0.016703564437465394,0.00829,0.46955,0.00605,0.08359,0.457,,,100.269,7689417216.0,0.506,2.644381536911131,2.8010374409789187,2026-10-01
DEEPAKFERT.NS,Deepak Fertilisers And Petrochemicals Corporation Limited,Chemicals,Chemicals & Petrochemicals,16.688904,10.421096,0.98,2.3997197,0.10771312149631021,0.04471498857334168,0.08131,0.32618,0.22732,0.16792999,0.225,1.016,1.015,75.969,164388651008.0,0.049,0.2797287216005426,-0.21030645144013968,2026-10-01
DEEPAKNTR.NS,Deepak Nitrite Limited,Chemicals,Chemicals & Petrochemicals,25.984335,24.061155,0.12528608968177438,3.4883235,0.09432003330574987,0.06342014680877535,0.091359995,0.26048002,0.18486999,0.15529999,0.364,2.074,2.075,27.903,203607539712.0,0.454,0.9789657239387499,-0.21041535195915323,2026-10-01
DEEPINDS.NS,Deep Industries Limited,Oil & Gas,Oil,23.203222,12.278688,0.5133456194690266,2.4016187,0.09000697692053894,0.0693406933537542,0.21283,0.54284,0.33081,0.39536998,0.398,0.452,0.451,9.61,47936000000.0,-0.621,1.501026461248448,2.997034501664208,2026-10-01
DELHIVERY.NS,Delhivery Limited,Infrastructure,Transport Services,325.20325,36.76616,-5.003126923076923,3.0819252,0.015760989908593568,0.01194943257100875,0.00839,0.84918,-0.01606,0.025090002,0.278,-0.65,-0.65,15.098,299717754880.0,0.166,5.96987738740863,-0.058195052741965334,2026-10-01
DELPHIFX.NS,Delphi World Money Limited,Financial Services,Capital Markets,28.750002,,7.1875005,0.5182515,0.01635,0.02832,0.00306,0.06816,0.01883,0.0163,0.04,,,134.635,1692347648.0,0.82,14.495740640110522,1.2214833759590793,2026-10-01
DELTACORP.NS,Delta Corp Limited,Hospitality,Leisure Services,-12.582191780821919,,1.4802578565672846,0.88003165,0.03787821591782173,0.03313403960234491,-0.23273,0.48908,0.12151,0.18744,-0.085,,,2.175,19675822080.0,0.568,1.5828350334154062,-0.6574561227358529,2026-10-01
DELTAMAGNT.NS,Delta Manufacturing Limited,Textiles,Textiles & Apparels,85.84127,,2.5855804216867466,25.389671,-5.3820863153328995,-0.181273931317393,-0.15748,0.54275,0.03762,0.06064,0.332,,,1732.804,586828608.0,0.383,-0.05306082976048483,-0.026386752030704584,2026-10-01
DEN.NS,DEN Networks Limited,Media,Entertainment,8.170418,-24.2,-0.2513974769230769,0.3182695,0.04379957979374383,0.03870195203538187,0.15194,0.34814,-0.03014,0.06369,0.006,-0.325,-0.323,0.524,12114622464.0,0.606,-0.1000947078233488,-0.17139186852075858,2026-10-01
DENORA.NS,De Nora India Limited,Capital Goods,Electrical Equipment,31.542484,,0.3261890796277146,2.9733105,0.07001155854849371,0.05666708385481852,0.106120005,0.44482,0.1576,0.18428,-0.16,0.967,0.967,,3842920192.0,-0.174,1.3503213552134639,4.349046015712682,2026-10-01
DENTA.NS,Denta Water and Infra Solutions Limited,Infrastructure,Construction,13.006486,8.490228,-0.32597709273182957,1.5171181,0.13268291832701873,0.1258095503703015,0.22136,0.32449,0.22155,0.2688,-0.128,-0.399,-0.398,2.636,6959354880.0,,-0.5664203612479475,0.15155526141628062,2026-10-01
DEVIT.NS,Dev Information Technology Limited,IT & Technology,IT - Services,1.5672206,,-0.4897564375,1.0845137,0.6930362381931386,0.40115892190405805,0.39727002,0.089650005,0.06978,0.02027,0.027,-0.032,-0.02,28.008,1182493952.0,-0.389,-0.028224252693365426,4.095092416408367,2026-10-01
DEVX.NS,Dev Accelerator Limited,Real Estate,Realty,28.79365,,0.04113378571428571,2.1192827,0.047440673564241524,0.01367212339353016,0.04531,0.72488,0.23431998,0.54925,-0.033,7.0,10.128,199.506,3433246976.0,,10.204643027508348,4.020871350364963,2026-10-01
DEVYANI.NS,Devyani International Limited,Hospitality,Leisure Services,-577.590909090909,123.23493,-1.92530303030303,10.161535,-0.02505542144294218,-0.0057231340036471255,-0.0047400002,0.50776,0.04709,0.104490004,0.165,3.0,2.972,203.327,156669657088.0,0.348,-23.794569128420182,-5.222428680730134,2026-10-01
DGCONTENT.NS,Digicontent Limited,Hospitality,Other Consumer Services,127.15,,10.961206896551722,4.1316004,0.021939328277356448,0.0032053818757419865,0.00241,0.54382,-8.0000005e-05,0.07328,0.116,,,265.556,1475510144.0,0.055,46.01234567901235,-0.9666803784450844,2026-10-01
DHAMPURSUG.NS,Dhampur Sugar Mills Limited,Consumer Goods,Food Products,15.693579,,-2.961052641509434,0.91870934,0.055560004,0.029260002,0.03309,0.21528,0.13833,0.08514,-0.208,-0.053,-0.069,75.024,11000270848.0,0.335,3.7341013333333333,0.24688756943114346,2026-10-01
DHANBANK.NS,Dhanlaxmi Bank Limited,Banking,Banks,9.2363,,0.08949903100775193,0.70471114,0.07915,0.00566,0.14882,0.0,0.18077,0.0,0.25,1.032,1.045,,10645027840.0,0.662,6.145966547345842,0.5418073449837488,2026-10-01
DHANUKA.NS,Dhanuka Agritech Limited,Chemicals,Fertilizers & Agrochemicals,15.715126,12.852921,-0.45551089855072463,2.5061576,0.1707821735301125,0.13664689380881626,0.13721,0.40208,0.08773,0.19292,-0.126,-0.345,-0.346,1.822,41682960384.0,0.317,0.6830670646220219,-0.03274983221662963,2026-10-01
DHARMAJ.NS,Dharmaj Crop Guard Limited,Chemicals,Fertilizers & Agrochemicals,15.019641,,0.8835082941176471,2.0214643,0.12169435889213283,0.0649462861435008,0.05219,0.2328,0.13742,0.092989996,0.041,0.17,0.169,29.375,9045846016.0,0.086,0.5052336859056472,0.5691600861450108,2026-10-01
DHUNINV.NS,Dhunseri Investments Limited,Financial Services,Capital Markets,6.153308,,0.0406427212681638,0.21505433,0.006556134182407405,0.0035280118944625263,0.19601999,0.39773998,0.46918,-0.00368,0.387,1.514,1.514,27.145,5897800192.0,0.745,7.618236929922135,-0.8019339530149442,2026-10-01
DIACABS.NS,Diamond Power Infrastructure Limited,Capital Goods,Industrial Manufacturing,91.02902,,0.43700921747479593,-30.08896,-0.2617814157708733,0.06580490716150024,0.08712,0.19163,0.09458999,0.11617,1.272,2.083,2.049,,206334509056.0,0.495,-0.508513346142393,3.5849230528412037,2026-10-01
DIAMINESQ.NS,Diamines and Chemicals Limited,Chemicals,Chemicals & Petrochemicals,-22.987354085603116,,-1.3287487910753248,1.5102092,-0.08116336419925536,-0.0732800280666675,-0.24806999,0.41719002,-0.03718,-0.23096001,0.173,,,5.197,2376219648.0,0.286,0.848956825809076,-5.681425327766791,2026-10-01
DIAMONDYD.NS,Prataap Snacks Limited,Consumer Goods,Food Products,224.94759,39.962757,45.907671428571426,3.6657443,0.01398,0.01031,0.00563,0.28219998,0.01041,0.03455,0.049,,,6.454,25676843008.0,0.075,5.194674681186122,1.2834673007629578,2026-10-01
DICIND.NS,DIC India Limited,Chemicals,Chemicals & Petrochemicals,19.487139,14.347674,0.0857708582746479,1.2682598,0.04053815718258338,0.027565855308369667,0.02939,0.26508,0.0684,0.06225,0.254,2.272,2.271,0.736,5632679424.0,0.123,-1.3540344269774773,-0.11067096576078612,2026-10-01
DIFFNKG.NS,Diffusion Engineers Limited,Capital Goods,Industrial Manufacturing,31.548912,,0.8503749865229111,4.2720337,0.12423806267327979,0.09858923145341877,0.12553,0.32072,0.111499995,0.1396,0.365,0.371,0.362,7.057,17241434112.0,,0.452874431174612,0.4014035478570832,2026-10-01
DIGIDRIVE.NS,Digidrive Distributors Limited,Retail,Retailing,11.740001,,1.7264707352941173,0.25274488,0.019786910757707447,0.017420651613197804,0.12286,0.41004002,0.011720001,-0.02461,0.068,,,0.32,679075008.0,0.798,-0.8143542270800803,-0.3195203400121433,2026-10-01
DIGITIDE.NS,Digitide Solutions Limited,Capital Goods,Commercial Services & Supplies,-44.93167701863354,,-8.477674909176141,1.2892072,-0.019507969631997364,-0.008030909423130199,-0.0076800003,1.0,0.02802,0.11768,0.053,,,57.944,10791667712.0,,-16.05565749235474,-1.141464132137017,2026-10-01
DIGJAMLMTD.NS,Digjam Limited,Textiles,Textiles & Apparels,24.849741,,-1.7020370547945207,21.949657,-0.2259452116821372,-0.013302729058865242,-0.03083,0.28535998,0.098850004,0.102299996,0.887,-0.146,-0.142,1361.379,959200000.0,0.163,4.622044088176353,0.9058925591000386,2026-10-01
DIVGIITTS.NS,Divgi TorqTransfer Systems Limited,Auto,Auto Components,54.951645,34.228916,0.301104904109589,5.471353,0.07384618289857992,0.06415748018577587,0.15116,0.61396,0.21290001,0.22354999,0.913,1.825,1.827,0.279,34754441216.0,0.443,0.8754848058645527,0.9238274844211217,2026-10-01
DIVISLAB.NS,Divi's Laboratories Limited,Pharma & Healthcare,Pharmaceuticals & Biotechnology,83.64837,61.465775,1.2731867579908676,14.649003,0.1532128154644711,0.1281884889931613,0.26046,0.61237997,0.36655998,0.35312,0.278,0.657,0.655,0.042,2455318822912.0,0.245,1.0661993769470406,0.17206754906435417,2026-10-01
DIXON.NS,Dixon Technologies (India) Limited,Consumer Durables,Consumer Durables,41.253857,45.273163,0.2668425420439845,14.146872,0.30762059328539326,0.07507916858890992,0.03639,0.06866,0.022909999,0.03637,0.211,1.546,1.949,18.457,772184014848.0,-0.151,1.238871434132236,0.31317888894974166,2026-10-01
DLF.NS,DLF Limited,Real Estate,Realty,36.72058,25.900347,0.14,3.5839486,0.10102,0.05896077975421708,0.65791,0.46511,0.089940004,0.18075001,-0.529,0.042,0.041,0.673,1629745184768.0,0.39,1.4377921138022618,0.010773254962683923,2026-10-01
DLINKINDIA.NS,D-Link (India) Limited,Telecom,Telecom - Equipment & Accessories,13.450215,,1.0189556818181817,2.8547957,0.2057762011274601,0.1282375647161719,0.06415,0.14302,0.07181,0.07793,0.305,0.132,0.133,2.928,14436271104.0,0.352,0.14311537796229026,-0.0019441649634042357,2026-10-01
DMART.NS,Avenue Supermarts Limited,Retail,Retailing,80.88672,55.333824,7.095326315789473,10.142414,0.12142270859596371,0.10061183582585982,0.042919997,0.15192,0.06447,0.076230004,0.149,0.114,0.113,9.913,2487013867520.0,0.225,1.167059980003299,0.09692321327021218,2026-10-01
DMCC.NS,DMCC Speciality Chemicals Limited,Chemicals,Chemicals & Petrochemicals,19.269663,,0.11821879141104295,3.1012037,0.11011764573149921,0.06134302956950992,0.056500003,0.22122,0.12015,0.114250004,0.992,1.63,1.631,34.867,7698957312.0,0.285,-0.650726159678287,0.26946678000901164,2026-10-01
DNAMEDIA.NS,Diligent Media Corporation Limited,Media,Printing & Publication,-4.321428571428571,,-0.036498552123552123,-0.113158144,0.03513687919396662,-0.046501709613971993,-0.88564,0.54239,0.22313,-0.06353,1.184,,,,284853408.0,-0.586,0.21418752957613177,-1.6517164151705401,2026-10-01
DODLA.NS,Dodla Dairy Limited,Consumer Goods,Food Products,24.804043,18.388306,-0.7026641076487252,3.6263454,0.15948989326083982,0.12735852656603874,0.05671,0.24656999,0.03512,0.06547,0.19,-0.353,-0.354,3.405,60707872768.0,0.354,1.104356196090622,0.027195783480167737,2026-10-01
DOLATALGO.NS,Dolat Algotech Limited,Financial Services,Capital Markets,7.6845965,,0.19653699488491047,0.9803493,0.11405500905493386,0.08393125812577677,0.36956,1.0,0.59845,0.0,0.288,0.391,0.387,25.082,11063360512.0,0.08,0.4315112590075939,-0.4016041514846292,2026-10-01
DOLLAR.NS,Dollar Industries Limited,Textiles,Textiles & Apparels,13.763278,10.971775,0.6227727601809954,1.62676,0.11324402562687884,0.0695516200339555,0.059439998,0.5265,0.09494001,0.10574,0.014,0.221,0.221,30.541,15432456192.0,0.291,1.2912414677078399,0.18009018459831605,2026-10-01
DOLPHIN.NS,Dolphin Offshore Enterprises (India) Limited,Oil & Gas,Oil,34.952698,,1.138524364820847,7.1104317,0.19392328675806297,0.11278485259930646,0.50425,0.76689005,0.47654,0.58412,1.606,0.307,0.307,57.496,25126875136.0,0.059,0.6615580576586093,0.47458341849632635,2026-10-01
DOMS.NS,DOMS Industries Limited,Capital Goods,Commercial Services & Supplies,60.46411,40.027992,-2.6872937777777777,10.434752,0.18871521974766448,0.13445740314755125,0.08929,0.42471,0.08826,0.16082,0.192,-0.225,-0.223,10.849,127293784064.0,-0.291,1.1049642413705316,0.13761962115622128,2026-10-01
DONEAR.NS,Donear Industries Limited,Textiles,Textiles & Apparels,9.092865,26.942953,0.3201713028169014,1.505193,0.15686308502216134,0.050950715576475576,0.049429998,0.48429,0.09327,0.09676,0.08,0.284,0.279,154.25,4175079936.0,0.265,0.3592903849696077,0.36287612299523975,2026-10-01
DPABHUSHAN.NS,D. P. Abhushan Limited,Consumer Durables,Consumer Durables,17.847618,,0.23639229139072848,6.7490916,0.33486602538932214,0.1853993557069488,0.0548,0.10524,0.10718001,0.078779995,0.58,0.755,0.769,48.027,42779521024.0,-0.511,-0.4593330639481421,0.8797591740575267,2026-10-01
DPWIRES.NS,D.P. Wires Limited,Capital Goods,Industrial Products,13.575332,,0.4255589968652037,0.95526856,0.06607393306636263,0.06091315497643471,0.03857,0.087469995,0.02799,0.036340002,0.037,0.319,0.319,0.929,2541917952.0,0.362,1.598187414306114,-0.20841345829073762,2026-10-01
DRCSYSTEMS.NS,DRC Systems India Limited,IT & Technology,IT - Services,8.917809,,0.5866979605263158,1.6668801,0.1711553378476236,0.12508433479892442,0.2035,0.35539,0.20155,0.29532,0.278,0.152,0.278,0.371,1875938944.0,0.613,2.4712322651314182,0.27781278814453164,2026-10-01
DREAMFOLKS.NS,Dreamfolks Services Limited,Infrastructure,Transport Infrastructure,-14.009111617312074,4.865506,0.15776026596072157,1.042691,0.036834724966537065,0.030121549495454925,-0.06669,-0.04323,-0.55695,-0.12666,-0.888,,,3.865,3276096512.0,0.688,0.7185499221318568,-0.8233505020709472,2026-10-01
DREDGECORP.NS,Dredging Corporation of India Limited,Infrastructure,Construction,51.300858,,1.098519443254818,2.015354,0.031889997,0.0015505386552043037,0.029749999,0.56182,0.05722,0.19861999,0.467,,,88.829,25065601024.0,0.73,29.956495214052804,1.1731271420090543,2026-10-01
DRREDDY.NS,Dr. Reddy's Laboratories Limited,Pharma & Healthcare,Pharmaceuticals & Biotechnology,30.38287,20.410103,1.71,2.6204307,0.088369995,0.040149998,0.09996,0.50176,0.04251,0.16508,-0.056,-0.687,-0.687,18.605,1004750831616.0,0.242,1.2444196839360697,-0.24218307866440295,2026-10-01
DSSL.NS,Dynacons Systems & Solutions Limited,IT & Technology,IT - Services,14.232673,,17.79084125,3.8183684,0.26893207858441165,0.08364850553489507,0.06022,0.1287,0.10233,0.107250005,-0.046,0.008,0.006,75.024,12084304896.0,0.731,0.5444549608663224,0.17045814000709994,2026-10-01
DTIL.NS,Dhunseri Tea & Industries Limited,Consumer Goods,Food Products,-13.506814310051107,,0.1971797709496512,0.31467485,-0.004729294581358938,-0.0025940354691178632,-0.02796,0.80271006,0.18074,-0.01086,-0.26,-0.685,-0.685,47.787,1666162816.0,0.472,-11.051435645541313,0.875084803256445,2026-10-01
DVL.NS,Dhunseri Ventures Limited,Financial Services,Capital Markets,5.162067,,0.035723647058823534,0.2969177,0.027671928971642976,0.018650062392312042,0.39073002,0.39461,0.42631,0.18745,0.325,1.445,1.446,28.952,9761398784.0,0.736,-1.1171757520863195,-0.36893700233006127,2026-10-01
DWARKESH.NS,Dwarikesh Sugar Industries Limited,Consumer Goods,Food Products,53.794872,,-4.597852307692307,0.93824065,0.037211872853602085,0.023763449875287737,0.0107,0.16543,-0.09308,0.04117,-0.117,,,40.6,7775249408.0,0.043,4.187025747454439,0.3214945341258244,2026-10-01
DYCL.NS,Dynamic Cables Limited,Capital Goods,Electrical Equipment,22.936764,,0.6199125405405406,4.5359645,0.18466473056868923,0.1236885033615799,0.07097,0.19320999,0.10065,0.10882,0.332,0.37,0.37,9.424,20740298752.0,0.12,0.729382755819159,0.3026218557400822,2026-10-01
DYNAMATECH.NS,Dynamatic Technologies Limited,Auto,Auto Components,219.7093,73.326225,2.3599280343716433,11.769346,0.04084333098094566,0.01752337080231194,0.02533,0.50049,0.0834,0.10609999,0.145,0.931,0.93,80.387,93423091712.0,0.443,2.941684665226782,-0.24697955390334572,2026-10-01
DYNPRO.NS,Dynemic Products Limited,Chemicals,Chemicals & Petrochemicals,13.744186,,1.71802325,1.1405326,0.08127740736514354,0.04831658029707264,0.05483,0.48356,0.09449001,0.14157,-0.085,0.08,0.079,29.637,2791167232.0,0.116,1.7272804765534118,0.3280238659670245,2026-10-01
EASEMYTRIP.NS,Easy Trip Planners Limited,Hospitality,Leisure Services,-41.14285714285714,,-2.2360248447204967,2.4406781,-0.04921269177300964,-0.03263607744737478,-0.09373,0.52338004,-0.00364,0.05763,0.184,,,4.35,22951585792.0,0.433,0.103078405517801,-1.3673659499944106,2026-10-01
EBGNG.NS,GNG Electronics Limited,IT & Technology,IT - Hardware,56.69348,30.440605,2.2587043824701194,10.593328,0.17372141020971565,0.10498077324873882,0.07153,0.20886,0.11174,0.10697,0.321,0.251,0.562,58.541,80343916544.0,,-1.6354866154173378,0.912568464790574,2026-10-01
ECLERX.NS,eClerx Services Limited,IT & Technology,IT - Services,23.365732,18.405014,1.242858085106383,6.5113673,0.2757131066706541,0.19102189441430603,0.16814,0.36074,0.18712,0.25432,0.233,0.188,0.16,15.012,165912363008.0,0.404,1.2368343172224732,0.30515882696473057,2026-10-01
EDELWEISS.NS,Edelweiss Financial Services Limited,Financial Services,Finance,18.510067,8.755555,0.6780244322344322,2.8233318,0.1182385861344497,0.012496885106258456,0.08392999,0.64642996,0.0535,0.0,0.23,0.273,0.83,319.986,130526707712.0,0.702,1.641475435027587,0.37058897274527997,2026-10-01
EFCIL.NS,EFC (I) Limited,Real Estate,Realty,9.344978,6.3173428,3.1149926666666663,2.908745,0.28683905300038015,0.08655836559795456,0.23377001,0.59294,0.35445,0.47247002,0.288,0.03,1.005,172.783,25328381952.0,0.819,0.9006044441066268,0.6293679672200592,2026-10-01
EICHERMOT.NS,Eicher Motors Limited,Auto,Automobiles,32.91946,25.385378,1.5455145539906103,7.5627174,0.21972896576315282,0.17147448852054933,0.23211999,0.42308998,0.19798,0.23195,0.315,0.213,0.213,2.048,1899690196992.0,0.224,0.8711948549743166,0.16491707572595704,2026-10-01
EIDPARRY.NS,E.I.D.- Parry (India) Limited,Chemicals,Fertilizers & Agrochemicals,25.884497,9.006007,-0.6104834198113208,1.3647261,0.06497059132204441,0.019468857143833812,0.01197,0.22572,0.0563,0.08554,0.034,-0.424,-0.425,23.647,120040013824.0,0.028,2.7065877725884047,-0.35157966641999205,2026-10-01
EIEL.NS,Enviro Infra Engineers Limited,Infrastructure,Construction,17.864077,8.932038,-3.5728154000000005,2.6183598,0.14841001983277133,0.08958158850761481,0.14310999,0.32179,0.18648,0.22681999,0.491,-0.05,-0.049,34.127,32297519104.0,,-0.34486496295903546,0.037681782525168364,2026-10-01
EIHAHOTELS.NS,EIH Associated Hotels Limited,Hospitality,Leisure Services,20.50554,,1.7231546218487397,2.995175,0.144708993391533,0.12036750654486408,0.23070998,0.6828,0.04106,0.30801,-0.04,0.119,0.116,0.712,18043238400.0,-0.046,1.1519260329914882,-0.050878090737857526,2026-10-01
EIHOTEL.NS,EIH Limited,Hospitality,Leisure Services,26.173111,20.05724,0.10626516849370685,3.539639,0.11939304670615396,0.09583628938385967,0.23142,0.65660006,0.19716999,0.34928,0.145,2.463,2.46,4.666,186264715264.0,-0.296,1.5803956834532373,-0.15033572476654788,2026-10-01
EIMCOELECO.NS,Eimco Elecon (India) Limited,Auto,"Agricultural, Commercial & Construction Vehicles",33.08253,23.882105,0.69,2.799384,0.08280794024304658,0.07385801696586375,0.16303,0.50152,0.15659,0.19111,0.147,0.062,0.062,0.93,13087311872.0,0.206,0.5710931385337855,-0.20842704899932116,2026-10-01
EKC.NS,Everest Kanto Cylinder Limited,Capital Goods,Industrial Manufacturing,9.4906,6.667296,-0.22759232613908878,0.8498409,0.1048996006886157,0.07753718458443554,0.08762,0.44734,0.09359,0.13144,-0.105,-0.417,-0.418,19.067,11895136256.0,0.622,0.9662240381341505,0.49954048810374757,2026-10-01
ELDEHSG.NS,Eldeco Housing and Industries Limited,Real Estate,Realty,20.667109,,0.054173287024901706,1.9244915,0.0607655228208219,0.023057464342641835,0.19565001,0.59202,0.35097,0.24264,0.71,3.815,3.82,38.581,7691864064.0,0.501,4.2874138804353645,0.12900541183909542,2026-10-01
ELECON.NS,Elecon Engineering Company Limited,Capital Goods,Industrial Manufacturing,41.785378,20.091324,-0.6987521404682275,4.2819886,0.1479510631746486,0.10549899804557038,0.09852,0.41751,0.15245,0.18566999,0.061,-0.598,-0.599,11.824,98735972352.0,0.519,0.9210611168107871,-0.17814984341122622,2026-10-01
ELECTCAST.NS,Electrosteel Castings Limited,Cement & Materials,Other Construction Materials,38.22564,17.334883,-0.8346209606986899,0.7779332,0.02725428215759453,0.01706250755368593,0.02086,0.44697,0.0397,0.042930003,-0.085,-0.458,-0.457,26.35,46079479808.0,0.072,7.102707638139967,-0.7724838240825731,2026-10-01
ELECTHERM.NS,Electrotherm (India) Limited,Metals & Mining,Ferrous Metals,-25.954624781849915,,0.34606166375799885,-6.1555777,0.10176761112555238,-0.007780670548721108,-0.0096700005,0.26178,0.01234,0.00345,0.095,-0.75,-0.75,,9475556352.0,0.682,-22.424010217113665,-1.0354178446228655,2026-10-01
ELGIEQUIP.NS,Elgi Equipments Limited,Capital Goods,Industrial Manufacturing,41.201553,31.94809,1.9526802369668248,8.257769,0.1927505712621533,0.12133690593710338,0.10803001,0.49808997,0.12295,0.14029,0.226,0.211,0.207,23.885,184305926144.0,0.104,1.0541608554160855,0.2284408909194746,2026-10-01
ELGIRUBCO.NS,Elgi Rubber Company Limited,Auto,Auto Components,-1.3120531154239021,,0.07248912239911062,3.3972495,-3.1738469871718653,-0.5534838393077247,-0.56373,0.43443,-0.01214,-0.17087999,-0.181,,,413.219,2571569152.0,0.363,0.047831733530915174,-54.10045871559633,2026-10-01
ELIN.NS,Elin Electronics Limited,Capital Goods,Electrical Equipment,-47.458333333333336,,-2.0815058479532165,0.6832224,0.0405947888589398,0.02949948420626526,-0.00606,0.23225,-0.00892,0.03001,0.228,,,2.969,3963316224.0,0.763,2.3806825727059446,-0.22955460064115682,2026-10-01
ELLEN.NS,Ellenbarrie Industrial Gases Limited,Chemicals,Chemicals & Petrochemicals,39.73256,27.119047,0.5326080428954424,4.92846,0.1068423083260246,0.08037260864544439,0.33827,0.65252,0.31757998,0.34682,0.18,0.746,0.868,18.873,48157696000.0,,1.2695977011494253,0.25346684436120015,2026-10-01
EMAMILTD.NS,Emami Limited,Consumer Goods,Personal Products,21.728863,18.624826,-1.341287839506173,5.5630198,0.2651395586201198,0.20207851685320039,0.19117,0.67927,0.1765,0.24609,0.149,-0.162,-0.164,5.541,160698974208.0,0.143,1.0325995767106226,-0.038695268913922325,2026-10-01
EMAMIPAP.NS,Emami Paper Mills Limited,Cement & Materials,"Paper, Forest & Jute Products",8.610169,,0.014290736929460581,1.4730577,0.10669030609584398,0.03367938194109126,0.04666,0.27785,0.12498,0.120799996,0.218,6.025,5.119,142.073,7068708352.0,0.542,3.2132616487455197,1.3598615916955017,2026-10-01
EMCURE.NS,Emcure Pharmaceuticals Limited,Pharma & Healthcare,Pharmaceuticals & Biotechnology,36.395283,25.056608,0.8686225059665871,7.4470367,0.18673838876193125,0.09616258279210123,0.104449995,0.59433997,0.15443,0.19668,0.228,0.419,0.421,30.567,368911319040.0,-0.068,1.0207537964063824,0.35669688198998434,2026-10-01
EMIL.NS,Electronics Mart India Limited,Retail,Retailing,38.06903,31.332056,0.08263301497720858,4.8406997,0.06588505874358525,0.028215855057234694,0.02622,0.15275,0.081590004,0.075289994,0.391,4.607,4.581,122.806,78507991040.0,0.522,4.141462412962721,-0.33241528856099595,2026-10-01
EMKAY.NS,Emkay Global Financial Services Limited,Financial Services,Capital Markets,42.426033,,0.6175550655021833,1.9731003,0.03993208839226913,0.008735362980162663,0.04882,0.78981,0.09522,0.0,0.226,0.687,0.904,26.355,8009056256.0,0.39,-4.718577725149661,-0.7325208602407858,2026-10-01
EMMBI.NS,Emmbi Industries Limited,Capital Goods,Industrial Products,19.077604,5.893151,0.35860157894736844,0.8322129,0.03962102069214964,0.01713265370403759,0.01858,0.41171002,0.06422,0.0947,0.112,0.532,0.537,88.654,1655431168.0,0.473,1.1625459617091416,0.26617434580189436,2026-10-01
EMMVEE.NS,Emmvee Photovoltaic Power Limited,Power & Utilities,Power,16.625,10.618342,0.22557666214382632,5.729215,0.2927114476986628,0.18736301410205505,0.22844,0.44522998,0.29843,0.34555998,0.513,0.737,1.026,9.745,211788333056.0,,0.18504685167557902,1.9309194979924902,2026-10-01
EMSLIMITED.NS,EMS Limited,Infrastructure,Construction,27.021189,,-0.45721131979695434,1.7444674,0.08577777643022022,0.06803323051376867,0.10464,0.23715,0.152,0.1736,-0.342,-0.591,-0.591,14.575,18411239424.0,0.322,-0.1646295999690712,-0.5067559836766717,2026-10-01
EMUDHRA.NS,eMudhra Limited,IT & Technology,IT - Software,41.72662,27.35849,1.424116723549488,5.2226377,0.11830545046661683,0.08883226350362979,0.15444,0.33755,0.19729,0.22850001,0.295,0.293,0.292,3.153,47585247232.0,0.171,1.2324569541338875,0.27356506533708264,2026-10-01
ENDURANCE.NS,Endurance Technologies Limited,Auto,Auto Components,37.66324,25.324219,4.707905,5.349076,0.13912221049523302,0.08185069908208119,0.0622,0.4143,0.07275,0.12895,0.3,0.08,0.08,19.393,365920321536.0,0.724,1.944625989009257,0.1379326836850601,2026-10-01
ENERGYDEV.NS,Energy Development Company Limited,Power & Utilities,Power,-18.615384615384613,,0.48477564102564097,17.621359,-0.06204248784233427,-0.0013433247731476914,-0.08748,0.99099,-0.01356,0.55631,-0.384,,,,689700032.0,0.241,-108.13572607260726,0.9975078060982668,2026-10-01
ENGINERSIN.NS,Engineers India Limited,Infrastructure,Construction,22.403296,22.180851,0.15754779184247542,5.602329,0.21985002095060396,0.11782880973205921,0.20222001,0.28517,0.14229,0.19494,-0.058,1.422,1.415,0.534,175778758656.0,0.939,0.4612872898283288,0.19286587659651314,2026-10-01
ENIL.NS,Entertainment Network (India) Limited,Media,Media,-52.74576271186441,9.336,18.83777239709443,0.58726215,-0.01010820503862694,-0.006350688610859705,-0.01474,0.34083998,-0.11059,0.09195,-0.028,,,22.502,4450509824.0,0.297,-11.175587663312319,-1.6642996488490052,2026-10-01
ENRIN.NS,Siemens Energy India Limited,Power & Utilities,Power,79.53245,59.21905,1.1730449852507372,24.674911,0.2510898591742177,0.11525164480576625,0.15769,0.40712002,0.21937999,0.21176,0.393,0.678,0.678,4.483,1187305750528.0,,3.336151258976457,0.8335,2026-10-01
ENTERO.NS,Entero Healthcare Solutions Limited,Pharma & Healthcare,Healthcare Services,58.544064,29.413412,1.5695459517426273,4.3309655,0.06812822380537839,0.03195377671020145,0.01759,0.10618,0.04364,0.03943,0.382,0.373,0.373,38.638,73153585152.0,-0.526,0.8362337233358251,0.21326724319763762,2026-10-01
EPACK.NS,EPACK Durable Limited,Consumer Durables,Consumer Durables,-209.25609756097563,17.689692,4.314558712597436,1.4413393,0.0033933127154207408,0.0013005486673476918,-0.00369,0.14534001,0.04335,0.05388,0.338,-0.485,-0.484,76.95,16520118272.0,1.019,-42.827722711510724,-0.9409014492175386,2026-10-01
EPACKPEB.NS,EPack Prefab Technologies Limited,Infrastructure,Construction,25.724762,17.168085,-8.038988125,3.310495,0.12611924174804906,0.06492229821735755,0.0594,0.32994998,0.076799996,0.10268,0.239,-0.032,0.134,15.606,24359749632.0,,1.4648496997449207,0.5616112066349752,2026-10-01
EPIGRAL.NS,Epigral Limited,Chemicals,Chemicals & Petrochemicals,15.64511,9.634135,-0.4127997361477573,1.9074845,0.14943977527988728,0.09470516075656862,0.10321,0.37241,0.19323,0.2217,0.163,-0.379,-0.379,25.751,42373419008.0,0.208,1.3119558996294847,-0.07190584025273282,2026-10-01
EPL.NS,EPL Limited,Capital Goods,Industrial Products,19.22167,13.366725,-12.013543749999998,2.5987139,0.1360884627497638,0.07937058655455324,0.07684,0.59628,0.11196999,0.20694,0.253,-0.016,-0.014,33.579,74555637760.0,0.367,1.8588326047827204,0.08328690807799442,2026-10-01
EQUITASBNK.NS,Equitas Small Finance Bank Limited,Banking,Banks,15.338566,7.5665827,0.7988836458333334,1.2771639,0.016830304880495837,0.001700745594007245,0.10925999,1.0,0.31504,0.0,0.192,,,94.248,78269726720.0,0.438,-32.16669124237991,-0.2989944229815865,2026-10-01
ERIS.NS,Eris Lifesciences Limited,Pharma & Healthcare,Pharmaceuticals & Biotechnology,25.401367,20.565008,1.3511365425531914,4.167674,0.15874219766929393,0.0841109441165649,0.20045,0.73533,0.25792998,0.35252,0.126,0.188,0.207,60.545,165071159296.0,-0.048,0.8683981146694215,0.7608003638017281,2026-10-01
ESABINDIA.NS,ESAB India Limited,Capital Goods,Industrial Products,38.11058,,1.0272393530997304,19.71894,0.4813684847920257,0.295748851717773,0.14068,0.41494,0.17703,0.18305999,0.196,0.371,0.371,0.78,84669308928.0,0.376,0.87420775073782,0.17825789533690573,2026-10-01
ESAFSFB.NS,ESAF Small Finance Bank,Banking,Banks,-433.99999999999994,,-5.849056603773584,1.252706,-0.09314243663257109,-0.0053907775635471345,-0.0028,0.0,0.18128,0.0,0.742,,,,22399621120.0,1.022,11.780414224794836,0.6808481950633836,2026-10-01
ESCORTS.NS,Escorts Kubota Limited,Auto,"Agricultural, Commercial & Construction Vehicles",21.217882,19.193544,1.61,2.4118295,0.19349574834536643,0.15153082150163044,0.11291,0.28816,0.09024999,0.11986,0.283,-0.724,-0.724,1.309,293476073472.0,0.28,0.5769039593331913,0.8926510348316916,2026-10-01
ESSARSHPNG.NS,Essar Shipping Limited,Infrastructure,Transport Services,3.9045455,,0.005253694160387513,-0.17137499,0.05405275039070791,-0.3534681260448538,758.25,0.0,-79.75,0.0,-0.976,7.432,7.421,,3571456256.0,0.871,1.1562555773692664,-1.1697673009332201,2026-10-01
ESTER.NS,Ester Industries Limited,Chemicals,Chemicals & Petrochemicals,-398.0,,-14.316546762589926,1.1862891,-0.03509639339235752,-0.01641177367775177,-0.00116,0.35483003,0.07237,0.08371,0.278,,,93.137,9962261504.0,0.456,-3.223206290269739,-3.0054459710034895,2026-10-01
ETERNAL.NS,Eternal Limited,Retail,Retailing,697.55554,83.313644,2.9899508786969564,9.279021,0.011814073595868302,0.008984681853888453,0.00642,0.35189,0.0023700001,0.02576,1.82,2.333,2.68,14.826,2889572941824.0,0.234,1.726775956284153,-0.3055028462998102,2026-10-01
ETHOSLTD.NS,Ethos Limited,Consumer Durables,Consumer Durables,64.8042,37.142784,1.835813031161473,4.5531955,0.06368978726856173,0.04313011709666678,0.06013,0.29143998,0.07675,0.13543001,0.333,0.353,0.479,19.366,67747799040.0,0.075,0.945445163414418,-0.015814032708159592,2026-10-01
EUREKAFORB.NS,Eureka Forbes Limited,Consumer Durables,Consumer Durables,37.86251,23.056078,0.8021718220338984,1.4830054,0.03536125094845862,0.02414702749508767,0.06458,0.58661,0.07242,0.10628,0.152,0.472,0.473,0.629,68256976896.0,-0.041,1.538452031420534,-0.010753623470502505,2026-10-01
EUROBOND.NS,Euro Panel Products Limited,Cement & Materials,Other Construction Materials,14.176864,,-0.848914011976048,2.268541,0.1659463963997731,0.0685433774343162,0.049450003,0.30097,0.08482,0.10844,0.143,-0.167,-0.164,100.859,3633104896.0,0.091,-0.11645617271170171,0.44131801830641265,2026-10-01
EUROPRATIK.NS,Euro Pratik Sales Limited,Cement & Materials,Other Construction Materials,22.615202,,0.24135754535752402,6.29238,0.24871981499261828,0.19432340332642586,0.23056999,0.45129,0.24209,0.31704,0.601,0.937,0.938,7.636,19460923392.0,,0.5275190681263945,0.014779673867830648,2026-10-01
EVEREADY.NS,Eveready Industries India Limited,Capital Goods,Electrical Equipment,12.87607,,0.5748245535714286,3.6854448,0.2753438324465459,0.1413432375092067,0.119720004,0.42816,0.13215,0.10894,0.09,0.224,0.223,32.395,22958272512.0,0.502,0.48601325419141794,1.0804523252443141,2026-10-01
EVERESTIND.NS,Everest Industries Limited,Cement & Materials,Other Construction Materials,-579.6341463414634,,-0.09422647262317539,1.5239835,-0.20563208707458341,-0.08400064697853918,-0.00091,0.39151,0.07868,-0.01469,-0.129,61.515,61.458,45.885,7536239616.0,0.205,-1.0676163128030132,-27.21503884572697,2026-10-01
EXCELINDUS.NS,Excel Industries Limited,Chemicals,Chemicals & Petrochemicals,16.226015,,-1.2776389763779528,0.6803484,0.04443050308052404,0.03594008778901302,0.06616,0.462,0.11156,0.10231,-0.051,-0.127,-0.127,0.463,11587663872.0,0.441,0.6991015708633008,-0.11308891686417374,2026-10-01
EXCELSOFT.NS,Excelsoft Technologies Limited,IT & Technology,IT - Software,19.293104,14.505556,0.5793724924924925,1.558744,0.07501132579202734,0.06396292653869462,0.15732999,0.49932998,0.08101,0.18285,0.441,0.333,0.536,1.137,9014542336.0,,1.1565662386759181,0.2503170394281762,2026-10-01
EXICOM.NS,Exicom Tele-Systems Limited,Capital Goods,Electrical Equipment,-8.18083378451543,,-0.13367375464894496,3.1266813,-0.4208955191797495,-0.137829903029153,-0.20372,0.31027,-0.18351,-0.06697,0.612,,,109.474,21014953984.0,1.819,0.315883245186713,-1.4913420405210498,2026-10-01
EXIDEIND.NS,Exide Industries Limited,Auto,Auto Components,37.29053,22.113737,1.3176865724381626,2.502965,0.06143108339895792,0.04025423329443899,0.04948,0.3141,0.08672,0.10298,0.177,0.283,0.284,11.308,348032499712.0,0.542,2.8250857537550194,0.07442580060878971,2026-10-01
EXPLEOSOL.NS,Expleo Solutions Limited,IT & Technology,IT - Services,9.559072,7.2617216,0.1420367310549777,1.6967907,0.15970640670245984,0.13348233847637936,0.12084,0.3538,0.13196999,0.15358,0.123,0.673,0.673,1.011,13172378624.0,0.444,0.9635753577132165,0.20087560415718256,2026-10-01
EXXARO.NS,Exxaro Tiles Limited,Cement & Materials,Other Construction Materials,67.11111,,0.44740739999999996,1.0188934,0.010122074825128573,0.005801159084370884,0.0125899995,0.23539,0.05347,0.07932,0.313,1.5,1.561,33.349,2702360576.0,0.346,11.627366487708391,24.263763352506164,2026-10-01
FABTECH.NS,Fabtech Technologies Limited,Pharma & Healthcare,Healthcare Services,12.968949,,1.2591212621359225,1.2976652,0.09137869917211727,0.05551994914362237,0.116560005,0.42281,0.03936,0.111820005,0.103,,,16.589,6312456704.0,,0.01244590437457636,-0.17426393502263574,2026-10-01
FACT.NS,The Fertilisers and Chemicals Travancore Limited,Chemicals,Fertilizers & Agrochemicals,-440.0898203592815,,-21.786624770261454,34.39811,-0.029326417073457563,-0.006636487225840514,-0.01783,0.19996001,-0.029140001,0.00342,0.202,,,295.147,475565588480.0,0.194,25.14377452639128,-1.9604239425688785,2026-10-01
FAIRCHEMOR.NS,Fairchem Organics Limited,Chemicals,Chemicals & Petrochemicals,58.53982,,0.07473486531341758,3.1676483,0.021063312351757506,0.014170826946592824,0.02849,0.20942,0.085880004,0.06776,0.344,7.833,7.533,31.852,8332189184.0,0.452,7.508365670968324,-0.7478645508616885,2026-10-01
FCL.NS,Fineotex Chemical Limited,Chemicals,Chemicals & Petrochemicals,206.37036,26.533335,2.3424558456299662,5.2521443,0.12324153469606816,0.09381526229138387,0.12091,0.33832002,0.14538,0.16609,1.748,0.881,0.548,0.872,64885989376.0,0.673,-0.2189270653835049,0.00503106060746083,2026-10-01
FDC.NS,FDC Limited,Pharma & Healthcare,Pharmaceuticals & Biotechnology,18.671484,14.416309,2.007686451612903,2.2008767,0.11324302486165613,0.09641135423437754,0.13358,0.67337996,0.19150999,0.16084999,0.03,0.093,0.092,0.622,54687903744.0,0.191,0.7122832788954366,0.0548506473864464,2026-10-01
FEDERALBNK.NS,The Federal Bank Limited,Banking,Banks,17.025146,12.975972,0.5206466666666666,1.9588168,0.108515894503427,0.010807037578342097,0.30721,0.0,0.42963,0.0,0.214,0.327,0.368,,786042454016.0,0.27,1.0008752440537911,0.04483371323841822,2026-10-01
FEDFINA.NS,Fedbank Financial Services Limited,Financial Services,Finance,14.770217,9.30104,0.2913257790927022,1.91534,0.11742592529305218,0.020361746938330455,0.28992,1.00015,0.42223,0.0,0.324,0.507,0.525,467.341,56184987648.0,0.643,-4.843306169965076,0.5258903987920774,2026-10-01
FIEMIND.NS,Fiem Industries Limited,Auto,Auto Components,17.967766,13.456795,1.40373171875,3.8879118,0.21035555715773532,0.15029639481862128,0.090270005,0.38682997,0.109910004,0.13704,0.185,0.128,0.128,5.395,47238529024.0,0.461,0.6310326451849174,0.2472411157926174,2026-10-01
FILATEX.NS,Filatex India Limited,Textiles,Textiles & Apparels,24.674417,7.983446,1.3337522702702702,4.8972993,0.12177784198915383,0.07417726587663206,0.044899996,0.19869,0.05047,0.08141,0.091,0.185,0.193,9.988,47114592256.0,0.199,1.3446813155029729,0.36892373432142295,2026-10-01
FINCABLES.NS,Finolex Cables Limited,Capital Goods,Electrical Equipment,27.860964,20.066027,0.5237023308270676,3.667105,0.11727474087560057,0.10210644982231658,0.11532,0.1869,0.11058,0.104329996,0.443,0.532,0.531,0.314,223107923968.0,0.619,0.06876646303872667,0.018479672360403557,2026-10-01
FINEORG.NS,Fine Organic Industries Limited,Chemicals,Chemicals & Petrochemicals,35.88865,32.857327,1.9938138888888888,5.904107,0.1565285911608638,0.13907978398505993,0.17726,0.40521,0.23356001,0.21237,0.18,0.18,0.18,3.464,157316333568.0,0.228,1.030043109855805,0.016023526637505225,2026-10-01
FINKURVE.NS,Finkurve Financial Services Limited,Financial Services,Finance,34.072464,,0.6161385895117539,2.8350348,0.07548288536381631,0.021113727406070874,0.18422002,0.51910996,0.22917,0.0,0.735,0.553,0.657,244.293,9884354560.0,0.341,-21.745902489427326,0.4955851855256128,2026-10-01
FINOPB.NS,Fino Payments Bank Limited,Banking,Banks,51.083668,6.306821,-1.4150600554016621,1.3301105,0.06514493618466129,0.00987502390860062,0.01589,0.0,-0.05053,0.0,-0.361,,,,10670263296.0,0.564,-5.847084458899134,-0.43313049050788516,2026-10-01
FINPIPE.NS,Finolex Industries Limited,Cement & Materials,Other Construction Materials,15.124624,14.163765,0.9222331707317073,1.4955529,0.0963924244130851,0.07886834036155285,0.15564999,0.43523997,0.08952,0.17514999,-0.153,0.164,0.167,7.171,93050068992.0,0.597,0.3200901427259828,-0.2512155794157719,2026-10-01
FIRSTCRY.NS,Brainbees Solutions Limited,Retail,Retailing,-67.99610894941635,51.827225,-5.190542667894378,1.7417349,-0.029051495792678444,-0.015531156514755446,-0.01422,0.26999,-0.01646,0.01158,0.131,,,29.762,84795056128.0,0.409,-2.6037098050961682,0.26763880982101357,2026-10-01
FISCHER.NS,Fischer Medical Ventures Limited,Pharma & Healthcare,Healthcare Equipment & Supplies,74.35555,,0.29813773055332793,5.618808,0.08380561555749944,0.048001931415380235,0.082200006,0.3433,0.120740004,0.13218,2.494,,-0.243,27.698,22900264960.0,0.054,-3.14396550118287,20.73547472838923,2026-10-01
FIVESTAR.NS,Five-Star Business Finance Limited,Financial Services,Finance,13.528862,10.20398,7.516034444444445,2.0247893,0.1488783783578705,0.06958603393743283,0.47797,0.99611,0.59126,0.0,0.08,0.018,0.019,111.929,149442789376.0,0.577,-0.24053336109833645,0.024480789982264634,2026-10-01
FLAIR.NS,Flair Writing Industries Limited,Capital Goods,Commercial Services & Supplies,17.099623,12.302442,-42.7490575,2.0916922,0.12244805002382993,0.10229570510628931,0.10908,0.50535,0.122159995,0.17164,0.106,-0.004,-0.003,5.802,23879430144.0,0.366,0.9813277859884714,0.1690601395607116,2026-10-01
FLUOROCHEM.NS,Gujarat Fluorochemicals Limited,Chemicals,Chemicals & Petrochemicals,77.59607,38.85729,3.8037289215686276,6.231493,0.07340391989340819,0.04858562610711626,0.11635,0.52367,0.19709998,0.24229,0.24,0.204,0.201,28.94,476913762304.0,0.003,1.663693362893169,0.057319708456946124,2026-10-01
FMGOETZE.NS,Federal-Mogul Goetze (India) Limited,Auto,Auto Components,14.465973,,28.931946,1.7204722,0.11877897608831073,0.08482788828960772,0.085389994,0.62097,0.08826,0.15052,0.088,0.005,0.005,0.068,24714573824.0,0.102,1.8813384422733337,0.05321200002468633,2026-10-01
FOCUS.NS,Focus Lighting and Fixtures Limited,Consumer Durables,Consumer Durables,71.447365,,2.617119597069597,2.494602,0.034649916735512765,0.023667752494689494,0.02962,0.44556,0.0715,0.09269,0.179,0.273,0.329,14.285,3650565888.0,0.221,5.099591772339124,-0.6662168566839569,2026-10-01
FOODSIN.NS,Foods and Inns Limited,Consumer Goods,Food Products,14.831832,6.674324,-0.3274135099337748,0.62777245,0.04892768181163499,0.021279540976369065,0.030940002,0.42339,0.09318,0.124110006,-0.333,-0.453,-0.46,76.257,3631723776.0,0.794,4.760806042064734,-0.34570818848474394,2026-10-01
FORCEMOT.NS,Force Motors Limited,Auto,Automobiles,17.685886,,0.7756967543859649,5.371502,0.28887193486475854,0.18533395538083838,0.13607,0.31094,0.10262,0.16022,0.062,0.228,0.228,,221361209344.0,0.647,1.0705330835321014,0.5131378474910707,2026-10-01
FORTIS.NS,Fortis Healthcare Limited,Pharma & Healthcare,Healthcare Services,56.63781,34.434116,0.42,5.988983,0.10527703494930422,0.06524859998068047,0.11023,0.59387,0.16316,0.21205,0.175,0.023,0.023,34.15,592642113536.0,0.652,1.5372308713051843,0.34558698925053394,2026-10-01
FOSECOIND.NS,Foseco India Limited,Chemicals,Chemicals & Petrochemicals,49.381046,,1.51012373088685,4.8128037,0.13254,0.089770004,0.12838,0.48816,0.19466,0.21330999,0.472,0.327,0.69,0.195,48345186304.0,0.202,1.2213447916057738,-0.010133182887518931,2026-10-01
FRACTAL.NS,Fractal Analytics Limited,IT & Technology,IT - Software,38.08115,26.390139,0.49391893644617374,3.8051667,0.09174542371817011,0.06630210342402033,0.095290005,0.31361,0.11299,0.14637999,0.2,0.771,0.979,13.131,125078822912.0,,1.3997262149212868,0.31031390134529147,2026-10-01
FSL.NS,Firstsource Solutions Limited,IT & Technology,IT - Services,26.302519,15.710318,-15.472069999999999,3.9426239,0.15381922349715932,0.07236289461878861,0.06668,0.41073,0.12355,0.13612,0.229,-0.017,-0.02,67.135,172910034944.0,0.166,1.800016310190162,0.13452658317282218,2026-10-01
FUSION.NS,Fusion Finance Limited,Financial Services,Finance,13.920389,5.791635,0.10866814207650274,1.1283557,0.0056394115467460395,0.0016697207889280032,0.19635001,1.0,0.23219,0.0,1.281,,,227.507,27540350976.0,1.03,82.76173285198556,1.0113103696081793,2026-10-01
GABRIEL.NS,Gabriel India Limited,Auto,Auto Components,74.67348,33.08176,1.8392482758620687,13.821736,0.1842300793792854,0.10378990122499446,0.052360002,0.25731,0.06444,0.09242,0.298,0.406,0.732,10.642,251999010816.0,0.711,1.369239859773798,0.02932064119258228,2026-10-01
GAEL.NS,Gujarat Ambuja Exports Limited,Consumer Goods,Food Products,17.38589,13.251261,0.1016124488603156,2.1952918,0.09234625901747805,0.07315231972766219,0.06898,0.27726,0.12458,0.10086001,0.235,1.711,1.719,13.384,72327774208.0,-0.003,0.7494413040620481,0.22039064693378255,2026-10-01
GAIL.NS,GAIL (India) Limited,Oil & Gas,Gas,11.391883,9.30889,0.11720044238683128,1.2631595,0.08514883840017248,0.053953707002567804,0.06698,0.18752001,0.14834,0.1027,0.167,0.972,0.969,27.809,1125785141248.0,0.507,1.4835073531448195,-0.3909564812286141,2026-10-01
GALAPREC.NS,Gala Precision Engineering Limited,Capital Goods,Industrial Manufacturing,40.984074,,1.6728193469387755,5.0589,0.12113762846119704,0.09474724276978129,0.11372,0.58763003,0.12059,0.18082,0.195,0.245,0.254,13.04,14838596608.0,0.015,0.2866403607666291,0.32141527001862197,2026-10-01
GALAXYSURF.NS,Galaxy Surfactants Limited,Chemicals,Chemicals & Petrochemicals,23.86206,21.55158,0.22074061054579094,3.070224,0.0974122258937712,0.06901589497648535,0.06151,0.25838,0.11966,0.101,0.394,1.081,1.087,8.579,84272398336.0,0.497,1.2441469070237117,-0.12308550063953298,2026-10-01
GALLANTT.NS,Gallantt Ispat Limited,Metals & Mining,Ferrous Metals,29.436424,,-1.0220980555555557,3.857825,0.14602955737633536,0.11342193736506988,0.097849995,0.2672,0.13527,0.14849,0.016,-0.288,-0.288,16.515,127915098112.0,1.064,1.24365873215323,0.2084279078031174,2026-10-01
GANDHAR.NS,Gandhar Oil Refinery (India) Limited,Oil & Gas,Petroleum Products,9.172347,,0.014485702779532535,2.043443,0.10009908604217811,0.060834160963136395,0.05945,0.14919,0.1579,0.093109995,0.918,6.332,6.331,22.511,27660754944.0,0.534,0.9438575755337224,0.6908568573569822,2026-10-01
GANDHITUBE.NS,Gandhi Special Tubes Limited,Capital Goods,Industrial Products,15.870343,,0.5416499317406144,3.752173,0.2163785335357719,0.20103971813863517,0.37186,0.65726,0.45088002,0.4452,0.189,0.293,0.293,0.032,11008008192.0,0.841,0.8073672955036474,0.1651529380084228,2026-10-01
GANECOS.NS,Ganesha Ecosphere Limited,Textiles,Textiles & Apparels,46.243484,14.621068,0.28704831781502177,2.0463564,0.029955607676273897,0.019074516927569948,0.03603,0.26161,0.100159995,0.105749995,0.257,1.611,1.7,38.851,26101045248.0,-0.093,4.467012966621744,-0.6294258032170381,2026-10-01
GANESHBE.NS,Ganesh Benzoplast Limited,Chemicals,Chemicals & Petrochemicals,12.41517,,-3.8797406249999997,1.4689386,0.11894793010207089,0.08554198998041283,0.16798,0.72141,0.17711,0.21318,0.229,-0.032,-0.03,12.271,8955484160.0,0.032,1.0909991606005147,0.9429190171911344,2026-10-01
GANESHCP.NS,Ganesh Consumer Products Limited,Consumer Goods,Food Products,12.582418,,0.6354756565656565,1.6167223,0.11441191745368835,0.0939978723739264,0.052950002,0.26082,0.08251,0.10108,-0.071,0.198,0.314,7.166,6015467008.0,,1.8982588590572358,0.19624976010656914,2026-10-01
GANESHHOU.NS,Ganesh Housing Limited,Real Estate,Realty,21.998112,,-0.40069420765027314,2.500286,0.13566563577723265,0.11190734019395336,0.41397,0.72361,0.38744,0.63137,0.856,-0.549,-0.549,13.079,58295910400.0,-0.035,0.6728703549411067,-0.4711933585259004,2026-10-01
GANGAFORGE.NS,Ganga Forging Limited,Capital Goods,Industrial Products,-10.571428571428571,,1.4682539682539684,0.80086577,-0.12818870655195572,-0.060402690444008034,-0.06577,0.26964,0.05293,-0.03892,-0.072,,,70.611,498768256.0,0.025,-0.0983851258058292,-6.960021792356038,2026-10-01
GANGESSECU.NS,Ganges Securities Limited,Consumer Goods,Food Products,39.57986,,2.151079347826087,0.21122168,0.004982137323389928,0.004631007831752732,0.0758,0.88895,0.17011,0.12458,0.235,0.184,0.185,0.014,1140320256.0,0.277,8.200803063538684,-0.46865925208905396,2026-10-01
GARFIBRES.NS,Garware Technical Fibres Limited,Textiles,Textiles & Apparels,36.24528,26.047459,1.15,5.6295514,0.14668515915252536,0.10574812012946505,0.12782,0.70295995,0.16744,0.1859,0.314,0.226,0.217,3.161,75032993792.0,0.042,0.8157452992063879,-0.14194900339421673,2026-10-01
GARUDA.NS,Garuda Construction and Engineering Limited,Infrastructure,Construction,11.768968,,0.24265913402061853,3.5147383,0.2696523473805309,0.19011231518714206,0.23417,0.34789002,0.31952,0.31604,0.401,0.485,0.484,2.649,16019927040.0,,0.6403076739707396,1.4599518023897982,2026-10-01
GATECH.NS,GACM Technologies Limited,Financial Services,Capital Markets,12.999999,,-0.19230767751479289,0.7206208,0.07990978810743629,0.06514145786898236,0.33102,0.89245003,0.32143003,0.0,-0.314,-0.676,-0.531,,1161815296.0,0.425,0.3735805764159638,1.0846293337729431,2026-10-01
GATECHDVR.NS,GACM Technologies Limited,Financial Services,Capital Markets,9.2,,-0.136094674556213,0.5099778,0.07990978810743629,0.06514145786898236,0.33102,0.89245003,0.32143003,0.0,-0.314,-0.676,-0.531,,594507776.0,0.425,0.3735805764159638,1.0846293337729431,2026-10-01
GATEWAY.NS,Gateway Distriparks Limited,Infrastructure,Transport Services,10.587755,9.611893,-0.5785658469945355,1.1237221,0.11150424298489457,0.07258922088605374,0.11048,0.84352,0.1426,0.22299999,-0.002,-0.183,-0.189,25.362,25921523712.0,0.2,1.834710970087837,-0.31064972604512703,2026-10-01
GAYAHWS.NS,Gayatri Highways Limited,Infrastructure,Construction,-21.5,,,-0.06525038,0.0019527356956449498,-0.0012364241716382104,-0.089449994,1.05776,0.07006,-0.0024899999,,,,,412201280.0,0.916,22.123142250530787,-1.0010847167694326,2026-10-01
GEECEE.NS,GeeCee Ventures Limited,Real Estate,Realty,16.853273,60.897224,0.1102962892670157,0.93496567,0.050391489143609566,0.029750451418363178,0.44464,0.72079,0.29476,0.57694,3.84,1.528,1.263,,7806347776.0,0.425,-2.1619068666590624,-0.1000898165176853,2026-10-01
GEEKAYWIRE.NS,Geekay Wires Limited,Capital Goods,Electrical Equipment,19.217104,,0.027453005714285713,0.1719925,0.17416,0.086890005,0.06461,0.237,0.09566,0.12462,0.035,7.0,-0.198,88.865,3053029120.0,0.527,0.6346355451234044,-0.1689063103848065,2026-10-01
GEMAROMA.NS,Gem Aromatics Limited,Chemicals,Chemicals & Petrochemicals,-55.45714285714286,,-4.332589285714286,1.8027933,0.0031671382183569552,0.0022200203774502014,-0.03821,0.21059999,-0.05889,0.06578,0.128,,,33.749,8111382528.0,,20.771929824561404,-0.9733066087217144,2026-10-01
GENCON.NS,Generic Engineering Construction and Projects Limited,Infrastructure,Construction,27.166666,,-0.398338211143695,0.77323014,0.02945,0.02623,0.02785,0.1583,0.03642,0.112440005,0.041,-0.682,-0.695,21.937,2322188544.0,0.484,2.776567974978247,-0.29910416271767526,2026-10-01
GENESYS.NS,Genesys International Corporation Limited,IT & Technology,IT - Software,55.93439,20.6875,-2.0266083333333333,1.6263288,0.04630428914620048,0.0334997483618842,0.091000006,0.44824,0.1192,0.32608002,0.148,-0.276,-0.251,24.515,18812356608.0,-0.21,0.4853097823250788,-0.4205932782196673,2026-10-01
GENUSPAPER.NS,Genus Paper & Boards Limited,Cement & Materials,"Paper, Forest & Jute Products",19.145454,13.5,-1.53163632,0.5422524,0.02877148451378088,0.01272337745711384,0.01701,0.30367002,0.06437,0.08632,-0.144,-0.125,0.286,87.426,2707536128.0,0.31,4.17013219545994,0.804205757853306,2026-10-01
GENUSPOWER.NS,Genus Power Infrastructures Limited,Capital Goods,Electrical Equipment,11.945393,10.810811,0.27523947004608296,3.4921863,0.2670857307768619,0.0933776442284954,0.12595999,0.38377997,0.17596,0.18778,0.448,0.434,0.432,103.821,77447651328.0,0.342,-0.3689853114975519,0.9021774038152739,2026-10-01
GEOJITFSL.NS,Geojit Financial Services Limited,Financial Services,Capital Markets,29.115385,,-1.028812190812721,1.7590741,0.06694704775250428,0.03768278812266612,0.10743,0.89258003,0.11067,0.0,0.049,-0.283,-0.285,9.473,21129543680.0,0.419,2.939894373071724,-0.5199989733249528,2026-10-01
GESHIP.NS,The Great Eastern Shipping Company Limited,Infrastructure,Transport Services,5.8437686,7.592513,0.03666103262233375,1.2882504,0.17347217301233486,0.15120738986729812,0.60307,0.66672,0.54431,0.56858003,0.669,1.594,1.594,6.409,215674126336.0,0.416,0.9698727621222626,0.2552020680299967,2026-10-01
GFLLIMITED.NS,GFL Limited,Financial Services,Capital Markets,10.005435,,0.34984038461538464,0.2362326,0.017552847999125362,0.01644953652619107,21.572948,1.0,-0.04167,0.19556999,0.286,,,,6064253952.0,0.099,0.00907410780528764,1.595582826631105,2026-10-01
GHCL.NS,GHCL Limited,Chemicals,Chemicals & Petrochemicals,7.1689863,5.4437666,0.18103500757575758,1.0167128,0.13301538322935202,0.1098818292396464,0.17052999,0.438,0.23469,0.22917,-0.027,0.396,0.327,2.345,36826165248.0,-0.106,1.454726326038183,-0.24303452695666106,2026-10-01
GHCLTEXTIL.NS,GHCL Textiles Limited,Textiles,Textiles & Apparels,12.832175,,0.06676469823100936,0.8220729,0.0468355862601415,0.03762236491074245,0.0659,0.26859,0.13161,0.122200005,0.527,1.922,1.911,8.933,12351595520.0,0.689,0.06465823504334234,0.2572806860818295,2026-10-01
GICHSGFIN.NS,GIC Housing Finance Limited,Financial Services,Finance,4.54446,3.3228307,0.12801295774647886,0.3397136,0.07349981010254462,0.013702121784444259,0.43639,0.96941,0.28641,0.0,3.867,0.355,0.358,432.907,7155729408.0,0.577,-2.0675623304482627,-0.0349083655404563,2026-10-01
GICRE.NS,General Insurance Corporation of India,Insurance,Insurance,6.401186,5.6601715,-0.2058259163987138,0.5753752,0.091079995,0.03032,0.16819,0.20671,0.15095,0.0,-0.008,-0.311,-0.311,,568250138624.0,0.334,,0.30013119209887174,2026-10-01
GILLANDERS.NS,Gillanders Arbuthnot and Company Limited,Consumer Goods,Agricultural Food & other Products,13.796818,,4.057887647058823,0.93265706,0.03669558670564714,0.017119494443801366,0.0402,0.73739,0.04316,0.08322,0.034,,,57.612,2405709312.0,0.372,1.5051292616187548,-0.6457756388186159,2026-10-01
GILLETTE.NS,Gillette India Limited,Consumer Goods,Personal Products,33.63725,,3.5784308510638296,23.752552,0.6913453715541561,0.3496235579517705,0.21035999,0.61847,0.26795998,0.3027,0.108,0.094,0.094,0.002,224805404672.0,0.27,0.9271446256361664,0.589288316735487,2026-10-01
GINNIFILA.NS,Ginni Filaments Limited,Textiles,Textiles & Apparels,9.728156,,-0.6709073103448276,1.4438561,0.15722988232497326,0.11269600555482191,0.09588,0.54125,0.12652999,0.15998,0.013,-0.145,-0.147,17.413,3432854784.0,0.481,1.6556184644294867,7.828379376921793,2026-10-01
GIPCL.NS,Gujarat Industries Power Company Limited,Power & Utilities,Power,5.3959875,11.426797,0.030851843910806177,0.70655227,0.10478712072669089,0.0426911769047751,0.31061,0.53093,0.30091,0.40202,0.344,1.749,1.748,93.592,27136401408.0,0.432,1.612790228405456,0.9032275304693046,2026-10-01
GKENERGY.NS,GK Energy Limited,Power & Utilities,Power,9.5633335,,0.279629634502924,2.6235056,0.2301561998321401,0.15651704245098716,0.11955,0.30363,0.16112,0.17634001,0.555,0.342,0.599,23.151,23275309056.0,,0.24667028884418274,0.5336576357453325,2026-10-01
GKSL.NS,Gujarat Kidney And Super Speciality Limited,Pharma & Healthcare,Healthcare Services,96.65174,,-4.314809821428571,4.788868,0.061370896138879624,0.05206591855933342,0.1567,0.71389997,0.20236999,0.26332,1.247,-0.224,0.07,11.427,15316803584.0,,-0.2491917738386387,0.646312054477271,2026-10-01
GKWLIMITED.NS,GKW Limited,Capital Goods,Commercial Services & Supplies,-171.14093959731545,,7.814654776133126,0.34840348,-0.0008810896169584448,-0.0007143726889683015,-0.16478,0.88694,0.77911,0.60038,0.022,-0.219,-0.219,0.015,9128744960.0,0.003,-8.975526292991423,0.8750013536195788,2026-10-01
GLAND.NS,Gland Pharma Limited,Pharma & Healthcare,Pharmaceuticals & Biotechnology,42.004967,29.81066,0.8956282942430704,4.5720973,0.09918140172524487,0.08211401817047094,0.16784,0.59157,0.21003,0.2558,0.196,0.469,0.471,2.738,474307166208.0,0.587,1.0039627534273778,0.47069114105988896,2026-10-01
GLAXO.NS,GlaxoSmithKline Pharmaceuticals Limited,Pharma & Healthcare,Pharmaceuticals & Biotechnology,43.888187,34.999683,2.7954259235668792,20.7038,0.4569005772745788,0.23959630205040564,0.27008,0.64199996,0.29801,0.33630002,0.166,0.157,0.157,1.467,469441085440.0,0.079,0.8719256234468848,0.11686233111886819,2026-10-01
GLENMARK.NS,Glenmark Pharmaceuticals Limited,Pharma & Healthcare,Pharmaceuticals & Biotechnology,36.570442,23.86682,0.039293480176211454,6.258138,0.129550692444304,0.0684076493142714,0.10137,0.71935,0.15718001,0.27241,0.231,9.307,9.303,5.646,657865703424.0,0.26,2.529665873873133,0.30059679284727203,2026-10-01
GLOBALVECT.NS,Global Vectra Helicorp Limited,Infrastructure,Transport Infrastructure,-5.286002420330778,,-4.8054567457552535,-22.64777,3.9846972146462467,-0.03635326587060816,-0.0664,0.28937,-0.10062,0.061950002,0.011,,,,1834559872.0,0.584,-1.9492232504552718,-48.65154544056589,2026-10-01
GLOBE.NS,Globe Enterprises (India) Limited,Textiles,Textiles & Apparels,9.173912,,0.04586956,0.63458645,0.06511116883722173,0.02465917990322394,0.01572,0.10742,0.045250002,0.054279998,0.47,2.0,2.19,114.163,950383616.0,0.512,-1.842447656241776,0.0721161984944756,2026-10-01
GLOBUSSPR.NS,Globus Spirits Limited,Consumer Goods,Beverages,6.746978,16.814104,0.1385416427104723,2.0627503,0.0841022074578843,0.040821036225859454,0.03592,0.34212002,0.06479,0.09922,0.127,0.487,0.503,48.422,24756891648.0,0.423,2.917660004466888,2.933510467333776,2026-10-01
GLOSTERLTD.NS,Gloster Limited,Textiles,Textiles & Apparels,46.107784,,1.1584870351758794,0.5418066,0.016659047191784893,0.007223022899603208,0.00827,0.39183,0.048270002,0.09554,0.398,,,88.108,5898417152.0,0.343,-7.833491398323776,2.3588072225968384,2026-10-01
GMBREW.NS,G.M. Breweries Limited,Consumer Goods,Beverages,12.887505,15.691446,0.28077352941176476,2.0171585,0.14544931650205303,0.12798253596253564,0.08878,0.13196,0.05598,0.10312,0.258,0.459,0.459,3.201,21750272000.0,0.297,-0.6097263003522867,0.215390254714086,2026-10-01
GMDCLTD.NS,Gujarat Mineral Development Corporation Limited,Oil & Gas,Consumable Fuels,16.21716,14.217201,-81.08579999999999,2.1937854,0.13526158179149805,0.10649806634324022,0.33823,0.88782996,0.17395,0.16237,0.238,-0.002,-0.002,4.475,155072692224.0,0.34,0.777404956777154,0.4071780539824961,2026-10-01
GMMPFAUDLR.NS,GMM Pfaudler Limited,Capital Goods,Industrial Manufacturing,91.9949,30.58051,0.8034489082969433,5.387409,0.04800332088003321,0.01437039430353792,0.01931,0.54844004,0.057439998,0.09349,0.164,1.145,1.144,84.461,64891256832.0,0.086,6.724316845382221,0.09156126109118369,2026-10-01
GMRAIRPORT.NS,GMR Airports Limited,Infrastructure,Transport Infrastructure,232.90001,60.35634,9.82700464135021,-39.175777,-0.07076894538181114,0.003204461595123974,0.030720001,0.5735,0.25013,0.39745998,0.237,,,,993176518656.0,0.549,27.827967405550172,1.4467099401807306,2026-10-01
GMRP&UI.NS,GMR Power And Urban Infra Limited,Oil & Gas,Consumable Fuels,13.060256,8.633051,3.8412517647058824,4.179111,0.31533277656093245,0.03521072239635142,0.07669,0.37295,0.17159,0.22718,0.034,,,549.816,79562260480.0,0.803,2.0987773594962853,-0.5764886810155694,2026-10-01
GNA.NS,G N A Axles Limited,Auto,Auto Components,18.841661,15.694595,0.8887575943396226,2.4827805,0.12285,0.06509,0.080790006,0.36895,0.05511,0.15218,0.074,0.212,0.211,21.719,24929916928.0,0.49,1.829080435150686,0.09203052619685904,2026-10-01
GNFC.NS,Gujarat Narmada Valley Fertilizers & Chemicals Limited,Chemicals,Chemicals & Petrochemicals,8.346084,9.397831,0.030283323657474603,0.9500949,0.08871116377040547,0.07118660182619137,0.12331,0.30416,0.14164,0.14764,0.398,2.756,2.759,0.066,86570106880.0,0.208,0.8088719052212411,0.3527276377201934,2026-10-01
GOACARBON.NS,Goa Carbon Limited,Chemicals,Chemicals & Petrochemicals,-7.864532500487996,,0.11738108209683576,2.1863942,-0.28603858039242197,-0.13032479201492958,-0.08326,0.08464,-0.07771,-0.0434,-0.67,,,99.272,3686958848.0,1.214,-1.6098132875570648,-1.1898639353863336,2026-10-01
GOCLCORP.NS,GOCL Corporation Limited,Chemicals,Chemicals & Petrochemicals,6.4641542,,-0.06684750982419856,0.5546451,0.4842433283374778,0.42810049359286767,31.88698,0.53981996,-1.4266601,-2.90225,0.263,-0.967,-0.967,0.02,17432164352.0,0.792,-0.0220244200356517,8.692596432592714,2026-10-01
GOCOLORS.NS,Go Fashion (India) Limited,Retail,Retailing,29.554111,23.276775,-1.2417693697478993,2.2942953,0.08572600741770253,0.0456734656168556,0.06373,0.63133997,0.118149996,0.3046,0.0,-0.238,-0.259,77.141,15513186304.0,0.19,2.783294635343263,-0.36709066543171187,2026-10-01
GODAVARIB.NS,Godavari Biorefineries Limited,Chemicals,Chemicals & Petrochemicals,4543.5996,,987.7390434782609,1.4754151,0.004475515391497866,0.001719086459523895,0.00011,0.27748,-0.02503,0.06067,0.046,,,67.331,11626158080.0,,48.561621315192745,1.1506765067650677,2026-10-01
GODFRYPHLP.NS,Godfrey Phillips India Limited,Consumer Goods,Cigarettes & Tobacco Products,21.117708,16.500446,0.27,4.6440682,0.24564583319919386,0.1836329987317066,0.22389999,0.43605998,0.12206,0.2343,-0.189,-0.443,-0.443,3.757,288519454720.0,0.32,0.3395410403260684,0.4235235954217699,2026-10-01
GODIGIT.NS,Go Digit General Insurance Limited,Insurance,Insurance,48.086304,29.0553,-1.2788910638297872,5.056623,0.11616814771184922,0.021815659182775428,0.04828,0.14884,0.047399998,0.06751,0.086,-0.376,-0.375,7.469,236949078016.0,0.23,,0.28100437708853016,2026-10-01
GODREJAGRO.NS,Godrej Agrovet Limited,Consumer Goods,Food Products,27.237068,18.569145,-1.6709857668711656,5.98073,0.23265816306444628,0.07662324823060554,0.042630002,0.24784,0.06434,0.079239994,0.096,-0.163,-0.162,72.751,121584762880.0,0.316,2.709865053513262,0.10020478451084427,2026-10-01
GODREJCP.NS,Godrej Consumer Products Limited,Consumer Goods,Personal Products,44.919785,31.001995,1.5,6.7956214,0.1471174706293789,0.08725539735946804,0.12086,0.49717999,0.17186001,0.20385,0.154,0.115,0.115,34.899,859576139776.0,0.341,1.3368251972903136,0.004950601954327053,2026-10-01
GODREJIND.NS,Godrej Industries Limited,Diversified,Diversified,29.198168,,-1.5697939784946235,3.0725744,0.11099459669359521,0.009821734874676347,0.04761,0.40589002,0.081,0.15349,-0.047,-0.186,-0.186,222.411,343453302784.0,0.608,-7.1379974688238095,0.26406692616519595,2026-10-01
GODREJPROP.NS,Godrej Properties Limited,Real Estate,Realty,30.058392,14.483309,-0.7208247482014389,2.5092852,0.09658824548929448,0.02259250110172328,0.30754998,0.42856,-0.6225,-0.09402,0.165,-0.417,-0.417,82.119,480697253888.0,0.467,-1.082769430331856,0.3216752744858525,2026-10-01
GOKEX.NS,Gokaldas Exports Limited,Textiles,Textiles & Apparels,51.902786,16.418354,15.265525294117646,2.334999,0.04634874673399496,0.022996828088651833,0.024600001,0.50887,0.053200003,0.08741,0.207,0.034,0.068,58.934,50469969920.0,-0.039,0.5152479032634987,-0.3684166041696496,2026-10-01
GOKUL.NS,Gokul Refoils & Solvent Limited,Consumer Goods,Food Products,18.497608,,0.3279717730496454,1.0545554,0.05084854902409708,0.02029482644585619,0.00492,0.03314,0.01358,0.00926,0.097,0.564,0.576,106.352,3827146752.0,0.134,1.83055708889394,0.24781037917412296,2026-10-01
GOKULAGRO.NS,Gokul Agro Resources Limited,Consumer Goods,Food Products,14.74386,,0.20620783216783217,4.367439,0.2596100282075492,0.07494818924195654,0.017239999,0.053039998,0.03587,0.030539999,0.073,0.715,0.715,41.405,61997723648.0,-0.097,0.8798061811829088,0.5040696819788562,2026-10-01
GOLDIAM.NS,Goldiam International Limited,Consumer Durables,Consumer Durables,22.375809,,0.2073754309545876,4.2307587,0.15424661824575894,0.12520437401115564,0.19657,0.33071,0.18802999,0.21260001,0.419,1.079,1.201,6.931,46793150464.0,1.03,0.13846509152381822,0.457787910300965,2026-10-01
GOLDTECH.NS,AION-TECH Solutions Limited,IT & Technology,IT - Services,-26.701219512195124,,-0.6592893706714845,0.99595165,0.026221259667351504,0.01793141095482806,-0.010729999,0.3417,-0.06151,0.06829,0.405,,,30.784,2293424128.0,0.469,-1.777292576419214,-0.1905675621086649,2026-10-01
GOODLUCK.NS,Goodluck India Limited,Metals & Mining,Ferrous Metals,24.574312,15.491729,0.47624635658914727,3.011525,0.1224548092871769,0.059935798888692576,0.04642,0.31044,0.09222999,0.104770005,0.309,0.516,0.595,73.233,49792950272.0,0.576,1.096735535130475,0.10231959432004593,2026-10-01
GOPAL.NS,Gopal Snacks Limited,Consumer Goods,Food Products,37.74074,24.436451,0.09094154216867469,6.638955,0.1538286420815415,0.1030534190934187,0.052210003,0.27155,0.049390003,0.072270006,0.311,4.15,4.09,32.169,31758870528.0,0.799,0.6305106377201201,2.876881777029161,2026-10-01
GPIL.NS,Godawari Power & Ispat Limited,Metals & Mining,Ferrous Metals,17.239807,9.585333,-28.733011666666666,2.280774,0.13786587109615972,0.1097492315947873,0.13887,0.47529,0.16206,0.21735,0.323,-0.006,0.027,7.582,140344868864.0,0.721,1.4454026609406792,-0.013454524173999822,2026-10-01
GPPL.NS,Gujarat Pipavav Port Limited,Infrastructure,Transport Services,14.349481,14.332954,0.34411225419664276,3.405531,0.21569198833207937,0.17037614942262638,0.45058998,0.75924003,0.5503,0.63149,0.325,0.417,0.418,1.544,80223854592.0,0.461,0.9905777760523328,0.29798486253325807,2026-10-01
GPTHEALTH.NS,GPT Healthcare Limited,Pharma & Healthcare,Healthcare Services,26.296875,15.147,0.40519067796610164,4.6130657,0.15670420297816115,0.09084596777351693,0.096149996,0.59795,0.13709,0.16687,0.178,0.649,0.657,33.842,12428844032.0,0.311,1.9223126206463685,-0.15426557989812045,2026-10-01
GPTINFRA.NS,GPT Infraprojects Limited,Infrastructure,Construction,15.232349,,3.1734060416666665,2.4886746,0.16143713119212771,0.07129546367997355,0.07697,0.36551997,0.12538,0.14204,-0.034,0.048,0.049,49.76,14994423808.0,-0.029,0.6603911631209609,0.21539860344231113,2026-10-01
GRANULES.NS,Granules India Limited,Pharma & Healthcare,Pharmaceuticals & Biotechnology,30.52563,20.691544,1.0,4.0044737,0.1170150609784277,0.07707575826268305,0.1176,0.62004,0.17556,0.22511,0.22,0.534,0.598,29.735,224156827648.0,0.134,1.3331462250912152,0.18644469967059873,2026-10-01
GRAPHITE.NS,Graphite India Limited,Capital Goods,Electrical Equipment,71.86015,15.146427,2.530286971830986,2.6214964,0.029924646487058483,0.023131125632105204,0.07044,0.51773,0.14371,0.09994,0.266,0.284,0.284,6.295,153594527744.0,0.972,0.4707694062624765,-0.6205881716474433,2026-10-01
GRASIM.NS,Grasim Industries Limited,Cement & Materials,Other Construction Materials,35.303932,19.612396,0.6881858089668617,1.9416126,0.0479992639406699,0.008719937208473935,0.03093,0.56365,0.18809,0.20579,0.214,0.513,0.513,135.044,2009092980736.0,0.365,-3.5859602777017123,0.3402344508970014,2026-10-01
GRAVITA.NS,Gravita India Limited,Capital Goods,Industrial Products,26.236998,18.49054,1.8740712857142854,4.19494,0.1545094488156859,0.11085909948931064,0.083380006,0.19192,0.09678,0.11387,0.418,0.14,0.141,29.934,102889422848.0,0.475,0.44691129883843717,0.21258683056435865,2026-10-01
GREAVESCOT.NS,Greaves Cotton Limited,Capital Goods,Industrial Manufacturing,53.297173,25.974712,0.14,3.6787183,0.07488537239991054,0.03702398230700118,0.02723,0.31500998,0.028870001,0.06013,0.307,-0.324,-0.221,26.051,52642365440.0,0.535,0.30408810901624045,0.8345890410958904,2026-10-01
GREENLAM.NS,Greenlam Industries Limited,Consumer Durables,Consumer Durables,58.84848,22.96989,3.233432967032967,4.6219087,0.04770869373494793,0.018727489397964144,0.02932,0.52257997,0.05579,0.109560005,0.182,,,98.417,54504648704.0,0.417,5.196942765730537,-0.19271057540536662,2026-10-01
GREENPANEL.NS,Greenpanel Industries Limited,Cement & Materials,"Paper, Forest & Jute Products",288.34543,14.26169,43.688701515151514,1.4343079,-0.02148263503350047,-0.014229879894748582,0.0043099998,0.49178,0.015470001,0.101,0.066,,,27.299,19447478272.0,0.434,-3.816453697155295,-1.4039418157814083,2026-10-01
GREENPLY.NS,Greenply Industries Limited,Cement & Materials,"Paper, Forest & Jute Products",38.345963,18.146826,1.19831134375,4.204799,0.10005437895898601,0.04564096974889866,0.03445,0.40623,0.08396,0.10045,0.207,0.32,0.32,57.505,37932752896.0,0.687,2.7574280870037238,-0.02292100693970781,2026-10-01
GREENPOWER.NS,Orient Green Power Company Limited,Power & Utilities,Power,16.240742,,-0.8120371000000001,0.89280266,0.0602202608763571,0.040067443109312116,0.22264,0.80046,0.39838,0.59241,-0.068,-0.2,-0.19,45.393,10287488000.0,0.781,2.8041504539559012,0.7879412522545736,2026-10-01
GRINDWELL.NS,Grindwell Norton Limited,Cement & Materials,Other Construction Materials,50.08365,38.41478,2.245903587443946,8.630473,0.16398329966006914,0.1209058238886627,0.13763,0.53389,0.16244,0.18778,0.142,0.223,0.223,2.381,218760577024.0,0.51,1.3043082658577942,0.12729261911367745,2026-10-01
GRINFRA.NS,G R Infraprojects Limited,Infrastructure,Construction,7.5228486,8.124014,0.16213035775862067,0.8151602,0.09625534822773543,0.05625834762253516,0.11047,0.32562,0.15149,0.18591999,0.401,0.464,0.464,51.877,76460171264.0,0.604,-3.114036640322431,-0.10991845302481743,2026-10-01
GRMOVER.NS,GRM Overseas Limited,Consumer Goods,Food Products,15.795133,,-0.3541509641255605,1.190236,0.1214175248649788,0.06296219039697282,0.041729998,0.15516,0.08101,0.05449,0.305,-0.446,0.102,60.709,16159883264.0,-0.004,-0.7337140072201178,0.20546541333034082,2026-10-01
GROBTEA.NS,The Grob Tea Company Limited,Consumer Goods,Agricultural Food & other Products,13.310606,,0.09413441301272985,1.1002167,0.061980657173395855,0.035240466376855635,0.06422,0.95504,0.13249,0.10463,0.28,1.414,1.414,56.997,1021106880.0,0.245,0.5671024268131563,-0.4279804699541581,2026-10-01
GROWW.NS,Billionbrains Garage Ventures Limited,Financial Services,Capital Markets,45.713196,28.572832,0.5334095215869312,11.536638,0.21582461737237932,0.11234607899509641,0.45354,1.0,0.64422995,0.0,0.652,0.857,0.943,3.028,1115164901376.0,,-0.009891022563610177,,2026-10-01
GRPLTD.NS,GRP Limited,Auto,Auto Components,178.9424,12.873642,1.279073624017155,5.6663914,0.01805545588288062,0.006973700935983963,0.009980001,0.47367,0.07594,0.08881,0.267,1.399,1.402,116.333,10106663936.0,0.003,9.19326791702894,-0.8951061023077048,2026-10-01
GRSE.NS,Garden Reach Shipbuilders & Engineers Limited,Aerospace & Defense,Aerospace & Defense,30.236324,23.76473,0.6887545330296128,9.208081,0.28480617696727323,0.07032035980330122,0.10665,0.18496001,0.0748,0.11101,0.385,0.439,0.438,1.424,241830739968.0,0.676,-0.38736204672495345,0.41814374488769324,2026-10-01
GRWRHITECH.NS,Garware Hi-Tech Films Limited,Chemicals,Chemicals & Petrochemicals,41.477512,38.01043,0.6936038795986622,6.0570993,0.1273379615685802,0.11232436345763636,0.17176001,0.49443,0.25145,0.22044,0.279,0.598,0.598,0.59,160895942656.0,0.744,0.8140318718032108,0.021164180906950065,2026-10-01
GSFC.NS,Gujarat State Fertilizers & Chemicals Limited,Chemicals,Fertilizers & Agrochemicals,8.447384,8.394285,0.586623888888889,0.47995085,0.05484711970690811,0.04675476300509745,0.05612,0.21955,0.04986,0.067,0.64,0.144,0.144,0.217,58536345600.0,0.25,0.20235441005975208,0.13826007511927724,2026-10-01
GSLSU.NS,Global Surfaces Limited,Cement & Materials,Other Construction Materials,-4.255681818181818,,0.34882637853949333,0.4690117,-0.11245389567672646,-0.05627623961974514,-0.13316,0.49925,0.05862,-0.046680003,-0.122,,,78.906,1269759232.0,0.496,-0.9028526357302484,-0.06633958296828456,2026-10-01
GSPL.NS,Gujarat State Petronet Limited,Oil & Gas,Gas,14.852548,13.690283,1.5471404166666667,1.3093646,,,0.06461,0.25739,0.10920999,0.15215,-0.109,0.096,0.097,0.876,156286550016.0,0.737,,,2026-10-01
GTL.NS,GTL Limited,Telecom,Telecom - Services,0.12066525,,6.129184233250368e-05,-0.019698003,-0.10696540251117322,4.401178603807797,3.8882902,0.57631,0.05138,0.34800997,0.077,19.687,19.651,,1072764096.0,0.464,0.2851992996189103,70.51551312649164,2026-10-01
GTLINFRA.NS,GTL Infrastructure Limited,Telecom,Telecom - Equipment & Accessories,1.2891567,,-0.5859803181818182,-0.26729956,-0.14942579429073274,0.24934006124231672,0.79213995,0.35474,0.13892001,0.31787002,-0.022,,,,13706071040.0,0.636,0.6870235864794806,1.8904302119636633,2026-10-01
GTPL.NS,GTPL Hathway Limited,Media,Entertainment,82.67164,4.7020373,-1.0639850707850707,0.54157907,0.01374487707599462,0.004810186017672152,0.00195,0.25674,0.0078100003,0.11514,0.124,-0.777,-0.78,39.615,6229327872.0,0.293,22.856181772023355,-0.6710097719869706,2026-10-01
GUFICBIO.NS,Gufic Biosciences Limited,Pharma & Healthcare,Pharmaceuticals & Biotechnology,57.08049,,0.8062216101694916,6.3099475,0.09657093744853924,0.04783666846944294,0.07487,0.54766,0.14915,0.16307,0.166,0.708,0.707,60.866,41958199296.0,-0.038,0.7029449643150244,-0.07803203464197928,2026-10-01
GUJALKALI.NS,Gujarat Alkalies and Chemicals Limited,Chemicals,Chemicals & Petrochemicals,66.76991,6.969977,5.299199206349206,0.85386413,-0.0004649105250961429,-0.00032038175305306897,0.01475,0.33665,0.09523,0.114630006,0.126,,,16.279,44326526976.0,-0.141,-168.41615215679775,0.9629399280697066,2026-10-01
GUJAPOLLO.NS,Gujarat Apollo Industries Limited,Capital Goods,Industrial Manufacturing,73.16441,,-2.066791242937853,0.8367463,0.010170967887009233,0.009135605919540973,0.09342,0.26158002,-0.48700002,-0.22627,-0.1,-0.354,-0.241,8.058,4213304576.0,-0.084,-7.520421224109844,2.50608553749915,2026-10-01
GUJGASLTD.NS,GUJGASLTD.NS,Oil & Gas,Gas,,,,,,,,,,,,,,,,,,,2026-10-01
GUJTHEM.NS,Gujarat Themis Biosyn Limited,Pharma & Healthcare,Pharmaceuticals & Biotechnology,85.60538,,3.738226200873362,14.457192,0.16221933100228725,0.09272751976157001,0.28023002,0.66936994,0.38412,0.47577,0.221,0.229,0.221,56.23,49691918336.0,0.505,1.0448957295716719,-0.042856820656241225,2026-10-01
GULFOILLUB.NS,Gulf Oil Lubricants India Limited,Chemicals,Chemicals & Petrochemicals,14.538441,10.457329,0.5192300357142857,3.5141757,0.22627651563500867,0.11530281706888278,0.08585,0.42169,0.11022,0.12755,0.306,0.28,0.284,35.781,54164193280.0,0.606,1.0058026511775884,-0.0339501438372305,2026-10-01
GULPOLY.NS,Gulshan Polyols Limited,Chemicals,Chemicals & Petrochemicals,6.8393235,,0.02230699119373777,1.4036899,0.14910980859639303,0.08214337407995054,0.062529996,0.36051998,0.11627,0.11869001,0.079,3.066,3.072,43.497,10058168320.0,0.381,1.936117491252647,3.3226799423893882,2026-10-01
GVPTECH.NS,GVP Infotech Limited,IT & Technology,IT - Services,-1.4650283553875236,,-0.02382159927459388,1.5894176,-1.1104838222961597,-0.7547632386404559,0.0,-0.20316,-49.024017,0.0,-0.992,0.615,0.745,18.926,1426260352.0,-0.265,0.1745513714831544,-33.527209492015835,2026-10-01
GVT&D.NS,GE Vernova T&D India Limited,Capital Goods,Industrial Manufacturing,83.674995,52.98825,3.3876516194331985,40.47506,0.45840782963918386,0.15934636013246453,0.19442,0.43567002,0.24438,0.26203,0.38,0.247,0.247,0.892,1089017151488.0,0.62,1.3864828704642205,1.027271382308944,2026-10-01
HAL.NS,Hindustan Aeronautics Limited,Aerospace & Defense,Aerospace & Defense,32.965534,26.64076,2.212451946308725,7.4974413,0.22210894829380876,0.0688413565302736,0.27591,0.51704,0.15674,0.23673001,0.144,0.149,0.149,0.16,3077033689088.0,0.499,1.1964522357277634,0.08984437114200759,2026-10-01
HALDER.NS,Halder Venture Limited,Consumer Goods,Agricultural Food & other Products,11.061311,,0.857465968992248,1.6215972,0.1609895188531799,0.04730284692084776,0.04368,0.14661,0.06882,0.066939995,0.813,0.129,1.116,197.405,2894727168.0,-0.327,0.5348836400077944,0.3644020319992404,2026-10-01
HALEOSLABS.NS,Haleos Labs Limited,Pharma & Healthcare,Pharmaceuticals & Biotechnology,28.516747,,-0.7834271153846154,2.1111364,0.0810685008227666,0.03809788727497115,0.04874,0.39521998,0.06685,0.12938,-0.116,-0.364,-0.363,48.153,4504697856.0,0.312,2.1501559611829943,-0.13909194887861157,2026-10-01
HAPPSTMNDS.NS,Happiest Minds Technologies Limited,IT & Technology,IT - Services,20.615698,14.059986,1.1327306593406592,2.583758,0.13317999,0.05865201331821655,0.0932,0.32882,0.1511,0.16268,0.143,0.182,0.183,98.705,45784813568.0,0.063,1.2294704167058603,0.15141340842629697,2026-10-01
HAPPYFORGE.NS,Happy Forgings Limited,Capital Goods,Industrial Products,57.693638,39.740185,1.4755406138107416,8.883421,0.1417343906020558,0.11456533646570541,0.19940001,0.5776,0.25503,0.30961,0.27,0.391,0.392,15.489,189151559680.0,0.828,1.474222429246573,0.12785175385689976,2026-10-01
HARIOMPIPE.NS,Hariom Pipe Industries Limited,Metals & Mining,Ferrous Metals,14.97072,,-0.5040646464646464,1.5918593,0.11709862895809044,0.062061261023756115,0.04202,0.17593001,0.08031,0.124989994,-0.069,-0.297,-0.297,62.241,10291978240.0,0.682,2.5368773098676756,0.22651394874121117,2026-10-01
HARRMALAYA.NS,Harrisons Malayalam Limited,Consumer Goods,Agricultural Food & other Products,12.230769,,-0.35867357771261,1.8517334,0.1630912292193269,0.05804403732387252,0.0495,0.62673,0.03261,0.040799998,0.073,-0.341,-0.34,62.145,3315882496.0,0.459,0.8708275549575032,0.9567693919772159,2026-10-01
HARSHA.NS,Harsha Engineers International Limited,Capital Goods,Industrial Products,27.944641,19.812107,-19.960457857142856,3.0820293,0.11072348379456227,0.07508902306858647,0.08997,0.4667,0.11733,0.14597,0.252,-0.014,-0.014,26.551,43200425984.0,0.592,0.44130154639175256,0.7377673272869779,2026-10-01
HATHWAY.NS,Hathway Cable and Datacom Limited,Media,Entertainment,22.190475,20.711111,-0.999570945945946,0.39414698,0.01843407762424134,0.015882725244869132,0.03469,0.45623,4.0000003e-05,0.15010001,0.065,-0.222,-0.21,0.212,16497373184.0,0.483,2.4124650710727735,-0.11025835044860015,2026-10-01
HATSUN.NS,Hatsun Agro Product Limited,Consumer Goods,Food Products,70.144295,40.956043,-58.45357916666667,12.834168,0.1831814535206632,0.0801798983007354,0.03391,0.29389,0.06453,0.11481,0.193,-0.012,-0.011,94.535,249054838784.0,-0.117,4.369848399775407,0.27757254043972596,2026-10-01
HAVELLS.NS,Havells India Limited,Capital Goods,Electrical Equipment,39.98462,31.877865,0.2,6.8991594,0.17879174699935593,0.11464338391116385,0.06923,0.32028,0.05302,0.087460004,0.195,-0.166,-0.165,2.801,652664111104.0,0.296,0.9298634771909899,0.14827544047926317,2026-10-01
HAVISHA.NS,Sri Havisha Hospitality and Infrastructure Limited,Hospitality,Leisure Services,-7.9411764705882355,,-2.406417112299465,1.7509727,-0.24574584341581454,-0.0670448465230435,-0.37324002,0.38454,-0.19739,0.037100002,0.033,,,237.227,409511424.0,0.83,-0.0972961168903359,-0.1808336068263866,2026-10-01
HBLENGINE.NS,HBL Engineering Limited,Capital Goods,Electrical Equipment,27.636522,,-1.1760222127659574,9.671635,0.3680224365922393,0.2770161166956185,0.23381001,0.57153,0.21051,0.31829,0.06,-0.235,-0.239,3.021,216031870976.0,0.066,0.90618365668986,1.9426910299003322,2026-10-01
HCC.NS,Hindustan Construction Company Limited,Infrastructure,Construction,29.31884,29.749998,-0.9644355263157895,2.4910724,0.07781376784681707,0.019491790884832154,0.04284,0.35546002,0.09932999,0.124350004,-0.09,-0.304,0.007,47.912,52991836160.0,0.688,5.389076848719188,0.46959069519666163,2026-10-01
HCG.NS,HealthCare Global Enterprises Limited,Pharma & Healthcare,Healthcare Services,437.09152,43.78069,2.562083939038687,7.2633376,0.010326809162368522,0.003506665340991656,0.008669999,0.3651,0.07458,0.18842,0.134,1.706,1.899,123.057,99845849088.0,-0.026,25.233515085423484,-0.6902724611573969,2026-10-01
HCL-INSYS.NS,HCL Infosystems Limited,IT & Technology,IT - Hardware,-7.32846715328467,,0.18094980625394247,-1.1146885,0.1109852259105462,-0.07476481604940936,-2.40352,0.03945,-3.30383,0.0,-0.405,,,,3305267712.0,0.787,0.011684819760288019,-0.5592490478085385,2026-10-01
HCLTECH.NS,HCL Technologies Limited,IT & Technology,IT - Services,19.359913,15.519085,2.39,4.5571666,0.24067,0.13305001,0.12966,0.34004003,0.16877002,0.18917999,0.03,0.084,0.084,7.058,3363538468864.0,0.001,1.1148825026879998,-0.04301322599194939,2026-10-01
HDBFS.NS,HDB Financial Services Limited,Financial Services,Finance,18.492373,13.063089,0.5672507055214724,2.484068,0.12310413495902303,0.02057258028775717,0.29786,0.99791,0.42416,0.0,0.21,0.326,0.383,484.313,512150634496.0,,-3.3829147387993697,0.16908250303319974,2026-10-01
HDFCAMC.NS,HDFC Asset Management Company Limited,Financial Services,Capital Markets,33.62127,26.361881,2.849260169491526,10.71427,0.30969225384696236,0.2860508595357626,0.61625,0.88846,0.80197996,0.80421996,0.134,0.118,0.12,2.364,990344380416.0,0.55,0.8844495916810704,0.161723281535166,2026-10-01
HDFCBANK.NS,HDFC Bank Limited,Banking,Banks,15.753605,11.520767,0.89,1.8313261,0.13838,0.0175,0.26787,0.0,0.33291999,0.0,0.166,0.181,0.184,,11119805595648.0,0.404,1.5870748789645306,0.046450949453778076,2026-10-01
HDFCLIFE.NS,HDFC Life Insurance Company Limited,Insurance,Insurance,58.25518,45.252357,4.895393277310925,5.9486427,0.10828,0.00377,0.019,0.10196,0.02187,0.02345,0.143,0.119,0.119,15.885,1160308719616.0,0.499,,0.056051954363216666,2026-10-01
HEADSUP.NS,Heads UP Ventures Limited,Retail,Retailing,-4.776119402985074,,,0.92272204,-0.0021264244108304144,-0.0007229840167306485,-0.51479,-0.50746,-0.64652,-0.64612997,,,,,141328688.0,0.562,29.116564417177916,-1.0233892954512842,2026-10-01
HECPROJECT.NS,HEC Infra Projects Limited,Infrastructure,Construction,9.585261,,3.99385875,1.8435322,0.1916996768952739,0.09301601196930319,0.07033,0.14768,0.086610004,0.11347,0.115,0.024,0.027,67.512,1212356608.0,0.088,0.24123537907283085,0.36331476172445504,2026-10-01
HEG.NS,HEG Advanced Materials Ltd,Capital Goods,Electrical Equipment,13.295879,8.12977,0.791421369047619,1.0078969,0.07174739035014895,0.05536518957751014,0.13612,0.59701,0.14834,0.21847999,0.104,0.168,0.167,16.73,47954919424.0,0.688,0.6245364975413644,1.9669898153411314,2026-10-01
HEIDELBERG.NS,HeidelbergCement India Limited,Cement & Materials,Other Construction Materials,25.452242,15.420137,-0.6954164480874316,2.1514964,0.09765644932026096,0.05494514508356403,0.04927,0.52765,0.060229998,0.111899994,0.051,-0.366,-0.367,1.037,29591252992.0,0.393,1.4785399716354408,0.2549882903981265,2026-10-01
HEMIPROP.NS,Hemisphere Properties India Limited,Real Estate,Realty,-271.95121951219517,,7.00905204928338,7.3860626,-0.025869950015182896,-0.009648832910104207,0.0,1.0,-11.36301,0.0,-0.388,,,20.144,31791407104.0,0.273,13.496466163403179,-0.4923322471237614,2026-10-01
HERANBA.NS,Heranba Industries Limited,Chemicals,Fertilizers & Agrochemicals,-9.13103448275862,,-0.5601861645864183,0.9041625,-0.10032689606280605,-0.038788924701164886,-0.0494,0.33526,0.070879996,0.063590005,-0.153,0.163,0.17,74.833,6887117824.0,0.506,1.2555613713687517,-25.892508143322477,2026-10-01
HERITGFOOD.NS,Heritage Foods Limited,Consumer Goods,Food Products,27.690722,19.370193,-0.7325587830687832,3.388647,0.13607825827660308,0.0770015068165756,0.028469998,0.22336,0.02638,0.05228,0.177,-0.378,-0.384,32.621,37387509760.0,0.348,1.5797333120196086,-0.2025812619502868,2026-10-01
HEROMOTOCO.NS,Hero MotoCorp Limited,Auto,Automobiles,18.979763,15.87117,-1.1034745930232557,4.784853,0.2656831946783125,0.17163783133084762,0.10724,0.31653,0.116280004,0.14047,0.349,-0.172,-0.172,3.57,1034329718784.0,0.468,1.4481036203374245,0.31135234145182805,2026-10-01
HESTERBIO.NS,Hester Biosciences Limited,Pharma & Healthcare,Pharmaceuticals & Biotechnology,13.390418,,0.029153969083387764,5.022387,0.1544519549738365,0.08207056366261961,0.41612,0.74859,0.20368,0.24203,-0.082,4.593,4.898,52.964,,0.408,1.1528064846600405,1.024119615832363,2026-10-01
HEXATRADEX.NS,Hexa Tradex Limited,Financial Services,Finance,-123.968,,,0.18547712,-0.0018892593593725368,-0.0016388037700361328,-1.50243,1.0,-54.823532,0.60722,,,,0.187,8560719872.0,0.048,0.41672496244222984,0.6504643826336528,2026-10-01
HEXT.NS,Hexaware Technologies Limited,IT & Technology,IT - Services,22.487392,17.595675,-1.79899136,4.456003,0.21473,0.11841,0.09318,0.40672,0.13739,0.16155,0.179,-0.125,-0.132,10.18,299072487424.0,,1.2469484632912469,0.1638898333900034,2026-10-01
HFCL.NS,HFCL Limited,Telecom,Telecom - Equipment & Accessories,62.072918,45.838463,0.5177057381150959,7.1896963,0.0637407350610847,0.03515502538460324,0.09554,0.37623,0.18948999,0.19203,1.199,,,38.321,364753649664.0,0.962,-1.2129659331494194,0.757172650921594,2026-10-01
HGINFRA.NS,H.G. Infra Engineering Limited,Infrastructure,Construction,14.656196,6.639785,-0.57028,0.8381405,0.10118508168588919,0.03030632718540937,0.03841,0.32666,0.23511,0.21625,-0.257,,,153.264,27365349376.0,0.405,0.7558585828011017,-0.3464050994527822,2026-10-01
HGM.NS,Handson Global Management (HGM) Limited,IT & Technology,IT - Services,-7.432780847145488,,0.36081460423036354,2.492435,-0.14978468359769675,-0.041880142622051565,-0.12077,0.14929,-0.15642999,-0.015700001,-0.206,,,115.257,508333088.0,0.446,-0.48966894790268184,-1.7241706385905007,2026-10-01
HGS.NS,Hinduja Global Solutions Limited,Capital Goods,Commercial Services & Supplies,-12.749218478638417,3.4071288,21.248697464397363,0.20555079,0.003870618649672338,0.0027837231324019667,-0.0101,0.39345002,-0.15045999,0.026010001,-0.006,,,23.327,17075269632.0,0.308,12.818577197887542,-0.7348653323449469,2026-10-01
HIKAL.NS,Hikal Limited,Pharma & Healthcare,Pharmaceuticals & Biotechnology,-79.32363636363635,24.237778,-13.444684129429891,2.2436385,-0.04070737404070737,-0.0206307601251374,-0.01948,0.56340003,-0.014149999,0.13641,0.059,,,57.04,26896826368.0,0.583,-6.188524590163935,-1.5374449339207048,2026-10-01
HIMATSEIDE.NS,Himatsingka Seide Limited,Textiles,Textiles & Apparels,14.383409,2.452217,-0.26635942592592593,0.38473997,0.028944205588368,0.010500523027283203,0.02261,0.44419,0.0949,0.13949001,-0.054,-0.54,-0.542,123.113,8066368000.0,0.351,3.2943857434972137,-0.18514393025803422,2026-10-01
HINDALCO.NS,Hindalco Industries Limited,Metals & Mining,Non - Ferrous Metals,12.772579,8.474311,0.17007428761651133,1.5307565,0.09804294824392494,0.03850256616685116,0.05549,0.31314,0.13668999,0.14022,0.321,0.751,0.752,72.598,2090753589248.0,0.925,0.7654394742737659,-0.1631148053246672,2026-10-01
HINDCOMPOS.NS,Hindustan Composites Limited,Auto,Auto Components,17.869545,,1.0896064024390242,0.4911685,0.02716111621786239,0.02460258057291161,0.08498,0.51798,0.0788,0.14536999,-0.77,0.164,0.164,0.147,5624034816.0,0.352,0.6792881642519842,-0.11112285804904949,2026-10-01
HINDCOPPER.NS,Hindustan Copper Limited,Metals & Mining,Non - Ferrous Metals,39.26508,22.326086,0.24252674490426188,13.384014,0.27483244985164534,0.20801881733287533,0.32494,0.91080004,0.48891997,0.50195,0.814,1.619,1.625,3.319,446910136320.0,1.512,1.6042407150801399,0.974869064921439,2026-10-01
HINDOILEXP.NS,Hindustan Oil Exploration Company Limited,Oil & Gas,Oil,88.52381,,-1.0317460372960372,1.590868,0.045313035424448846,0.028904315403560955,0.08406,0.46145,-0.11096,0.28375998,0.452,-0.858,-0.858,3.594,22125623296.0,0.475,2.8342903771278487,-0.5737634648187561,2026-10-01
HINDPETRO.NS,Hindustan Petroleum Corporation Limited,Oil & Gas,Petroleum Products,43.949043,6.066815,1.6337934200743494,1.1199808,0.2752891720864505,0.08888375468702503,0.00356,0.06473,-0.12848,0.020299999,0.269,,,85.369,734098751488.0,0.896,2.0009364494381026,1.67928945766587,2026-10-01
HINDUNILVR.NS,Hindustan Unilever Limited,Consumer Goods,Personal Products,40.709538,34.523975,3.69,8.850923,0.30858878082810126,0.18858461229812418,0.22644,0.50369,0.20725,0.22479,0.05,0.084,-0.03,3.016,4313849528320.0,0.321,0.7313164893617021,0.4123391867781012,2026-10-01
HINDWAREAP.NS,Hindware Home Innovation Limited,Consumer Durables,Consumer Durables,-233.6027397260274,11.03754,-14.78498352696376,1.9357291,-0.053851630059824136,-0.016185344874174463,-0.00239,0.44419,0.032279998,0.07138,0.158,,,129.331,14264213504.0,0.406,-6.499973540240255,0.41890017909101424,2026-10-01
HINDZINC.NS,Hindustan Zinc Limited,Metals & Mining,Minerals & Mining,13.735461,12.402908,0.09498935684647304,10.363918,0.6112510495382032,0.32645739910313903,0.38068,0.75795,0.54707,0.58674,0.717,1.446,1.448,39.034,2345263169536.0,0.673,1.2296124927703875,0.33603786342123054,2026-10-01
HIRECT.NS,Hirect Limited,Capital Goods,Electrical Equipment,93.26141,,-3.49293670411985,18.51736,0.21579118961317914,0.06798082979266512,0.03995,0.26436,0.03293,0.06388,0.203,-0.267,-0.262,118.871,38627524608.0,0.296,1.9065943832207608,0.2127286934497346,2026-10-01
HISARMETAL.NS,Hisar Metal Industries Limited,Metals & Mining,Ferrous Metals,16.657597,,0.050956246558580595,1.2069135,0.051486952936863256,0.02067765524126171,0.018029999,0.11721,0.05868,0.055999998,0.037,3.269,3.286,131.663,793368000.0,0.665,3.125897473777515,0.06511203423967775,2026-10-01
HITECH.NS,Hi-Tech Pipes Limited,Metals & Mining,Ferrous Metals,19.198925,12.640707,-3.999776041666667,1.0590626,0.05711393825915819,0.03763584407141256,0.01561,0.06613,0.02944,0.037720002,0.785,-0.048,-0.042,20.061,14477564928.0,0.759,0.04364861050019367,0.04402247594555656,2026-10-01
HLEGLAS.NS,HLE Glascoat Limited,Capital Goods,Industrial Manufacturing,84.52199,,-0.997898347107438,5.682096,0.092567876854107,0.035767932127909755,0.02612,0.42791,0.036679998,0.09115,0.059,-0.847,-0.812,56.224,30702465024.0,0.443,3.2620482719968598,-0.09896029883888187,2026-10-01
HLVLTD.NS,HLV Limited,Hospitality,Leisure Services,90.14285,,6.1741678082191775,0.88623595,0.0044156441906647945,0.003237746214807081,0.02306,0.63507,-0.07305,0.09166,0.146,,,7.492,4159929856.0,0.506,17.547093610269723,-0.9203856886394868,2026-10-01
HMAAGRO.NS,HMA Agro Industries Limited,Consumer Goods,Food Products,5.4836445,,0.0011078069696969697,1.2419302,0.17513002494735758,0.0682834701276655,0.02716,0.11737,0.00118,0.020539999,0.861,49.5,61.973,88.318,11753065472.0,0.442,-0.5131555787544231,0.89858262272413,2026-10-01
HMVL.NS,Hindustan Media Ventures Limited,Media,Printing & Publication,3.343696,2.6340137,0.00835924,0.35940874,0.03067299151437265,0.01974628717890485,0.116059996,0.52349997,0.1242,0.1724,0.078,4.0,3.997,5.347,5705125376.0,0.327,1.4869583076607107,-0.3740035998971458,2026-10-01
HNDFDS.NS,Hindustan Foods Limited,Diversified,Diversified,43.662613,26.663572,1.3994427243589744,5.974277,0.12791396298966595,0.046957661538073736,0.03599,0.16348,0.061739996,0.086289994,0.207,0.312,0.348,93.406,69704146944.0,0.332,0.6711400389183386,0.29298976227659207,2026-10-01
HOMEFIRST.NS,Home First Finance Company India Limited,Financial Services,Finance,20.33785,14.304059,0.6296547987616098,2.6957643,0.12403951852605934,0.035629950618921734,0.51428,0.99942,0.66038,0.0,0.297,0.323,0.345,243.944,117706727424.0,0.57,-3.5896466025022993,0.41436341174869395,2026-10-01
HONASA.NS,Honasa Consumer Limited,Consumer Goods,Personal Products,56.081257,40.505146,0.47127106722689077,9.845382,0.14161895156149512,0.09555344005765369,0.09749,0.69754,0.13189,0.10487001,0.27,1.19,1.184,9.586,139505762304.0,0.617,0.7069244042111581,1.7507669872191727,2026-10-01
HONAUT.NS,Honeywell Automation India Limited,Capital Goods,Electrical Equipment,53.779163,40.320446,2.573165693779904,6.631092,0.11764178636251596,0.08428319152351903,0.117180005,0.38952,0.13202,0.131,0.018,0.209,0.209,2.476,296121106432.0,0.499,0.9382857142857143,0.00267379679144385,2026-10-01
HONDAPOWER.NS,Honda India Power Products Limited,Capital Goods,Industrial Manufacturing,29.08264,,1.7107435294117648,2.3816016,0.07996315520868343,0.0622589211296544,0.073189996,0.41546002,0.040900003,0.09698,0.222,0.17,0.171,0.123,19132874752.0,0.755,-0.1660958904109589,-0.1963972979734801,2026-10-01
HPAL.NS,HP Adhesives Limited,Chemicals,Chemicals & Petrochemicals,169.05,,-41.231707317073166,1.6434162,0.03716204879696056,0.03005857048383657,0.0076099997,0.37679002,-0.02544,0.028010001,-0.041,,,2.255,3106285056.0,0.533,1.0147054607997708,-0.6175645157753952,2026-10-01
HPIL.NS,Hindprakash Industries Limited,Chemicals,Chemicals & Petrochemicals,37.398693,,0.05100053593345152,2.3966994,0.0504567267062031,0.030062250224667814,0.03148,0.09927,-0.10776,-0.02033,-0.119,7.333,7.803,60.183,1307375232.0,0.334,-3.3502767258957182,0.670254819680107,2026-10-01
HPL.NS,HPL Electric & Power Limited,Capital Goods,Electrical Equipment,18.843441,14.1375675,18.843441,1.71761,0.09099378323092028,0.037947990391146776,0.04696,0.34096,0.087519996,0.14712,0.345,0.01,0.013,75.317,17181091840.0,0.731,2.48842238039463,-0.029407279354756833,2026-10-01
HSCL.NS,Himadri Speciality Chemical Limited,Chemicals,Chemicals & Petrochemicals,41.75455,32.288837,1.6904676113360324,7.1302233,0.15963190384260406,0.11913905547225198,0.16066,0.36823002,0.2038,0.21452999,0.28,0.247,0.263,16.169,335617523712.0,0.234,0.5084357640940788,0.3522162806568933,2026-10-01
HTMEDIA.NS,HT Media Limited,Media,Printing & Publication,11.134328,2.02168,0.19,0.31759995,-0.033509928867812684,-0.013672849303886445,-0.0054400004,0.53828,0.02454,0.09889,0.061,,,38.15,5176942592.0,0.29,-1.8258706467661692,-28.83076923076923,2026-10-01
HUDCO.NS,Housing and Urban Development Corporation Limited,Financial Services,Finance,7.598306,6.730833,0.21771650429799427,1.4711534,0.1835851519899233,0.024181354313359573,0.90679,0.99961,0.90609,0.0,0.098,0.349,0.35,645.775,323386933248.0,0.818,-8.405827923566752,0.48916999490613255,2026-10-01
HUHTAMAKI.NS,Huhtamaki India Limited,Capital Goods,Industrial Products,12.885936,8.555882,0.1706746490066225,1.3030891,0.1058,0.0481,0.05223,0.32696998,0.081140004,0.08324,0.225,0.755,0.753,10.717,17575464960.0,-0.206,1.2757331143695014,0.3431851767648062,2026-10-01
HYUNDAI.NS,Hyundai Motor India Limited,Auto,Automobiles,33.21845,22.14442,-0.946394586894587,8.218422,0.2713722265950498,0.15787348182309294,0.07004,0.28218,0.05844,0.11174,-0.005,-0.351,-0.351,5.484,1644583190528.0,,1.3478972736913424,-0.03700107832787905,2026-10-01
ICDSLTD.NS,ICDS Limited,Real Estate,Realty,93.0,,,,0.03648019970498128,0.03310157286222163,0.0,0.0,0.0,0.0,,,,,605741568.0,,1.4776324215533803,-0.22077274023381807,2026-10-01
ICEMAKE.NS,Ice Make Refrigeration Limited,Capital Goods,Industrial Manufacturing,81.843834,,1.3550303642384107,7.3979836,0.09166745620327635,0.024207451593238245,0.016280001,0.27647,0.00522,0.06567,0.604,,,119.455,9841033216.0,-0.206,-0.8673836007481052,-0.4724926655762391,2026-10-01
ICICIAMC.NS,ICICI Prudential Asset Management Company Limited,Financial Services,Capital Markets,43.8998,33.38358,1.9004242424242423,36.54849,0.7907277814138479,0.6530716500540553,0.55504,0.82325,0.73660004,0.74677,0.181,0.231,0.231,4.066,1524490960896.0,,0.9949367242121604,0.2443165098503769,2026-10-01
ICICIBANK.NS,ICICI Bank Limited,Banking,Banks,16.943762,13.942553,0.53,2.4710724,0.16073999,0.021070002,0.27531,0.0,0.38509998,0.0,0.114,0.138,0.139,,9408024150016.0,0.26,1.2419898911488276,0.06228801510304038,2026-10-01
ICICIGI.NS,ICICI Lombard General Insurance Company Limited,Insurance,Insurance,32.33347,22.768879,-0.699858658008658,4.5773897,0.1463,0.026500002,0.08764,0.21542,0.07438,0.11679,0.109,-0.462,-0.46,,780897878016.0,0.445,,0.10511145043037289,2026-10-01
ICICIPRULI.NS,ICICI Life Insurance Limited,Insurance,Insurance,38.525364,31.278227,1.3517671578947372,4.763702,0.12571,0.0034400001,0.02555,0.10228,0.0164,0.0275,0.125,0.285,0.283,18.052,650022879232.0,0.47,,0.35627404008367636,2026-10-01
ICIL.NS,Indo Count Industries Limited,Textiles,Textiles & Apparels,58.06937,18.68,0.8667070149253732,3.7305965,0.05378349675988018,0.028201468626405466,0.03437,0.54425,0.08121,0.08518,0.259,0.67,0.673,56.992,87866802176.0,0.358,4.522265429496622,-0.4932917543839298,2026-10-01
ICRA.NS,ICRA Limited,Financial Services,Capital Markets,21.302845,16.552011,0.6595308049535603,3.519784,0.15373007946870001,0.12214233218235511,0.30583,0.47709,0.27269,0.32597,0.312,0.323,0.323,1.553,41564090368.0,0.302,0.866357969429608,0.06767982692711516,2026-10-01
IDBI.NS,IDBI Bank Limited,Banking,Banks,9.985005,17.667347,0.51,1.317656,0.13874,0.02199,0.48589,0.0,0.54237,0.0,0.081,0.053,0.053,,930835464192.0,0.838,1.819958080630649,0.2069649809970476,2026-10-01
IDEA.NS,Vodafone Idea Limited,Telecom,Telecom - Services,3.6217766,-8.53881,0.593733868852459,-3.8303032,-0.9662732815034398,0.1802982706978783,0.82278,0.45202,-0.03766,0.27031,0.061,,,,1369455984640.0,0.446,0.5346434359805511,2.261758691206544,2026-10-01
IDFCFIRSTB.NS,IDFC First Bank Limited,Banking,Banks,31.03861,11.817558,0.26665472508591065,1.4223787,0.052649997,0.0058899997,0.09093001,0.0,0.20751,0.0,0.298,1.164,1.531,,693188952064.0,0.537,4.2324657262070335,0.0806589056261952,2026-10-01
IEX.NS,Indian Energy Exchange Limited,Financial Services,Capital Markets,18.592983,16.911694,1.575676525423729,6.9508758,0.36123013173157,0.20236953904919558,0.66222,1.0,0.83748,0.87982005,0.101,0.118,0.116,0.818,94248050688.0,0.341,0.8779750191308469,0.1485477402730066,2026-10-01
IFBIND.NS,IFB Industries Limited,Consumer Durables,Consumer Durables,29.4272,18.221874,0.4569440993788819,4.749725,0.14430171079347848,0.05780016346382256,0.02735,0.37654,0.03529,0.05051,0.184,0.644,0.646,15.671,47253016576.0,0.332,2.0828921705210366,0.20729963838196955,2026-10-01
IFCI.NS,IFCI Limited,Financial Services,Finance,98.69697,18.505682,-4.934848499999999,1.9255669,0.020220393004752413,0.006807206674201376,0.12699,0.91626,0.24118,0.0,-0.063,-0.2,-0.161,22.723,175507619840.0,0.6,1.5465804168739978,0.057471936389148735,2026-10-01
IGIL.NS,International Gemological Institute Limited,Capital Goods,Commercial Services & Supplies,26.324894,17.614344,0.8226529375,9.059887,0.30310252879825156,0.24345843275877393,0.44739,0.77012,0.56596,0.58283,0.232,0.32,0.31,9.594,134812221440.0,,1.1746097498186243,0.0,2026-10-01
IGL.NS,Indraprastha Gas Limited,Oil & Gas,Gas,15.639648,10.422316,-0.3570695890410959,1.7362808,0.13469756024630491,0.09100230439102767,0.080819994,0.21212,0.03411,0.09711,0.172,-0.438,-0.44,0.848,199906213888.0,0.522,1.2490675133258475,-0.09788328986587183,2026-10-01
IIFL.NS,IIFL Finance Limited,Financial Services,Finance,11.887599,7.7047143,0.06273139313984169,1.7836574,0.11931068767438986,0.018648303417598034,0.24174,0.99682,0.42165002,0.0,0.318,1.895,1.893,447.421,248284037120.0,0.298,-8.41521555876686,3.3847189587348523,2026-10-01
IIFLCAPS.NS,IIFL Capital Services Limited,Financial Services,Capital Markets,19.97688,,4.439306666666667,3.5052133,0.18310526233383959,0.058730924151934885,0.24520001,0.61664003,0.36176,0.0,0.033,0.045,0.05,59.292,108985655296.0,0.764,-1.9053759878007939,-0.2119639833899076,2026-10-01
IKS.NS,Inventurus Knowledge Solutions Limited,IT & Technology,IT - Services,39.70496,25.734272,1.423116845878136,10.6141815,0.25767604670604666,0.16906610095267416,0.22817,0.49585,0.29167998,0.34467998,0.207,0.279,0.278,26.873,298004348928.0,,0.9335226469536584,0.4844987954137255,2026-10-01
IMAGICAA.NS,Imagicaaworld Entertainment Limited,Media,Entertainment,202.8,29.823528,5.9298245614035086,1.6046335,0.0005074788539845223,0.0003627971477668108,0.03446,0.89585996,0.36751997,0.33897,0.199,0.342,0.299,27.313,29879738368.0,0.255,172.7176304211188,-0.9917536246344266,2026-10-01
IMFA.NS,Indian Metals and Ferro Alloys Limited,Metals & Mining,Diversified Metals,12.1094885,9.052308,0.11160818894009215,2.3364365,0.15612764579469515,0.09829191503360338,0.16670999,0.45403,0.26848,0.23324,0.497,1.085,1.084,35.121,63493193728.0,0.42,0.7497171679079853,0.12029995775242923,2026-10-01
INDGN.NS,Indegene Limited,IT & Technology,IT - Services,35.75301,21.774113,-178.76505,4.555223,0.12779176092012617,0.08681254463995844,0.10515001,0.9796,0.122379996,0.15542,0.397,-0.002,-0.002,5.043,142919532544.0,0.745,1.6225380204437796,-0.013769363166953529,2026-10-01
INDHOTEL.NS,The Indian Hotels Company Limited,Hospitality,Leisure Services,47.612732,38.427307,2.3001319806763285,7.8302217,0.15969458232999725,0.102694095377736,0.20868999,0.63007,0.24399,0.33486,0.151,0.207,0.208,18.987,1038662893568.0,-0.162,1.1856811138084227,0.09267714760509334,2026-10-01
INDIACEM.NS,The India Cements Limited,Cement & Materials,Cement & Cement Products,98.71237,17.568453,-197.42474,0.90343374,-0.006642493271144953,-0.005017546011555881,0.020650001,0.35979,0.08218,0.10373,-0.005,,,12.888,137199058944.0,0.22,0.3975396428868825,0.5319360402233331,2026-10-01
INDIAGLYCO.NS,India Glycols Limited,Metals & Mining,Diversified Metals,8.135039,,0.3681013122171946,0.6828887,0.09982404058131222,0.044881822683826046,0.07354,0.357,0.11241999,0.14987999,0.086,0.221,0.322,57.645,20027596800.0,0.247,2.6272703610921915,0.2677814610402967,2026-10-01
INDIAMART.NS,IndiaMART InterMESH Limited,IT & Technology,IT - Services,19.812914,15.574421,1.6649507563025212,4.3897367,0.23146,0.072459996,0.30618998,0.55625,0.33808997,0.32983002,0.114,0.119,0.122,0.974,974492205056.0,0.254,1.4120705344753888,-0.13803572920184928,2026-10-01
INDIANB.NS,Indian Bank,Banking,Banks,8.354224,7.228761,0.17587840000000002,1.2732917,0.16171,0.0134000005,0.36413,0.0,0.48043,0.0,0.103,0.475,0.475,,1068344475648.0,0.285,1.6075726144624018,0.03932079914966696,2026-10-01
INDIASHLTR.NS,India Shelter Finance Corporation Limited,Financial Services,Finance,13.634636,9.289208,0.6114186547085202,2.195485,0.1573255776213347,0.05232949208254897,0.47973,0.99805,0.62151,0.0,0.218,0.223,0.197,195.303,70497558528.0,-0.021,-2.3551732814359547,0.33152214471831043,2026-10-01
INDIGO.NS,InterGlobe Aviation Limited,Infrastructure,Transport Services,-39.68045717965229,21.194593,-1.9939928230981045,27.333818,-0.34311658131428324,-0.017587228432502145,-0.053969998,0.30984,0.01543,0.23723,0.199,,,1112.706,1906227544064.0,0.617,-9.812241314436223,-1.3295354348065689,2026-10-01
INDIGOPNTS.NS,Indigo Paints Limited,Chemicals,Chemicals & Petrochemicals,31.354168,24.365423,0.5148467651888342,4.3509145,0.12571870574774818,0.08906047847342294,0.10977,0.46155,0.12557,0.18697001,0.197,0.609,0.61,1.831,50286333952.0,0.531,1.5342160479530615,0.02339394563586484,2026-10-01
INDUSINDBK.NS,IndusInd Bank Limited,Banking,Banks,52.259872,11.241585,0.72,1.0505311,0.013528217795988853,0.0016366395909360768,0.076469995,0.0,0.27308,0.0,0.01,0.717,0.717,,690984452096.0,0.491,1.1164373580407942,-0.6546976556372645,2026-10-01
INDUSTOWER.NS,Indus Towers Limited,Telecom,Telecom - Services,13.868412,12.319566,23.11402,2.3977032,0.18912001,0.09729,0.21776,0.55942,0.31208,0.45716998,0.046,0.006,0.007,51.79,992247414784.0,0.046,2.1674841765088715,-0.2805964739168521,2026-10-01
INFY.NS,Infosys Limited,IT & Technology,IT - Software,13.31361,12.935927,1.75,4.5422335,0.32,0.15297,0.16370001,0.29676,0.21173,0.2208,0.029,0.053,0.012,9.541,4192105660416.0,0.108,1.2314173702044202,0.049081697276757444,2026-10-01
INGERRAND.NS,Ingersoll-Rand (India) Limited,Capital Goods,Industrial Manufacturing,49.19328,34.743526,2.5227323076923076,21.322258,0.41582129709286847,0.2563034186109044,0.18365999,0.42995998,0.25123,0.25087,0.203,0.195,0.195,1.468,131284992000.0,0.233,1.068859211602472,-0.04296537411446668,2026-10-01
INNOVACAP.NS,Innova Captab Limited,Pharma & Healthcare,Pharmaceuticals & Biotechnology,43.40394,25.755238,1.0260978723404255,6.1275344,0.1291877828220229,0.07669457417331971,0.08805,0.34311,0.13042,0.14656,0.339,0.423,0.423,31.508,66838716416.0,-0.013,0.8268342357557995,0.09869949632771445,2026-10-01
INOXGREEN.NS,Inox Green Energy Services Limited,Power & Utilities,Power,50.316456,,0.6790344939271256,3.6455348,0.05994192277103253,0.0484560645842953,0.44536,0.19846001,-0.03142,0.2026,-0.23,0.741,0.849,5.147,66716803072.0,1.364,0.6531052178677859,4.169499313297786,2026-10-01
INOXINDIA.NS,INOX India Limited,Capital Goods,Industrial Products,77.57782,47.273983,-15.832208163265305,17.609272,0.23075021351394517,0.12793019330531374,0.15748,0.55291003,0.17899999,0.20387,0.092,-0.049,-0.05,7.251,197147164672.0,0.527,0.452317746746267,0.14095472873786768,2026-10-01
INOXWIND.NS,Inox Wind Limited,Capital Goods,Electrical Equipment,33.70098,14.322916,-0.8799211488250653,1.6114287,0.06346155443070739,0.03356401528882367,0.078260005,0.37368,0.11532,0.19539,-0.015,-0.383,-0.584,20.631,118816350208.0,0.447,-1.476692092786244,-0.09632372020051908,2026-10-01
INTELLECT.NS,Intellect Design Arena Limited,IT & Technology,IT - Software,24.585514,14.409198,3.0352486419753086,2.6737301,0.10896572260810124,0.075427734185217,0.11095,0.39659,0.1285,0.12917,0.204,0.081,0.08,4.961,85240291328.0,0.632,1.4778408548112079,0.03804707126801534,2026-10-01
IOB.NS,Indian Overseas Bank,Banking,Banks,10.194631,33.755554,0.2221052505446623,1.5042583,0.16525999,0.0133299995,0.36560002,0.0,0.37078997,0.0,0.481,0.459,0.456,,585015230464.0,0.243,0.8821052837113914,0.5957767620750936,2026-10-01
IOC.NS,Indian Oil Corporation Limited,Oil & Gas,Petroleum Products,5.3739767,6.974254,0.1395838103896104,0.82385117,0.1917668061525897,0.0795838269481394,0.0392,0.1663,-0.0013,0.07931,0.385,,,58.446,,0.77,1.8087611583546852,2.0958049219581936,2026-10-01
IONEXCHANG.NS,Ion Exchange (India) Limited,Capital Goods,Industrial Manufacturing,49.200966,,-0.5371284497816593,3.5984983,0.10654282033569201,0.04220899401120964,0.03235,0.35461,0.01426,0.058369998,0.201,-0.916,-0.916,35.976,,0.405,-0.1995359710087023,-0.31351249130242725,2026-10-01
IPCALAB.NS,Ipca Laboratories Limited,Pharma & Healthcare,Pharmaceuticals & Biotechnology,37.629745,27.638294,0.5197478591160222,6.1137104,0.14151127072686484,0.09224757259185186,0.12935,0.67734003,0.20039,0.22271,0.208,0.724,0.723,8.492,492998033408.0,0.055,1.000744882220976,0.5469038065285761,2026-10-01
IRB.NS,IRB Infrastructure Developers Limited,Infrastructure,Construction,21.794872,12.008788,0.4627361358811041,0.9616473,0.040592347734301995,0.015731788363527153,0.15478,0.57896,0.22489999,0.42556,-0.089,0.471,0.513,95.6,205326008320.0,-0.087,2.467227997553977,-0.8687854553624278,2026-10-01
IRCON.NS,Ircon International Limited,Infrastructure,Construction,16.78082,14.318182,-0.3866548387096774,1.5597811,0.08969758866273815,0.02794757324932838,0.05667,0.120349996,0.08193,0.08396,0.095,-0.434,-0.436,85.833,103691853824.0,0.625,-1.0371303340218652,-0.1813832639089372,2026-10-01
IRCTC.NS,Indian Railway Catering & Tourism Corporation Limited,Hospitality,Leisure Services,26.037844,20.272322,1.438554917127072,8.431588,0.3234174294726899,0.18384463329185052,0.25677,0.35081002,0.2733,0.30612,0.181,0.0,-0.002,1.874,363280007168.0,0.167,0.9135569315601002,0.059719794437335896,2026-10-01
IREDA.NS,Indian Renewable Energy Development Agency Limited,Financial Services,Finance,15.811966,11.269035,0.4791504848484848,2.2619824,0.13594072578129648,0.019977001929582242,0.69254994,0.99703,0.85359,0.0,0.237,0.33,0.371,565.671,311824678912.0,0.025,-7.724962646744931,0.10343040851655146,2026-10-01
IRFC.NS,Indian Railway Finance Corporation Limited,Financial Services,Finance,14.03643,10.556164,1.4470546391752575,1.7730023,0.12351230229523957,0.013565877819714186,0.97271,1.0,0.97759,0.0,0.103,0.097,0.104,773.347,1007059075072.0,0.313,-3.855864531749123,0.0780021531836358,2026-10-01
ISGEC.NS,Isgec Heavy Engineering Limited,Capital Goods,Industrial Manufacturing,60.907284,,-0.7355952173913043,2.4709702,0.039803090455938446,0.013485541341887912,0.01497,0.34173,0.0297,0.08157,0.477,-0.828,-0.829,32.93,67625091072.0,0.331,7.022946148069399,-0.4256921772581176,2026-10-01
ITC.NS,ITC Limited,Consumer Goods,Diversified FMCG,16.155302,15.266291,1.78,4.4220567,0.2853432688846502,0.22058796247626938,0.25937998,0.58284,0.24867001,0.33312,-0.111,-0.16,-0.162,3.293,3206559301632.0,-0.093,0.892449637424255,-0.40456182369340565,2026-10-01
ITCHOTELS.NS,ITC Hotels Limited,Hospitality,Leisure Services,38.19518,27.036522,1.063932590529248,2.8322046,0.07007227766426313,0.060579520771488045,0.20283002,0.61827,0.20086999,0.34530997,0.148,0.359,0.354,0.634,330186522624.0,,1.3586284567077576,0.28731266842113556,2026-10-01
ITI.NS,ITI Limited,Telecom,Telecom - Equipment & Accessories,71.46153,,-4.861328571428571,12.1959095,0.15366571684954583,0.03133034398862466,0.15359001,0.1666,-0.025220001,0.025290001,-0.147,,,40.144,232567259136.0,0.064,-0.4622477205204385,2.362697193913165,2026-10-01
IXIGO.NS,Le Travenues Technology Limited,Consumer Durables,Consumer Durables,83.025635,39.598194,1.6605127,3.5118542,0.03524444103507734,0.028384213320153763,0.06742,0.82158,0.05511,0.0577,0.134,0.5,0.703,2.15,71405060096.0,-0.548,2.713487585432465,0.19858097105446812,2026-10-01
J&KBANK.NS,Jammu and Kashmir Bank Limited,Banking,Banks,6.6944046,5.5547614,-0.5771038448275861,0.90747607,0.14609,0.01248,0.34216,0.0,0.38034,0.0,-0.043,-0.116,-0.115,,154143522816.0,0.46,-0.4770851922207361,0.13340087469116665,2026-10-01
JAIBALAJI.NS,Jai Balaji Industries Limited,Metals & Mining,Ferrous Metals,39.06329,,1.8780427884615385,2.5401268,0.05756214674250075,0.0318703310394216,0.023670001,0.27866,0.07119,0.062329996,0.24,0.208,0.208,18.455,56304160768.0,0.383,2.7546748749519048,-0.7670646017064602,2026-10-01
JAMNAAUTO.NS,Jamna Auto Industries Limited,Auto,Auto Components,22.544521,17.098701,3.6958231147540985,4.573592,0.2013585873216475,0.1401320855312603,0.08821999,0.39106,0.10945,0.15256,0.067,0.061,0.061,13.054,52662042624.0,0.304,2.210015971141978,0.2809435474255419,2026-10-01
JBCHEPHARM.NS,J. B. Chemicals & Pharmaceuticals Limited,Pharma & Healthcare,Pharmaceuticals & Biotechnology,54.221275,32.781635,-1.749073387096774,9.3268795,0.18688999,0.1248,0.17105,0.67767,0.16476,0.26295,-0.048,-0.31,-0.304,0.086,387925901312.0,0.012,0.992170559015678,0.07564323333360623,2026-10-01
JBMA.NS,JBM Auto Limited,Auto,Auto Components,57.573997,27.47982,4.0832621985815605,11.281537,0.1422215218686802,0.02968636920682789,0.03571,0.31952,0.08274,0.11637,0.15,0.141,0.147,190.282,128806608896.0,0.126,-0.27359773868336085,0.08352025516129591,2026-10-01
JINDALSAW.NS,Jindal Saw Limited,Metals & Mining,Ferrous Metals,26.44814,11.600859,-0.35077108753315644,1.3697935,0.07740841024504311,0.04488349867223595,0.03578,0.41217998,0.05233,0.102919996,0.09,-0.754,-0.754,38.19,172348981248.0,0.466,1.8198888521658603,-0.4400764418824478,2026-10-01
JINDALSTEL.NS,Jindal Steel Limited,Metals & Mining,Ferrous Metals,41.26359,12.501903,-0.9442469107551487,2.1994956,0.0661581947432666,0.034444752790380125,0.04818,0.508,0.111999996,0.1634,0.259,-0.437,-0.435,43.613,1119745736704.0,0.673,2.13941699481496,0.19744819762955482,2026-10-01
JINDWORLD.NS,Jindal Worldwide Limited,Consumer Durables,Consumer Durables,53.90588,,0.6111777777777778,5.352803,0.08113898700018399,0.04207635873879232,0.036849998,0.20434,0.07982,0.06343,0.027,0.882,0.858,64.866,45939224576.0,0.113,3.094264379160334,-0.07622083545054201,2026-10-01
JIOFIN.NS,Jio Financial Services Limited,Financial Services,Finance,66.19938,47.64574,0.3889505287896593,1.0050322,0.011661248682235567,0.009546959493099205,0.55006003,1.0,0.63313997,0.0,2.082,1.702,1.557,16.286,1403167571968.0,0.49,-9.890857838426548,-0.032054024891633955,2026-10-01
JISLJALEQS.NS,Jain Irrigation Systems Limited,Capital Goods,Industrial Products,-36.891891891891895,,15.371621621621623,0.34248292,-0.004206758505395625,-0.002024607912177593,-0.0084,0.43355,0.06005,0.12946,-0.024,,,71.789,20024829952.0,0.233,-25.14303128809427,-1.7337507453786523,2026-10-01
JKCEMENT.NS,J.K. Cement Limited,Cement & Materials,Cement & Cement Products,40.480667,25.425295,0.94,5.437241,0.14103378450389,0.05364819510518125,0.06559,0.6285,0.1193,0.1611,0.28,-0.145,-0.173,87.522,382632361984.0,0.399,1.8871625910588519,0.15255713489409142,2026-10-01
JKIL.NS,J. Kumar Infraprojects Limited,Infrastructure,Construction,9.170969,6.677094,-1.5812015517241376,1.0310901,0.11485887970508599,0.06243684575673604,0.06622,0.23487,0.10782,0.14310999,0.018,-0.058,-0.056,18.443,34946113536.0,0.329,2.9152790281063523,-0.011014367833720852,2026-10-01
JKLAKSHMI.NS,JK Lakshmi Cement Limited,Cement & Materials,Cement & Cement Products,16.00403,9.456349,-0.5695384341637011,1.5227177,0.1060445796434555,0.048203637997171304,0.053400002,0.55794996,0.09232,0.13475001,0.094,-0.281,-0.281,66.59,59167232000.0,0.477,2.626744327144764,0.4884586208142181,2026-10-01
JKPAPER.NS,JK Paper Limited,Cement & Materials,"Paper, Forest & Jute Products",21.887873,6.2211385,0.3,1.2573324,0.04815479673147324,0.025226199795981306,0.043390002,0.31412,0.10118,0.13484,0.127,0.496,0.602,44.544,69372559360.0,0.32,2.9071622028287694,-0.349690550160229,2026-10-01
JKTYRE.NS,JK Tyre & Industries Limited,Auto,Auto Components,14.772135,9.940128,-0.19881742934051144,1.6189104,0.12805032982335723,0.04851817907883665,0.04003,0.35891998,0.03359,0.111590005,0.02,-0.743,-0.734,80.551,98119335936.0,0.488,1.8604027883364043,0.5234477749641756,2026-10-01
JMFINANCIL.NS,JM Financial Limited,Diversified,Diversified,11.3628,8.226666,-0.31828571428571434,1.1073622,0.11278234996617384,0.04529374214782106,0.30868,0.87609,0.47229,0.0,-0.103,-0.357,-0.357,102.435,118094405632.0,0.407,0.48314849788264264,0.46347907611011674,2026-10-01
JPPOWER.NS,Jaiprakash Power Ventures Limited,Power & Utilities,Power,21.142859,-8.705882,0.3123022008862629,1.1362765,0.03539280174360384,0.02509405467533596,0.111420006,0.36722,0.36141,0.2658,0.122,0.677,0.686,26.634,101431197696.0,0.308,2.8870470230566094,-0.446094278163604,2026-10-01
JSFB.NS,Jana Small Finance Bank Limited,Financial Services,Finance,13.414906,7.0941176,0.2569905363984674,1.1361762,0.07302305971461591,0.006879743695371843,0.12906,0.0,0.1867,0.0,0.251,0.522,0.523,,51048579072.0,0.526,1.8186036010369202,-0.3489907735790468,2026-10-01
JSL.NS,Jindal Stainless Limited,Metals & Mining,Ferrous Metals,18.601168,14.116175,2.4475221052631584,13.412782,0.16135511109853554,0.07845616679794082,0.07379,0.2199,0.09104,0.12644,0.105,0.076,0.077,37.523,603708063744.0,0.539,1.0631104291596862,0.2747285645856618,2026-10-01
JSWCEMENT.NS,JSW Cement Limited,Metals & Mining,Diversified Metals,19.82238,19.619701,0.996099497487437,2.2851057,-0.11546147493057686,-0.05203268141127779,0.10869,0.59103,0.106000006,0.18738002,0.199,,,68.39,150698491904.0,,-1.5472419081870108,-5.629733520336606,2026-10-01
JSWENERGY.NS,JSW Energy Limited,Power & Utilities,Power,38.009403,28.703033,-0.9622633670886076,2.7697825,0.07281951357835761,0.018032529594338747,0.10373,0.66886,0.38092,0.54482,0.012,-0.395,-0.366,229.16,888700928000.0,0.122,4.420249987719432,0.14784021651656423,2026-10-01
JSWINFRA.NS,JSW Infrastructure Limited,Infrastructure,Transport Infrastructure,50.345074,31.912188,-4.887871262135922,6.8521643,0.14004228912893588,0.07482445864002417,0.26578,0.52823,0.35162997,0.4759,0.181,-0.103,-0.099,59.002,827554660352.0,0.563,1.3270443967413068,0.013459030790110972,2026-10-01
JSWSTEEL.NS,JSW Steel Limited,Metals & Mining,Ferrous Metals,12.159763,16.923319,0.10760852212389382,3.007948,0.2230417878524382,0.08275115323573473,0.13065,0.42285,0.15299,0.18270999,0.098,1.13,1.13,95.374,3009726119936.0,0.627,1.1270837067574835,5.3687214611872145,2026-10-01
JUBLFOOD.NS,Jubilant FoodWorks Limited,Hospitality,Leisure Services,81.208786,50.297142,13.534797666666668,12.722368,0.18693858675142175,0.044817633304377526,0.04415,0.52591,0.096829996,0.14463,0.137,0.06,0.06,205.318,,0.172,4.419220455516114,1.0329895048490254,2026-10-01
JUBLINGREA.NS,Jubilant Ingrevia Limited,Chemicals,Chemicals & Petrochemicals,32.768364,21.38955,0.8071025615763546,3.224991,0.08889306148613484,0.050677039662448485,0.06637,0.38496,0.113900006,0.13338,0.253,0.406,0.409,25.328,100623155200.0,0.27,1.8865487101428937,0.10636510577987277,2026-10-01
JUBLPHARMA.NS,Jubilant Pharmova Limited,Pharma & Healthcare,Pharmaceuticals & Biotechnology,45.176308,19.768545,0.14,2.2315068,0.05618373561921949,0.025672080243772023,0.040900003,0.64978,0.05414,0.12375,0.173,-0.45,-0.451,50.943,158276288512.0,0.494,3.0785445420326223,-0.5252561353347629,2026-10-01
JUSTDIAL.NS,Just Dial Limited,IT & Technology,IT - Services,11.029213,9.219053,2.690051951219512,1.087773,0.09733123403988657,0.08223130719354353,0.40499002,0.39949,0.23486,0.29598,0.099,0.041,0.041,1.655,55549775872.0,0.092,0.540622107762263,-0.14922971585073605,2026-10-01
JWL.NS,Jupiter Wagons Limited,Infrastructure,Transport Infrastructure,57.271095,23.75915,-4.004971678321679,3.234814,0.057439937202573406,0.03630437181429657,0.05329,0.26788,0.06895,0.11805,0.46,-0.143,-0.136,33.365,95701049344.0,0.328,0.055220597733613354,-0.5524424539382984,2026-10-01
JYOTHYLAB.NS,Jyothy Labs Limited,Consumer Goods,Household Products,23.662355,18.905426,-0.46579438976377957,4.2280574,0.20973681394426574,0.14792928306309827,0.09575,0.44224998,0.062750004,0.12516,0.03,-0.508,-0.508,3.247,67167203328.0,0.456,1.236921876406855,-0.10232508015195194,2026-10-01
JYOTICNC.NS,Jyoti CNC Automation Limited,Capital Goods,Industrial Products,72.99151,42.648758,-3.631418407960199,11.73561,0.16788919313253253,0.09293757416335438,0.14681,0.55678004,0.18441999,0.24509001,0.24,-0.201,-0.2,42.609,234723377152.0,-0.42,0.161875,0.06325749185152368,2026-10-01
KAJARIACER.NS,Kajaria Ceramics Limited,Cement & Materials,Other Construction Materials,35.675594,28.134806,0.6439637906137183,6.364255,0.15834197770079397,0.12047274775948635,0.107980005,0.38839,0.16424999,0.18731001,0.204,0.554,0.555,7.302,192515948544.0,0.475,1.3672359448713458,0.6490912179378291,2026-10-01
KALYANKJIL.NS,Kalyan Jewellers India Limited,Consumer Durables,Consumer Durables,38.07637,27.24245,1.2049484177215188,8.641128,0.21405237486631584,0.06518408683726451,0.036730003,0.12697,0.04887,0.060760003,0.457,0.316,0.32,96.966,545808875520.0,-0.225,0.9756523091391778,0.8891927811975378,2026-10-01
KANSAINER.NS,Kansai Nerolac Paints Limited,Chemicals,Chemicals & Petrochemicals,23.685135,17.527859,4.934403125,2.1110764,0.0878000172778971,0.06766875863121921,0.07263,0.34877,0.111870006,0.11331,0.098,0.048,0.048,4.526,141767950336.0,0.365,1.5172443042054726,-0.48425565422809397,2026-10-01
KARURVYSYA.NS,The Karur Vysya Bank Limited,Banking,Banks,11.45826,9.874653,0.25462799999999997,2.2288911,0.17793827133365986,0.01837681709835407,0.41307,0.0,0.56661,0.0,0.26,0.45,0.449,,314456834048.0,-0.13,-0.22067218254173754,0.2928915761933211,2026-10-01
KAYNES.NS,Kaynes Technology India Limited,Capital Goods,Industrial Products,66.0513,37.865665,-165.12824999999998,4.902392,0.07663499322817828,0.05278346507804233,0.08866999,0.33398,0.11689,0.1551,0.405,-0.004,-0.244,19.168,228489232384.0,-0.16,-1.6499601527934267,0.24115749046680265,2026-10-01
KEC.NS,KEC International Limited,Infrastructure,Construction,17.910053,10.1701355,-0.42949767386091137,1.6091671,0.09831501260615388,0.024071410911652172,0.02355,0.23653999,0.04777,0.06403,0.0,-0.417,-0.417,87.306,99119570944.0,0.062,-0.6838455060354365,0.06106107859971265,2026-10-01
KEI.NS,KEI Industries Limited,Capital Goods,Electrical Equipment,43.18465,30.68419,1.07961625,6.4574795,0.13780047496244532,0.1025497159550861,0.08076,0.23875,0.1153,0.11071,0.23,0.4,0.4,3.796,430393851904.0,0.54,0.9145511975288344,0.3188031831640375,2026-10-01
KFINTECH.NS,KFin Technologies Limited,Financial Services,Capital Markets,42.147923,29.910122,-16.8591692,8.579443,0.20543839872425834,0.12391881275717123,0.24400999,0.58879,0.26553,0.35134998,0.301,-0.025,-0.026,3.314,143829565440.0,-0.242,1.0753188716134439,0.03333183013904547,2026-10-01
KIMS.NS,Krishna Institute of Medical Sciences Limited,Pharma & Healthcare,Healthcare Services,144.9311,43.541565,-3.0902153518123665,13.108697,0.10741301059001512,0.031113459729078325,0.048499998,0.59316003,0.10394,0.18052,0.353,-0.469,-0.472,166.226,309229780992.0,0.287,2.115990057995029,-0.3721716514954486,2026-10-01
KIRLOSBROS.NS,Kirloskar Brothers Limited,Capital Goods,Industrial Manufacturing,37.584522,,-375.84522,5.6964965,0.15163380172742277,0.08478362119660307,0.08009,0.49397,0.080010004,0.111719996,0.129,-0.001,-0.002,10.101,140363218944.0,0.297,0.894509302114578,-0.10018021437394471,2026-10-01
KIRLOSENG.NS,Kirloskar Oil Engines Limited,Capital Goods,Industrial Manufacturing,60.077682,39.31113,-3.018978994974874,9.004404,0.15864360710349457,0.05292081780687108,0.06868,0.41307998,0.12594,0.17106001,0.134,-0.199,-0.199,154.864,326461358080.0,0.724,1.6231543390444352,0.1741183685985894,2026-10-01
KIRLPNU.NS,Kirloskar Pneumatic Company Limited,Capital Goods,Industrial Manufacturing,33.70984,26.51782,1.0372258461538462,7.0942607,0.20509479982255563,0.14574262270828828,0.14542,0.4967,0.121079996,0.20345,0.076,0.325,0.256,0.265,88626143232.0,0.578,0.9089957873119615,0.2128103869538042,2026-10-01
KITEX.NS,Kitex Garments Limited,Textiles,Textiles & Apparels,-98.05042016806723,6.1572556,5.0282266752855,2.2171972,0.0057375695299294645,0.0019423319357081456,-0.03793,0.48610002,-0.04665,-0.00447,-0.195,,,96.813,23277660160.0,0.459,58.521045238377305,-0.9574094643872714,2026-10-01
KNRCON.NS,KNR Constructions Limited,Infrastructure,Construction,8.080599,13.398569,-0.233543323699422,0.64021206,0.0879076876570234,0.05381681576500533,0.14757,0.44222,0.14581999,0.21198,-0.04,-0.346,-0.345,49.162,31861067776.0,0.473,-0.3410074355472651,-0.5637414920697121,2026-10-01
KOTAKBANK.NS,Kotak Mahindra Bank Limited,Banking,Banks,20.517412,17.80935,0.94,2.2960906,0.1064301272451493,0.01922344032229836,0.28467,0.0,0.34761003,0.0,0.21,0.225,0.225,,4161696169984.0,0.285,2.163352600601647,-0.12826981428943132,2026-10-01
KPIGREEN.NS,KPI Green Energy Limited,Power & Utilities,Power,14.974004,,-0.8459889265536724,2.24858,0.1569314118855092,0.04818128270293666,0.16427,0.48114,0.28053,0.35961,0.151,-0.177,-0.231,158.765,68315435008.0,0.639,1.01222227939609,0.48987677777913374,2026-10-01
KPIL.NS,Kalpataru Projects International Limited,Infrastructure,Construction,20.384731,14.777658,0.45098962389380526,2.9786441,0.13374182638830845,0.037529521503562424,0.04151,0.27784002,0.066360004,0.08006,0.038,0.452,0.451,45.814,231635877888.0,0.46,1.4752944569972597,0.7757384326446987,2026-10-01
KPITTECH.NS,KPIT Technologies Limited,IT & Technology,IT - Software,23.14205,15.94414,-0.7277374213836478,3.7825203,0.17999289448594036,0.0878313542744021,0.08839,0.36762002,0.122530006,0.20417,0.089,-0.318,-0.318,23.624,133935800320.0,-0.007,1.874628729765478,-0.2409016198189614,2026-10-01
KPRMILL.NS,K.P.R. Mill Limited,Textiles,Textiles & Apparels,40.11236,29.780079,1.8656911627906978,6.425216,0.15208157820836843,0.12681403340338718,0.13378,0.38662997,0.16448,0.19830999,0.096,0.215,0.216,10.463,366841659392.0,0.297,1.2785227928447778,0.06304670535265179,2026-10-01
KRBL.NS,KRBL Limited,Consumer Goods,Diversified FMCG,11.349638,10.024,1.12,1.4814377,0.11160615104822362,0.09821883260178965,0.12617,0.29879,0.18992001,0.1701,-0.056,0.731,0.732,2.924,86039707648.0,0.179,1.439000678970434,0.3612855792458775,2026-10-01
KRN.NS,KRN Heat Exchanger and Refrigeration Limited,Capital Goods,Industrial Products,91.21212,34.67402,0.57007575,15.354142,0.1332196737670794,0.0820627677567245,0.13152,0.32560003,0.16881001,0.19427,1.189,1.6,1.648,32.633,92604121088.0,,-1.488222432042936,0.4461810217984167,2026-10-01
KSB.NS,KSB Limited,Capital Goods,Industrial Manufacturing,57.0736,40.12189,-3.0684731182795697,8.259761,0.15192,0.06953,0.09007,0.45458,0.09671,0.12933,0.036,-0.186,-0.188,0.371,140353929216.0,-0.16,0.0817901895165903,0.09301545610667744,2026-10-01
KSCL.NS,Kaveri Seed Company Limited,Chemicals,Fertilizers & Agrochemicals,14.885511,11.496784,-1.0632507857142854,1.7255316,0.16839967442742892,0.10723205189796217,0.19520001,0.49713,0.37763,0.23287001,-0.135,-0.14,-0.142,,36499324928.0,0.104,-0.021860692296381677,0.05159335989555212,2026-10-01
KSL.NS,Kalyani Steels Limited,Metals & Mining,Diversified Metals,15.08343,10.798344,1.2675151260504203,1.8934367,0.1225060180520182,0.08607656880734557,0.1416,0.29411,0.16753,0.19646999,0.049,0.119,0.106,22.567,39952314368.0,0.884,0.545878657437031,0.006357420502973821,2026-10-01
KTKBANK.NS,The Karnataka Bank Limited,Banking,Banks,8.478777,7.8153095,0.19581471131639722,0.91928005,0.09911725368296438,0.010132937692189507,0.41452,0.0,0.4362,0.0,0.261,0.433,0.433,,121623166976.0,0.304,0.8392922454518724,0.029774933275677904,2026-10-01
LALPATHLAB.NS,Dr. Lal PathLabs Limited,Pharma & Healthcare,Healthcare Services,61.90491,45.944134,2.226795323741007,13.348824,0.20125638969770016,0.16045125295772786,0.18745,0.60204,0.25461,0.27326,0.191,0.278,0.28,7.83,334807138304.0,0.188,1.2591807503877934,0.0362135575545328,2026-10-01
LATENTVIEW.NS,Latent View Analytics Limited,IT & Technology,IT - Software,24.838984,18.176744,-4.686600754716982,2.7643447,0.11287697206533945,0.09459665286310505,0.17536,0.33273,0.15856,0.21263,0.215,-0.053,-0.053,1.863,48556875776.0,0.434,0.8304580006258769,0.13743591510078482,2026-10-01
LAURUSLABS.NS,Laurus Labs Limited,Pharma & Healthcare,Pharmaceuticals & Biotechnology,98.21782,67.461655,0.7844873801916933,20.20881,0.16769432798873976,0.08455655353960874,0.1504,0.59445,0.25386,0.28076,0.291,1.252,1.255,46.369,1071979364352.0,0.361,1.826640713779408,1.4804364813574458,2026-10-01
LEMONTREE.NS,Lemon Tree Hotels Limited,Hospitality,Leisure Services,36.252525,21.81953,1.7429098557692306,6.1252704,0.16315207057694503,0.05300184286106812,0.15843001,0.71756,0.33394,0.48269,0.092,0.208,0.201,96.367,85258231808.0,-0.18,2.384943336938257,0.155232115396648,2026-10-01
LICHSGFIN.NS,LIC Housing Finance Limited,Financial Services,Finance,4.8782825,4.669868,0.49275580808080804,0.675909,0.13525986195150633,0.017230771406858185,0.65177,0.98489,0.82443,0.0,0.145,0.099,0.099,642.522,279982047232.0,0.228,-1.5175465364662801,0.0296643104021697,2026-10-01
LICI.NS,Life Insurance Corporation of India,Insurance,Insurance,8.249474,6.6633067,0.20623684999999997,2.8067677,0.3253194382457518,0.009658334919712621,0.06515,0.11083999,0.06426,0.06803,0.068,0.4,0.19,0.431,4956900818944.0,0.539,,0.18900574561473402,2026-10-01
LINDEINDIA.NS,Linde India Limited,Chemicals,Chemicals & Petrochemicals,97.83119,72.603134,0.13,12.488157,0.1286672805901353,0.09451427583675431,0.20587,0.58523,0.19898,0.34228,0.216,-0.025,-0.024,1.85,532813185024.0,-0.064,1.4308799285928975,0.20692763468874012,2026-10-01
LLOYDSENGG.NS,Lloyds Engineering Works Limited,Capital Goods,Industrial Manufacturing,57.491226,,0.6269490294438386,8.708477,0.11364275668073136,0.08014925625137184,0.13881999,0.20729999,0.11225,0.13366,1.429,0.917,1.12,6.45,152337039360.0,1.175,-1.3318938276806405,0.840992825286019,2026-10-01
LLOYDSENT.NS,Lloyds Enterprises Limited,Metals & Mining,Diversified Metals,139.19643,,-2.223585143769968,2.8119473,0.06842112886172386,0.039475333487461316,0.05647,0.16145,0.14411001,0.084589995,0.702,-0.626,-0.745,14.694,119005577216.0,1.193,-1.274414338131527,3.963922942206655,2026-10-01
LLOYDSME.NS,Lloyds Metals and Energy Limited,Metals & Mining,Ferrous Metals,20.727951,12.368092,0.12243326048434731,7.2090206,0.26536509192993385,0.08837602614365903,0.21511999,0.54447,0.34264,0.3635,2.086,1.693,1.691,145.214,999861649408.0,0.077,0.7936536397842889,1.5293765976746103,2026-10-01
LMW.NS,LMW Limited,Capital Goods,Industrial Manufacturing,101.17388,43.82415,0.2635422766345403,6.167139,0.04560582169320291,0.03067317686642281,0.05177,0.38068,0.03893,0.06429,0.24,3.839,3.84,,176782278656.0,0.594,1.3570718274305822,0.2740473638046974,2026-10-01
LODHA.NS,Lodha Developers Limited,Real Estate,Realty,26.83495,22.528257,0.25977686350435625,4.7427235,0.1472202420317613,0.05816759025800606,0.22692,0.43657002,0.37088,0.32275,0.431,1.033,1.034,42.238,1104741138432.0,0.611,0.2798261478326819,0.2401693014506385,2026-10-01
LT.NS,Larsen & Toubro Limited,Infrastructure,Construction,30.599834,20.532993,1.06,4.6488853,0.14716826272900124,0.035540811545458816,0.05588,0.37425,0.10609999,0.117060006,0.081,0.14,0.14,97.64,5081623691264.0,0.507,1.0408468296734827,0.06961976071199852,2026-10-01
LTF.NS,L&T Finance Limited,Financial Services,Finance,20.864246,13.563199,0.7398668794326243,2.358457,0.10653337874099515,0.020963914779272307,0.33076,0.9953,0.45948002,0.0,0.293,0.282,0.287,393.442,662554345472.0,0.639,-4.75960525697878,0.12767148574324988,2026-10-01
LTFOODS.NS,LT Foods Limited,Consumer Goods,Agricultural Food & other Products,21.622427,13.195041,2.4294861797752807,7.77676,0.1383460043447576,0.06899316259932164,0.05485,0.32944,0.09151,0.1112,0.264,0.089,0.089,35.617,138606002176.0,0.366,1.455900475915369,0.03311178305627709,2026-10-01
LTIM.NS,LTIM.NS,IT & Technology,IT - Software,,,,,,,,,,,,,,,,,,,2026-10-01
LTTS.NS,L&T Technology Services Limited,IT & Technology,IT - Services,27.062527,20.110096,2.114259921875,5.3514085,0.19763004619401486,0.12195749792637932,0.11684,0.40757,0.15689999,0.16532,0.026,0.128,0.13,8.911,346668728320.0,0.155,1.1375078173858661,0.009868161364174627,2026-10-01
LUMAXTECH.NS,Lumax Auto Technologies Limited,Consumer Durables,Consumer Durables,41.608494,29.588818,0.38172930275229355,11.144902,0.23041908975400005,0.07065019855806677,0.062230002,0.34476003,0.10384,0.12974,0.329,1.09,1.092,83.409,134877282304.0,0.541,1.6501598669998365,0.5686469519432522,2026-10-01
LUPIN.NS,Lupin Limited,Pharma & Healthcare,Pharmaceuticals & Biotechnology,16.81457,19.88081,1.050910625,4.13672,0.23756129091462283,0.13900335281037346,0.18450001,0.72361,0.25354,0.28845,0.32,0.16,0.161,29.388,928847364096.0,0.163,1.375345969502179,0.625063230965194,2026-10-01
LUXIND.NS,Lux Industries Limited,Consumer Durables,Consumer Durables,32.13655,15.689655,-5.268286885245902,1.7907099,0.05659636649146147,0.03360463083467687,0.03489,0.29913,0.05645,0.06418,0.008,-0.061,-0.061,33.964,32838275072.0,0.659,-1.4307321772639692,-0.37208880285524165,2026-10-01
LXCHEM.NS,Laxmi Organic Industries Limited,Chemicals,Chemicals & Petrochemicals,39.953743,23.867105,0.18070440072365448,2.531824,0.03996887582815227,0.023031630256461304,0.040260002,0.2551,0.09564,0.08186,0.397,2.211,2.166,27.344,50410946560.0,0.284,2.20378770696303,-0.300799971807161,2026-10-01
M&M.NS,Mahindra & Mahindra Limited,Auto,Automobiles,17.405062,18.154314,1.26,3.4332702,0.18366831782341628,0.05383181758765354,0.08609,0.38589,0.17031,0.18629,0.275,0.334,0.336,125.278,3434179985408.0,0.28,0.6817628086099358,0.3225089140002011,2026-10-01
M&MFIN.NS,Mahindra & Mahindra Financial Services Limited,Financial Services,Finance,13.635394,10.4904375,0.21305303125,1.6673967,0.10715749752990393,0.017993312571535983,0.30887,0.86336,0.43799,0.0,0.367,0.64,0.754,429.851,444332343296.0,0.333,-4.474354797462279,0.26202213212960956,2026-10-01
MAHABANK.NS,Bank of Maharashtra,Banking,Banks,8.222676,6.44,0.24042912280701753,1.7349513,0.22961001,0.019,0.53409,0.0,0.57523,0.0,0.218,0.342,0.345,,619170168832.0,0.777,-1.6155427642302655,0.26617443344163555,2026-10-01
MAHLIFE.NS,Mahindra Lifespace Developers Limited,Real Estate,Realty,22.409061,19.919369,0.6139468767123288,2.065564,0.12038,0.035941279595809776,0.1576,0.1341,0.09295999,0.008880001,29.095,0.365,0.669,18.26,75000143872.0,0.126,-1.8278409817034167,3.8640314167731242,2026-10-01
MAHSCOOTER.NS,Maharashtra Scooters Ltd.,Auto,Automobiles,50.743942,,-0.56008766004415,0.5119839,0.011238008322118605,0.010086064109642428,0.9625,1.0,0.84103996,0.98463994,-0.815,-0.906,-0.906,,141485670400.0,0.075,0.8598982483256054,0.4488453463960812,2026-10-01
MAHSEAMLES.NS,Maharashtra Seamless Limited,Metals & Mining,Ferrous Metals,12.697619,,0.8139499358974359,1.3623301,0.1019828545252274,0.09061589034298828,0.15958999,0.37436,0.13951999,0.14983,-0.047,0.156,0.157,0.194,93631971328.0,0.059,1.3301391740816793,-0.09802055331901376,2026-10-01
MANAPPURAM.NS,Manappuram Finance Limited,Financial Services,Finance,18.881416,10.030334,0.06544684922010399,1.8077753,0.0625093258934276,0.013456679398808975,0.30516002,0.97553,0.52393,0.0,0.801,2.885,3.224,360.191,290160934912.0,0.79,-20.170757912971023,-0.17500022612398008,2026-10-01
MANINFRA.NS,Man Infraconstruction Limited,Infrastructure,Construction,23.147114,,1.091845,2.213871,0.08850054579035473,0.07220487565149834,0.33541,0.51655,0.3133,0.21278,0.194,0.212,0.289,2.766,49314971648.0,0.467,-0.24775876079987635,-0.2905275035061377,2026-10-01
MANKIND.NS,Mankind Pharma Limited,Pharma & Healthcare,Pharmaceuticals & Biotechnology,50.558437,35.923973,1.708055304054054,6.420241,0.11735522081134504,0.06812542802532663,0.13859999,0.70761,0.20605,0.26391,0.129,0.296,0.296,38.111,1047069327360.0,0.452,1.631680197393527,-0.039192148511270945,2026-10-01
MANORAMA.NS,Manorama Industries Limited,Consumer Goods,Diversified FMCG,43.67712,34.437733,0.6442053097345132,16.458778,0.3297294690197117,0.18750865459509916,0.17326,0.45266,0.24764,0.26448,0.395,0.678,0.676,52.154,118689038336.0,0.283,1.113373318275994,1.0486294226679236,2026-10-01
MANYAVAR.NS,Vedant Fashions Limited,Retail,Retailing,32.674637,27.960941,2.1929286577181206,6.4143906,0.19118063304852123,0.13164397309652517,0.2651,0.70262,0.29462,0.46505,0.072,0.149,0.147,23.295,126153793536.0,-0.062,1.2819943388639916,-0.0332816779587718,2026-10-01
MAPMYINDIA.NS,C. E. Info Systems Limited,IT & Technology,IT - Software,33.64161,20.97421,4.25843164556962,5.1178794,0.1482512846013592,0.12949306976564612,0.28,0.66616,0.33617002,0.33146998,0.149,0.079,0.079,0.778,46314164224.0,-0.0,0.6956618962432916,-0.08852503566818398,2026-10-01
MARICO.NS,Marico Limited,Consumer Goods,Food Products,53.73796,40.125343,1.02,24.092688,0.41852731591448933,0.17488833746898264,0.13159999,0.4387,0.19282,0.16836001,0.214,0.247,0.25,12.394,1014186573824.0,0.174,1.1827468785471056,0.0816451810926949,2026-10-01
MARKSANS.NS,Marksans Pharma Limited,Pharma & Healthcare,Pharmaceuticals & Biotechnology,28.536373,23.146914,1.12,4.8806815,0.13823302535496018,0.10823895556012558,0.16292,0.55245,0.22379999,0.21350999,0.356,1.69,1.695,11.248,147550109696.0,1.149,1.0962550849485524,0.09807528082506733,2026-10-01
MARUTI.NS,Maruti Suzuki India Limited,Auto,Automobiles,24.972584,18.793056,0.77,3.3407006,0.13699147880245957,0.09859888098548505,0.07269,0.26352,0.04828,0.10764,0.359,-0.091,-0.091,0.096,3579787608064.0,0.228,1.3011274225961376,0.012365346684873312,2026-10-01
MASTEK.NS,Mastek Limited,IT & Technology,IT - Services,11.914828,10.081658,0.7943218666666667,1.559838,0.13503350769590722,0.093760951348742,0.11085,0.46536,0.13501,0.16055,0.077,0.15,0.15,14.648,48233517056.0,0.209,1.3408168316831683,0.0746681563056952,2026-10-01
MAXESTATES.NS,Max Estates Limited,Real Estate,Realty,745.0658,17.97619,-23.95709967845659,3.8245664,0.005171566652409909,0.0010062309824619745,0.030150002,0.97211,0.35111,0.38414,-0.001,-0.311,-0.27,76.199,92627099648.0,1.185,-49.19397987966152,-0.6933423180592992,2026-10-01
MAXHEALTH.NS,Max Healthcare Institute Limited,Pharma & Healthcare,Healthcare Services,63.235886,40.24055,13.174142916666668,8.520551,0.13421975074976994,0.08371046501235568,0.16723,0.62519,0.19728,0.25778,0.167,0.048,0.047,32.367,915836305408.0,0.113,1.1323548782939663,0.3406792579098041,2026-10-01
MAZDOCK.NS,Mazagon Dock Shipbuilders Limited,Infrastructure,Transport Services,31.107763,26.801039,1.4468726976744186,8.534957,0.26481822431439445,0.09408163451120358,0.20120001,0.32578,0.14191,0.18059,0.121,0.215,0.215,4.481,832576290816.0,0.617,-1.0273335733392173,0.07033739242845483,2026-10-01
MCX.NS,Multi Commodity Exchange of India Limited,Financial Services,Capital Markets,53.046356,39.583183,0.5130208510638298,19.378134,0.4675484736335737,0.17752508789261703,0.5556,0.95473,0.69577,0.73931,0.853,1.034,1.035,0.113,,0.685,2.2790882805752695,1.377598028712235,2026-10-01
MEDANTA.NS,Global Health Limited,Pharma & Healthcare,Healthcare Services,65.856384,40.382362,-329.28192,9.203844,0.14046451280679126,0.0942353298998612,0.11875,0.52789,0.16700001,0.2067,0.265,-0.002,-0.002,29.869,364736151552.0,0.143,1.2838137512130252,0.15583139642362345,2026-10-01
MEDPLUS.NS,MedPlus Health Services Limited,Pharma & Healthcare,Healthcare Services,37.28205,28.84497,-1.7101857798165137,3.9762022,0.11119447148594255,0.05585443046021819,0.02911,0.25801,0.02943,0.054640003,0.218,-0.218,-0.217,72.133,78573322240.0,0.459,2.2562406384732006,0.46118997884541185,2026-10-01
METROPOLIS.NS,Metropolis Healthcare Limited,Pharma & Healthcare,Healthcare Services,55.16923,34.700768,4.344033858267717,7.3701086,0.1255764920128108,0.08887396982284737,0.117910005,0.77739,0.17501,0.18677999,0.166,0.127,0.258,15.212,111589449728.0,0.205,1.8455967716640687,0.3107513849579529,2026-10-01
MFSL.NS,Max Financial Services Limited,Insurance,Insurance,440.50632,124.34522,11.809820911528151,9.047539,0.015901723093254383,0.0004221945237485343,0.00221,0.11765,0.011879999,0.00796,0.168,0.373,0.372,36.453,477871865856.0,0.707,136.59678293119973,-0.7433304169171291,2026-10-01
MGL.NS,Mahanagar Gas Limited,Oil & Gas,Gas,14.42528,11.185767,-0.36705547073791345,1.6065775,0.13086357137411883,0.0936564704624813,0.08382,0.29021,0.09854999,0.1527,0.139,-0.393,-0.393,3.461,103262289920.0,0.74,1.3818032669947928,-0.19142145789073992,2026-10-01
MIDHANI.NS,Mishra Dhatu Nigam Limited,Aerospace & Defense,Aerospace & Defense,60.055405,35.061985,2.183832909090909,5.300021,0.08581385411878484,0.040811256962401295,0.10564,0.55174,0.08356,0.19083999,0.405,0.275,0.27,26.557,81230626816.0,0.648,1.1765065180648293,0.18611046451829436,2026-10-01
MINDACORP.NS,Minda Corporation Limited,Auto,Auto Components,31.79371,28.719109,0.14732951807228917,5.9522643,0.13628626546128533,0.06556392619281581,0.07539,0.35548002,0.07735,0.107650004,0.332,2.158,2.155,55.351,157068099584.0,0.461,1.875104079933389,0.4107282693813626,2026-10-01
MMTC.NS,MMTC Limited,Metals & Mining,Metals & Minerals Trading,19.016891,,0.14628377692307692,3.9825952,0.1826643781357275,0.13855436769234622,163.86812,1.0,-30.72059,0.0,-0.5,1.3,1.355,0.114,84435001344.0,0.639,-1.5624451443027518,3.4716610873831235,2026-10-01
MOIL.NS,MOIL Limited,Metals & Mining,Diversified Metals,15.583389,8.67056,0.22135495738636368,1.7479696,0.09872838888398593,0.08343946026450164,0.20298,0.96833,0.24636999,0.31368,0.066,0.704,0.701,,47342870528.0,0.342,0.5879249901955177,-0.2991255305105295,2026-10-01
MOTHERSON.NS,Samvardhana Motherson International Limited,Auto,Auto Components,37.747597,22.609306,0.36226100767754316,4.0355163,0.09418588761237298,0.03493092912633309,0.033570003,0.43823,0.04978,0.08853,0.166,1.042,1.016,43.908,1653719171072.0,1.044,2.923543280565847,0.014909282145674467,2026-10-01
MOTILALOFS.NS,Motilal Oswal Financial Services Limited,Financial Services,Capital Markets,30.732693,16.773624,3.5324934482758623,4.6227202,0.14504143741789913,0.04300457581146461,0.22963,0.629,0.51267,0.0,0.239,0.087,0.096,165.8,596887142400.0,0.362,-3.247561934617586,-0.25276618538238915,2026-10-01
MPHASIS.NS,Mphasis Limited,IT & Technology,IT - Software,22.511003,17.716366,2.4,3.7878518,0.17743999,0.09043,0.115559995,0.44451,0.14783,0.17132,0.175,0.107,0.108,24.675,429376536576.0,0.489,0.7466547757759873,0.09427138441690132,2026-10-01
MRF.NS,MRF Limited,Auto,Auto Components,21.703472,18.476921,-21.703472,2.5015686,0.11566821902342647,0.07592561818717256,0.075840004,0.35834,0.06452,0.14856,0.096,-0.01,-0.01,15.288,524693012480.0,0.146,1.8920567662370316,0.2951027075503929,2026-10-01
MRPL.NS,Mangalore Refinery and Petrochemicals Limited,Oil & Gas,Petroleum Products,9.189068,3.2179687,0.07632116279069769,2.0264435,0.13556383453281143,0.04326727499654405,0.028670002,0.11125,0.02396,0.07719,1.204,,,108.059,288758169600.0,0.093,1.315194676038745,33.24218485899831,2026-10-01
MSTCLTD.NS,MSTC Limited,Capital Goods,Commercial Services & Supplies,21.188831,,0.5635327393617021,5.496542,0.24164699434727116,0.10863459558587843,0.60627997,1.0,0.5812,0.61197,0.217,0.376,0.375,16.041,49688317952.0,0.546,-0.12724347763984595,-0.46340414879821046,2026-10-01
MSUMI.NS,Motherson Sumi Wiring India Limited,Auto,Auto Components,35.67021,22.80906,0.9799508241758241,10.285275,0.28921682009529537,0.13174031228269803,0.05088,0.30129,0.05855,0.07669,0.364,0.0,0.016,10.788,222359617536.0,0.04,1.2176903390914908,0.03185344116190791,2026-10-01
MTARTECH.NS,MTAR Technologies Limited,Capital Goods,Industrial Manufacturing,178.58452,45.67663,0.4907516350645782,29.148754,0.11431009729062093,0.05393406656437759,0.12352,0.46015,0.20892,0.21052,1.304,3.639,3.645,45.778,239832530944.0,1.348,2.094044453897692,0.7779416491765462,2026-10-01
MUTHOOTFIN.NS,Muthoot Finance Limited,Financial Services,Finance,9.520633,8.4489,0.24537713917525772,2.6669106,0.31735,0.06402,0.55502,1.0,0.74571997,0.0,0.353,0.388,0.388,393.56,1082800668672.0,0.517,-4.475084503920885,0.9858495377749442,2026-10-01
NAM-INDIA.NS,Nippon Life India Asset Management Limited,Financial Services,Capital Markets,41.425743,31.25778,1.5691569318181815,14.326019,0.32825371205844855,0.2945488301863536,0.52507997,0.83172995,0.71078,0.68566,0.245,0.264,0.272,1.617,669483925504.0,0.63,0.9585714472531353,0.18889294848374133,2026-10-01
NATCOPHARM.NS,NATCO Pharma Limited,Pharma & Healthcare,Pharmaceuticals & Biotechnology,12.962437,17.339197,-0.2274111754385965,1.5949988,0.1538319723243431,0.1280963002429179,0.32839,0.82638,0.18961,0.30696,-0.447,-0.57,-0.57,7.742,151008428032.0,0.163,1.2465985195629186,-0.24763975814150843,2026-10-01
NATIONALUM.NS,National Aluminium Company Limited,Metals & Mining,Non - Ferrous Metals,9.112925,8.628134,0.10003210757409439,2.846603,0.26833400374287564,0.21838918943355284,0.34908,0.71341,0.47623003,0.47417998,0.393,0.911,0.909,0.277,615087996928.0,0.715,1.1105673441998547,0.10043204744169448,2026-10-01
NAUKRI.NS,Info Edge (India) Limited,IT & Technology,IT - Services,48.721073,50.872635,2.39,2.0501747,0.03824041658598882,0.03048422925256306,0.47402,0.56393003,0.34807998,0.35501,0.114,0.507,0.506,0.64,777285140480.0,0.298,0.7424635160096399,0.506863865965452,2026-10-01
NAVA.NS,Nava Limited,Power & Utilities,Power,20.66193,,-2.066193,1.7879102,0.08995341987973353,0.05473480193486389,0.17541,0.52981997,0.35086,0.37942,0.016,-0.1,-0.1,20.684,156530212864.0,0.437,2.9393900411023997,-0.2792632385674674,2026-10-01
NAVINFLUOR.NS,Navin Fluorine International Limited,Chemicals,Chemicals & Petrochemicals,52.772736,40.451736,0.52302017839445,10.491278,0.16694845744707618,0.10401904964948143,0.21733,0.56749,0.30179,0.33792,0.441,1.009,1.077,32.091,417468448768.0,0.259,1.3466505915153342,1.2993623951763809,2026-10-01
NAZARA.NS,Nazara Technologies Limited,Media,Entertainment,-265.3103448275862,59.643414,18.950738916256157,4.857446,0.027594724614148882,0.021927717458443716,-0.01286,0.77775,-0.00287,0.17559999,-0.14,,,6.051,147992576000.0,0.162,1.5506520605112155,0.264178317066737,2026-10-01
NBCC.NS,NBCC (India) Limited,Infrastructure,Construction,28.145454,27.642859,1.7267149693251533,6.9573035,0.2386372667728689,0.0442448671195444,0.05691,0.12389,0.09309,0.08288,-0.059,0.163,0.172,0.008,208980000768.0,0.666,0.6103404115904406,0.33060687819932366,2026-10-01
NCC.NS,NCC Limited,Infrastructure,Construction,11.664575,9.604846,0.9184704724409449,1.0377238,0.08582085284567827,0.025967783675118924,0.03261,0.16212,0.081870005,0.08906,0.122,0.127,0.126,57.389,81657724928.0,0.555,-0.6789522004383107,-0.17631848563204372,2026-10-01
NEOGEN.NS,Neogen Chemicals Limited,Chemicals,Chemicals & Petrochemicals,181.80515,41.645332,2.9465988654781197,7.7751975,0.035221189067342916,0.009907404535695948,0.03846,0.46141997,0.15993,0.1656,0.34,0.617,0.668,170.915,72315133952.0,0.656,-8.051478260869565,-0.1745621590582831,2026-10-01
NESCO.NS,Nesco Limited,Real Estate,Realty,17.382923,19.290806,4.34573075,2.4177809,0.1377443749541119,0.11188640577730068,0.39132,0.82901,0.52584,0.56233,0.153,0.04,0.039,9.068,72446926848.0,0.527,0.9395503222367593,0.10002398656752219,2026-10-01
NESTLEIND.NS,Nestlé India Limited,Consumer Goods,Food Products,66.11223,52.63626,1.374474636174636,48.898777,,,0.15623,0.55135,0.21170999,0.22972,0.252,0.481,0.483,8.621,2521656721408.0,0.419,,0.34179592724595487,2026-10-01
NETWEB.NS,Netweb Technologies India Limited,IT & Technology,IT - Services,98.41715,54.171204,0.5516656390134529,35.49286,0.28455214863030176,0.09127386772437968,0.096470006,0.20413,0.14297,0.13242,1.721,1.784,1.799,39.019,268720750592.0,1.737,0.8332296808800094,0.8093555221492559,2026-10-01
NETWORK18.NS,Network18 Media & Investments Limited,Media,Media,-110.56521739130434,,-10.734487125369355,0.7890409,0.03094881784096362,0.016920306368598332,-0.01592,0.40615,-0.045619998,0.02637,0.103,,,65.925,39276322816.0,0.238,-0.1846133631167466,1.0902252519264968,2026-10-01
NEULANDLAB.NS,Neuland Laboratories Limited,Pharma & Healthcare,Pharmaceuticals & Biotechnology,55.343952,43.813362,0.05748229331117574,14.719169,0.1941870698690816,0.12422569765236631,0.20987,0.55175,0.30601,0.31814,1.192,9.628,9.624,16.072,275906756608.0,0.298,0.9524228677928255,0.399412013697382,2026-10-01
NEWGEN.NS,Newgen Software Technologies Limited,IT & Technology,IT - Software,20.537806,15.628425,0.7387699999999999,3.6243854,0.16911496585224234,0.12306222172181906,0.19478,0.53375,0.13094,0.25242,0.112,0.278,0.263,2.214,64505860096.0,0.53,0.7713822509019338,-0.04652292965667055,2026-10-01
NFL.NS,National Fertilizers Limited,Chemicals,Fertilizers & Agrochemicals,8.605121,,0.31520589743589744,1.1022112,0.07444262191215707,0.018038588198367324,0.016210001,0.13881,0.03627,0.04508,0.273,,,139.519,31323430912.0,0.401,-6.344271596765805,0.14952712251331665,2026-10-01
NH.NS,Narayana Hrudayalaya Limited,Pharma & Healthcare,Healthcare Services,43.00815,24.847979,7.964472222222222,7.7949867,0.17755194877611102,0.06458015950100703,0.08996,0.39756,0.11686,0.17854999,0.78,0.054,0.054,129.033,353678065664.0,0.144,2.0124031931519277,0.019545532205706477,2026-10-01
NHPC.NS,NHPC Limited,Power & Utilities,Power,26.282051,11.2109375,9.386446785714284,1.7436633,0.09087828853218294,0.03137831908420977,0.31094998,0.934,0.46019,0.47801,0.185,0.028,0.029,113.111,720731242496.0,0.183,0.8746275632412222,0.25246202609531476,2026-10-01
NIACL.NS,The New India Assurance Company Limited,Insurance,Insurance,34.23291,8.283868,22.821939999999998,0.6850446,0.04949849937104317,0.012797285010305717,0.0148599995,0.17721,-0.01652,0.011089999,0.015,,,,264026095616.0,1.111,,0.3623568679278045,2026-10-01
NIVABUPA.NS,Niva Bupa Health Insurance Company Limited,Insurance,Insurance,72.98,21.533804,0.8136008918617614,3.5182955,0.121350005,0.011598228427809498,0.04814,0.11248,0.07807,0.066929996,0.279,0.897,0.929,6.799,134987071488.0,,2.7941269991971365,-0.3875046834020232,2026-10-01
NLCINDIA.NS,NLC India Limited,Power & Utilities,Power,10.656566,9.343173,-0.2519282742316785,1.6310018,0.1636347333792649,0.05401959993411271,0.17458001,0.80471003,0.17076999,0.3332,0.233,-0.423,-0.393,110.358,351096406016.0,0.488,1.4667168247118278,0.3436536759544664,2026-10-01
NMDC.NS,NMDC Limited,Metals & Mining,Diversified Metals,8.92823,7.2200704,22.320574999999998,1.9230175,0.21872901824390756,0.15418851743163314,0.23216999,0.46613997,0.3481,0.28876,0.008,0.004,0.004,18.802,656221208576.0,0.641,0.6705997782675339,0.13886315763729024,2026-10-01
NSLNISP.NS,NMDC Steel Limited,Metals & Mining,Ferrous Metals,146.25,,1.3163816381638165,0.90917164,0.004457534995293474,0.002079520407064703,0.006,0.3448,0.04299,0.111090004,0.088,1.111,0.976,35.019,120008310784.0,0.69,30.577316076294277,1.0247369174902476,2026-10-01
NTPC.NS,NTPC Limited,Power & Utilities,Power,9.618438,11.183265,0.8151218644067797,1.5044595,0.1331484227417584,0.04842536804684547,0.14531,0.48183,0.21673,0.30857,0.078,0.118,0.118,128.345,3055419654144.0,0.287,1.8815921769949713,0.1549820129909497,2026-10-01
NTPCGREEN.NS,NTPC Green Energy Limited,Power & Utilities,Power,126.51388,33.383785,3.286074805194805,4.115016,0.02755574818918239,0.008654927255386103,0.18476,1.0,0.58362997,0.86816,0.627,0.385,0.383,165.281,767554355200.0,,4.56601607347876,0.09909985698662405,2026-10-01
NUVAMA.NS,Nuvama Wealth Management Limited,Financial Services,Capital Markets,29.168524,20.268763,1.8697771794871796,7.5133915,0.2526219745980286,0.03018271000169028,0.28107,0.90196,0.3721,0.0,0.225,0.156,0.158,282.325,313935003648.0,0.377,-2.8947302697302697,0.05563949420485312,2026-10-01
NUVOCO.NS,Nuvoco Vistas Corporation Limited,Cement & Materials,Cement & Cement Products,29.796484,19.057886,1.5048729292929293,1.1246823,0.038464749655331865,0.017702825062490702,0.03329,0.63677,0.10953,0.16708,0.089,0.198,0.2,48.061,115040002048.0,0.322,4.132934465006262,15.453754578754578,2026-10-01
NYKAA.NS,FSN E-Commerce Ventures Limited,Retail,Retailing,361.05557,110.70344,1.44422228,64.7053,0.13869455764336083,0.04324952617220875,0.02405,0.45354,0.05269,0.05763,0.291,2.5,2.431,82.829,931069755392.0,0.356,3.2305455274769352,2.0181598062953996,2026-10-01
OBEROIRLTY.NS,Oberoi Realty Limited,Real Estate,Realty,24.238153,16.492826,0.8386904152249135,3.5598135,0.13991072605471766,0.09899636021186065,0.41592997,0.62612,0.53744,0.56571,0.317,0.289,0.29,15.765,637976510464.0,0.322,0.5503091555236717,0.12667349565181288,2026-10-01
OFSS.NS,Oracle Financial Services Software Limited,IT & Technology,IT - Software,26.637354,22.98445,0.22160860232945093,13.09733,0.49897,0.30941,0.38154,0.58602,0.59574,0.50176,0.687,1.202,1.205,0.567,907603017728.0,0.506,1.0551729836585457,0.1091359892418894,2026-10-01
OIL.NS,Oil India Limited,Oil & Gas,Oil,8.643177,6.7167797,0.09456429978118161,1.2450297,0.11414012396212582,0.05345211761122744,0.21685,0.56889,0.40747002,0.43051997,0.577,0.914,0.914,58.741,722213863424.0,0.256,1.6138741438744157,0.010534382141161636,2026-10-01
OLAELEC.NS,Ola Electric Mobility Limited,Auto,Automobiles,-9.411167512690355,-12.39827,0.20913705583756345,4.8963428,-0.5470008952551477,-0.23536209553158705,-0.92606,0.3266,-0.64176005,-0.41449,-0.45,,,82.453,163844685824.0,1.366,0.4228041462084015,0.19463971880492092,2026-10-01
OLECTRA.NS,Olectra Greentech Limited,Auto,Automobiles,50.609417,25.316397,-168.69805666666667,7.3341584,0.1445884085183684,0.06914164984846577,0.06984,0.22805999,0.09316,0.13687,0.657,-0.003,-0.003,30.841,89976897536.0,0.055,0.5845802285370452,0.27798022125980565,2026-10-01
ONESOURCE.NS,OneSource Specialty Pharma Limited,Pharma & Healthcare,Pharmaceuticals & Biotechnology,-353.9906103286385,19.97351,-9.515876621737593,2.9720142,-0.0126563783753472,-0.00898938783782829,-0.0315,0.67987996,0.11492,0.22249001,0.372,,,25.791,172928073728.0,,-0.11548311044266493,-3.106783150631573,2026-10-01
ONGC.NS,Oil and Natural Gas Corporation Limited,Oil & Gas,Oil,6.4287367,5.35464,0.3004082570093458,0.75252116,0.11142541811616577,0.052309775268801754,0.06181,0.35334,0.02931,0.14892,0.257,0.214,0.214,42.548,2797476773888.0,0.097,2.7210868468719704,0.1435105477689093,2026-10-01
OPTIEMUS.NS,Optiemus Infracom Limited,Telecom,Telecom - Equipment & Accessories,99.71464,,2.1677095652173914,9.177905,0.08499955642350907,0.035913045365773756,0.03279,0.12699,0.02693,0.042,1.028,0.46,0.458,45.355,72466776064.0,0.061,-0.18400738023031407,0.04238269006365062,2026-10-01
ORCHPHARMA.NS,Orchid Pharma Limited,Pharma & Healthcare,Pharmaceuticals & Biotechnology,300.91187,23.571428,-3.687645465686275,3.8979294,0.0063664613148186385,0.004409749313648606,0.03457,0.35847,0.0100300005,0.07123,0.759,-0.816,-0.784,28.156,50211913728.0,0.479,12.61532668614634,-0.926267393694404,2026-10-01
ORIENTCEM.NS,Orient Cement Limited,Cement & Materials,Cement & Cement Products,11.363726,10.212335,-0.18211099358974359,1.109792,0.15736525330976936,0.10776975309881112,0.08284,0.35519,0.16722,0.20594999,-0.303,-0.624,-0.625,3.377,23814854656.0,0.085,-0.11424692932282376,2.7008155938206877,2026-10-01
OSWALPUMPS.NS,Oswal Pumps Limited,Capital Goods,Industrial Manufacturing,8.726882,9.091168,-0.2024798607888631,1.6993787,0.22358877700543467,0.1753241216390945,0.16573,0.37583,0.14506,0.22068001,-0.079,-0.431,-0.431,14.111,30125793280.0,,-0.20484854283269285,0.3409143553577347,2026-10-01
PAGEIND.NS,Page Industries Limited,Textiles,Textiles & Apparels,54.16987,42.18065,-13.5424675,27.212923,0.508334558987461,0.26740879299618714,0.14126,0.57983,0.18332,0.20616,0.079,-0.04,-0.04,18.422,408901025792.0,0.033,1.040036762443655,0.047564123312057185,2026-10-01
PARADEEP.NS,Paradeep Phosphates Limited,Chemicals,Fertilizers & Agrochemicals,14.653101,13.206987,0.7044760096153846,2.3127275,0.14689654053950452,0.05555073996620945,0.04575,0.25261,0.10035,0.09854999,0.631,0.208,0.534,101.822,157045030912.0,-0.086,-1.0155660241486,0.5047554279084681,2026-10-01
PARAS.NS,Paras Defence and Space Technologies Limited,Aerospace & Defense,Aerospace & Defense,109.34019,76.86747,2.5727103529411766,14.162043,0.12143840678050678,0.09131936922041937,0.18473,0.50807,0.21437,0.25541002,0.373,0.425,0.427,3.731,102829432832.0,0.54,0.2792984535193106,0.38797850367016273,2026-10-01
PARKHOTELS.NS,Apeejay Surrendra Park Hotels Limited,Hospitality,Leisure Services,34.632107,16.97541,-2.4218256643356644,1.6365333,0.04895255974730318,0.031987343312644516,0.08862001,0.64606005,0.15457,0.31309998,0.081,-0.143,-0.144,27.784,22094903296.0,0.862,2.762288844924669,-0.21390118435219524,2026-10-01
PATANJALI.NS,Patanjali Foods Limited,Consumer Goods,Food Products,19.610712,19.460274,0.2277666898954704,2.9480367,0.13855056389529502,0.09650264537410128,0.046090003,0.13196,0.04322,0.04644,0.274,0.861,0.861,21.295,386360475648.0,-0.179,-0.18332159715426177,0.3949917521740494,2026-10-01
PATELENG.NS,Patel Engineering Limited,Capital Goods,Industrial Manufacturing,8.846416,6.1714287,1.26,0.60637254,0.060623130055775125,0.028268215389381762,0.05567,0.26361,0.11958,0.13594,0.038,0.08,0.217,27.377,24754835456.0,0.539,2.080887188155964,0.08599083323919113,2026-10-01
PAYTM.NS,One97 Communications Limited,Financial Services,Financial Technology (Fintech),164.44887,46.25488,2.058183604505632,6.6247687,0.03450642705603395,0.023123562617604013,0.07249,0.3698,0.029409999,0.07244,0.277,0.799,0.796,1.073,1058858991616.0,-0.265,-1.3435804701627487,1.8391502276176024,2026-10-01
PCBL.NS,PCBL Chemical Limited,Chemicals,Chemicals & Petrochemicals,48.786037,20.608974,0.8282858573853991,3.157471,0.04938971120485236,0.017519084442571366,0.030269999,0.30005,0.1182,0.11715999,0.17,0.589,0.648,124.132,126498226176.0,0.581,7.965027543336534,-0.5447077772664519,2026-10-01
PCJEWELLER.NS,PC Jeweller Limited,Consumer Durables,Consumer Durables,14.568182,0.62536585,0.332606894977169,1.1989151,0.08740373734593387,0.07580670489222006,0.22103001,0.24975,0.2692,0.22528,0.21,0.438,0.372,14.271,125735444480.0,0.326,-0.10841754611874703,0.23673186775142807,2026-10-01
PERSISTENT.NS,Persistent Systems Limited,IT & Technology,IT - Software,44.013447,30.337189,3.35,9.973223,0.25203,0.14809,0.12236,0.31683,0.15962,0.17749001,0.291,0.121,0.137,6.94,838491963392.0,0.079,0.7615944060739726,0.33207538275955406,2026-10-01
PETRONET.NS,Petronet LNG Limited,Oil & Gas,Gas,10.178253,10.044428,0.289978717948718,1.9213428,0.17556928887018158,0.14258491253644315,0.113199994,0.18132,0.24001,0.15622,-0.532,0.351,0.351,10.507,428250038272.0,0.458,1.2140584225552264,-0.015140912431909945,2026-10-01
PFC.NS,Power Finance Corporation Limited,Financial Services,Finance,4.0288863,3.517699,1.9185172857142856,0.73422116,0.19494781536243835,0.02081102072665482,0.54484004,0.99218005,0.85533994,0.0,0.008,0.021,0.021,536.837,1049432293376.0,0.599,0.5957468918035905,0.12657840241383406,2026-10-01
PFIZER.NS,Pfizer Limited,Pharma & Healthcare,Pharmaceuticals & Biotechnology,23.995148,18.856096,3.6356284848484846,4.200337,0.17188845796949725,0.14677927946231928,0.28608,0.64188004,0.35718,0.35269,0.083,0.066,0.066,1.671,176535912448.0,0.117,1.3393269936187588,-0.058845752996352266,2026-10-01
PGEL.NS,PG Electroplast Limited,Consumer Durables,Consumer Durables,67.19274,29.177223,4.9045795620437955,4.509326,0.06447803946405593,0.033054925651729745,0.03537,0.16988,0.05983,0.07162,0.353,0.137,0.138,19.567,137833562112.0,-0.16,0.3368613942632254,-0.3169929564765079,2026-10-01
PGHH.NS,Procter & Gamble Hygiene and Health Care Limited,Consumer Goods,Personal Products,27.27721,22.398787,-0.7952539358600582,28.604296,1.13674067978818,0.4748993645829868,0.18628,0.62208,0.18000999,0.25287,-0.049,-0.343,-0.343,0.115,215506829312.0,0.209,1.0789025102159953,0.2688512932950135,2026-10-01
PGIL.NS,Pearl Global Industries Limited,Consumer Durables,Consumer Durables,37.600475,23.541471,0.7752675257731959,7.9849277,0.19019796209765788,0.08557147789581676,0.058280002,0.48514,0.0904,0.0896,0.245,0.485,0.482,65.567,116677312512.0,0.066,1.4346509934313882,0.11807634707932978,2026-10-01
PHOENIXLTD.NS,The Phoenix Mills Limited,Real Estate,Realty,54.67422,38.688435,2.3465330472103,6.2803645,0.11137204148204406,0.05355246180776729,0.28164,0.93678004,0.50796,0.59906,0.128,0.233,0.233,37.211,690318278656.0,0.317,1.9820669995924225,0.24343064807188025,2026-10-01
PIDILITIND.NS,Pidilite Industries Limited,Chemicals,Chemicals & Petrochemicals,56.459698,46.16904,1.90742222972973,13.755391,0.22607843119153412,0.15868188006264544,0.17202,0.54792,0.24093,0.23993999,0.213,0.296,0.297,3.776,1491142836224.0,0.402,1.1549785211440144,0.17949755326937156,2026-10-01
PIIND.NS,PI Industries Limited,Chemicals,Fertilizers & Agrochemicals,29.156343,21.054615,-0.7495203856041132,3.0204787,0.11760829882908153,0.09824676242403504,0.17879999,0.57629,0.15491,0.22759001,-0.104,-0.389,-0.39,3.048,339214925824.0,0.366,0.3588734100545124,-0.2044332008191784,2026-10-01
PNB.NS,Punjab National Bank,Banking,Banks,5.700833,6.388563,0.03257618857142857,0.805342,0.14965999,0.01131,0.38147,0.0,0.47976002,0.0,-0.064,1.75,1.743,,1259281711104.0,0.5,1.3937825299072621,-0.004740185354234159,2026-10-01
PNBHOUSING.NS,PNB Housing Finance Limited,Financial Services,Finance,12.311162,10.411025,2.863060930232558,1.4804009,0.11921663467597128,0.024502077646233262,0.61353,0.98947,0.75161004,0.0,0.058,0.043,0.045,287.733,284797894656.0,0.308,-3.9208245316946284,0.1834061586455525,2026-10-01
PNCINFRA.NS,PNC Infratech Limited,Infrastructure,Construction,4.8392296,6.8809686,-0.21040128695652174,0.52070415,0.12208081603405362,0.060020661672878235,0.12999,0.38362,0.2867,0.225,0.187,-0.23,-0.231,75.883,35443453952.0,0.531,5.521892673451926,0.01997262247078829,2026-10-01
PNGJL.NS,P N Gadgil Jewellers Limited,Consumer Durables,Consumer Durables,17.704596,13.94449,0.34112901734104045,4.0242167,0.20880143229365689,0.08255562664277277,0.03898,0.12205,0.06822,0.060560003,0.407,0.519,0.519,88.504,85664546816.0,0.272,-1.7492996925479478,0.8776000146608757,2026-10-01
POLICYBZR.NS,PB Fintech Limited,Financial Services,Financial Technology (Fintech),60.60606,30.133873,0.6566203683640303,6.1941032,0.09162462269840901,0.07694693172473044,0.102019995,0.64252996,0.05251,0.08542,0.401,0.923,0.926,4.922,452857888768.0,0.397,0.061930919186792846,0.9028602266594711,2026-10-01
POLYCAB.NS,Polycab India Limited,Capital Goods,Electrical Equipment,42.18362,31.463707,1.2979575384615385,9.94605,0.25549,0.13395001,0.09184,0.24476999,0.12718001,0.13974,0.39,0.325,0.325,1.738,1203574145024.0,0.635,1.2430735318943618,0.3227951623522889,2026-10-01
POLYMED.NS,Poly Medicure Limited,Pharma & Healthcare,Healthcare Equipment & Supplies,52.621265,33.567623,-7.016168666666667,5.3456163,0.10665604652310542,0.08454419258141088,0.15774,0.69494003,0.16911,0.22881001,0.303,-0.075,-0.076,11.227,166040207360.0,0.011,0.7436778601119677,-0.021459003087218348,2026-10-01
POLYPLEX.NS,Polyplex Corporation Limited,Chemicals,Chemicals & Petrochemicals,20.801296,,0.7027464864864865,0.7611342,0.010601934736990469,0.005042903433817262,0.02043,0.31735,0.10727999,0.07093,0.296,,,13.292,33500631040.0,0.281,11.942929347983261,-0.7851361537759257,2026-10-01
POONAWALLA.NS,Poonawalla Fincorp Limited,Financial Services,Finance,45.429768,17.607243,0.13480643323442137,3.383981,0.052358150973845566,0.008989480278924256,0.22666,0.99867994,0.38981998,0.0,1.003,3.37,3.916,468.058,379612004352.0,0.314,-40.208910872815196,6.509558673988204,2026-10-01
POWERGRID.NS,Power Grid Corporation of India Limited,Capital Goods,Electrical Equipment,12.46572,13.149229,-15.582149999999999,2.3558319,0.15849647984064327,0.054043015905620675,0.33797002,0.97596,0.55737996,0.84461,0.027,-0.008,-0.009,150.813,2367468863488.0,0.156,2.5697330792725994,0.026190224618334382,2026-10-01
POWERINDIA.NS,Hitachi Energy India Limited,Capital Goods,Electrical Equipment,121.61374,62.365837,0.9847266396761133,26.945126,0.19085155217582825,0.08202116953897966,0.12555,0.38989,0.15841,0.16264999,0.686,1.235,1.235,1.663,1394669256704.0,0.568,1.2601534661483642,1.5726339913537164,2026-10-01
POWERMECH.NS,Power Mech Projects Limited,Capital Goods,Industrial Manufacturing,20.017784,13.718559,0.38569911368015414,3.1084805,0.14453281660108244,0.06512194598308214,0.06121,0.25159,0.088879995,0.1095,0.255,0.519,0.519,25.632,78288257024.0,0.647,1.0644523201186846,0.11489218328840971,2026-10-01
PPLPHARMA.NS,Piramal Pharma Limited,Pharma & Healthcare,Pharmaceuticals & Biotechnology,-84.24255319148936,48.60545,-4.841526045487895,3.218815,-0.03993100220763533,-0.018143015545748854,-0.03407,0.59415,-0.01249,0.09754,0.174,,,69.977,262313918464.0,0.335,-5.0702276492606,-4.576648743553166,2026-10-01
PRAJIND.NS,Praj Industries Limited,Capital Goods,Industrial Products,183.78789,28.971315,1.568156058020478,4.257933,0.01821184515470627,0.007801840528319321,0.00928,0.35959998,0.0067000003,0.02668,0.118,1.172,1.174,13.217,55741317120.0,0.134,8.392645627810214,-0.8910895385822765,2026-10-01
PREMIERENE.NS,Premier Energies Limited,Capital Goods,Electrical Equipment,23.57814,17.96361,0.4448705660377359,9.182991,0.35047992950324486,0.139215036649149,0.19667,0.39494,0.25125,0.30656,0.353,0.53,0.504,86.005,396392628224.0,-0.279,0.8352647559095172,0.6110515914513643,2026-10-01
PRESTIGE.NS,Prestige Estates Projects Limited,Real Estate,Realty,56.334347,25.953508,-2.9188780829015544,3.9335835,0.07752,0.016294569839712135,0.08725,0.58805,0.23696,0.24781,0.159,-0.193,-0.194,105.493,640108199936.0,0.439,2.6961104140526975,1.5572192513368983,2026-10-01
PRICOLLTD.NS,Pricol Limited,Auto,Auto Components,33.416744,22.38988,0.9686012753623189,7.1338387,0.19985815489803888,0.10132105199369773,0.06303,0.29563,0.083739996,0.12043,0.235,0.345,0.343,30.215,,-0.133,1.121451355661882,0.5015266718553554,2026-10-01
PRINCEPIPE.NS,Prince Pipes and Fittings Limited,Capital Goods,Industrial Manufacturing,26.238045,16.338507,0.04423136378961564,1.6614178,0.04450018546557941,0.03019202492561427,0.03886,0.2902,0.06914,0.1039,0.05,5.932,6.0,8.838,27302756352.0,0.677,7.193998442218609,0.6965573200417294,2026-10-01
PRIVISCL.NS,Privi Speciality Chemicals Limited,Chemicals,Chemicals & Petrochemicals,41.120956,25.606787,1.1422487777777777,9.881603,0.23189560038297002,0.10332993345584501,0.13096,0.39479,0.17247999,0.24660999,0.192,0.36,0.36,74.399,139571036160.0,0.059,1.6794633771481904,0.7515738304562665,2026-10-01
PRSMJOHNSN.NS,Prism Johnson Limited,Cement & Materials,Cement & Cement Products,26.16414,42.289795,0.0064762722772277225,3.412714,0.04770318021201413,0.009941713465907696,0.023510002,0.38616002,0.05361,0.08518,-0.045,40.4,40.035,77.196,52152774656.0,0.418,6.898353909465021,-0.08795195796321782,2026-10-01
PRUDENT.NS,Prudent Corporate Advisory Services Limited,Financial Services,Capital Markets,52.740955,37.191177,1.1878593468468468,14.631023,0.25155359928874743,0.1813496278556426,0.17491,0.44224998,0.27326,0.0,0.209,0.444,0.444,3.866,129151582208.0,0.392,0.9751585773634613,0.13497545556957186,2026-10-01
PTC.NS,PTC India Limited,Power & Utilities,Power,9.015142,11.726515,-0.18102694779116468,0.7658246,0.1012628808665105,0.04794900682542787,0.029000001,0.06121,0.03103,0.04487,0.191,-0.498,-0.498,25.059,45819125760.0,0.66,4.651354787576573,-0.32726464870869204,2026-10-01
PTCIL.NS,PTC Industries Limited,Capital Goods,Industrial Products,261.2073,56.874916,0.5608917758213442,21.91041,0.06738639298965524,0.051915077990930286,0.18008,0.82591003,0.18277,0.24555999,0.974,4.657,4.662,17.341,330210902016.0,0.316,-0.6760602489003896,0.6643919467046879,2026-10-01
PURVA.NS,Puravankara Limited,Real Estate,Realty,30.227474,14.722302,0.4891177022653722,2.717735,0.035640562327629126,0.0036917004246817204,0.03945,0.45095003,0.20804001,0.20111999,0.618,,,315.044,48530309120.0,0.334,5.407628315805996,1.3541805648209917,2026-10-01
PVRINOX.NS,PVR INOX Limited,Media,Entertainment,42.70204,20.739773,4.105965384615384,1.6192838,0.04527897868188163,0.02139979375236192,0.0652,0.66964996,0.13192001,0.35536,0.104,,,91.874,114313592832.0,0.327,6.466028135288836,2.1949213161659515,2026-10-01
QUESS.NS,Quess Corp Limited,Capital Goods,Industrial Manufacturing,19.917063,16.561577,0.333061254180602,4.298848,0.1899955763744102,0.07292360400011583,0.01595,0.0512,0.01787,0.021189999,0.145,0.598,0.609,10.656,50223546368.0,0.018,1.038069153472338,3.838718833238723,2026-10-01
RADICO.NS,Radico Khaitan Limited,Consumer Goods,Beverages,80.85878,53.14557,1.0639313157894736,17.110136,0.18230625180880142,0.1215879493769106,0.11297,0.45946997,0.18275,0.17586,0.118,0.76,0.759,15.033,567711694848.0,0.496,1.228555154806142,0.7490128360965049,2026-10-01
RAILTEL.NS,RailTel Corporation of India Limited,Telecom,Telecom - Services,23.836887,17.319866,0.9459082142857144,3.649832,0.16254,0.0509,0.08096,0.16123,0.10985,0.14321,0.276,0.252,0.249,2.817,82545360896.0,0.713,0.9137502795102795,0.15513158333611288,2026-10-01
RAIN.NS,Rain Industries Limited,Metals & Mining,Diversified Metals,13.065164,-137.18422,0.03355203903441191,0.87693036,0.08547,0.051149998,0.029089998,0.41772997,0.13454,0.13729,0.174,3.894,3.88,130.481,70134800384.0,1.106,2.385996691005953,1.0753612195601743,2026-10-01
RAINBOW.NS,Rainbow Children's Medicare Limited,Pharma & Healthcare,Healthcare Services,45.495914,32.352497,3.4207454135338344,7.8823867,0.1688777324319175,0.10030228748159355,0.1568,0.72923,0.1967,0.32049,0.332,0.133,0.132,53.558,129835900928.0,0.139,1.5077984931177086,0.14336712896016826,2026-10-01
RALLIS.NS,Rallis India Limited,Chemicals,Fertilizers & Agrochemicals,18.137148,13.729881,0.5757824761904762,1.9008319,0.09000621643979109,0.05497077771632711,0.07222,0.3994,0.15166001,0.12629,0.068,0.315,0.316,2.991,38833496064.0,0.495,0.9359908636067,0.4695117078238632,2026-10-01
RAMCOCEM.NS,The Ramco Cements Limited,Cement & Materials,Cement & Cement Products,30.422922,31.683317,-0.4806148815165877,2.4256907,0.08632225079106592,0.041997308180833984,0.06988,0.52969,0.0513,0.1455,0.096,-0.633,-0.633,47.897,196323524608.0,0.106,2.3059614971731195,1.5624426920960939,2026-10-01
RATEGAIN.NS,RateGain Travel Technologies Limited,IT & Technology,IT - Services,41.12769,22.83247,0.4051989162561577,4.949455,0.09690979657053975,0.05460621900805552,0.103769995,0.61583,0.17071,0.19145,1.876,1.015,1.022,47.296,99554451456.0,0.81,1.2022871899869847,-0.0696025922681868,2026-10-01
RATNAMANI.NS,Ratnamani Metals & Tubes Limited,Metals & Mining,Ferrous Metals,42.522728,29.332584,-0.9797863594470047,4.466452,0.11739179924767164,0.08956739659652814,0.099379994,0.41978002,0.12966,0.17719,-0.085,-0.434,-0.433,7.549,183598972928.0,0.357,1.9396993536677887,-0.11291606730057768,2026-10-01
RAYMONDLSL.NS,Raymond Lifestyle Limited,Textiles,Textiles & Apparels,88.03647,14.338689,14.92143559322034,0.3968708,0.004791496727834269,0.0032985734045106936,0.00622,0.41674,-0.012940001,0.06763,0.059,,,22.681,38230564864.0,0.639,11.752869828893221,0.208955223880597,2026-10-01
RBA.NS,Restaurant Brands Asia Limited,Hospitality,Leisure Services,-31.58219178082192,419.18182,-1.7643682559118392,7.4545307,-0.259432398887818,-0.05531068689109698,-0.05886,0.47676998,-0.00404,0.058330003,0.179,,,285.657,65680773120.0,0.408,-1.6178438939907418,0.13470735700872333,2026-10-01
RBLBANK.NS,RBL Bank Limited,Banking,Banks,34.0,20.045412,-2.905982905982906,1.5183053,0.05256103558986923,0.004863393728989799,0.11102,0.0,0.15658,0.0,-0.062,-0.117,0.093,,638345740288.0,0.659,8.62090874911196,0.22588753910025144,2026-10-01
RCF.NS,Rashtriya Chemicals and Fertilizers Limited,Chemicals,Fertilizers & Agrochemicals,13.201484,14.432433,0.05,1.1520538,0.08346676560181207,0.02559445969314192,0.02389,0.1317,0.03832,0.053319998,0.064,0.343,0.351,80.607,58920292352.0,0.382,-1.1023979412796818,0.7630439265828006,2026-10-01
RECLTD.NS,REC Limited,Financial Services,Finance,4.735846,4.32035,-0.7763681967213114,0.8997896,0.1917380885952886,0.02547522642847547,0.6889,0.9857,0.96852994,0.0,0.252,-0.061,-0.061,607.463,,0.318,0.36617045321455444,0.026689364231064397,2026-10-01
REDINGTON.NS,Redington Limited,Capital Goods,Commercial Services & Supplies,18.279743,13.013408,0.23832780964797912,3.0618606,0.14666465893690708,0.04403861350266882,0.013259999,0.049050003,0.01881,0.02003,0.346,0.767,0.765,27.26,311107125248.0,0.896,0.15524553421642442,-0.07142145011340695,2026-10-01
REFEX.NS,Refex Industries Limited,Chemicals,Chemicals & Petrochemicals,12.863915,,0.06211450989859971,2.4746196,0.1351944699756175,0.07153521554443748,0.08658,0.18211001,0.110360004,0.16565001,1.391,2.071,2.013,14.918,37230100480.0,1.711,0.5268717319775307,0.28073690216918945,2026-10-01
RELAXO.NS,Relaxo Footwears Limited,Consumer Durables,Consumer Durables,38.302013,28.707245,2.992344765625,3.217568,0.08125147301437662,0.06079133519162818,0.06732,0.60465,0.09648,0.144,0.077,0.128,0.124,10.545,71034626048.0,0.595,1.9426005466614604,0.052486350026419305,2026-10-01
RELIANCE.NS,Reliance Industries Limited,Oil & Gas,Petroleum Products,21.153984,16.352873,0.82,1.7479361,0.08934991095428249,0.037084393106044604,0.066149995,0.33837003,0.12331,0.15991001,0.297,-0.224,-0.224,36.653,,0.152,2.3783720210461157,0.1597605099931082,2026-10-01
RELIGARE.NS,Religare Enterprises Limited,Financial Services,Finance,148.73509,,5.720580384615385,2.570268,0.029556275574097804,0.00592588272407696,0.0055199997,0.82969004,-0.02617,0.011460001,0.26,,,12.72,77423747072.0,-0.251,21.172629254684253,-0.31024416391432597,2026-10-01
RENUKA.NS,Shree Renuka Sugars Limited,Consumer Goods,Diversified FMCG,-5.830601092896175,-4.9627905,1.01,-1.7092512,0.2959181348029079,-0.10685911908364301,-0.08415,0.20343,-0.05609,0.02878,0.055,,,,45421969408.0,-0.286,0.15375933299835118,-1.6424313189104436,2026-10-01
RHIM.NS,RHI Magnesita India Limited,Capital Goods,Industrial Products,-22.479556074766354,21.68169,-0.184864770351697,2.2320626,-0.10755329618874529,-0.078782153482852,-0.0868,0.39983,0.08676,0.11753,0.056,1.216,0.832,12.595,79472074752.0,0.359,-1.0683076990571314,-2.8909313386610624,2026-10-01
RITES.NS,RITES Limited,Infrastructure,Construction,24.133638,19.01482,2.873052142857143,3.7608616,0.1530150228998523,0.06923289807186708,0.16983,0.31462,0.18431,0.22629,0.087,0.084,0.089,0.236,100676878336.0,0.261,0.7982060594242816,0.06619022869022868,2026-10-01
RKFORGE.NS,Ramkrishna Forgings Limited,Auto,Auto Components,119.28817,34.714645,0.41247638312586443,3.8262417,0.021820245895458917,0.010002476472259693,0.02408,0.44102,0.09783,0.16129999,0.198,2.892,2.978,74.422,128803938304.0,0.424,11.696191918080485,-0.8270049625902235,2026-10-01
ROUTE.NS,Route Mobile Limited,IT & Technology,IT - Services,11.067715,7.2255635,0.6288474431818183,0.99281776,0.08630158254470878,0.06721162579473206,0.0551,0.16075,0.07048,0.11449,0.096,0.176,0.177,1.488,27494543360.0,0.372,2.431428332357125,-0.25036851183942294,2026-10-01
RPOWER.NS,Reliance Power Limited,Power & Utilities,Power,-25.207792207792206,,-0.5340633942328857,0.5004899,-0.021003876698783373,-0.008158606665263671,-0.041199997,0.53237,0.18153,0.32871,0.038,0.472,0.448,92.348,,0.827,-8.383626703078155,-1.1142840665845724,2026-10-01
RRKABEL.NS,R R Kabel Limited,Capital Goods,Electrical Equipment,46.937557,32.075157,0.36527281712062254,11.063662,0.19119760686752668,0.10650919007513086,0.0561,0.18229,0.080010004,0.08352,0.539,1.285,1.286,13.092,284822274048.0,1.38,0.599915566055848,0.579594751148066,2026-10-01
RTNINDIA.NS,RattanIndia Enterprises Limited,Financial Services,Financial Technology (Fintech),-5.35306553911205,,0.05518624267125825,4.541704,-0.21525758975626896,-0.05969891240641989,-0.08635,0.01898,-0.05661,-0.00029,0.019,-0.97,-0.97,143.033,34964070400.0,0.656,0.3356023189597326,-2.9591283235625037,2026-10-01
RTNPOWER.NS,RattanIndia Power Limited,Power & Utilities,Power,32.095238,,-11.462584999999999,0.7782011,0.011307304682699004,0.00545515259135352,0.03753,0.23446,0.080019996,0.14706999,-0.028,,,80.012,36194512896.0,0.425,7.0972540045766594,-0.7636986301369864,2026-10-01
RVNL.NS,Rail Vikas Nigam Limited,Infrastructure,Construction,45.60185,35.81818,2.698334319526627,4.1819687,0.08905561483388041,0.040304617366710316,0.0432,0.06396,0.040310003,0.04323,0.106,0.169,0.185,49.078,410748977152.0,0.813,-2.160045273182499,-0.3153968974531566,2026-10-01
SAFARI.NS,Safari Industries (India) Limited,Consumer Durables,Consumer Durables,40.86544,27.792162,-7.43008,6.06034,0.15050194227888075,0.11598451327433629,0.07829,0.46362,0.095790006,0.1137,0.115,-0.055,-0.054,10.456,67557486592.0,-0.395,1.033381020505484,0.17478991596638654,2026-10-01
SAGILITY.NS,Sagility Limited,IT & Technology,IT - Services,20.363207,14.595998,0.46491340182648405,2.0568895,0.09574061677394721,0.07338800696257891,0.13036,0.37634,0.15795,0.24826,0.276,0.438,0.459,11.497,202092953600.0,,1.3008332900792414,0.7153191386752188,2026-10-01
SAIL.NS,Steel Authority of India Limited,Metals & Mining,Ferrous Metals,16.87621,11.0012455,0.1393576383154418,1.1951972,0.05588187928003038,0.024818959129882377,0.03844,0.51803,0.09877,0.12129,0.013,1.211,1.208,52.899,720776658944.0,1.047,5.644953747628083,0.42203033957045644,2026-10-01
SAILIFE.NS,Sai Life Sciences Limited,Pharma & Healthcare,Pharmaceuticals & Biotechnology,90.28705,61.68807,4.340723557692307,13.119945,0.1404806078702317,0.0962207747080918,0.16075,0.74461997,0.18414,0.2975,0.117,0.208,0.212,11.614,327378927616.0,,1.459210111490069,1.0508193637881174,2026-10-01
SAMHI.NS,SAMHI Hotels Limited,Hospitality,Leisure Services,5.97176,12.657408,0.11595650485436892,2.2438805,0.23049885893922592,0.11292226864674451,0.39348,0.76697,0.22065,0.34487,0.121,0.515,0.056,81.102,34325661696.0,0.788,0.8091194655957374,4.882923976608187,2026-10-01
SAMMAANCAP.NS,Sammaan Capital Limited,Financial Services,Finance,-1.475607039429717,,0.02951214078859434,0.57026756,-0.3761983669510575,-0.09623155829836502,0.0,0.0,0.52972,0.0,-0.245,-0.5,-0.272,273.033,152178032640.0,0.587,1.0449740781797618,-2.9528177663682738,2026-10-01
SANDUMA.NS,The Sandur Manganese & Iron Ores Limited,Metals & Mining,Diversified Metals,12.037263,,0.35196675438596486,2.6544058,0.20181456074352733,0.11880435746245298,0.13456,0.55734,0.21271999,0.23992,0.211,0.342,0.363,30.577,86366240768.0,0.81,1.7402534113060428,0.39660122934257824,2026-10-01
SANOFI.NS,Sanofi India Limited,Pharma & Healthcare,Pharmaceuticals & Biotechnology,21.587774,16.930882,1.074018606965174,8.467989,0.40271,0.21086,0.17937,0.49008,0.24309,0.26451,0.077,0.201,0.201,1.78,69953208320.0,0.192,1.1077825578146487,-0.20991535671100361,2026-10-01
SANOFICONR.NS,Sanofi Consumer Healthcare India Limited,Consumer Goods,Personal Products,32.75841,28.283794,2.4630383458646614,25.073654,0.87948,0.37631,0.28006,0.74142,0.36486998,0.36471,0.067,0.133,0.133,5.979,87346036736.0,0.242,1.00187967518797,0.3265193370165746,2026-10-01
SANSERA.NS,Sansera Engineering Limited,Auto,Auto Components,82.67157,47.16428,2.1585266318537863,8.619918,0.10497215916065805,0.07210486362087055,0.09284,0.58574003,0.13137001,0.18455,0.333,0.383,0.391,19.023,266935779328.0,0.779,1.1943361062427489,0.5062371028610734,2026-10-01
SAPPHIRE.NS,Sapphire Foods India Limited,Hospitality,Leisure Services,-428.2040816326531,86.59621,-29.129529362765517,4.8491993,-0.022984943254955034,-0.009816971816018467,-0.0049799997,0.52721,0.047620002,0.09488,0.147,,,102.058,67511263232.0,0.337,-15.863122985952508,-2.660156858671376,2026-10-01
SARDAEN.NS,Sarda Energy & Minerals Limited,Metals & Mining,Ferrous Metals,15.446457,10.4532,2.860455,2.3673947,0.15004884667571236,0.09725522615142428,0.19941,0.50598997,0.35115,0.3234,-0.015,0.054,0.055,35.204,174340636672.0,0.527,1.5687790497893042,0.5802063387728273,2026-10-01
SAREGAMA.NS,Saregama India Limited,Media,Entertainment,43.02174,31.613419,1.0341764423076922,5.708698,0.12233204023538542,0.08917816161776858,0.21314,0.51856,0.26434,0.36012,0.275,0.416,0.406,4.281,94971953152.0,0.617,0.48300203458848723,0.013818596646698964,2026-10-01
SBFC.NS,SBFC Finance Limited,Financial Services,Finance,19.309633,13.740281,0.6751619930069931,2.4989612,0.12102405485735884,0.040669070909652175,0.44877997,0.9975,0.58551,0.0,0.246,0.286,0.29,195.685,93308878848.0,0.597,-4.198224176136175,0.3061262921244148,2026-10-01
SBICARD.NS,SBI Cards and Payment Services Limited,Financial Services,Financial Technology (Fintech),23.53531,15.843438,1.2069389743589742,3.4096553,0.13778321833963944,0.03266669973475673,0.18199,0.24650998,0.26674,0.0,0.234,0.195,0.195,280.206,535965794304.0,0.243,0.22754775673717295,0.13060879456901184,2026-10-01
SBILIFE.NS,SBI Life Insurance Company Limited,Insurance,Insurance,66.342964,49.297573,3.043255229357798,8.579088,0.13703,0.00349,0.021389998,0.09709,0.01711,0.024230001,0.188,0.218,0.22,,1727462113280.0,0.351,,0.02361911076119836,2026-10-01
SBIN.NS,State Bank of India,Banking,Banks,10.198824,9.077488,0.53,1.4160429,0.15177,0.01132,0.22376,0.0,0.35717,0.0,0.103,0.099,0.137,,8806932152320.0,0.386,0.4573583058760292,0.07397300658448809,2026-10-01
SCHAEFFLER.NS,Schaeffler India Limited,Auto,Auto Components,48.4006,38.605,3.7231230769230765,9.899997,0.21645,0.12267999,0.119320005,0.38415,0.14774999,0.18069,0.173,0.13,0.135,0.783,607333515264.0,0.111,0.7726391108902126,0.22526255245723537,2026-10-01
SCI.NS,The Shipping Corporation of India Limited,Infrastructure,Transport Services,7.682681,80.92424,0.10243574666666666,1.3668935,0.14873316483973137,0.10158200998610954,0.25642002,0.45262,0.32518002,0.41059,0.403,0.75,0.749,29.454,124391620608.0,0.468,0.9928229311415309,0.6037838734915479,2026-10-01
SENCO.NS,Senco Gold Limited,Consumer Durables,Consumer Durables,9.104991,11.806573,-2.7590881818181816,2.0683722,0.22847700824765563,0.08133095121635527,0.05909,0.18457001,0.0627,0.09917,0.673,-0.033,-0.034,107.377,52022165504.0,0.36,-1.374276316820443,2.605063116333666,2026-10-01
SFL.NS,Sheela Foam Limited,Consumer Durables,Consumer Durables,31.477797,21.789755,0.043328006882312455,2.0706782,0.049081169510080076,0.031193506841229915,0.05321,0.39040002,0.0727,0.100530006,0.256,7.265,7.269,27.85,67340226560.0,0.25,2.564500971117098,0.7863458310016788,2026-10-01
SHAILY.NS,Shaily Engineering Plastics Limited,Capital Goods,Industrial Products,78.5871,37.975513,4.705814371257485,19.295164,0.23708396053551764,0.14817017200643007,0.17255,0.55152,0.24588,0.28694,0.138,0.167,0.167,24.755,138404298752.0,-0.107,1.3284651299112895,0.8246770261708137,2026-10-01
SHAKTIPUMP.NS,Shakti Pumps (India) Limited,Capital Goods,Industrial Manufacturing,26.524532,14.146419,-0.5514455717255717,3.2854373,0.15093609914740266,0.08449733957052598,0.07222,0.28682,0.08767,0.12393,0.379,-0.481,-0.467,29.625,56035016704.0,-0.148,0.48159795015140927,-0.36924847564708474,2026-10-01
SHARDACROP.NS,Sharda Cropchem Limited,Chemicals,Fertilizers & Agrochemicals,10.221967,8.623541,-0.266892088772846,2.0400004,0.21707752911002967,0.11778990709824749,0.11851,0.35229,0.03965,0.19296,0.049,-0.383,-0.383,0.104,63984377856.0,0.584,0.9630271083231379,1.2368907376117155,2026-10-01
SHARDAMOTR.NS,Sharda Motor Industries Limited,Auto,Auto Components,16.069204,12.636735,-1.199194328358209,4.0599904,0.2630628793188629,0.15593263937723173,0.09092,0.22378999,0.087460004,0.116210006,0.337,-0.134,-0.134,3.744,53320273920.0,0.584,1.0506359274471504,0.09682832983134237,2026-10-01
SHAREINDIA.NS,Share India Securities Limited,Financial Services,Finance,12.384662,,0.2635034468085106,1.7245903,0.12276254697453982,0.07047526379608622,0.25608,0.65511,0.40546,0.0,0.329,0.47,0.475,27.925,44878929920.0,-0.132,-0.5638799313819416,-0.01265830898593121,2026-10-01
SHILPAMED.NS,Shilpa Medicare Limited,Pharma & Healthcare,Healthcare Services,70.09881,51.005394,0.6074420277296361,8.03355,0.09390593583692561,0.06566530206902507,0.17665,0.69347,0.21697001,0.28246,0.449,1.154,1.152,25.465,208118611968.0,0.369,1.406238441622488,2.1080597777493932,2026-10-01
SHREECEM.NS,Shree Cement Limited,Cement & Materials,Cement & Cement Products,48.518955,31.76765,0.67,3.3960135,0.07493532833094016,0.05539386110360091,0.07445,0.61942,0.09405,0.2007,0.18,-0.177,-0.177,8.013,790168403968.0,0.283,2.1760478561104866,0.5529093224792255,2026-10-01
SHRIPISTON.NS,SPR Auto Technologies Limited,Consumer Durables,Consumer Durables,35.087513,23.63421,4.385939125,6.818292,0.1904461198219712,0.08980112080739482,0.11332,0.5043,0.13877,0.18303,0.531,0.08,0.08,65.22,208297558016.0,0.777,1.1313040267581773,0.09043326892751484,2026-10-01
SHRIRAMFIN.NS,Shriram Finance Limited,Financial Services,Finance,16.696114,13.166549,0.5659699661016949,2.6973875,0.18495001,0.031191520721680112,0.50009996,0.96810997,0.68518996,0.0,0.428,0.295,0.599,276.215,2223627567104.0,0.606,-1.3249419402723022,0.0492305695522838,2026-10-01
SHYAMMETL.NS,Shyam Metalics and Energy Limited,Metals & Mining,Ferrous Metals,25.877995,15.514052,1.2501446859903382,2.5906851,0.0928801221229891,0.05334971018162749,0.057350002,0.28141,0.09275,0.12818,0.235,0.207,0.181,8.133,291630579712.0,0.512,1.8907534758558828,0.17854861799361305,2026-10-01
SIEMENS.NS,Siemens Limited,Capital Goods,Electrical Equipment,80.38884,56.13101,0.19795331199212016,9.788029,0.15907647645831444,0.10526684409581173,0.19017,0.28199,0.074889995,0.10298,0.148,4.061,4.067,2.213,1354682466304.0,0.576,0.17807242657542058,-0.22542884487962894,2026-10-01
SIGNATURE.NS,Signatureglobal (India) Limited,Real Estate,Realty,9.942699,13.381853,-0.2746601933701658,5.602702,0.5918226113058692,0.06343758347122899,0.45731997,0.25553,-0.09312,-0.05371,-0.362,,,161.04,103748919296.0,0.799,0.11484997643034894,9.829001909322042,2026-10-01
SJVN.NS,SJVN Limited,Power & Utilities,Power,32.903408,12.052832,-19.35494588235294,1.5994145,0.04509356099232803,0.01240362071053846,0.12771,0.89149004,0.45679,0.70644,0.52,-0.017,-0.012,226.528,227574431744.0,0.466,2.8963057562920507,-0.21665080643193518,2026-10-01
SKFINDIA.NS,SKF India Limited,Auto,Auto Components & Equipments,34.178646,24.705376,5.64,5.3929024,0.20004663793168295,0.12791542209588125,0.068330005,0.4096,0.12156,0.1276,-0.542,-0.477,-0.476,0.219,71694934016.0,0.375,1.3643679025344062,-0.5300666183668781,2026-10-01
SKIPPER.NS,Skipper Limited,Capital Goods,Electrical Equipment,27.168674,17.686275,1.0696328346456694,4.0702133,0.14292036970847535,0.04701361302926078,0.04006,0.23751,0.09004,0.10487001,0.045,0.254,0.255,63.557,66113335296.0,0.654,1.3014822148296556,0.42706868613822935,2026-10-01
SKYGOLD.NS,Sky Gold and Diamonds Limited,Consumer Durables,Consumer Durables,37.30557,20.301779,0.3003669082125604,10.478794,0.23097661288462062,0.12543085368653217,0.046680003,0.08755,0.075619996,0.07248,0.779,1.242,1.369,72.072,125548519424.0,0.122,-0.16316879669713613,1.0754896336595674,2026-10-01
SOBHA.NS,Sobha Limited,Real Estate,Realty,56.11008,16.78023,0.20478131386861315,2.748886,0.04097686153105595,0.00990930745720883,0.04106,0.32201,0.03862,0.063379996,0.5,2.74,2.734,24.62,129745690624.0,0.428,2.222622642289874,1.0426250976913165,2026-10-01
SOLARINDS.NS,Solar Industries India Limited,Chemicals,Chemicals & Petrochemicals,87.92603,55.25453,0.9485008629989212,27.966421,0.26724494997769704,0.153642899665705,0.17543,0.49456,0.25502002,0.2719,0.703,0.927,0.927,23.271,1755507064832.0,0.245,0.37010521295937526,0.387046897737796,2026-10-01
SONACOMS.NS,Sona BLW Precision Forgings Limited,Auto,Auto Components,71.81088,47.720474,1.6210130925507902,8.36694,0.1070007078512994,0.08576979507796433,0.14212,0.49922,0.16643,0.22680001,0.524,0.443,0.447,7.213,502423388160.0,0.454,1.0295044784699159,0.06480398793771924,2026-10-01
SONATSOFTW.NS,Sonata Software Limited,IT & Technology,IT - Software,15.595457,12.126492,-19.49432125,3.6920507,0.2438216346481994,0.09121263962571372,0.04205,0.12104,0.04341,0.056020003,0.106,-0.008,-0.011,37.962,70319636480.0,0.376,1.15855207907147,0.0935314479478183,2026-10-01
SOUTHBANK.NS,The South Indian Bank Limited,Banking,Banks,8.236111,6.7578344,0.48164391812865487,1.0530756,0.13596,0.0111,0.29435,0.0,0.38448003,0.0,0.086,0.171,0.172,,124269248512.0,0.164,2.6837972952521305,0.11706477944528787,2026-10-01
SPARC.NS,Sun Pharma Advanced Research Company Limited,Pharma & Healthcare,Pharmaceuticals & Biotechnology,3.9764442,3.5041516,0.012659803247373447,4.705611,1.1601230539684284,0.7154734572151097,0.82971,0.98299,-0.90681,0.85113,3.141,,,41.776,62999379968.0,0.648,-0.15373174024820818,5.534778607536027,2026-10-01
SRF.NS,SRF Limited,Chemicals,Chemicals & Petrochemicals,34.08555,27.565907,0.4508670634920635,5.2480483,0.13068513597042178,0.07600136996115821,0.12715,0.48316002,0.2217,0.24104,0.318,0.756,0.755,36.195,736924598272.0,0.126,1.3914493401192254,0.4672284494475447,2026-10-01
STAR.NS,Strides Pharma Science Limited,Pharma & Healthcare,Pharmaceuticals & Biotechnology,16.305428,11.37107,0.28406668989547035,3.2175972,0.17898032704062505,0.08029080013488793,0.12259,0.56186,0.13701001,0.16386999,0.13,0.574,0.575,55.821,99988963328.0,0.388,1.2630849363440388,-0.8452205467996677,2026-10-01
STARCEMENT.NS,Star Cement Limited,Cement & Materials,Cement & Cement Products,19.538883,17.42352,-0.8073918595041322,2.2619667,0.12328398558687652,0.08466458081236414,0.0971,0.71378,0.10931,0.23571,0.034,-0.242,-0.241,18.924,72101740544.0,-0.022,1.9441028284482755,1.3279166545859917,2026-10-01
STARHEALTH.NS,Star Health and Allied Insurance Company Limited,Insurance,Insurance,47.458076,19.18005,0.4330116423357664,3.1197782,0.07507,0.025309999,0.03619,0.21954,0.13664,0.0,14.078,1.096,1.094,,316384575488.0,0.187,,-0.13761496299507633,2026-10-01
STLTECH.NS,Sterlite Technologies Limited,Telecom,Telecom - Equipment & Accessories,205.8944,29.395384,0.11731874643874643,20.561522,0.024691358024691357,0.00882445635045698,0.04306,0.48698002,0.15707,0.13818,0.874,17.55,18.7,85.626,491104763904.0,1.573,9.285714285714286,1.4552845528455285,2026-10-01
STYRENIX.NS,Styrenix Performance Materials Limited,Chemicals,Chemicals & Petrochemicals,13.41559,16.322477,0.08820243261012492,2.644597,0.13382760866860377,0.07365380897138438,0.076799996,0.29952,0.18767999,0.13676,0.071,1.521,1.664,40.115,36160405504.0,0.401,1.0021875854525568,-0.2176536026014034,2026-10-01
SUBROS.NS,Subros Limited,Consumer Durables,Consumer Durables,26.869362,18.662127,16.793351249999997,3.5922022,0.13314625269502461,0.07761887500309263,0.04255,0.26688,0.0504,0.08420999,0.175,0.016,0.017,6.009,44679966720.0,0.553,0.6358340326115173,0.10038203511587601,2026-10-01
SUDARSCHEM.NS,Sudarshan Chemical Industries Limited,Chemicals,Chemicals & Petrochemicals,135.68306,19.433865,1.2922196190476192,2.8287463,0.006463393426468031,0.0022934600392870734,0.0073,0.47987,0.06166,0.055960003,0.054,1.05,1.061,64.172,98844327936.0,0.502,15.426008968609866,-0.6010733452593918,2026-10-01
SUMICHEM.NS,Sumitomo Chemical India Limited,Chemicals,Fertilizers & Agrochemicals,35.968994,28.609264,1.763185980392157,6.1494064,0.16018201187195563,0.12135467618615298,0.17858,0.41834998,0.20319,0.20333,0.006,0.204,0.205,1.865,208443260928.0,0.207,0.8205221708989915,0.07412125911975564,2026-10-01
SUNDARMFIN.NS,Sundaram Finance Limited,Financial Services,Finance,21.84841,19.85322,0.6464026627218934,3.2792597,0.13823734394366463,0.02399732106880776,0.4609,0.89157,0.6055,0.0,0.268,0.338,0.339,409.161,484505387008.0,0.179,-2.861884732327599,0.09546460647852552,2026-10-01
SUNDRMFAST.NS,Sundram Fasteners Limited,Auto,Auto Components,38.678143,26.97719,2.8650476296296294,5.52276,0.13828642539017177,0.09956833175296383,0.09259,0.57837003,0.12101,0.15668,0.204,0.135,0.135,14.532,236100222976.0,0.21,1.4158801041983828,0.09660545353366723,2026-10-01
SUNFLAG.NS,Sunflag Iron and Steel Company Limited,Metals & Mining,Diversified Metals,38.026318,,6.913876000000001,0.88125694,0.022806372935761203,0.01791903624188175,0.05138,0.38214,0.08288,0.12165,0.065,0.055,0.055,5.905,78125137920.0,1.096,1.9278477884852978,0.2486116253239541,2026-10-01
SUNPHARMA.NS,Sun Pharmaceutical Industries Limited,Pharma & Healthcare,Pharmaceuticals & Biotechnology,35.79094,27.906345,1.04,5.1707554,0.13736278134916452,0.10552370993044827,0.20188999,0.78924006,0.23247999,0.2768,0.105,0.274,0.27,5.517,4321202143232.0,0.121,1.0818647632023222,0.050359409426628504,2026-10-01
SUNTECK.NS,Sunteck Realty Limited,Real Estate,Realty,19.206186,12.557214,0.7302732319391634,1.1345367,0.05659495740960733,0.020616553154745684,0.18917,0.54311,0.32939997,0.28714,0.017,0.263,0.265,17.311,41035005952.0,0.737,-2.116293851547572,0.3595915540650669,2026-10-01
SUNTV.NS,Sun TV Network Limited,Media,Media,15.445417,13.4809,0.9085539411764706,1.8659061,0.11386055605471963,0.10400755430742188,0.33966,0.67475,0.43866003,0.55379003,0.13,0.17,0.17,0.837,236411371520.0,0.13,1.2515039108628905,-0.1542230682459109,2026-10-01
SUPREMEIND.NS,The Supreme Industries Limited,Capital Goods,Industrial Products,41.676945,32.25421,1.0769236434108527,6.95973,0.15463919196896778,0.12238530627115969,0.09115,0.32692,0.10142,0.14239,0.042,0.387,0.388,1.473,429536444416.0,0.183,1.2838529109624939,-0.007180917492298726,2026-10-01
SUPRIYA.NS,Supriya Lifescience Limited,Pharma & Healthcare,Pharmaceuticals & Biotechnology,37.83015,23.994846,-1.2282516233766234,6.2579403,0.17459650857077497,0.1540924923384818,0.22736,0.68065,0.21396999,0.33178002,0.326,-0.308,-0.309,0.454,74929487872.0,0.649,0.8883368400918134,0.11259490202546327,2026-10-01
SURYAROSNI.NS,Surya Roshni Limited,Capital Goods,Electrical Equipment,15.399162,9.390213,0.20050992187500002,1.8263302,0.10852651364128268,0.08062546016683075,0.03906,0.22538,0.0381,0.0665,0.275,0.768,0.772,3.031,48025714688.0,0.539,1.401840383471537,-0.17538949798038084,2026-10-01
SUZLON.NS,Suzlon Energy Limited,Capital Goods,Electrical Equipment,16.991266,18.386906,0.35,5.470266,0.39366,0.167651357845678,0.18090001,0.34494,0.1305,0.17573,0.225,-0.083,-0.059,2.807,534873309184.0,0.646,0.37999108551269367,0.5270053050013758,2026-10-01
SWANCORP.NS,Swan Corp Limited,Diversified,Diversified,38.80512,,-2.3661658536585364,1.1346432,0.03637379579032692,0.01978829284969527,0.053590003,0.01437,-0.03392,-0.05975,-0.164,,,24.561,85511036928.0,-0.134,-0.05285792403748186,-0.6370631388992233,2026-10-01
SWIGGY.NS,Swiggy Limited,Retail,Retailing,-16.102841677943168,-42.38994,-0.4317115731352056,3.3866951,-0.2268210112482254,-0.1645995958315172,-0.1505,0.44366002,-0.13916999,-0.13719,0.373,,,13.929,623560425472.0,,0.6976408281174772,-0.3326916907282644,2026-10-01
SWSOLAR.NS,Sterling and Wilson Renewable Energy Limited,Power & Utilities,Power,-13.399999999999999,9.156667,-0.19336219336219335,5.9238763,-0.4762293189688342,-0.05819175464793076,-0.03893,0.09736,0.04741,0.03916,-0.097,0.693,0.696,182.951,38492295168.0,0.716,0.8316905277445625,-4.7990178023327195,2026-10-01
SYMPHONY.NS,Symphony Limited,Consumer Durables,Consumer Durables,-27.419664268585134,20.470255,5.376404758546105,7.200706,-0.2587029089175012,-0.1370082564351627,-0.12349,0.47977,0.10582,0.10488,0.506,-0.051,-0.048,31.64,39259439104.0,0.274,0.5753278979085431,-1.663764705882353,2026-10-01
SYNGENE.NS,Syngene International Limited,Pharma & Healthcare,Healthcare Services,65.93066,33.89773,-4.172826582278481,3.000706,0.065447406488944,0.04489205777708478,0.061389998,0.67999,0.03899,0.24004,-0.158,,,9.473,145424384000.0,0.076,2.889801073571203,-0.36174929463925837,2026-10-01
SYRMA.NS,Syrma SGS Technology Limited,Capital Goods,Industrial Products,89.19522,54.98128,1.0371537209302326,11.4815235,0.11102694861413716,0.055074456582115065,0.06737,0.25413,0.08756,0.11412,0.683,0.86,1.012,13.045,330910466048.0,0.21,0.911212159355529,0.870713659188443,2026-10-01
TANLA.NS,Tanla Platforms Limited,IT & Technology,IT - Services,12.130068,10.899442,0.5463994594594594,2.5998497,0.20464058663020152,0.1364995484472435,0.11576,0.20104,0.1372,0.15303999,0.178,0.222,0.201,2.118,64407740416.0,0.731,1.1277610460500704,0.003672507721531264,2026-10-01
TARC.NS,TARC Limited,Real Estate,Realty,-299.0,1.7838068,5.13745704467354,3.8335674,0.017956142608925554,0.004146240473468442,-0.02655,0.15687001,0.17542,-0.21898001,1.861,-0.582,-0.582,178.38,37058195456.0,0.241,10.000823239473545,1.0824811021354004,2026-10-01
TARIL.NS,Transformers and Rectifiers (India) Limited,Capital Goods,Electrical Equipment,31.58605,21.880524,-3.7160058823529414,5.44397,0.1745344362073632,0.09918145941809342,0.10132,0.31877002,0.15117,0.15301,0.081,-0.085,-0.087,29.595,84286562304.0,-0.252,-0.3985778584666591,0.23391048676902973,2026-10-01
TATACHEM.NS,Tata Chemicals Limited,Chemicals,Chemicals & Petrochemicals,-7.151429579950582,19.547499,-0.49662705416323494,0.73017514,-0.0894086579270018,-0.04857677230919013,-0.14319,0.62024,0.051469997,0.10090999,0.144,,,36.081,154840858624.0,0.576,-0.6693037974683544,-9.068085106382979,2026-10-01
TATACOMM.NS,Tata Communications Limited,Telecom,Telecom - Services,50.81522,21.483395,-1.728408843537415,13.914956,0.29055943650204236,0.03526165736161955,0.0372,0.27455,0.07454,0.1633,0.105,-0.294,-0.293,335.854,479799115776.0,0.809,4.472078836227124,-0.4545895140386417,2026-10-01
TATACONSUM.NS,Tata Consumer Products Limited,Consumer Goods,Agricultural Food & other Products,59.330444,40.01353,0.55,4.3465624,0.07078819857046668,0.04476538445463031,0.078379996,0.41109002,0.10458,0.13137001,0.119,0.279,0.278,12.159,947133284352.0,0.405,1.57028463982364,0.20636385679757835,2026-10-01
TATAELXSI.NS,Tata Elxsi Limited,IT & Technology,IT - Software,29.44963,21.55873,1.6270513812154697,6.3350697,0.20662932502840112,0.1585927965395933,0.1674,0.33076,0.18971,0.2164,0.145,0.181,0.182,5.336,192680083456.0,0.308,1.0565706332110338,-0.19938739016950155,2026-10-01
TATAINVEST.NS,Tata Investment Corporation Limited,Financial Services,Finance,72.44405,,-40.24669444444445,1.064935,0.014841327496014026,0.013281850910772025,1.05248,0.9999,0.91651,0.89442,0.041,-0.018,-0.019,0.007,311186358272.0,0.298,0.6442265012023823,0.38960006126431995,2026-10-01
TATAPOWER.NS,The Tata Power Company Limited,Power & Utilities,Power,29.033995,21.183222,2.663669266055046,2.834236,0.09494438547847694,0.02141864124103158,0.060890004,0.35709998,0.14453,0.20766,0.056,0.109,0.11,168.051,1118848155648.0,0.324,1.599419831927391,-0.05636111810627046,2026-10-01
TATASTEEL.NS,Tata Steel Limited,Metals & Mining,Ferrous Metals,20.112993,9.944135,1.7642976315789474,2.1749222,0.10564860794977667,0.035829785027663194,0.04602,0.56355,0.09252,0.14178,0.143,0.114,0.116,89.017,2220428099584.0,0.857,3.248553113943377,2.155631762514947,2026-10-01
TATATECH.NS,Tata Technologies Limited,IT & Technology,IT - Services,50.89585,29.7064,8.20900806451613,7.2309604,0.139316454986402,0.06104790773622711,0.094,0.24545,0.13259,0.1397,0.338,0.062,0.061,23.908,283749023744.0,0.853,1.4191624435134196,-0.1925696137085457,2026-10-01
TBOTEK.NS,TBO Tek Limited,IT & Technology,IT - Services,67.94715,33.31491,2.10362693498452,11.527109,0.15754958691809492,0.026244394735651957,0.08561,0.79880995,0.11933,0.14199,0.811,0.323,0.324,48.762,178489425920.0,0.628,-0.08503270488649481,0.06270362911118747,2026-10-01
TCS.NS,Tata Consultancy Services Limited,IT & Technology,IT - Software,15.079941,12.791216,2.68,6.8478684,0.47743,0.24479,0.18052,0.40389,0.23963,0.26125,0.139,0.046,0.046,10.211,,0.166,1.0511455573892698,0.013531604638230388,2026-10-01
TDPOWERSYS.NS,TD Power Systems Limited,Capital Goods,Electrical Equipment,90.017044,53.253784,1.2502367222222222,23.09206,0.22278676384350551,0.12723809789741453,0.12945,0.32661998,0.17884001,0.17920999,0.721,0.72,0.723,1.689,248502894592.0,0.569,0.5405409027498284,0.3677488943153978,2026-10-01
TEAMLEASE.NS,TeamLease Services Limited,Capital Goods,Commercial Services & Supplies,13.370367,11.243222,0.4271682747603834,1.8960317,0.13389245662800728,0.04988073473118894,0.01238,0.02488,0.00596,0.01408,0.05,0.313,0.314,10.971,18022883328.0,0.173,2.1604982461164006,0.28438764251563076,2026-10-01
TECHM.NS,Tech Mahindra Limited,IT & Technology,IT - Software,26.54086,17.546156,1.86,4.5842204,0.1624458896384989,0.09744700158397712,0.086780004,0.35758,0.14409,0.15654,0.177,0.283,0.285,7.269,1358120615936.0,0.158,1.2829200357521462,0.1315770904386687,2026-10-01
TECHNOE.NS,Techno Electric & Engineering Company Limited,Infrastructure,Construction,26.974607,17.158075,-0.8563367301587301,2.79281,0.11399603786997622,0.07979542975344944,0.12845,0.2138,0.14791,0.13918,0.198,-0.315,-0.314,1.744,116136755200.0,0.771,-1.2449874964388592,0.12039390464481198,2026-10-01
TEGA.NS,Tega Industries Limited,Capital Goods,Industrial Manufacturing,552.34827,23.815699,1.4384069531249999,4.6159134,0.041868397758143404,0.03306362266774829,0.00691,0.4993,0.10032,0.12267,3.84,,,11.693,157272309760.0,0.405,2.4558824560296664,-0.28716270237857283,2026-10-01
TEJASNET.NS,Tejas Networks Limited,Telecom,Telecom - Equipment & Accessories,-8.9851150202977,,-0.09066715459432594,2.8187633,-0.31010928495634404,-0.09666235231682714,-0.70371,0.29337,-0.48416,-0.67337996,0.991,,,142.52,82692341760.0,-0.076,-0.14871986709062704,-3.0354511454997426,2026-10-01
TEXRAIL.NS,Texmaco Rail & Engineering Limited,Infrastructure,Transport Infrastructure,23.845863,18.934328,0.3481147883211679,2.1705506,0.08219743190677868,0.038613931228436475,0.05095,0.17501,0.059019998,0.089099996,-0.169,0.685,0.668,37.094,51614838784.0,0.645,1.8584211556574042,-0.21683249216623002,2026-10-01
THANGAMAYL.NS,Thangamayil Jewellery Limited,Consumer Durables,Consumer Durables,38.56712,26.669716,0.4479340301974449,10.670173,0.248340395480226,0.09204389000277453,0.040700004,0.10276,0.04855,0.06316,0.712,0.861,0.862,64.492,151089692672.0,0.564,0.9166216408360586,1.9622609721169235,2026-10-01
THELEELA.NS,Leela Palaces Hotels & Resorts Limited,Hospitality,Leisure Services,42.019943,31.03283,0.1086628988880269,2.9492111,0.06295443301751019,0.045175736836938644,0.27621,0.73050004,0.31457,0.48299998,0.281,3.867,4.567,28.065,190005346304.0,,1.9266695441218056,7.429004537186108,2026-10-01
THERMAX.NS,Thermax Limited,Capital Goods,Electrical Equipment,63.914036,37.585247,-0.7663553477218227,6.822681,0.12982052155236876,0.05424589918318701,0.05474,0.34087002,0.0039500003,0.08078,0.071,-0.834,-0.834,42.166,378567131136.0,0.301,0.7516308119361554,0.13559348747773733,2026-10-01
THOMASCOOK.NS,Thomas Cook (India) Limited,Hospitality,Leisure Services,21.517094,15.612403,1.91,1.8420283,0.08594688847522326,0.027707722459397458,0.02706,0.13539,0.024300002,0.051599998,-0.131,-0.006,-0.002,21.373,47367323648.0,-0.257,2.938268220242175,-0.13950379428301812,2026-10-01
THYROCARE.NS,Thyrocare Technologies Limited,Pharma & Healthcare,Healthcare Services,48.421047,33.551304,1.5226744339622642,14.505518,0.27846285226302303,0.21819544444741842,0.20125,0.54964,0.26989,0.29833,0.243,0.318,0.341,8.65,84928675840.0,0.465,1.3078999018645732,0.7816632062069719,2026-10-01
TI.NS,Tilaknagar Industries Ltd.,Consumer Goods,Diversified FMCG,-234.87012987012986,31.977402,3.262085137085137,4.5206094,0.006999402155500072,0.0033879782857835056,-0.01202,0.44906,0.12234,0.16489,1.557,-0.72,-0.643,77.177,134497001472.0,0.233,-21.302541422698393,-0.9090991054165873,2026-10-01
TIINDIA.NS,Tube Investments of India Limited,Auto,Auto Components,74.64114,31.472765,-4.8785058823529415,5.8429885,0.08215795577836807,0.02963853773161216,0.02626,0.31537,0.06048,0.09445,0.168,-0.153,-0.152,5.363,452959240192.0,-0.001,1.823079580428365,-0.054726811239257246,2026-10-01
TIMETECHNO.NS,Time Technoplast Limited,Capital Goods,Industrial Products,15.9149685,12.834285,1.3045056147540985,2.1701531,0.11465016574352116,0.08312716540173276,0.075890005,0.28088,0.10299,0.14434,0.251,0.122,0.222,17.605,88696406016.0,0.21,0.4976037111755128,0.20822830311289853,2026-10-01
TIMKEN.NS,Timken India Limited,Capital Goods,Industrial Products,54.565945,37.017384,3.686888175675676,7.997316,0.1423483698309359,0.1121209598917287,0.118389994,0.38147,0.15506,0.18266001,0.166,0.148,0.148,0.5,233087827968.0,0.386,1.0740012292563,-0.10235745163286412,2026-10-01
TIPSMUSIC.NS,Tips Music Limited,Media,Entertainment,39.042423,28.049345,-8.306898510638298,31.677813,0.833786876858509,0.5986988830127222,0.54473996,0.78099,0.49368,0.69271004,0.209,-0.047,-0.047,1.962,81916248064.0,0.232,0.9088764974942951,0.3012935162087277,2026-10-01
TITAGARH.NS,Titagarh Rail Systems Limited,Infrastructure,Transport Infrastructure,55.295326,23.67941,0.8253033731343284,4.4559937,0.05007818353585041,0.030446999987621157,0.06072,0.26588,0.10446,0.11409,0.126,0.67,0.704,25.363,96516186112.0,0.806,2.6218084241340054,0.39623069936421434,2026-10-01
TITAN.NS,Titan Company Limited,Consumer Durables,Consumer Durables,69.81602,50.774582,1.1117200636942675,25.530027,0.3230592880341336,0.08376678060137713,0.062319998,0.20475,0.123339996,0.0962,0.293,0.628,0.629,195.001,4006836436992.0,0.184,1.1019120835797358,0.5202277494755768,2026-10-01
TMPV.NS,Tata Motors Passenger Vehicles Limited,Auto,Automobiles,-30.502183406113534,5.8622317,0.27,0.91806424,0.7351786415390655,0.21572467676646018,0.22814,0.46472,0.02688,0.03368,-0.082,-0.803,-0.803,70.364,1029027987456.0,0.778,0.1582837723024639,1.9604743083003953,2026-10-01
TORNTPHARM.NS,Torrent Pharmaceuticals Limited,Pharma & Healthcare,Pharmaceuticals & Biotechnology,76.39903,51.178196,-9.31695487804878,19.23446,0.25789927316553873,0.04882135658183479,0.13874,0.75975996,0.21764,0.30616,0.548,-0.082,0.033,85.446,1813327642624.0,0.137,1.3972228513846452,0.1319136690647482,2026-10-01
TORNTPOWER.NS,Torrent Power Limited,Power & Utilities,Power,26.960957,20.579624,-2.12291,3.2833095,0.12667828027090489,0.05346879005020216,0.079629995,0.26631,0.14002,0.19652,0.028,-0.127,-0.127,70.885,626301730816.0,0.626,2.2612573093365005,-0.19142379119959846,2026-10-01
TRANSRAILL.NS,Transrail Lighting Limited,Capital Goods,Electrical Equipment,15.772168,12.464567,7.886084,2.7939568,0.17691306234630408,0.054876680775961355,0.05935,0.30442,0.10736,0.12019,0.04,0.02,0.019,29.726,63758188544.0,,1.5930027998711564,0.22791164658634538,2026-10-01
TRENT.NS,Trent Limited,Retail,Retailing,76.286224,50.63933,3.6853248309178746,19.696459,0.24620311882577298,0.14662047750026005,0.08637,0.4301,0.1249,0.14171,0.178,0.207,0.208,36.034,1375739314176.0,0.371,1.5512575233332364,0.11180433433329885,2026-10-01
TRIDENT.NS,Trident Limited,Textiles,Textiles & Apparels,28.410257,19.269566,1.9196119594594596,2.3680274,0.07903517191947051,0.050035625057219014,0.05829,0.47823003,0.13338,0.13137001,0.047,0.148,0.13,38.323,112918142976.0,0.009,2.015804407202143,0.019546880069211636,2026-10-01
TRITURBINE.NS,Triveni Turbine Limited,Capital Goods,Electrical Equipment,50.141914,34.254368,-2.3651846226415096,11.63531,0.2418370712971268,0.14005849838654832,0.14930001,0.45128,0.09465,0.19083,0.192,-0.212,-0.208,2.476,168487239680.0,0.529,0.31727389970288905,-0.020906128208574116,2026-10-01
TRIVENI.NS,Triveni Engineering & Industries Limited,Consumer Goods,Agricultural Food & other Products,18.240126,11.431683,-1.2160084,1.5220143,0.08038398602381815,0.04120566951737336,0.042740002,0.27040002,0.01381,0.09012,-0.011,-0.15,-0.172,64.646,50886225920.0,0.333,0.699341297309367,0.10493852543278917,2026-10-01
TSFINV.NS,TSF Investments Limited,Financial Services,Finance,18.682648,,-0.8377869058295964,1.5062712,0.08648684845845836,0.07732451105113905,0.44553003,0.37518,0.21997,0.20728001,0.709,-0.223,-0.222,3.85,90296066048.0,0.471,0.5102791078484133,0.2661323179235089,2026-10-01
TTML.NS,Tata Teleservices (Maharashtra) Limited,Telecom,Telecom - Services,183.26315,,1.37,-0.3406345,0.010773953155071864,-0.16054823531166343,0.03187,0.55535,0.43648,0.50198,0.061,,,,68070584320.0,0.434,-3.100603808639108,0.8311796255057554,2026-10-01
TVSMOTOR.NS,TVS Motor Company Limited,Auto,Automobiles,55.63858,35.03993,0.8291889716840535,57.187145,0.3155845988969339,0.05342118369674528,0.05691,0.36699,0.13137999,0.14121,0.343,0.671,0.671,306.09,,-0.044,0.6184181318808746,0.35014493012936354,2026-10-01
UBL.NS,United Breweries Limited,Consumer Goods,Beverages,79.571625,43.820446,-8.375960526315788,6.950868,0.09136684283850423,0.04262749714472013,0.0419,0.42068002,0.06418,0.07534,0.071,-0.095,-0.095,29.076,314324844544.0,-0.042,1.0527143790691482,-0.06457017365120334,2026-10-01
UCOBANK.NS,UCO Bank,Banking,Banks,10.191112,16.378572,1.2278448192771083,0.85048777,0.08541001,0.00735,0.21541001,0.0,0.60444,0.0,0.53,0.083,0.08,,287532089344.0,0.697,-3.8239588603276604,0.13205350223823065,2026-10-01
UJJIVANSFB.NS,Ujjivan Small Finance Bank Limited,Financial Services,Finance,14.323144,8.984209,0.07094177315502724,1.8698515,0.10162371847279256,0.012037189676446314,0.19629,0.0,0.3197,0.0,0.496,2.019,2.067,,127989293056.0,0.396,2.6611386901950005,-0.04609359194307255,2026-10-01
ULTRACEMCO.NS,UltraTech Cement Limited,Cement & Materials,Cement & Cement Products,37.320972,24.78438,1.22,4.111163,0.10656829480861886,0.0577582937309188,0.092930004,0.58396,0.15478,0.19309999,0.159,0.168,0.168,29.432,3150556692480.0,0.495,1.8756472242224738,0.3521263894845433,2026-10-01
UNIMECH.NS,Unimech Aerospace and Manufacturing Limited,Aerospace & Defense,Aerospace & Defense,125.38896,57.378643,2.7558013186813186,12.233913,0.08582024629839755,0.06852166640517492,0.2526,0.68587995,0.29081,0.33979,0.709,0.455,0.457,17.186,90249240576.0,,0.9568967969280849,-0.24172473084780693,2026-10-01
UNIONBANK.NS,Union Bank of India,Banking,Banks,6.2001476,6.2578645,0.22628275912408757,0.91694474,0.15798001,0.01349,0.40460998,0.0,0.488,0.0,0.164,0.274,0.274,,1279315935232.0,0.9,-1.842406699608324,0.07784232150897089,2026-10-01
UNITDSPR.NS,United Spirits Limited,Consumer Goods,Beverages,56.026016,43.58699,5.002322857142857,10.588552,0.2052943147548308,0.1270302025019006,0.14917,0.46857,0.13164,0.16991,-0.102,0.112,0.11,4.611,947994951680.0,0.143,0.79379760609358,0.16182048040455121,2026-10-01
UNOMINDA.NS,Uno Minda Limited,Auto,Auto Components,53.336533,35.480743,44.44711083333334,9.393204,0.17528629181632227,0.08734757788193816,0.05801,0.34037,0.071090005,0.10695,0.238,0.012,0.018,37.74,641566048256.0,0.297,1.4370619732192829,0.26955830107640916,2026-10-01
UPL.NS,UPL Limited,Chemicals,Fertilizers & Agrochemicals,21.180328,10.970811,2.017174095238095,1.2573965,0.055395434632234265,0.02018801533532903,0.03825,0.49945,0.06561,0.15121001,0.105,,,57.128,436842856448.0,0.541,4.0868886576482835,1.1426978818283167,2026-10-01
USHAMART.NS,Usha Martin Limited,Metals & Mining,Ferrous Metals,28.17765,21.542168,0.6906286764705882,4.5379877,0.14112655325824594,0.11063863128053905,0.13215,0.49862,0.16892,0.19978,0.164,0.408,0.407,6.922,149673623552.0,0.271,1.406339191828151,0.14384250963450257,2026-10-01
UTIAMC.NS,UTI Asset Management Company Limited,Financial Services,Capital Markets,24.663689,15.497454,1.0276537083333335,2.5212555,0.08971214061976233,0.0801288025094282,0.26583,0.67279,0.63324,0.48039,0.067,0.24,0.241,3.129,113591001088.0,0.401,1.0059635751756903,-0.44753858562659776,2026-10-01
V2RETAIL.NS,V2 Retail Limited,Consumer Durables,Consumer Durables,40.1976,26.498684,0.655752039151713,8.138285,0.1796047379842322,0.06690716038185929,0.05223,0.29665002,0.0758,0.10606,0.577,0.613,0.697,110.224,73434349568.0,0.255,-0.6381889051993881,1.249869850053379,2026-10-01
VAIBHAVGBL.NS,Vaibhav Global Limited,Retail,Retailing,12.086104,4.205165,0.24817462012320332,2.0628598,0.16149260131035612,0.10447683967188987,0.07506,0.66290003,0.07644,0.086660005,0.127,0.487,0.498,25.234,34132510720.0,0.208,1.1656771093427964,0.7353261645660496,2026-10-01
VARROC.NS,Varroc Engineering Limited,Auto,Auto Components,64.18856,22.883331,-2.4222098113207546,7.122949,0.12639805070503546,0.046163121690560145,0.020769998,0.33997002,0.052550003,0.085489996,0.299,-0.265,-0.265,50.855,126915117056.0,0.316,2.3854580035639534,2.6751755675322553,2026-10-01
VBL.NS,Varun Beverages Limited,Consumer Goods,Beverages,42.445107,36.53786,2.70351,6.607526,0.16853,0.09782,0.14035,0.55454,0.24119,0.23136,0.204,0.157,0.155,15.869,1438574968832.0,0.277,1.0276909171636124,0.17029614592892328,2026-10-01
VEDL.NS,Vedanta Limited,Metals & Mining,Diversified Metals,11.069389,7.8392186,0.15331563711911356,1.9822109,0.42592637946658174,0.07456396096657462,0.23205,0.53911996,0.3116,0.37484002,-0.373,0.722,0.718,48.044,984205295616.0,0.368,2.2712322465643147,0.16032826261008806,2026-10-01
VENTIVE.NS,Ventive Hospitality Limited,Hospitality,Leisure Services,34.128555,20.309296,0.1698783225485316,2.3421726,0.07730536809083352,0.03985252144916149,0.19096,0.73245,0.19038999,0.4234,0.07,2.009,1.998,38.079,128961683456.0,,2.231660358652317,2.538405905531448,2026-10-01
VESUVIUS.NS,Vesuvius India Limited,Capital Goods,Industrial Manufacturing,32.071426,20.723078,-4.333976486486487,4.694634,0.1587124148831954,0.12284847695428072,0.12003,0.42492,0.12873,0.16783,0.023,-0.074,-0.071,0.821,82016460800.0,0.428,0.7370476272149002,-0.0016633902918493876,2026-10-01
VGUARD.NS,V-Guard Industries Limited,Consumer Durables,Consumer Durables,35.48795,26.437952,0.46572112860892384,5.4216976,0.1299298371294326,0.08302456835733442,0.057800002,0.35374,0.09019,0.087790005,0.235,0.762,0.764,6.964,128686252032.0,-0.006,1.4872052670839684,-0.017180925666199158,2026-10-01
VIJAYA.NS,Vijaya Diagnostic Centre Limited,Pharma & Healthcare,Healthcare Services,78.20372,51.983982,2.0966144772117965,15.344774,0.1807201323760766,0.11477840491243711,0.21874,0.88465,0.31785,0.43291,0.228,0.373,0.385,44.15,147080740864.0,0.357,1.5643179482080236,0.20295145469023287,2026-10-01
VINATIORGA.NS,Vinati Organics Limited,Chemicals,Chemicals & Petrochemicals,27.945871,21.499788,6.210193555555556,3.960477,0.14034943447787251,0.1236206411424337,0.18834,0.44389,0.19941,0.27899998,0.284,0.045,0.045,,125329072128.0,0.238,1.2572001622571776,0.09497840838988279,2026-10-01
VIPIND.NS,V.I.P. Industries Limited,Consumer Durables,Consumer Durables,-10.53470919324578,105.09352,-3.5115697310819267,8.594826,-1.1675647668393783,-0.2107005273590904,-0.20184,0.34061,-0.07357,-0.18736,0.03,,,335.612,39882051584.0,0.059,-0.5353391911481908,-3.913650239860445,2026-10-01
VIYASH.NS,Viyash Scientific Limited,Pharma & Healthcare,Pharmaceuticals & Biotechnology,48.892406,19.892704,0.30087634461538465,3.4745128,0.0609004967262784,0.03830384105737053,0.059120003,0.52325,0.12474,0.19082001,1.144,1.625,3.603,15.724,102251675648.0,0.975,1.8214344135149618,6.635341745983893,2026-10-01
VMART.NS,V-Mart Retail Limited,Retail,Retailing,43.22711,28.415129,1.0699779702970296,6.2331867,0.1303753548522763,0.04460592107629771,0.03446,0.33141997,0.07043,0.08821999,0.23,0.404,0.405,100.682,59371196416.0,0.698,4.036612903225806,1.7091981647367271,2026-10-01
VMM.NS,Vishal Mega Mart Limited,Retail,Retailing,52.368423,36.852398,2.09473692,6.260618,0.1132062313223147,0.07329859622681588,0.0661,0.28500998,0.09636,0.15342,0.187,0.25,0.256,26.817,466138464256.0,,1.9318563392264547,0.3279601624768382,2026-10-01
VOLTAMP.NS,Voltamp Transformers Limited,Capital Goods,Electrical Equipment,33.266327,26.202564,2.2630154421768705,6.4132886,0.1704339218779553,0.15133282853410665,0.13922,0.25351,0.14112,0.16091,0.284,0.147,0.147,0.03,105481093120.0,0.009,0.45749419911049755,-0.06154943929748394,2026-10-01
VOLTAS.NS,Voltas Limited,Consumer Durables,Consumer Durables,77.49815,33.162117,1.4903490384615383,5.4654336,0.05895037961422224,0.02590546448991294,0.02999,0.22229,0.052249998,0.053439997,0.187,0.52,0.522,15.51,348487778304.0,0.12,0.18881025859316802,-0.5532524335310268,2026-10-01
VSTIND.NS,VST Industries Limited,Consumer Goods,Diversified FMCG,12.249696,10.057,-0.506185785123967,2.3633223,0.20215766770348545,0.14497916592669113,0.19573,0.53104997,0.15012,0.30733,-0.139,-0.242,-0.244,,34102011904.0,0.363,0.74684666096614,0.006400938859463441,2026-10-01
VTL.NS,Vardhman Textiles Limited,Textiles,Textiles & Apparels,17.771994,12.069555,0.3612193902439024,1.4326823,0.07088343443912443,0.053748318674700965,0.08324,0.45478,0.12849,0.13604,0.133,0.492,0.496,17.52,153205063680.0,0.206,1.486910432740691,-0.15626026016959707,2026-10-01
WAAREEENER.NS,Waaree Energies Limited,Capital Goods,Electrical Equipment,17.661709,14.276233,1.2437823239436618,4.659517,0.25706258909189644,0.12323607513372739,0.12703,0.30225,0.13994001,0.21172,0.792,0.142,0.141,21.402,673104134144.0,,0.43837738797725867,0.9874263008798376,2026-10-01
WAAREERTL.NS,Waaree Renewable Technologies Limited,Power & Utilities,Power,16.604393,,0.48693234604105573,9.011398,0.5123299646449327,0.20165839186692558,0.13912,0.21831,0.18145001,0.19003999,0.532,0.341,0.341,15.598,84421910528.0,0.483,0.5994479997092097,1.0889052189967834,2026-10-01
WABAG.NS,VA Tech Wabag Limited,Infrastructure,Construction,34.861763,22.050716,0.947330516304348,4.8637123,0.14424761533969244,0.06051548412387299,0.09636,0.16118999,0.087840006,0.108789995,0.208,0.368,0.369,8.874,125289349120.0,0.785,0.5578947368421052,0.25465628174737553,2026-10-01
WEBELSOLAR.NS,Websol Energy System Limited,Power & Utilities,Power,9.568245,,0.6644614583333334,4.9314475,0.4804185825273506,0.325449506992331,0.26063,0.55834,0.27848,0.36955002,0.703,0.144,0.158,20.729,29827028992.0,0.245,0.8427392739273928,0.9581233036060488,2026-10-01
WELCORP.NS,Welspun Corp Limited,Metals & Mining,Ferrous Metals,29.783978,23.68075,0.15019656076651539,7.5078444,0.17618256010555336,0.07893951257707742,0.13348,0.38401002,0.13912,0.13972001,0.149,1.983,1.986,25.042,687159705600.0,0.532,1.9864728309723816,-0.15464798180427014,2026-10-01
WELENT.NS,Welspun Enterprises Limited,Capital Goods,Industrial Manufacturing,29.47315,19.686142,0.48,3.2273946,0.1149334288182753,0.047735083724337976,0.08623999,0.32362998,0.18084,0.2007,-0.084,-0.5,-0.487,60.918,98245427200.0,0.412,0.3206619601566296,0.08466641865079365,2026-10-01
WELSPUNLIV.NS,Welspun Living Limited,Textiles,Textiles & Apparels,82.189,25.940346,0.9819474313022699,4.6650023,0.04157659150856485,0.019554168029643063,0.02795,0.45623,0.084680006,0.0915,0.237,0.837,0.836,46.501,225165393920.0,0.136,5.747309724124437,-0.6801426872770512,2026-10-01
WESTLIFE.NS,Westlife Foodworld Limited,Hospitality,Leisure Services,292.5622,110.22101,-5.851244,15.039256,0.05222648653188864,0.011424260786762796,0.011849999,0.53281,0.044910002,0.13578,0.114,-0.5,-0.522,291.521,91274625024.0,-0.02,10.886369962576934,1.661809500288137,2026-10-01
WHIRLPOOL.NS,Whirlpool of India Limited,Consumer Durables,Consumer Durables,43.60577,24.76205,-1.483189455782313,2.6280153,0.07060211890478388,0.039779644468158,0.03013,0.32382,0.031040002,0.03966,0.121,-0.294,-0.294,8.621,109360914432.0,0.361,1.014263829787234,-0.1817548746518106,2026-10-01
WIPRO.NS,Wipro Limited,IT & Technology,IT - Software,12.666932,11.464524,1.31,2.0346017,0.16128999,0.07263,0.13919,0.29045,0.15698,0.18414,0.106,0.009,0.006,27.398,1576503869440.0,0.393,1.0672289951801741,0.004720069430698723,2026-10-01
WOCKPHARMA.NS,Wockhardt Limited,Pharma & Healthcare,Pharmaceuticals & Biotechnology,82.760124,,3.1953715830115828,6.845139,0.04311740890688259,0.024724318049912944,0.11196,0.65152,0.14316,0.20482999,0.259,,,42.284,338617434112.0,0.974,1.8309859154929577,5.531914893617022,2026-10-01
YATHARTH.NS,Yatharth Hospital & Trauma Care Services Limited,Pharma & Healthcare,Healthcare Services,54.867302,36.365875,4.610697647058824,5.595855,0.0984969913993447,0.07686943547994746,0.13203,0.62232,0.16158001,0.24781999,0.523,0.119,0.12,14.614,99601498112.0,1.004,1.1661534952674193,0.34344478915316556,2026-10-01
YESBANK.NS,Yes Bank Limited,Banking,Banks,17.291666,11.411382,0.5614177272727272,1.247445,0.074650005,0.00863,0.23185,0.0,0.30765,0.0,0.09,0.308,0.325,,651323113472.0,0.48,6.041736620624011,0.43540781607105616,2026-10-01
ZAGGLE.NS,Zaggle Prepaid Ocean Services Limited,Financial Services,Financial Technology (Fintech),17.869926,10.388989,-0.5415129090909091,1.7671695,0.09833486681498235,0.0888764021801536,0.06479,0.40466,0.29396,0.35119998,0.275,-0.33,-0.329,3.884,23136092160.0,0.583,-0.372732342142045,0.5705706388835178,2026-10-01
ZEEL.NS,Zee Entertainment Enterprises Limited,Media,Media,34.085308,9.024032,-0.7206196194503172,0.58134085,0.023278610272933396,0.019211424149695754,0.025139999,0.2756,0.01856,0.029679999,0.045,-0.473,-0.469,2.26,69080555520.0,0.416,2.5928231417063348,-0.5980868285504047,2026-10-01
ZENSARTECH.NS,Zensar Technologies Limited,IT & Technology,IT - Software,13.098613,11.397544,14.554014444444446,2.0938787,0.16414146765273038,0.12732801841045452,0.13362001,0.20445,0.12755999,0.15099,0.089,0.009,0.01,1.68,98510348288.0,0.206,0.9950942421895171,0.19205909510618652,2026-10-01
ZENTEC.NS,Zen Technologies Limited,Aerospace & Defense,Aerospace & Defense,78.53014,30.089727,-2.814700358422939,7.88677,0.10240634821013778,0.08955181527315396,0.26845,0.69635004,0.21792,0.33203,-0.105,-0.279,-0.278,0.95,141758595072.0,0.071,1.2644145650675955,-0.3097021489480064,2026-10-01
ZFCVINDIA.NS,ZF Commercial Vehicle Control Systems India Limited,Auto,Auto Components,2.4929361,33.661285,-0.17074904794520548,6.910524,0.14012638391169085,0.11685633789882896,0.118599996,0.41449,0.09907,0.15617,0.093,-0.146,-0.146,1.485,255038128128.0,-0.017,1.5665891968580736,0.12245284656957438,2026-10-01
ZYDUSLIFE.NS,Zydus Lifesciences Limited,Pharma & Healthcare,Pharmaceuticals & Biotechnology,25.54515,23.292578,-0.7115640668523677,4.2522473,0.18589965844626247,0.09617109295394091,0.15784,0.72111,0.16438,0.23806,0.22,-0.359,-0.359,42.304,1142840098816.0,0.371,0.4199603174603175,0.1136890951276102,2026-10-01
ZYDUSWELL.NS,Zydus Wellness Limited,Consumer Goods,Diversified FMCG,83.31925,30.353846,-11.902749999999997,2.6936624,0.033848266392035704,0.019131143405964415,0.041479997,0.62626,0.12874,0.12502,0.669,-0.07,-0.07,54.974,156932767744.0,-0.108,1.1480730223123732,-0.4315364658402998,2026-10-01
EMBDL.NS,EMBDL.NS,Real Estate,Realty,-9.558320373250387,,0.1309358955239779,0.8654875,-0.090459995,-0.01551,-0.50389,0.07206,-0.79927003,-0.27346,-0.73,,,53.414,85431451648.0,0.83,-0.0509668869964106,-5.371881325023547,2026-06-15
RELINFRA.NS,Reliance Infrastructure Limited,Power & Utilities,Power,1.1419969,,-0.0155797667121418,0.18642771,0.18292,0.01081,0.14189,0.29149,-0.16773,0.12967,-0.026,-0.733,-0.791,16.972,33287176192.0,0.684,0.8793164798179599,-0.4126140248545829,2026-06-15
SCHNEIDER.NS,Schneider Electric Infrastructure Limited,Capital Goods,Electrical Equipment,137.42372,49.099716,-2.30576711409396,44.141983,0.31813,0.098950006,0.07353,0.36889,0.05973,0.12827,0.005,-0.596,-0.598,70.795,290798305280.0,0.404,1.0561723447497178,-0.2065399977602747,2026-06-15
TVSSCS.NS,TVS Supply Chain Solutions Limited,Infrastructure,Transport Services,51.969116,26.392159,2.439864600938967,2.9987078,0.06004,0.024530001,0.01039,0.17184,0.027460001,0.07495,0.213,,,133.606,59382833152.0,0.996,6.530801484074204,9.409124356144224,2026-06-15
