ticker,name,sub_industry,cycle,signal_date,signal_tier,signal_price,signal_ias,signal_ias_vel,signal_ias_lfl,signal_ias_price,signal_ias_rs63,signal_rs5,signal_rs21,signal_rs63,signal_comp_rs,signal_rs21_delta5,signal_off_52w_high,signal_off_52w_low,signal_off_ma50,signal_ma50,signal_off_ma200,signal_ma200,signal_liq5cr,signal_liq_from_low,signal_vol_quality,signal_v21_crs_gap,signal_v21_ma50_gap,signal_shock_ratio,peak_tier,peak_tier_date,peak_ias,peak_ias_date,days_on_watchlist,status,dropped_date,last_seen_date,last_tier,last_ias,last_comp_rs,last_off_ma50,last_off_ma200,last_rs21,last_rs63,signal_price_at_5d,return_5d,signal_price_at_21d,return_21d,signal_price_at_63d,return_63d,current_price,return_since_signal,max_gain,max_gain_date,xirr
RVNL.NS,RVNL,Construction,LONG,2026-04-22,ALERT,307.4,95.0,35.0,30.0,20.0,10.0,6.5,9.2,-3.8,3.727,7.19,-28.2,23.1,6.5,288.6,-5.6,325.8,468.8,3.6,0.9,0.0,0.0,0.526,ALERT,2026-04-22,95.0,2026-04-22,2,GRADUATED,,2026-04-22,ALERT,95.0,3.727,6.5,-5.6,9.2,-3.8,302.3,-1.7,270.8,-11.9,226.9,-26.2,225.3,-26.7,0.4,2026-05-07,-60.8
IRCON.NS,IRCON,Construction,LONG,2026-04-22,ALERT,155.6,100.0,35.0,30.0,20.0,15.0,9.5,17.4,0.1,9.678,15.86,-28.4,35.0,11.8,139.2,-3.8,161.7,183.4,3.9,0.82,0.0,0.0,0.738,ALERT,2026-04-22,100.0,2026-04-22,2,GRADUATED,,2026-04-22,ALERT,100.0,9.678,11.8,-3.8,17.4,0.1,153.3,-1.5,142.1,-8.6,129.6,-16.7,124.7,-19.8,3.7,2026-05-07,-48.7
DEEPAKFERT.NS,DEEPAKFERT,Chemicals & Petrochemicals,SHORT,2026-04-22,ALERT,1270.1,82.2,35.0,12.2,20.0,15.0,4.2,32.1,9.4,20.229,12.03,-26.6,45.6,24.7,1018.3,-2.9,1307.8,75.5,1.8,0.66,0.0,0.0,0.634,ALERT,2026-04-22,82.2,2026-04-22,2,GRADUATED,,2026-04-22,ALERT,82.2,20.229,24.7,-2.9,32.1,9.4,1239.7,-2.4,1383.7,8.9,1605.1,26.4,1449.2,14.1,31.0,2026-07-02,48.9
AFFLE.NS,AFFLE,IT - Services,MID,2026-04-22,ALERT,1446.4,88.7,35.0,30.0,18.7,5.0,1.3,4.9,-11.6,-2.047,5.9,-32.6,14.0,0.6,1437.7,-17.2,1746.0,59.7,3.6,0.89,204.71,0.0,0.618,ALERT,2026-04-22,100.0,2026-05-11,3,GRADUATED,2026-04-23,2026-05-11,ALERT,100.0,12.86,16.7,-4.3,17.1,6.6,1433.1,-0.9,1442.2,-0.3,1518.3,5.0,1718.7,18.8,19.6,2026-08-20,68.3
INOXGREEN.NS,INOXGREEN,Power,LONG,2026-04-22,WATCH,178.3,59.0,35.0,28.3,20.0,15.0,7.9,20.7,0.3,11.258,12.82,-34.5,34.7,12.0,159.2,-4.1,185.9,55.6,2.9,0.59,0.0,0.0,0.77,WATCH,2026-04-22,59.0,2026-04-22,2,GRADUATED,,2026-04-22,WATCH,59.0,11.258,12.0,-4.1,20.7,0.3,184.1,3.2,180.2,1.1,195.3,9.6,178.3,0.0,15.9,2026-07-06,0.1
LLOYDSENGG.NS,LLOYDSENGG,Industrial Manufacturing,LONG,2026-04-22,ALERT,59.1,87.2,35.0,17.2,20.0,15.0,13.5,34.1,21.1,26.86,18.02,-27.5,56.6,24.1,47.6,2.4,57.7,50.6,2.1,0.81,0.0,0.0,0.522,ALERT,2026-04-22,87.2,2026-04-22,2,GRADUATED,,2026-04-22,ALERT,87.2,26.86,24.1,2.4,34.1,21.1,57.9,-2.1,67.8,14.7,90.7,53.5,90.1,52.4,63.9,2026-08-07,256.2
ELECON.NS,ELECON,Electrical Equipment,LONG,2026-04-22,ALERT,504.1,100.0,35.0,30.0,20.0,15.0,21.5,24.2,32.3,27.189,22.86,-28.3,42.1,21.7,414.2,-0.1,504.7,112.2,5.2,0.92,0.0,0.0,0.377,ALERT,2026-04-22,100.0,2026-04-22,2,GRADUATED,,2026-04-22,ALERT,100.0,27.189,21.7,-0.1,24.2,32.3,486.9,-3.4,502.7,-0.3,455.0,-9.7,451.5,-10.4,11.3,2026-05-07,-28.3
OSWALPUMPS.NS,OSWALPUMPS,Industrial Manufacturing,LONG,2026-04-22,WATCH,421.2,51.1,35.0,20.1,20.0,10.0,6.9,29.7,-3.8,13.984,8.2,-51.8,45.3,24.5,338.2,-27.6,581.4,58.9,2.3,0.77,0.0,0.0,1.422,WATCH,2026-04-22,51.1,2026-04-22,2,GRADUATED,,2026-04-22,WATCH,51.1,13.984,24.5,-27.6,29.7,-3.8,408.1,-3.1,362.2,-14.0,389.6,-7.5,299.6,-28.9,4.0,2026-06-24,-64.2
NAZARA.NS,NAZARA,Telecom - Services,MID,2026-04-22,READY,271.6,65.3,0.3,30.0,20.0,15.0,5.1,3.9,6.0,4.855,0.05,-24.1,24.8,6.6,254.8,-2.0,277.2,60.2,3.7,0.77,0.0,0.0,0.0,READY,2026-04-22,65.3,2026-04-22,2,GRADUATED,,2026-04-22,READY,65.3,4.855,6.6,-2.0,3.9,6.0,265.7,-2.2,285.2,5.0,309.2,13.9,354.4,30.5,31.6,2026-08-20,123.1
GODREJPROP.NS,GODREJPROP,Realty,LONG,2026-04-22,READY,1832.2,78.0,35.0,8.0,20.0,15.0,4.7,9.0,2.9,6.134,5.14,-25.7,24.5,8.1,1695.5,-7.1,1973.0,182.1,1.5,0.66,0.0,0.0,0.469,READY,2026-04-22,78.0,2026-04-22,2,GRADUATED,,2026-04-22,READY,78.0,6.134,8.1,-7.1,9.0,2.9,1853.3,1.2,1728.5,-5.7,2108.5,15.1,2035.0,11.1,17.7,2026-07-29,37.3
WOCKPHARMA.NS,WOCKPHARMA,Pharmaceuticals & Biotechnology,MID,2026-04-22,READY,1450.3,77.8,35.0,7.8,20.0,15.0,6.5,16.8,9.0,12.634,14.61,-20.8,31.8,10.0,1318.5,1.8,1424.5,91.9,1.5,0.67,0.0,0.0,0.527,READY,2026-04-22,77.8,2026-04-22,2,GRADUATED,,2026-04-22,READY,77.8,12.634,10.0,1.8,16.8,9.0,1391.7,-4.0,1599.8,10.3,1923.4,32.6,1886.3,30.1,48.4,2026-06-01,121.0
SUZLON.NS,SUZLON,Electrical Equipment,LONG,2026-04-22,ALERT,54.6,100.0,35.0,30.0,20.0,15.0,10.5,27.2,16.4,21.2,10.7,-23.7,37.9,23.3,44.3,2.0,53.5,963.2,3.2,0.83,0.0,0.0,0.612,ALERT,2026-04-22,100.0,2026-04-22,2,GRADUATED,,2026-04-22,ALERT,100.0,21.2,23.3,2.0,27.2,16.4,56.8,4.0,52.9,-3.2,53.1,-2.8,46.7,-14.5,8.6,2026-06-22,-37.6
PATANJALI.NS,PATANJALI,Food Products,SHORT,2026-04-22,WATCH,472.1,49.6,13.8,27.2,3.6,5.0,1.0,-6.2,-8.1,-6.256,1.98,-28.9,2.7,-4.4,493.7,-14.9,554.9,123.7,2.8,0.75,625.64,4.4,0.0,ALERT,2026-05-19,84.1,2026-05-19,8,GRADUATED,2026-04-24,2026-05-19,ALERT,84.1,3.098,0.6,-12.9,5.9,-1.1,466.3,-1.2,463.2,-1.9,339.2,-28.2,348.0,-26.3,0.0,2026-08-06,-60.1
COCHINSHIP.NS,COCHINSHIP,Transport Services,MID,2026-04-22,READY,1583.1,79.2,35.0,9.2,20.0,15.0,6.4,9.6,8.4,8.814,9.86,-33.4,32.7,10.0,1439.3,-3.9,1647.7,313.6,1.6,0.84,0.0,0.0,0.62,READY,2026-04-22,79.2,2026-04-22,2,GRADUATED,,2026-04-22,READY,79.2,8.814,10.0,-3.9,9.6,8.4,1773.8,12.0,1531.0,-3.3,1407.6,-11.1,1480.5,-6.5,14.6,2026-05-07,-18.3
VMART.NS,VMART,Consumer Durables,SHORT,2026-04-22,READY,645.8,60.0,35.0,30.0,20.0,15.0,4.7,20.0,10.2,14.542,7.04,-30.2,35.3,13.2,570.4,-9.1,710.5,61.8,3.3,0.81,0.0,0.0,0.851,READY,2026-04-22,60.0,2026-04-22,2,GRADUATED,,2026-04-22,READY,60.0,14.542,13.2,-9.1,20.0,10.2,636.8,-1.4,640.4,-0.8,774.2,19.9,838.8,29.9,29.9,2026-08-21,120.1
KAYNES.NS,KAYNES,Industrial Products,MID,2026-04-22,ALERT,4458.9,80.4,35.0,10.4,20.0,15.0,10.4,17.5,26.2,20.24,11.2,-41.3,33.8,16.7,3822.0,-14.7,5227.0,660.6,1.7,0.85,0.0,0.0,0.44,ALERT,2026-04-22,80.4,2026-04-22,2,GRADUATED,,2026-04-22,ALERT,80.4,20.24,16.7,-14.7,17.5,26.2,4112.5,-7.8,3174.9,-28.8,3328.8,-25.3,3890.0,-12.8,1.1,2026-05-08,-33.8
LODHA.NS,LODHA,Realty,LONG,2026-04-22,READY,884.8,70.7,34.0,11.7,20.0,5.0,2.2,1.1,-11.4,-3.813,4.85,-41.4,30.7,-2.1,903.7,-20.2,1108.3,221.7,1.8,0.7,381.32,2.1,0.602,ALERT,2026-04-29,87.6,2026-04-29,5,GRADUATED,2026-04-23,2026-04-29,ALERT,87.6,11.086,3.3,-16.7,20.6,0.9,909.5,2.8,880.7,-0.5,1184.2,33.8,1242.0,40.4,48.3,2026-07-29,178.1
DIXON.NS,DIXON,Consumer Durables,SHORT,2026-04-22,WATCH,11267.0,44.7,0.0,9.7,20.0,15.0,1.2,2.7,6.5,4.059,-0.03,-38.5,16.5,5.2,10711.8,-19.5,13990.8,747.7,1.6,0.81,0.0,0.0,0.0,WATCH,2026-04-22,44.7,2026-04-22,2,GRADUATED,,2026-04-22,WATCH,44.7,4.059,5.2,-19.5,2.7,6.5,11325.0,0.5,11258.0,-0.1,14589.0,29.5,14850.0,31.8,31.8,2026-08-20,130.0
JYOTICNC.NS,JYOTICNC,Industrial Products,MID,2026-04-22,WATCH,766.5,49.8,35.0,30.0,13.0,5.0,9.1,-2.2,-12.6,-5.232,8.7,-41.6,9.7,-2.4,785.8,-15.3,905.3,214.6,7.2,0.82,523.19,2.4,0.881,ALERT,2026-06-10,87.3,2026-06-17,10,GRADUATED,2026-04-23,2026-06-17,ALERT,87.3,0.637,0.5,-16.2,2.1,-2.7,764.3,-0.3,669.0,-12.7,803.0,4.8,988.8,29.0,29.0,2026-08-21,115.6
FIVESTAR.NS,FIVESTAR,Finance,SHORT,2026-04-22,READY,501.0,60.0,35.0,30.0,20.0,15.0,10.7,30.4,2.6,17.321,13.65,-40.4,44.3,22.0,410.7,-7.1,539.3,188.4,5.7,0.83,0.0,0.0,0.789,READY,2026-04-22,60.0,2026-04-22,2,GRADUATED,,2026-04-22,READY,60.0,17.321,22.0,-7.1,30.4,2.6,498.1,-0.6,445.6,-11.1,564.4,12.7,521.0,4.0,13.9,2026-07-20,12.5
JWL.NS,JWL,Transport Infrastructure,LONG,2026-04-22,ALERT,286.6,85.6,35.0,25.6,20.0,5.0,4.3,3.2,-8.4,-1.336,5.37,-31.9,20.4,3.8,276.0,-8.2,312.2,95.6,2.7,0.89,133.64,0.0,0.574,ALERT,2026-04-22,85.6,2026-04-22,4,GRADUATED,2026-04-24,2026-04-27,WATCH,45.6,4.012,5.8,-6.4,8.1,-1.4,287.4,0.3,276.3,-3.6,251.6,-12.2,247.0,-13.8,6.0,2026-05-07,-36.1
JPPOWER.NS,JPPOWER,Power,LONG,2026-04-22,WATCH,20.1,57.7,0.0,22.7,20.0,15.0,6.2,31.7,27.2,27.322,-4.79,-26.1,52.0,30.5,15.4,13.1,17.8,352.7,2.5,0.59,0.0,0.0,0.0,WATCH,2026-04-22,57.7,2026-04-22,2,GRADUATED,,2026-04-22,WATCH,57.7,27.322,30.5,13.1,31.7,27.2,20.2,0.5,18.6,-7.7,16.9,-16.0,17.1,-14.9,13.8,2026-05-27,-38.6
HBLENGINE.NS,HBLENGINE,Industrial Products,MID,2026-04-22,WATCH,816.4,55.0,12.5,12.5,20.0,10.0,3.3,17.4,-1.8,8.336,1.78,-25.5,75.0,15.1,709.1,4.1,784.6,140.9,1.8,0.7,0.0,0.0,0.0,WATCH,2026-04-22,55.0,2026-04-22,2,GRADUATED,,2026-04-22,WATCH,55.0,8.336,15.1,4.1,17.4,-1.8,810.9,-0.7,784.3,-3.9,730.7,-10.5,702.5,-13.9,4.7,2026-05-06,-36.4
SWSOLAR.NS,SWSOLAR,IT - Services,MID,2026-04-22,ALERT,218.6,100.0,35.0,30.0,20.0,15.0,15.3,22.3,15.4,18.833,18.15,-35.0,46.9,17.4,186.3,-5.4,231.1,415.1,18.6,0.81,0.0,0.0,0.57,ALERT,2026-04-22,100.0,2026-04-22,2,GRADUATED,,2026-04-22,ALERT,100.0,18.833,17.4,-5.4,22.3,15.4,212.0,-3.0,196.5,-10.1,214.4,-1.9,192.2,-12.1,14.0,2026-06-24,-32.2
SUDARSCHEM.NS,SUDARSCHEM,Diversified Metals,LONG,2026-04-22,ALERT,910.8,100.0,35.0,30.0,20.0,15.0,11.1,9.1,4.9,7.625,16.56,-40.2,21.8,7.3,848.6,-17.3,1101.2,143.0,23.2,0.96,0.0,0.0,0.487,ALERT,2026-04-22,100.0,2026-04-22,2,GRADUATED,,2026-04-22,ALERT,100.0,7.625,7.3,-17.3,9.1,4.9,888.0,-2.5,1013.0,11.2,1054.6,15.8,1215.1,33.4,33.4,2026-08-21,138.6
PIIND.NS,PIIND,Fertilizers & Agrochemicals,SHORT,2026-04-22,READY,3057.3,67.5,17.1,23.8,16.6,10.0,-0.1,1.9,-1.8,0.208,2.44,-29.0,12.5,1.8,3003.3,-11.5,3455.7,93.8,2.6,0.7,0.0,0.0,0.0,READY,2026-04-22,67.5,2026-04-22,2,GRADUATED,,2026-04-22,READY,67.5,0.208,1.8,-11.5,1.9,-1.8,3080.0,0.7,2730.7,-10.7,2647.9,-13.4,2496.8,-18.3,1.8,2026-05-19,-45.7
GODFRYPHLP.NS,GODFRYPHLP,Cigarettes & Tobacco Products,SHORT,2026-04-22,WATCH,2164.6,58.1,35.0,26.8,20.0,15.0,2.8,3.6,2.2,2.943,6.49,-41.1,17.4,4.2,2077.8,-21.1,2743.9,324.1,2.8,0.77,0.0,0.0,0.778,WATCH,2026-04-22,58.1,2026-04-22,2,GRADUATED,,2026-04-22,WATCH,58.1,2.943,4.2,-21.1,3.6,2.2,2275.3,5.1,2312.1,6.8,2133.5,-1.4,2117.0,-2.2,13.6,2026-05-14,-6.5
TRENT.NS,TRENT,Retailing,SHORT,2026-04-22,ALERT,4434.5,100.0,35.0,30.0,20.0,15.0,10.9,19.3,17.8,17.839,11.13,-28.7,34.6,14.7,3865.4,-1.7,4509.1,849.8,5.1,0.74,0.0,0.0,0.454,ALERT,2026-04-22,100.0,2026-04-22,2,GRADUATED,,2026-04-22,ALERT,100.0,17.839,14.7,-1.7,19.3,17.8,2814.7,-36.5,2776.2,-37.4,2925.9,-34.0,2924.0,-34.1,0.0,2026-08-06,-71.5
IREDA.NS,IREDA,Finance,SHORT,2026-04-22,READY,140.4,60.0,35.0,30.0,20.0,15.0,10.5,17.2,7.3,12.531,7.96,-22.9,29.6,15.9,121.2,0.6,139.6,341.3,3.6,0.86,0.0,0.0,1.244,READY,2026-04-22,60.0,2026-04-22,2,GRADUATED,,2026-04-22,READY,60.0,12.531,15.9,0.6,17.2,7.3,137.2,-2.3,127.9,-8.9,121.8,-13.2,115.0,-18.1,0.0,2026-04-22,-45.2
TITAGARH.NS,TITAGARH,Transport Infrastructure,LONG,2026-04-22,ALERT,743.0,88.5,28.5,30.0,20.0,10.0,2.9,11.9,-4.1,4.613,4.08,-22.8,29.3,7.0,694.4,-9.3,819.5,79.4,3.4,0.61,0.0,0.0,0.544,ALERT,2026-04-22,88.5,2026-04-22,2,GRADUATED,,2026-04-22,ALERT,88.5,4.613,7.0,-9.3,11.9,-4.1,786.2,5.8,752.9,1.3,867.2,16.7,843.5,13.5,25.5,2026-06-18,46.6
MAZDOCK.NS,MAZDOCK,Transport Services,MID,2026-04-22,WATCH,2703.9,44.5,34.0,5.2,20.0,15.0,5.9,7.5,14.8,10.272,4.85,-27.5,30.9,13.9,2374.2,2.7,2632.2,577.4,1.3,0.77,0.0,0.0,0.946,WATCH,2026-04-22,44.5,2026-04-22,2,GRADUATED,,2026-04-22,WATCH,44.5,10.272,13.9,2.7,7.5,14.8,2769.7,2.4,2454.8,-9.2,2346.5,-13.2,2552.0,-5.6,2.4,2026-04-29,-16.0
HINDCOPPER.NS,HINDCOPPER,Non - Ferrous Metals,MID,2026-04-22,READY,557.0,78.5,35.0,8.5,20.0,15.0,0.9,11.3,2.4,6.725,11.84,-26.6,174.1,3.2,539.9,40.0,398.0,292.5,1.6,0.68,0.0,0.0,0.426,READY,2026-04-22,78.5,2026-04-22,2,GRADUATED,,2026-04-22,READY,78.5,6.725,3.2,40.0,11.3,2.4,555.2,-0.3,552.2,-0.9,482.0,-13.5,572.7,2.8,8.9,2026-05-14,8.7
APTUS.NS,APTUS,Finance,SHORT,2026-04-22,ALERT,260.9,100.0,35.0,30.0,20.0,15.0,12.5,16.5,1.5,10.117,17.56,-26.9,34.1,12.7,231.4,-9.7,289.0,79.5,3.6,0.86,0.0,0.0,0.417,ALERT,2026-04-22,100.0,2026-04-22,2,GRADUATED,,2026-04-22,ALERT,100.0,10.117,12.7,-9.7,16.5,1.5,262.4,0.6,265.1,1.6,305.5,17.1,257.8,-1.2,17.6,2026-07-17,-3.6
PRESTIGE.NS,PRESTIGE,Realty,LONG,2026-04-22,WATCH,1405.5,44.6,0.0,14.6,20.0,10.0,4.1,3.8,-1.3,1.811,-0.21,-22.1,24.8,3.4,1359.1,-9.7,1557.3,127.1,2.0,0.77,0.0,0.0,0.0,WATCH,2026-04-22,44.6,2026-04-22,2,GRADUATED,,2026-04-22,WATCH,44.6,1.811,3.4,-9.7,3.8,-1.3,1433.7,2.0,1385.6,-1.4,1669.1,18.8,1631.0,16.0,23.3,2026-07-10,56.7
JUBLFOOD.NS,JUBLFOOD,Leisure Services,SHORT,2026-04-22,READY,493.1,78.8,35.0,13.8,20.0,10.0,7.8,0.6,-1.8,0.374,6.06,-31.5,19.4,1.5,485.8,-14.2,574.5,134.0,1.9,0.89,0.0,0.0,0.606,READY,2026-04-22,78.8,2026-04-22,2,GRADUATED,,2026-04-22,READY,78.8,0.374,1.5,-14.2,0.6,-1.8,484.0,-1.8,434.4,-11.9,424.9,-13.8,506.8,2.8,3.7,2026-08-17,8.6
INOXWIND.NS,INOXWIND,Electrical Equipment,LONG,2026-04-22,ALERT,104.6,95.0,35.0,30.0,20.0,10.0,11.3,25.0,-3.7,12.172,12.98,-46.4,38.5,15.4,90.6,-18.5,128.3,268.7,4.1,0.88,0.0,0.0,0.475,ALERT,2026-04-22,95.0,2026-04-22,2,GRADUATED,,2026-04-22,ALERT,95.0,12.172,15.4,-18.5,25.0,-3.7,102.2,-2.3,95.0,-9.2,79.2,-24.3,73.6,-29.6,2.4,2026-05-06,-65.4
ZENTEC.NS,ZENTEC,Aerospace & Defense,LONG,2026-04-22,ALERT,1762.4,100.0,35.0,30.0,20.0,15.0,15.5,19.2,48.5,30.586,13.04,-20.8,43.5,24.8,1411.7,21.0,1456.6,355.3,7.2,0.97,0.0,0.0,0.626,ALERT,2026-04-22,100.0,2026-04-22,2,GRADUATED,,2026-04-22,ALERT,100.0,30.586,24.8,21.0,19.2,48.5,1686.0,-4.3,1603.8,-9.0,1749.8,-0.7,1926.3,9.3,13.3,2026-06-19,30.8
SWIGGY.NS,SWIGGY,Retailing,SHORT,2026-04-22,WATCH,294.7,40.5,13.9,3.8,17.8,5.0,7.6,-3.9,-10.1,-5.203,1.99,-35.7,13.3,-0.7,296.8,-21.0,373.0,241.1,1.3,0.82,520.32,0.7,0.0,ALERT,2026-08-21,99.1,2026-08-21,10,GRADUATED,2026-04-23,2026-08-21,ALERT,99.1,7.415,5.8,-8.2,6.4,9.8,275.0,-6.7,250.8,-14.9,270.5,-8.2,282.5,-4.1,0.4,2026-07-30,-12.0
AWL.NS,AWL,Food Products,SHORT,2026-04-22,ALERT,199.6,95.0,35.0,30.0,20.0,10.0,8.7,10.1,-3.4,4.548,9.78,-30.1,15.8,6.3,187.8,-15.9,237.4,107.3,3.0,0.78,0.0,0.0,0.674,ALERT,2026-04-22,95.0,2026-04-22,2,GRADUATED,,2026-04-22,ALERT,95.0,4.548,6.3,-15.9,10.1,-3.4,199.1,-0.2,197.2,-1.2,189.4,-5.1,188.1,-5.8,5.6,2026-05-07,-16.4
SHAKTIPUMP.NS,SHAKTIPUMP,Industrial Manufacturing,LONG,2026-04-22,WATCH,564.2,41.4,35.0,14.0,20.0,0.0,5.9,7.8,-15.6,-1.73,9.05,-44.0,22.7,5.6,534.5,-21.9,722.1,115.7,1.9,0.85,172.95,0.0,1.12,WATCH,2026-04-22,41.4,2026-04-22,3,GRADUATED,2026-04-23,2026-04-27,WATCH,39.1,2.784,6.6,-21.1,12.9,-9.9,560.0,-0.7,502.0,-11.0,543.6,-3.7,503.5,-10.7,6.1,2026-07-06,-29.0
GUJGASLTD.NS,GUJGASLTD,Gas,MID,2026-04-22,ALERT,382.9,95.0,35.0,30.0,20.0,10.0,17.0,4.1,-2.6,2.708,22.36,-22.3,24.6,2.5,373.5,-6.9,411.1,88.0,3.5,1.0,0.0,0.0,0.345,ALERT,2026-04-22,95.0,2026-04-22,2,GRADUATED,,2026-04-22,ALERT,95.0,2.708,2.5,-6.9,4.1,-2.6,263.1,-31.3,283.0,-26.1,,,267.2,-30.2,0.0,2026-08-06,-66.2
LEMONTREE.NS,LEMONTREE,Leisure Services,SHORT,2026-04-22,ALERT,122.7,90.0,35.0,30.0,20.0,5.0,6.7,11.5,-12.9,1.287,5.58,-31.0,22.2,7.4,114.3,-16.1,146.2,336.9,10.2,0.93,0.0,0.0,0.67,ALERT,2026-04-22,90.0,2026-04-22,2,GRADUATED,,2026-04-22,ALERT,90.0,1.287,7.4,-16.1,11.5,-12.9,118.6,-3.3,112.0,-8.7,111.6,-9.0,108.3,-11.7,0.0,2026-04-22,-31.3
KEC.NS,KEC,Construction,LONG,2026-04-22,WATCH,589.0,54.0,4.2,24.8,20.0,5.0,3.6,2.3,-10.8,-2.801,0.6,-36.5,15.2,3.7,568.2,-19.9,735.0,107.0,2.7,0.56,280.15,0.0,0.0,ALERT,2026-06-16,86.6,2026-06-16,9,GRADUATED,2026-04-23,2026-06-19,WATCH,57.0,3.658,1.0,-18.9,9.9,-4.6,559.0,-5.1,480.5,-18.4,482.1,-18.1,436.0,-26.0,2.8,2026-05-07,-59.7
IDEA.NS,IDEA,Telecom - Services,MID,2026-04-22,WATCH,9.5,46.6,19.9,1.7,20.0,5.0,0.5,-1.5,-8.9,-4.24,2.84,-20.9,55.1,-4.4,10.0,3.0,9.3,376.4,1.1,0.57,424.03,4.4,0.0,WATCH,2026-04-22,59.2,2026-04-23,3,DROPPED,2026-04-24,2026-04-23,WATCH,59.2,-1.119,-3.7,3.3,2.1,-5.5,10.3,8.3,13.6,43.4,13.5,42.2,13.9,46.7,58.0,2026-06-18,218.0
ANANTRAJ.NS,ANANTRAJ,Realty,LONG,2026-04-22,WATCH,518.4,57.0,18.2,8.8,20.0,10.0,2.4,7.6,-1.1,3.603,2.6,-29.5,27.8,4.0,498.3,-7.4,559.6,87.3,1.6,0.77,0.0,0.0,0.0,WATCH,2026-04-22,57.0,2026-04-22,2,GRADUATED,,2026-04-22,WATCH,57.0,3.603,4.0,-7.4,7.6,-1.1,490.9,-5.3,510.2,-1.6,600.8,15.9,625.0,20.6,22.3,2026-08-20,75.8
KFINTECH.NS,KFINTECH,Capital Markets,SHORT,2026-04-22,WATCH,990.0,36.1,23.1,9.7,17.3,10.0,5.6,2.4,-2.3,0.834,3.29,-26.0,12.9,4.4,948.3,-7.1,1065.3,129.6,1.6,0.7,0.0,0.0,1.18,WATCH,2026-04-22,36.1,2026-04-22,2,GRADUATED,,2026-04-22,WATCH,36.1,0.834,4.4,-7.1,2.4,-2.3,964.2,-2.6,820.4,-17.1,881.8,-10.9,980.0,-1.0,0.0,2026-08-06,-3.0
RKFORGE.NS,RKFORGE,Auto Components,LONG,2026-04-22,READY,557.0,60.0,35.0,30.0,20.0,15.0,3.2,1.8,15.4,7.401,6.66,-27.4,20.4,3.2,539.8,0.8,552.7,56.0,4.7,0.74,0.0,0.0,0.978,READY,2026-04-22,60.0,2026-04-22,2,GRADUATED,,2026-04-22,READY,60.0,7.401,3.2,0.8,1.8,15.4,597.9,7.3,566.2,1.7,562.2,0.9,737.0,32.3,35.5,2026-08-17,132.8
PGEL.NS,PGEL,Consumer Durables,SHORT,2026-04-22,WATCH,568.7,49.3,35.0,12.2,20.0,15.0,5.1,3.4,1.8,2.947,7.14,-41.3,29.0,2.8,553.3,-3.7,590.6,183.5,1.8,0.86,0.0,0.0,0.863,WATCH,2026-04-22,49.3,2026-04-22,2,GRADUATED,,2026-04-22,WATCH,49.3,2.947,2.8,-3.7,3.4,1.8,550.8,-3.2,464.2,-18.4,620.9,9.2,600.5,5.6,10.9,2026-08-07,17.9
INDHOTEL.NS,INDHOTEL,Leisure Services,SHORT,2026-04-22,WATCH,659.7,41.7,0.0,6.7,20.0,15.0,1.5,1.0,0.7,0.949,-1.01,-21.4,15.5,2.3,644.8,-7.4,712.4,154.1,1.4,0.86,0.0,0.0,0.0,WATCH,2026-04-22,41.7,2026-04-22,2,GRADUATED,,2026-04-22,WATCH,41.7,0.949,2.3,-7.4,1.0,0.7,641.8,-2.7,654.5,-0.8,725.0,9.9,730.0,10.7,14.0,2026-07-10,35.7
IGL.NS,IGL,Gas,MID,2026-04-22,ALERT,169.1,84.4,31.0,18.4,20.0,15.0,1.2,4.9,0.0,2.607,4.42,-23.9,16.1,4.7,161.4,-10.8,189.5,101.5,2.2,0.77,0.0,0.0,0.624,ALERT,2026-04-22,84.4,2026-04-22,2,GRADUATED,,2026-04-22,ALERT,84.4,2.607,4.7,-10.8,4.9,0.0,167.6,-0.9,154.8,-8.5,154.7,-8.5,147.9,-12.6,1.0,2026-06-17,-33.3
IDFCFIRSTB.NS,IDFCFIRSTB,Banks,SHORT,2026-04-22,WATCH,68.4,55.1,18.5,11.6,20.0,5.0,1.6,2.3,-12.7,-3.78,2.65,-20.6,16.2,-2.5,70.1,-9.0,75.1,127.7,1.8,0.83,377.97,2.5,0.0,WATCH,2026-04-22,55.1,2026-04-22,6,DROPPED,2026-04-23,2026-05-20,WATCH,36.9,-1.746,3.0,-8.5,4.1,-9.2,69.9,2.3,68.1,-0.4,81.5,19.2,86.8,26.8,26.8,2026-08-21,104.8
CIPLA.NS,CIPLA,Pharmaceuticals & Biotechnology,MID,2026-04-22,WATCH,1236.3,44.5,29.2,5.4,4.9,5.0,0.2,-5.1,-8.8,-6.036,4.17,-25.7,3.7,-3.9,1285.8,-15.0,1453.7,193.3,1.4,0.62,603.64,3.9,0.722,READY,2026-04-23,73.0,2026-04-23,3,GRADUATED,,2026-04-23,READY,73.0,0.515,1.6,-10.1,0.3,-0.6,1305.4,5.6,1388.9,12.3,1441.6,16.6,1432.2,15.8,19.5,2026-08-06,55.8
TATAINVEST.NS,TATAINVEST,Finance,SHORT,2026-04-22,READY,731.4,73.0,8.0,30.0,20.0,15.0,1.8,14.3,15.2,13.409,1.14,-30.9,35.2,14.1,641.0,3.1,709.2,135.5,3.1,0.77,0.0,0.0,0.0,READY,2026-04-22,73.0,2026-04-22,2,GRADUATED,,2026-04-22,READY,73.0,13.409,14.1,3.1,14.3,15.2,713.9,-2.4,664.9,-9.1,662.0,-9.5,648.0,-11.4,0.0,2026-08-06,-30.6
IOC.NS,IOC,Petroleum Products,MID,2026-04-22,WATCH,147.4,43.0,35.0,6.6,20.0,10.0,0.9,-3.1,-1.2,-1.974,6.84,-20.4,17.4,-6.4,157.5,-2.4,151.0,163.2,1.4,0.76,197.45,6.4,0.952,READY,2026-04-27,66.5,2026-05-25,5,DROPPED,2026-04-23,2026-05-25,READY,66.5,-3.963,0.8,-4.7,-0.2,-11.5,144.2,-2.2,140.5,-4.7,142.4,-3.4,135.9,-7.8,0.5,2026-05-06,-21.7
PRAJIND.NS,PRAJIND,Industrial Products,MID,2026-04-22,ALERT,382.8,100.0,35.0,30.0,20.0,15.0,8.0,22.4,29.2,23.67,11.67,-27.2,38.6,19.0,321.6,6.9,358.2,106.7,3.9,0.88,0.0,0.0,0.607,ALERT,2026-04-22,100.0,2026-04-22,2,GRADUATED,,2026-04-22,ALERT,100.0,23.67,19.0,6.9,22.4,29.2,396.1,3.5,386.0,0.8,333.8,-12.8,344.4,-10.0,7.3,2026-05-05,-27.3
PARADEEP.NS,PARADEEP,Diversified Metals,LONG,2026-04-22,ALERT,136.3,86.1,35.0,21.1,20.0,10.0,10.6,14.8,-2.7,7.389,7.46,-40.9,32.1,16.0,117.5,-14.7,159.8,120.6,2.4,0.87,0.0,0.0,0.728,ALERT,2026-04-22,86.1,2026-04-22,2,GRADUATED,,2026-04-22,ALERT,86.1,7.389,16.0,-14.7,14.8,-2.7,131.1,-3.8,123.7,-9.2,138.2,1.4,148.5,8.9,14.8,2026-07-29,29.5
HCC.NS,HCC,Industrial Manufacturing,LONG,2026-04-22,ALERT,20.2,91.8,35.0,21.8,20.0,15.0,8.7,26.4,5.4,16.228,12.36,-44.5,47.0,17.1,17.2,-11.9,22.9,81.4,2.5,1.0,0.0,0.0,0.441,ALERT,2026-04-22,91.8,2026-04-22,2,GRADUATED,,2026-04-22,ALERT,91.8,16.228,17.1,-11.9,26.4,5.4,22.1,9.3,20.5,1.4,22.7,12.4,21.0,4.1,37.8,2026-06-22,12.9
MMTC.NS,MMTC,Commercial Services & Supplies,MID,2026-04-22,READY,67.7,60.0,0.0,30.0,20.0,10.0,11.2,5.5,-0.4,3.667,-2.18,-21.1,29.9,12.9,59.9,6.0,63.8,171.9,14.8,0.94,0.0,0.0,0.0,READY,2026-04-22,60.0,2026-04-22,2,GRADUATED,,2026-04-22,READY,60.0,3.667,12.9,6.0,5.5,-0.4,65.5,-3.2,64.0,-5.4,63.7,-6.0,65.4,-3.4,12.3,2026-06-17,-10.0
ITC.NS,ITC,Diversified FMCG,SHORT,2026-04-22,WATCH,305.5,40.7,12.1,10.4,8.2,10.0,0.5,-2.0,-1.8,-1.694,1.73,-28.3,6.2,-1.0,308.6,-17.1,368.3,699.1,1.7,0.67,169.37,1.0,0.0,READY,2026-04-29,72.6,2026-04-29,3,GRADUATED,2026-04-23,2026-04-29,READY,72.6,3.556,2.9,-13.6,3.2,3.8,307.9,0.8,299.9,-1.8,282.7,-7.5,269.4,-11.8,0.8,2026-04-29,-31.6
DLF.NS,DLF,Realty,LONG,2026-04-22,READY,610.7,67.8,34.7,3.1,20.0,10.0,3.3,5.9,-1.2,2.819,4.96,-30.1,21.1,4.2,585.9,-13.0,702.0,234.2,1.2,0.61,0.0,0.0,0.543,READY,2026-04-22,67.8,2026-04-22,2,GRADUATED,,2026-04-22,READY,67.8,2.819,4.2,-13.0,5.9,-1.2,587.1,-3.9,580.7,-4.9,660.3,8.1,678.1,11.0,11.0,2026-08-21,37.1
SHREECEM.NS,SHREECEM,Cement & Cement Products,LONG,2026-04-22,READY,25735.0,60.5,9.9,22.9,17.7,10.0,2.5,5.0,-1.6,2.14,1.41,-20.2,13.2,3.0,24979.2,-7.2,27725.0,53.7,2.5,0.67,0.0,0.0,0.0,READY,2026-04-22,60.5,2026-04-22,2,GRADUATED,,2026-04-22,READY,60.5,2.14,3.0,-7.2,5.0,-1.6,24491.3,-4.8,24541.2,-4.6,26850.0,4.3,24280.0,-5.7,5.9,2026-07-21,-16.1
AMBUJACEM.NS,AMBUJACEM,Cement & Cement Products,LONG,2026-04-22,WATCH,460.9,57.7,30.0,2.7,20.0,5.0,0.9,1.9,-11.1,-3.39,4.29,-25.7,16.6,-1.6,468.4,-14.9,541.8,79.1,1.2,0.58,339.03,1.6,0.606,ALERT,2026-07-02,91.9,2026-07-03,10,GRADUATED,2026-04-23,2026-07-06,ALERT,91.3,0.984,2.2,-11.5,1.7,-0.1,452.4,-1.9,434.3,-5.8,437.8,-5.0,414.5,-10.1,0.0,2026-04-22,-27.4
HINDPETRO.NS,HINDPETRO,Petroleum Products,MID,2026-04-22,READY,382.5,66.8,35.0,6.8,20.0,5.0,3.7,7.0,-8.1,0.634,13.09,-23.3,19.9,-2.4,391.9,-9.9,424.4,264.7,1.5,0.82,0.0,2.4,0.596,READY,2026-04-22,66.8,2026-04-22,4,GRADUATED,2026-04-23,2026-05-06,WATCH,57.0,7.262,6.1,-5.4,15.8,-2.6,380.6,-0.5,388.8,1.6,405.4,6.0,363.2,-5.0,7.9,2026-06-24,-14.4
IRFC.NS,IRFC,Finance,SHORT,2026-04-22,READY,105.8,64.6,21.9,17.7,20.0,5.0,3.4,5.2,-7.3,-0.0,3.13,-26.6,21.3,4.1,101.7,-9.7,117.1,209.8,2.2,0.85,0.02,0.0,0.735,READY,2026-04-22,73.2,2026-05-06,3,GRADUATED,2026-04-23,2026-05-06,READY,73.2,2.18,6.6,-7.7,9.2,-6.3,105.1,-0.7,98.2,-7.2,88.7,-16.1,86.4,-18.3,0.9,2026-05-07,-45.7
BAJAJHFL.NS,BAJAJHFL,Finance,SHORT,2026-04-22,READY,91.5,63.9,20.0,8.9,20.0,15.0,2.2,7.6,2.9,5.185,2.85,-30.8,25.2,7.4,85.2,-9.9,101.6,61.4,1.6,0.6,0.0,0.0,0.0,READY,2026-04-22,63.9,2026-04-22,2,GRADUATED,,2026-04-22,READY,63.9,5.185,7.4,-9.9,7.6,2.9,88.0,-3.8,82.7,-9.6,86.0,-6.0,84.8,-7.3,0.0,2026-04-22,-20.4
PRSMJOHNSN.NS,PRSMJOHNSN,Diversified Metals,LONG,2026-04-22,WATCH,133.2,55.9,31.8,30.0,16.4,15.0,5.6,2.9,7.3,4.91,4.55,-21.1,12.3,6.5,125.1,-5.2,140.5,60.6,33.1,0.85,0.0,0.0,1.225,WATCH,2026-04-22,55.9,2026-04-22,2,GRADUATED,,2026-04-22,WATCH,55.9,4.91,6.5,-5.2,2.9,7.3,132.3,-0.7,118.8,-10.8,112.8,-15.4,108.0,-18.9,0.8,2026-04-24,-46.9
BEML.NS,BEML,"Agricultural, Commercial & Construction Vehicles",LONG,2026-04-22,ALERT,1830.9,100.0,35.0,30.0,20.0,15.0,6.4,14.8,6.2,10.522,10.05,-23.4,33.7,12.4,1629.5,-3.6,1900.1,131.6,4.1,0.94,0.0,0.0,0.554,ALERT,2026-04-22,100.0,2026-04-22,2,GRADUATED,,2026-04-22,ALERT,100.0,10.522,12.4,-3.6,14.8,6.2,1827.1,-0.2,1839.1,0.4,1770.5,-3.3,1935.4,5.7,9.1,2026-05-07,18.2
LTIM.NS,LTIM,IT - Software,LONG,2026-04-22,READY,4757.9,68.9,30.2,18.7,20.0,0.0,3.4,9.4,-16.9,-1.723,4.31,-25.7,18.5,2.7,4634.8,-11.1,5349.7,167.9,2.2,0.9,172.25,0.0,0.467,READY,2026-04-22,68.9,2026-04-22,2,DROPPED,2026-04-23,2026-04-22,READY,68.9,-1.723,2.7,-11.1,9.4,-16.9,,,,,,,4757.9,0.0,0.0,2026-08-21,0.0
POONAWALLA.NS,POONAWALLA,Finance,SHORT,2026-04-22,READY,424.1,61.7,19.0,12.7,20.0,10.0,1.7,0.4,-5.0,-1.622,2.72,-21.8,15.1,-0.7,427.0,-6.6,454.2,156.0,1.8,0.69,162.22,0.7,0.0,ALERT,2026-06-17,100.0,2026-06-19,7,GRADUATED,2026-04-23,2026-06-19,ALERT,100.0,4.827,4.0,-4.3,6.2,2.6,421.2,-0.7,396.3,-6.6,467.2,10.2,490.0,15.6,18.5,2026-08-13,54.7
JKTYRE.NS,JKTYRE,Auto Components,LONG,2026-04-22,WATCH,426.9,39.6,0.0,14.6,20.0,5.0,-0.1,-4.8,-10.7,-6.661,-0.91,-29.4,41.9,-8.3,465.7,0.1,426.3,58.8,2.0,0.61,666.12,8.3,0.0,ALERT,2026-06-17,82.5,2026-06-17,8,GRADUATED,2026-04-23,2026-06-18,ALERT,82.5,1.558,0.4,-8.9,7.9,-8.0,402.9,-5.6,360.8,-15.5,398.0,-6.8,374.7,-12.2,0.0,2026-08-06,-32.5
SJVN.NS,SJVN,Power,LONG,2026-04-22,ALERT,80.8,93.5,35.0,23.5,20.0,15.0,6.8,12.3,9.3,10.542,7.07,-21.7,27.6,12.4,71.9,-1.3,81.9,69.3,2.6,0.76,0.0,0.0,0.738,ALERT,2026-04-22,93.5,2026-04-22,2,GRADUATED,,2026-04-22,ALERT,93.5,10.542,12.4,-1.3,12.3,9.3,80.6,-0.2,73.5,-9.1,69.1,-14.5,66.1,-18.2,1.2,2026-04-28,-45.5
SUPREMEIND.NS,SUPREMEIND,Industrial Products,MID,2026-04-23,READY,3677.3,78.8,16.4,28.5,18.9,15.0,0.5,-9.4,11.3,-0.135,2.34,-20.5,14.2,-4.1,3833.2,-5.9,3909.3,156.9,2.9,0.68,13.47,4.1,0.0,READY,2026-04-23,78.8,2026-04-23,4,GRADUATED,2026-04-24,2026-08-14,WATCH,35.6,0.988,4.1,-0.1,1.7,-0.7,3597.2,-2.2,3531.0,-4.0,3399.1,-7.6,3642.0,-1.0,0.2,2026-05-06,-2.9
CYIENTDLM.NS,CYIENTDLM,IT - Services,MID,2026-04-23,ALERT,381.5,100.0,35.0,30.0,20.0,15.0,13.6,22.7,3.1,13.954,16.51,-22.8,40.1,19.3,319.9,-6.3,407.2,50.4,5.4,1.0,0.0,0.0,0.339,ALERT,2026-04-23,100.0,2026-04-23,2,GRADUATED,,2026-04-23,ALERT,100.0,13.954,19.3,-6.3,22.7,3.1,393.1,3.0,418.3,9.6,623.0,63.3,721.2,89.0,93.3,2026-08-17,593.6
RAILTEL.NS,RAILTEL,Telecom - Services,MID,2026-04-23,WATCH,327.2,52.9,1.1,16.8,20.0,15.0,-3.1,15.9,0.3,7.766,0.16,-28.4,33.0,9.3,299.5,-5.4,345.9,68.2,2.1,0.57,0.0,0.0,0.0,WATCH,2026-04-23,52.9,2026-04-23,2,GRADUATED,,2026-04-23,WATCH,52.9,7.766,9.3,-5.4,15.9,0.3,323.5,-1.1,320.1,-2.2,294.1,-10.1,287.2,-12.2,6.4,2026-05-07,-32.7
BDL.NS,BDL,Aerospace & Defense,LONG,2026-04-23,READY,1423.3,78.1,35.0,8.1,20.0,15.0,4.8,8.1,0.1,4.56,9.69,-29.1,29.8,10.8,1284.5,-3.5,1474.2,177.7,1.5,0.86,0.0,0.0,0.624,READY,2026-04-23,78.1,2026-04-23,2,GRADUATED,,2026-04-23,READY,78.1,4.56,10.8,-3.5,8.1,0.1,1364.1,-4.2,1312.5,-7.8,1273.2,-10.5,1359.0,-4.5,3.1,2026-05-07,-13.1
WHIRLPOOL.NS,WHIRLPOOL,Consumer Durables,SHORT,2026-04-23,ALERT,947.2,100.0,35.0,30.0,20.0,15.0,11.7,11.6,24.0,16.58,15.37,-34.2,22.4,8.8,870.4,-13.4,1093.8,57.2,5.0,0.91,0.0,0.0,0.511,ALERT,2026-04-23,100.0,2026-04-23,2,GRADUATED,,2026-04-23,ALERT,100.0,16.58,8.8,-13.4,11.6,24.0,985.6,4.1,845.8,-10.7,769.7,-18.7,768.5,-18.9,5.2,2026-04-28,-47.1
MSUMI.NS,MSUMI,Auto Components,LONG,2026-04-23,ALERT,40.6,81.3,35.0,16.3,20.0,10.0,2.9,3.8,-4.6,0.328,7.65,-22.1,16.0,0.5,40.4,-7.3,43.8,51.5,2.1,0.65,0.0,0.0,0.629,ALERT,2026-04-23,81.3,2026-04-23,2,GRADUATED,,2026-04-23,ALERT,81.3,0.328,0.5,-7.3,3.8,-4.6,40.0,-1.6,39.1,-3.7,40.1,-1.2,38.4,-5.5,4.0,2026-05-07,-15.9
SHAILY.NS,SHAILY,Diversified Metals,LONG,2026-04-23,READY,2186.2,65.0,0.0,30.0,20.0,15.0,15.1,-9.8,7.3,-0.476,-6.9,-20.5,43.0,7.1,2041.8,2.6,2130.5,128.8,3.8,0.73,47.6,0.0,0.0,READY,2026-04-23,65.0,2026-04-23,2,DROPPED,2026-04-24,2026-04-23,READY,65.0,-0.476,7.1,2.6,-9.8,7.3,2532.6,15.8,2695.2,23.3,2845.2,30.1,3321.0,51.9,58.2,2026-08-11,256.7
TTML.NS,TTML,Telecom - Services,MID,2026-04-23,READY,45.3,60.0,35.0,30.0,20.0,15.0,3.5,14.3,4.3,9.217,5.33,-41.1,44.4,11.7,40.5,-11.3,51.0,63.1,5.1,0.89,0.0,0.0,1.024,READY,2026-04-23,60.0,2026-04-23,2,GRADUATED,,2026-04-23,READY,60.0,9.217,11.7,-11.3,14.3,4.3,42.9,-5.2,42.2,-6.9,40.2,-11.4,37.8,-16.6,2.5,2026-06-12,-42.4
PAGEIND.NS,PAGEIND,Textiles & Apparels,SHORT,2026-04-23,WATCH,37965.0,57.6,0.0,22.6,20.0,15.0,2.8,16.5,16.8,15.242,-0.98,-22.4,25.7,13.3,33497.5,-2.7,39000.7,154.6,2.5,0.71,0.0,0.0,0.0,WATCH,2026-04-23,57.6,2026-04-23,2,GRADUATED,,2026-04-23,WATCH,57.6,15.242,13.3,-2.7,16.5,16.8,36641.0,-3.5,38394.1,1.1,39820.0,4.9,35480.0,-6.5,14.9,2026-07-01,-18.6
ATGL.NS,ATGL,Gas,MID,2026-04-23,WATCH,621.7,53.5,35.0,19.2,20.0,15.0,4.1,6.7,19.6,11.613,10.7,-20.4,32.9,15.2,539.6,5.5,589.5,247.9,2.3,0.6,0.0,0.0,0.995,WATCH,2026-04-23,53.5,2026-04-23,2,GRADUATED,,2026-04-23,WATCH,53.5,11.613,15.2,5.5,6.7,19.6,634.5,2.1,652.6,5.0,700.4,12.7,646.1,3.9,30.0,2026-05-27,12.4
WEBELSOLAR.NS,WEBELSOLAR,IT - Services,MID,2026-04-23,WATCH,106.8,55.8,35.0,23.0,20.0,15.0,21.7,66.1,34.1,48.857,11.53,-31.8,105.8,54.1,69.3,3.2,103.4,81.3,2.5,0.79,0.0,0.0,1.249,WATCH,2026-04-23,55.8,2026-04-23,2,GRADUATED,,2026-04-23,WATCH,55.8,48.857,54.1,3.2,66.1,34.1,110.7,3.6,107.9,1.0,100.8,-5.6,82.8,-22.5,14.4,2026-04-28,-53.9
ZEEL.NS,ZEEL,Media,SHORT,2026-04-23,ALERT,91.2,95.8,35.0,25.8,20.0,15.0,13.8,18.2,7.8,13.623,22.82,-37.8,33.3,9.9,83.0,-9.6,100.8,312.7,2.7,0.88,0.0,0.0,0.591,ALERT,2026-04-23,95.8,2026-04-23,2,GRADUATED,,2026-04-23,ALERT,95.8,13.623,9.9,-9.6,18.2,7.8,89.7,-1.6,82.1,-9.9,107.6,18.0,107.6,18.0,26.9,2026-06-22,65.3
CLEAN.NS,CLEAN,Chemicals & Petrochemicals,SHORT,2026-04-23,ALERT,800.7,95.0,35.0,30.0,20.0,10.0,6.6,10.0,-0.8,5.332,9.95,-48.0,22.0,9.3,732.8,-17.9,975.0,149.6,15.2,0.99,0.0,0.0,0.559,ALERT,2026-04-23,95.0,2026-04-23,2,GRADUATED,,2026-04-23,ALERT,95.0,5.332,9.3,-17.9,10.0,-0.8,819.0,2.3,756.7,-5.5,756.5,-5.5,825.5,3.1,11.5,2026-05-08,9.7
PPLPHARMA.NS,PPLPHARMA,Pharmaceuticals & Biotechnology,MID,2026-04-23,ALERT,163.9,100.0,35.0,30.0,20.0,15.0,11.2,15.7,4.5,10.734,16.66,-26.9,23.0,8.5,151.0,-8.5,179.1,199.1,8.8,0.97,0.0,0.0,0.643,ALERT,2026-04-23,100.0,2026-04-23,2,GRADUATED,,2026-04-23,ALERT,100.0,10.734,8.5,-8.5,15.7,4.5,161.9,-1.2,175.6,7.2,184.8,12.8,213.7,30.4,32.2,2026-08-20,124.0
GODREJIND.NS,GODREJIND,Diversified,MID,2026-04-23,ALERT,996.0,100.0,35.0,30.0,20.0,15.0,8.5,15.8,3.8,10.293,15.26,-26.7,33.0,8.3,919.4,-5.5,1054.4,64.5,21.1,0.99,0.0,0.0,0.328,ALERT,2026-04-23,100.0,2026-04-23,2,GRADUATED,,2026-04-23,ALERT,100.0,10.293,8.3,-5.5,15.8,3.8,959.0,-3.7,1126.5,13.1,1380.5,38.6,1230.0,23.5,42.3,2026-07-10,90.0
OLECTRA.NS,OLECTRA,Automobiles,LONG,2026-04-23,WATCH,1223.9,39.5,0.0,4.5,20.0,15.0,0.9,17.2,16.4,15.25,-14.75,-26.8,39.0,17.7,1039.6,-4.3,1279.2,76.2,1.3,0.66,0.0,0.0,0.0,WATCH,2026-04-23,39.5,2026-04-23,2,GRADUATED,,2026-04-23,WATCH,39.5,15.25,17.7,-4.3,17.2,16.4,1245.6,1.8,1207.7,-1.3,1355.4,10.7,1318.4,7.7,25.6,2026-07-02,25.4
JIOFIN.NS,JIOFIN,Finance,SHORT,2026-04-23,READY,248.7,65.1,10.5,30.0,14.6,10.0,3.2,-1.2,-4.9,-2.262,1.5,-25.4,11.0,1.2,245.8,-14.4,290.4,1212.7,4.1,0.66,226.19,0.0,0.0,ALERT,2026-04-27,96.6,2026-04-27,3,GRADUATED,2026-04-24,2026-04-27,ALERT,96.6,3.408,3.5,-12.4,5.2,0.1,246.4,-0.9,238.2,-4.2,240.0,-3.5,244.0,-1.9,6.6,2026-08-04,-5.6
TARIL.NS,TARIL,Electrical Equipment,LONG,2026-04-24,READY,323.5,65.0,0.0,30.0,20.0,15.0,2.2,10.0,34.0,18.859,-1.18,-43.6,40.9,11.3,290.7,-14.1,376.4,363.2,3.3,0.9,0.0,0.0,0.0,READY,2026-04-24,65.0,2026-04-24,2,GRADUATED,,2026-04-24,READY,65.0,18.859,11.3,-14.1,10.0,34.0,334.2,3.3,314.0,-2.9,307.1,-5.1,298.6,-7.7,11.0,2026-07-01,-21.7
IDBI.NS,IDBI,Banks,SHORT,2026-04-24,ALERT,76.2,85.0,35.0,30.0,20.0,0.0,3.3,0.9,-16.2,-5.712,24.62,-34.3,23.9,-14.9,89.5,-19.8,95.0,133.4,3.4,0.72,571.21,14.9,0.653,ALERT,2026-04-24,90.0,2026-04-27,10,GRADUATED,2026-04-29,2026-06-17,READY,60.0,17.958,21.6,-0.9,20.9,14.6,75.9,-0.4,73.0,-4.1,85.9,12.8,82.2,7.9,18.6,2026-06-17,26.4
AEGISLOG.NS,AEGISLOG,Gas,MID,2026-04-24,READY,714.5,67.0,5.4,26.6,20.0,15.0,2.6,13.4,9.9,10.934,0.77,-22.4,21.5,8.6,657.9,-1.2,723.0,61.8,2.8,0.7,0.0,0.0,0.0,READY,2026-04-24,67.0,2026-04-24,2,GRADUATED,,2026-04-24,READY,67.0,10.934,8.6,-1.2,13.4,9.9,697.2,-2.4,727.1,1.8,1351.3,89.1,1417.9,98.4,98.5,2026-08-06,718.4
TEJASNET.NS,TEJASNET,Telecom - Equipment & Accessories,LONG,2026-04-24,WATCH,411.0,45.0,0.0,10.0,20.0,15.0,-1.3,-9.1,24.3,5.015,-3.94,-53.6,38.8,1.0,407.1,-17.6,498.7,97.1,1.7,0.55,0.0,0.0,0.0,WATCH,2026-04-24,45.0,2026-04-24,2,GRADUATED,,2026-04-24,WATCH,45.0,5.015,1.0,-17.6,-9.1,24.3,415.1,1.0,474.0,15.3,520.5,26.7,510.5,24.2,53.9,2026-06-19,94.4
TATATECH.NS,TATATECH,IT - Services,MID,2026-04-27,READY,592.8,60.1,15.0,15.1,20.0,10.0,4.0,7.2,-3.9,2.426,2.14,-23.5,16.4,4.3,568.5,-9.1,651.8,62.6,2.0,0.71,0.0,0.0,0.0,READY,2026-04-27,60.1,2026-04-27,2,GRADUATED,,2026-04-27,READY,60.1,2.426,4.3,-9.1,7.2,-3.9,582.1,-1.8,695.6,17.3,696.2,17.5,820.8,38.5,48.3,2026-08-10,178.4
INDIGO.NS,INDIGO,Transport Services,MID,2026-04-27,WATCH,4561.2,47.0,13.1,3.9,20.0,10.0,-1.4,8.6,-0.3,4.054,1.87,-25.9,15.7,0.8,4524.6,-13.6,5279.4,416.0,1.3,0.6,0.0,0.0,0.0,WATCH,2026-04-27,47.0,2026-04-27,2,GRADUATED,,2026-04-27,WATCH,47.0,4.054,0.8,-13.6,8.6,-0.3,4238.4,-7.1,4570.0,0.2,4985.0,9.3,5110.0,12.0,19.5,2026-06-25,43.0
ABBOTINDIA.NS,ABBOTINDIA,Pharmaceuticals & Biotechnology,MID,2026-04-27,WATCH,25425.0,48.5,7.2,30.0,1.3,10.0,0.6,-7.3,-2.0,-4.381,1.03,-27.8,1.0,-3.5,26337.1,-13.2,29294.8,62.8,3.5,0.75,438.13,3.5,0.0,ALERT,2026-05-11,93.8,2026-05-11,4,GRADUATED,2026-04-29,2026-05-11,ALERT,93.8,8.952,6.0,-3.8,7.6,10.2,24833.9,-2.3,26978.7,6.1,28034.0,10.3,26230.0,3.2,11.1,2026-07-22,10.3
TANLA.NS,TANLA,IT - Services,MID,2026-04-27,READY,583.0,60.0,35.0,30.0,20.0,15.0,21.9,38.7,36.6,36.202,25.21,-21.9,54.4,29.0,451.9,3.4,564.0,227.5,16.1,0.98,0.0,0.0,1.082,READY,2026-04-27,60.0,2026-04-27,2,GRADUATED,,2026-04-27,READY,60.0,36.202,29.0,3.4,38.7,36.6,526.9,-9.6,529.8,-9.1,618.5,6.1,570.5,-2.2,8.4,2026-08-10,-6.6
WIPRO.NS,WIPRO,IT - Software,LONG,2026-04-27,WATCH,205.1,42.3,18.4,6.5,12.4,5.0,2.4,2.3,-7.8,-1.723,2.62,-22.9,9.3,1.5,202.1,-12.2,233.7,591.2,1.4,0.59,172.35,0.0,0.0,READY,2026-05-21,72.8,2026-05-21,4,GRADUATED,2026-04-28,2026-05-21,READY,72.8,1.685,1.0,-12.7,0.9,1.6,198.5,-3.2,201.4,-1.8,172.8,-15.7,180.8,-11.9,1.2,2026-06-02,-32.8
M&MFIN.NS,M&MFIN,Finance,SHORT,2026-04-27,WATCH,317.7,54.0,35.0,30.0,20.0,5.0,5.8,1.4,-5.2,-0.808,10.47,-21.4,37.0,-4.4,332.3,0.6,316.0,248.4,5.1,0.86,80.79,4.4,0.889,ALERT,2026-06-24,95.0,2026-06-24,5,GRADUATED,2026-04-30,2026-06-24,ALERT,95.0,0.94,2.1,-4.5,1.4,-0.6,297.1,-6.5,298.4,-6.1,370.4,16.6,381.6,20.1,29.8,2026-08-10,78.0
HDFCBANK.NS,HDFCBANK,Banks,SHORT,2026-04-27,READY,789.8,61.7,35.0,11.1,10.6,5.0,0.4,-0.9,-10.7,-4.668,8.57,-22.0,8.0,-5.5,835.7,-16.2,943.0,2492.0,1.7,0.61,466.83,5.5,0.467,READY,2026-04-27,61.7,2026-04-27,9,DROPPED,2026-04-28,2026-06-18,WATCH,47.1,-1.368,3.3,-11.2,3.0,-8.0,766.7,-2.9,766.2,-3.0,747.2,-5.4,727.0,-8.0,5.1,2026-07-06,-23.0
CROMPTON.NS,CROMPTON,Consumer Durables,SHORT,2026-04-28,ALERT,269.6,97.4,35.0,27.4,20.0,15.0,6.6,8.8,20.7,13.334,8.98,-24.3,21.8,7.3,251.3,-3.2,278.6,130.6,2.8,0.69,0.0,0.0,0.542,ALERT,2026-04-28,97.4,2026-04-28,2,GRADUATED,,2026-04-28,ALERT,97.4,13.334,7.3,-3.2,8.8,20.7,272.2,1.0,284.8,5.6,250.1,-7.2,252.0,-6.5,10.7,2026-05-15,-19.3
INTELLECT.NS,INTELLECT,IT - Software,LONG,2026-04-28,ALERT,754.0,90.0,35.0,30.0,20.0,5.0,13.6,12.5,-11.1,3.176,11.32,-38.2,26.0,11.3,677.5,-18.7,926.9,74.0,3.3,0.91,0.0,0.0,0.729,ALERT,2026-04-28,90.0,2026-04-28,2,GRADUATED,,2026-04-28,ALERT,90.0,3.176,11.3,-18.7,12.5,-11.1,746.8,-1.0,703.3,-6.7,732.2,-2.9,691.2,-8.3,6.0,2026-05-08,-24.1
RPOWER.NS,RPOWER,Power,LONG,2026-04-28,WATCH,29.5,50.6,35.0,14.3,20.0,15.0,6.6,33.4,4.4,19.104,8.36,-58.5,45.1,18.3,25.0,-23.2,38.5,269.8,2.0,0.57,0.0,0.0,1.329,WATCH,2026-04-28,50.6,2026-04-28,2,GRADUATED,,2026-04-28,WATCH,50.6,19.104,18.3,-23.2,33.4,4.4,28.4,-3.8,27.6,-6.3,24.1,-18.4,23.5,-20.5,0.2,2026-04-28,-51.7
EMIL.NS,EMIL,Consumer Durables,SHORT,2026-04-28,ALERT,122.8,100.0,35.0,30.0,20.0,15.0,15.4,32.9,45.3,36.08,18.08,-24.9,43.4,24.5,98.6,3.1,119.1,78.4,17.3,0.97,0.0,0.0,0.731,ALERT,2026-04-28,100.0,2026-04-28,2,GRADUATED,,2026-04-28,ALERT,100.0,36.08,24.5,3.1,32.9,45.3,121.8,-0.8,116.0,-5.5,129.6,5.6,186.7,52.0,57.7,2026-08-12,278.1
TATACHEM.NS,TATACHEM,Chemicals & Petrochemicals,SHORT,2026-04-28,ALERT,802.2,100.0,35.0,30.0,20.0,15.0,15.7,27.2,20.2,23.256,23.54,-20.2,37.5,17.6,682.3,-1.9,817.3,432.6,17.0,0.97,0.0,0.0,0.661,ALERT,2026-04-28,100.0,2026-04-28,2,GRADUATED,,2026-04-28,ALERT,100.0,23.256,17.6,-1.9,27.2,20.2,789.3,-1.6,762.8,-4.9,685.3,-14.6,626.8,-21.9,0.2,2026-05-06,-54.3
AGI.NS,AGI,Consumer Durables,SHORT,2026-04-28,READY,672.5,60.0,35.0,30.0,20.0,15.0,20.6,34.2,11.4,23.727,27.11,-30.3,43.5,23.9,542.8,-9.1,739.8,250.5,34.7,0.97,0.0,0.0,0.806,READY,2026-04-28,60.0,2026-04-28,2,GRADUATED,,2026-04-28,READY,60.0,23.727,23.9,-9.1,34.2,11.4,621.0,-7.7,586.8,-12.7,672.8,0.1,753.6,12.1,12.1,2026-08-21,43.5
WAAREERTL.NS,WAAREERTL,Power,LONG,2026-04-28,WATCH,1059.3,53.4,0.0,18.4,20.0,15.0,2.2,22.9,26.6,22.338,-1.39,-20.4,35.4,18.3,895.7,5.0,1008.7,67.7,2.2,0.69,0.0,0.0,0.0,WATCH,2026-04-28,53.4,2026-04-28,2,GRADUATED,,2026-04-28,WATCH,53.4,22.338,18.3,5.0,22.9,26.6,1016.3,-4.1,988.0,-6.7,932.0,-12.0,875.3,-17.4,0.0,2026-04-28,-45.4
KNRCON.NS,KNRCON,Industrial Manufacturing,LONG,2026-04-28,WATCH,130.6,55.3,35.0,22.2,20.0,15.0,10.4,11.2,0.2,6.703,13.61,-46.0,19.2,4.0,125.6,-21.9,167.2,50.7,2.5,0.74,0.0,0.0,0.805,WATCH,2026-04-28,55.3,2026-04-28,2,GRADUATED,,2026-04-28,WATCH,55.3,6.703,4.0,-21.9,11.2,0.2,125.3,-4.0,131.7,0.8,121.2,-7.2,127.0,-2.8,9.3,2026-08-10,-8.5
COHANCE.NS,COHANCE,Pharmaceuticals & Biotechnology,MID,2026-04-28,ALERT,493.3,100.0,35.0,30.0,20.0,15.0,38.9,61.8,33.3,48.079,46.08,-55.5,76.2,52.2,324.2,-23.0,640.7,553.7,17.1,0.93,0.0,0.0,0.542,ALERT,2026-04-28,100.0,2026-04-28,2,GRADUATED,,2026-04-28,ALERT,100.0,48.079,52.2,-23.0,61.8,33.3,454.1,-7.9,428.8,-13.1,417.1,-15.4,463.0,-6.1,-0.0,2026-04-28,-18.2
NCC.NS,NCC,Construction,LONG,2026-04-28,ALERT,164.9,82.0,35.0,12.0,20.0,15.0,5.5,16.3,20.7,17.005,8.92,-30.6,25.9,10.7,148.9,-8.7,180.5,75.0,1.8,0.84,0.0,0.0,0.614,ALERT,2026-04-28,82.0,2026-04-28,2,GRADUATED,,2026-04-28,ALERT,82.0,17.005,10.7,-8.7,16.3,20.7,167.4,1.5,152.1,-7.7,137.1,-16.9,149.6,-9.3,3.2,2026-05-06,-26.6
TIMETECHNO.NS,TIMETECHNO,Consumer Durables,SHORT,2026-04-28,WATCH,184.9,43.5,0.0,8.5,20.0,15.0,-0.9,9.5,12.9,9.864,-3.07,-23.9,20.5,2.7,180.0,-8.7,202.4,53.5,1.6,0.56,0.0,0.0,0.0,WATCH,2026-04-28,43.5,2026-04-28,2,GRADUATED,,2026-04-28,WATCH,43.5,9.864,2.7,-8.7,9.5,12.9,186.1,0.7,179.8,-2.8,201.3,8.8,187.5,1.4,17.0,2026-07-29,4.5
SAPPHIRE.NS,SAPPHIRE,Leisure Services,SHORT,2026-04-29,READY,207.4,60.0,35.0,30.0,20.0,15.0,18.3,25.9,11.4,19.365,25.5,-39.7,37.9,14.5,181.1,-18.1,253.3,188.4,15.8,0.92,0.0,0.0,0.81,READY,2026-04-29,60.0,2026-04-29,2,GRADUATED,,2026-04-29,READY,60.0,19.365,14.5,-18.1,25.9,11.4,187.2,-9.7,182.1,-12.2,187.1,-9.8,242.3,16.8,16.8,2026-08-21,64.6
MANINFRA.NS,MANINFRA,Industrial Manufacturing,LONG,2026-04-29,ALERT,118.9,100.0,35.0,30.0,20.0,15.0,16.5,30.0,15.3,22.781,22.76,-37.0,51.6,19.2,99.7,-10.7,133.1,55.7,18.5,0.89,0.0,0.0,0.442,ALERT,2026-04-29,100.0,2026-04-29,2,GRADUATED,,2026-04-29,ALERT,100.0,22.781,19.2,-10.7,30.0,15.3,126.7,6.6,116.1,-2.3,98.4,-17.3,108.7,-8.6,12.7,2026-05-07,-25.0
IIFL.NS,IIFL,Finance,SHORT,2026-04-29,WATCH,447.0,55.0,0.0,30.0,20.0,5.0,-3.6,-7.5,-12.0,-8.888,-0.59,-32.3,30.8,-5.2,471.8,-11.5,505.3,234.5,6.1,0.6,888.85,5.2,0.0,WATCH,2026-04-29,55.0,2026-04-29,3,GRADUATED,2026-04-30,2026-05-21,WATCH,50.2,0.305,1.0,-7.7,1.8,-1.6,455.2,1.8,478.4,7.0,573.2,28.2,679.8,52.1,52.1,2026-08-21,282.8
DEVYANI.NS,DEVYANI,Leisure Services,SHORT,2026-04-29,READY,127.6,60.0,35.0,30.0,20.0,15.0,13.5,21.4,10.4,16.194,20.11,-32.5,34.9,12.1,113.8,-11.4,143.9,172.8,11.1,0.95,0.0,0.0,0.811,READY,2026-04-29,60.0,2026-04-29,2,GRADUATED,,2026-04-29,READY,60.0,16.194,12.1,-11.4,21.4,10.4,121.0,-5.2,117.2,-8.2,116.1,-9.0,144.4,13.2,15.8,2026-08-20,48.6
SWANCORP.NS,SWANCORP,Chemicals & Petrochemicals,SHORT,2026-04-29,ALERT,344.0,85.0,30.4,30.0,19.6,5.0,-0.0,1.9,-9.8,-2.98,4.35,-34.1,14.7,-1.9,350.5,-19.5,427.5,67.3,4.1,0.83,297.95,1.9,0.682,ALERT,2026-04-29,89.6,2026-05-04,6,GRADUATED,2026-04-30,2026-06-23,WATCH,49.7,2.303,0.7,-17.6,3.1,0.6,349.6,1.6,321.5,-6.6,312.2,-9.2,303.9,-11.7,3.3,2026-05-07,-32.8
ICICIPRULI.NS,ICICIPRULI,Insurance,SHORT,2026-04-29,WATCH,524.3,47.9,28.3,14.1,5.5,0.0,-2.1,-6.7,-15.3,-9.709,4.04,-23.8,4.2,-9.7,580.6,-14.8,615.1,57.7,1.9,0.73,970.92,9.7,0.329,ALERT,2026-05-06,87.9,2026-06-18,10,GRADUATED,2026-04-30,2026-07-10,ALERT,84.5,0.584,1.0,-12.5,6.3,-7.8,548.2,4.6,521.1,-0.6,509.8,-2.8,515.0,-1.8,7.8,2026-05-08,-5.6
MARUTI.NS,MARUTI,Automobiles,LONG,2026-04-30,READY,13314.0,60.4,20.6,14.8,20.0,5.0,1.9,2.3,-9.7,-2.552,2.94,-23.0,15.0,-2.0,13585.3,-10.0,14798.5,782.9,2.0,0.56,255.22,2.0,0.0,READY,2026-04-30,70.8,2026-05-06,6,GRADUATED,,2026-05-06,READY,70.8,0.556,2.0,-7.4,2.2,-2.1,13633.1,2.4,12996.5,-2.4,13664.8,2.6,13565.0,1.9,8.1,2026-07-07,6.2
KPITTECH.NS,KPITTECH,IT - Software,LONG,2026-04-30,WATCH,759.0,40.9,25.1,23.0,20.0,0.0,4.2,9.8,-27.5,-5.679,3.58,-46.2,20.1,4.1,729.4,-29.1,1071.0,140.5,2.5,0.61,567.95,0.0,1.036,READY,2026-05-04,79.3,2026-05-04,6,GRADUATED,2026-05-06,2026-05-20,WATCH,57.1,0.434,5.9,-27.4,4.6,-5.8,722.7,-4.8,772.0,1.7,602.5,-20.6,589.3,-22.4,6.6,2026-06-02,-55.8
BHARTIHEXA.NS,BHARTIHEXA,Telecom - Services,MID,2026-04-30,READY,1517.4,64.5,19.8,30.0,4.7,10.0,-2.0,-4.3,-1.9,-3.082,2.82,-23.1,3.5,-3.4,1570.3,-11.0,1705.1,53.2,4.1,0.56,308.18,3.4,0.0,ALERT,2026-07-08,80.5,2026-07-08,8,GRADUATED,2026-05-04,2026-07-08,ALERT,80.5,0.147,1.4,-7.1,0.2,-1.1,1515.6,-0.1,1495.5,-1.4,1604.6,5.7,1591.2,4.9,9.0,2026-07-29,16.6
SYNGENE.NS,SYNGENE,Healthcare Services,MID,2026-04-30,WATCH,467.6,54.0,35.0,30.0,20.0,5.0,9.9,7.4,-9.8,0.748,7.43,-35.2,19.9,11.7,418.6,-19.3,579.2,578.1,29.7,0.98,0.0,0.0,1.064,WATCH,2026-04-30,54.0,2026-04-30,2,GRADUATED,,2026-04-30,WATCH,54.0,0.748,11.7,-19.3,7.4,-9.8,466.0,-0.3,440.8,-5.7,409.1,-12.5,407.2,-12.9,2.9,2026-05-11,-36.0
ITCHOTELS.NS,ITCHOTELS,Leisure Services,SHORT,2026-04-30,READY,160.6,69.0,35.0,9.0,20.0,5.0,0.7,8.1,-7.7,1.052,8.06,-37.0,16.5,-0.4,161.2,-20.6,202.2,51.5,1.6,0.72,0.0,0.4,0.597,READY,2026-04-30,76.4,2026-05-04,4,GRADUATED,,2026-05-04,READY,76.4,3.237,1.2,-19.4,10.1,-5.0,165.1,2.8,154.9,-3.6,161.0,0.3,165.0,2.7,16.6,2026-07-10,9.1
MOTILALOFS.NS,MOTILALOFS,Capital Markets,SHORT,2026-04-30,READY,800.2,77.3,12.3,30.0,20.0,15.0,1.9,14.5,11.6,12.097,1.76,-26.1,27.4,8.9,734.9,-6.8,858.8,144.8,3.1,0.56,0.0,0.0,0.0,READY,2026-04-30,77.3,2026-04-30,2,GRADUATED,,2026-04-30,READY,77.3,12.097,8.9,-6.8,14.5,11.6,891.3,11.4,879.5,9.9,856.2,7.0,990.0,23.7,23.7,2026-08-21,98.9
BALUFORGE.NS,BALUFORGE,Industrial Manufacturing,LONG,2026-04-30,ALERT,541.4,100.0,35.0,30.0,20.0,15.0,15.7,27.3,46.9,34.002,24.82,-29.0,52.0,16.6,464.4,-4.3,566.0,56.3,4.6,0.95,0.0,0.0,0.491,ALERT,2026-04-30,100.0,2026-04-30,2,GRADUATED,,2026-04-30,ALERT,100.0,34.002,16.6,-4.3,27.3,46.9,557.7,3.0,475.9,-12.1,445.9,-17.6,555.4,2.6,3.6,2026-05-04,8.6
PCBL.NS,PCBL,Chemicals & Petrochemicals,SHORT,2026-05-04,WATCH,309.5,58.1,35.0,26.9,20.0,15.0,8.8,19.9,23.4,20.212,9.58,-27.6,33.3,11.1,278.7,-5.9,328.8,68.5,2.8,0.83,0.0,0.0,1.186,WATCH,2026-05-04,58.1,2026-05-04,2,GRADUATED,,2026-05-04,WATCH,58.1,20.212,11.1,-5.9,19.9,23.4,290.1,-6.3,287.2,-7.2,323.5,4.5,317.5,2.6,16.5,2026-07-29,9.0
REDINGTON.NS,REDINGTON,Commercial Services & Supplies,MID,2026-05-04,READY,221.8,71.6,35.0,17.1,14.5,5.0,1.5,2.9,-7.2,-1.295,6.69,-31.2,10.9,-3.6,230.1,-15.0,260.8,98.7,2.1,0.58,129.51,3.6,0.702,ALERT,2026-06-01,100.0,2026-06-01,10,GRADUATED,2026-05-07,2026-06-01,ALERT,100.0,8.083,6.7,-8.2,10.6,5.2,214.0,-3.5,233.6,5.3,311.0,40.2,350.5,58.0,60.0,2026-08-07,363.1
SAMMAANCAP.NS,SAMMAANCAP,Finance,SHORT,2026-05-04,WATCH,146.9,58.7,0.0,23.7,20.0,15.0,1.4,-9.8,10.1,-0.72,-10.41,-22.7,29.8,0.1,146.8,0.2,146.5,303.7,2.6,0.65,71.95,0.0,0.0,ALERT,2026-05-07,100.0,2026-05-07,4,GRADUATED,2026-05-05,2026-05-07,ALERT,100.0,2.622,3.5,3.3,-0.7,6.5,145.1,-1.3,178.9,21.8,160.0,8.9,150.5,2.5,25.4,2026-06-05,8.5
DBREALTY.NS,DBREALTY,Leisure Services,SHORT,2026-05-04,READY,124.3,60.0,35.0,30.0,20.0,15.0,18.9,40.0,31.2,34.371,37.63,-50.0,48.0,19.1,104.3,-10.5,138.9,53.2,7.6,0.9,0.0,0.0,0.858,READY,2026-05-04,60.0,2026-05-04,2,GRADUATED,,2026-05-04,READY,60.0,34.371,19.1,-10.5,40.0,31.2,135.4,9.0,114.5,-7.9,113.8,-8.4,106.1,-14.7,14.2,2026-05-08,-41.2
CHOLAHLDNG.NS,CHOLAHLDNG,Finance,SHORT,2026-05-04,READY,1672.6,60.0,35.0,30.0,20.0,15.0,5.7,14.5,8.0,11.005,6.42,-22.7,23.8,7.1,1561.3,-6.5,1789.3,122.4,8.8,0.82,0.0,0.0,1.189,READY,2026-05-04,60.0,2026-05-04,2,GRADUATED,,2026-05-04,READY,60.0,11.005,7.1,-6.5,14.5,8.0,1764.2,5.5,1480.5,-11.5,1503.4,-10.1,1561.8,-6.6,6.5,2026-05-08,-20.5
IRCTC.NS,IRCTC,Leisure Services,SHORT,2026-05-04,WATCH,555.2,39.7,29.1,10.6,16.4,10.0,1.7,4.3,-3.9,0.749,4.16,-30.4,12.3,0.4,552.9,-15.3,655.5,77.3,1.7,0.62,0.0,0.0,0.907,WATCH,2026-05-04,39.7,2026-05-04,2,GRADUATED,,2026-05-04,WATCH,39.7,0.749,0.4,-15.3,4.3,-3.9,556.8,0.3,516.9,-6.9,493.1,-11.2,484.2,-12.8,3.2,2026-05-06,-36.8
MAXHEALTH.NS,MAXHEALTH,Healthcare Services,MID,2026-05-04,WATCH,1011.5,37.3,0.0,10.9,11.4,15.0,0.3,-2.9,7.9,1.741,-3.09,-22.2,8.6,0.0,1011.1,-8.3,1103.5,179.7,1.7,0.68,0.0,0.0,0.0,WATCH,2026-05-04,37.3,2026-05-04,2,GRADUATED,,2026-05-04,WATCH,37.3,1.741,0.0,-8.3,-2.9,7.9,1036.1,2.4,947.0,-6.4,1124.8,11.2,1000.0,-1.1,14.0,2026-07-03,-3.8
CONCORDBIO.NS,CONCORDBIO,Pharmaceuticals & Biotechnology,MID,2026-05-04,ALERT,1195.2,100.0,35.0,30.0,20.0,15.0,16.7,9.4,2.0,7.147,19.71,-43.5,17.8,8.0,1106.6,-15.2,1408.7,56.8,4.6,1.0,0.0,0.0,0.347,ALERT,2026-05-04,100.0,2026-05-04,2,GRADUATED,,2026-05-04,ALERT,100.0,7.147,8.0,-15.2,9.4,2.0,1191.7,-0.3,1159.3,-3.0,1330.0,11.3,1571.3,31.5,32.8,2026-08-19,150.0
QUESS.NS,QUESS,Industrial Manufacturing,LONG,2026-05-05,ALERT,223.4,100.0,35.0,30.0,20.0,15.0,11.6,19.1,16.9,17.464,9.9,-37.4,31.6,17.2,190.6,0.0,223.3,105.1,50.0,0.99,0.0,0.0,0.543,ALERT,2026-05-05,100.0,2026-05-05,2,GRADUATED,,2026-05-05,ALERT,100.0,17.464,17.2,0.0,19.1,16.9,206.6,-7.5,209.1,-6.4,329.4,47.4,335.9,50.3,53.9,2026-08-17,296.6
TATAELXSI.NS,TATAELXSI,IT - Software,LONG,2026-05-05,WATCH,4219.4,38.1,0.0,30.0,8.1,0.0,2.0,-6.3,-15.4,-9.132,-0.44,-36.4,6.1,-3.0,4350.4,-18.8,5198.5,76.1,50.0,0.71,913.17,3.0,0.0,READY,2026-05-21,65.4,2026-05-22,7,GRADUATED,2026-05-11,2026-05-22,READY,65.4,0.449,1.3,-14.9,3.7,-4.6,4010.3,-5.0,4270.4,1.2,3672.9,-13.0,3708.0,-12.1,5.5,2026-06-02,-35.4
HDFCLIFE.NS,HDFCLIFE,Insurance,SHORT,2026-05-05,READY,594.1,76.6,35.0,30.0,6.6,5.0,0.5,-0.9,-12.8,-5.516,5.99,-27.0,4.9,-6.5,635.2,-18.1,725.1,233.8,50.0,0.55,551.62,6.5,0.738,ALERT,2026-05-07,84.0,2026-05-07,6,GRADUATED,2026-05-11,2026-05-21,READY,68.3,0.45,0.7,-14.2,4.7,-4.8,599.7,0.9,572.4,-3.7,548.5,-7.7,554.8,-6.6,4.9,2026-05-07,-20.7
CARTRADE.NS,CARTRADE,Consumer Durables,SHORT,2026-05-06,WATCH,1807.3,51.0,35.0,30.0,20.0,0.0,9.2,-2.0,-27.9,-11.244,7.69,-44.7,19.6,3.2,1751.8,-23.3,2356.5,110.8,50.0,0.82,1124.41,0.0,0.876,ALERT,2026-05-07,85.0,2026-05-07,5,GRADUATED,2026-05-11,2026-05-25,WATCH,42.7,0.469,1.9,-23.8,5.0,-4.8,1888.4,4.5,1913.3,5.9,2803.3,55.1,3072.9,70.0,70.0,2026-08-21,511.4
SPARC.NS,SPARC,Healthcare Services,MID,2026-05-06,READY,157.1,65.0,0.0,30.0,20.0,15.0,5.6,19.5,30.0,22.289,-7.02,-20.9,44.5,19.7,131.3,14.7,137.0,114.4,18.2,0.69,0.0,0.0,0.0,READY,2026-05-06,65.0,2026-05-06,2,GRADUATED,,2026-05-06,READY,65.0,22.289,19.7,14.7,19.5,30.0,168.7,7.4,213.0,35.6,207.9,32.4,196.7,25.2,76.7,2026-07-09,115.3
NBCC.NS,NBCC,Construction,LONG,2026-05-06,READY,94.9,65.7,0.7,30.0,20.0,15.0,1.2,6.6,0.1,3.467,0.1,-25.8,22.5,6.9,88.8,-8.7,104.0,64.8,50.0,0.55,0.0,0.0,0.0,READY,2026-05-06,65.7,2026-05-06,2,GRADUATED,,2026-05-06,READY,65.7,3.467,6.9,-8.7,6.6,0.1,94.9,-0.0,104.1,9.7,95.5,0.6,88.9,-6.3,18.9,2026-06-17,-20.0
FSL.NS,FSL,Commercial Services & Supplies,MID,2026-05-06,WATCH,243.4,51.0,35.0,30.0,20.0,0.0,12.9,2.9,-18.3,-4.578,11.08,-37.0,19.1,9.9,221.5,-20.1,304.6,136.8,50.0,0.94,457.8,0.0,0.754,READY,2026-05-07,70.1,2026-05-07,4,GRADUATED,,2026-05-08,WATCH,57.0,12.634,23.7,-9.7,22.6,-3.5,242.8,-0.2,265.6,9.1,324.4,33.3,276.0,13.4,39.5,2026-08-05,53.6
PERSISTENT.NS,PERSISTENT,IT - Software,LONG,2026-05-06,WATCH,5014.0,49.3,0.0,30.0,14.3,5.0,3.7,-11.5,-13.0,-10.582,-5.26,-23.3,10.7,1.3,4950.6,-9.8,5556.4,227.0,50.0,0.56,1058.22,0.0,0.0,READY,2026-05-25,72.1,2026-05-25,8,GRADUATED,2026-05-12,2026-05-25,READY,72.1,2.081,1.1,-8.9,5.6,-1.8,4828.2,-3.7,5103.8,1.8,5575.0,11.2,5667.5,13.0,13.2,2026-08-20,51.9
IEX.NS,IEX,Capital Markets,SHORT,2026-05-06,READY,129.8,62.5,0.0,30.0,17.5,15.0,2.3,-3.0,7.5,1.716,-2.9,-37.5,13.1,4.4,124.3,-4.6,136.0,60.8,50.0,0.78,0.0,0.0,0.0,READY,2026-05-06,62.5,2026-05-06,2,GRADUATED,,2026-05-06,READY,62.5,1.716,4.4,-4.6,-3.0,7.5,125.5,-3.3,124.1,-4.4,128.0,-1.4,123.7,-4.7,3.4,2026-07-29,-15.1
CIGNITITEC.NS,CIGNITITEC,IT - Services,MID,2026-05-06,WATCH,1274.7,50.0,0.0,30.0,20.0,0.0,5.8,-0.8,-17.9,-6.972,-5.3,-33.3,20.7,8.0,1179.9,-17.4,1542.4,50.5,31.9,0.96,697.18,0.0,0.0,WATCH,2026-05-06,54.0,2026-05-08,4,GRADUATED,,2026-05-08,WATCH,54.0,0.121,15.3,-11.6,7.3,-12.5,,,,,,,1260.1,-1.1,0.0,2026-08-20,-3.9
ECLERX.NS,ECLERX,Commercial Services & Supplies,MID,2026-05-06,WATCH,1581.5,51.0,35.0,30.0,20.0,0.0,7.7,2.2,-28.2,-9.405,7.75,-36.1,31.4,3.0,1535.0,-20.9,2000.1,57.5,3.1,0.67,940.5,0.0,1.359,ALERT,2026-05-07,85.0,2026-05-07,5,GRADUATED,,2026-05-11,ALERT,85.0,1.199,11.0,-15.4,12.7,-17.9,1531.7,-3.1,1407.6,-11.0,1922.2,21.5,1815.7,14.8,25.2,2026-07-17,60.2
COFORGE.NS,COFORGE,IT - Software,LONG,2026-05-06,WATCH,1280.4,50.0,0.0,30.0,20.0,0.0,5.7,-1.0,-18.7,-7.396,-0.78,-35.1,19.2,7.3,1193.5,-19.4,1589.6,803.4,50.0,0.89,739.64,0.0,0.0,ALERT,2026-05-11,90.0,2026-05-11,5,GRADUATED,,2026-05-11,ALERT,90.0,3.468,15.2,-13.1,8.5,-7.2,1297.1,1.3,1436.5,12.2,1768.0,38.1,1891.7,47.7,47.7,2026-08-21,278.6
ABLBL.NS,ABLBL,Retailing,SHORT,2026-05-07,READY,118.2,60.0,35.0,30.0,20.0,15.0,12.0,17.1,16.5,16.353,8.13,-28.4,34.0,16.7,101.3,-4.9,124.3,60.0,18.5,0.93,0.0,0.0,1.123,READY,2026-05-07,60.0,2026-05-07,2,GRADUATED,,2026-05-07,READY,60.0,16.353,16.7,-4.9,17.1,16.5,102.9,-13.0,101.6,-14.1,94.6,-20.0,86.1,-27.1,0.0,2026-05-07,-66.4
HAVELLS.NS,HAVELLS,Consumer Durables,SHORT,2026-05-07,READY,1268.9,69.3,14.3,30.0,10.0,15.0,0.9,-2.4,2.3,-0.186,2.05,-21.2,7.5,-2.0,1295.4,-10.8,1422.2,88.4,50.0,0.75,18.62,2.0,0.0,READY,2026-05-07,69.3,2026-05-07,3,GRADUATED,2026-05-08,2026-07-07,READY,69.3,0.139,2.8,-8.7,1.9,-2.9,1204.8,-5.1,1150.5,-9.3,1295.0,2.1,1268.0,-0.1,2.4,2026-08-18,-0.2
MARKSANS.NS,MARKSANS,Healthcare Services,MID,2026-05-07,READY,203.0,60.0,35.0,30.0,20.0,15.0,8.6,14.2,26.4,18.524,6.17,-22.7,29.4,15.6,175.6,10.8,183.3,51.9,50.0,0.95,0.0,0.0,1.089,READY,2026-05-07,60.0,2026-05-07,2,GRADUATED,,2026-05-07,READY,60.0,18.524,15.6,10.8,14.2,26.4,201.9,-0.5,233.2,14.9,269.1,32.6,321.3,58.3,64.0,2026-08-14,386.0
ACE.NS,ACE,"Agricultural, Commercial & Construction Vehicles",LONG,2026-05-08,READY,947.2,65.0,0.0,30.0,20.0,15.0,6.0,9.8,15.3,11.603,-1.29,-30.0,26.5,9.2,867.1,-2.5,971.7,105.9,50.0,0.94,0.0,0.0,0.0,READY,2026-05-08,65.0,2026-05-08,2,GRADUATED,,2026-05-08,READY,65.0,11.603,9.2,-2.5,9.8,15.3,888.2,-6.2,884.0,-6.7,1137.8,20.1,1182.2,24.8,25.1,2026-08-18,116.1
SONATSOFTW.NS,SONATSOFTW,IT - Software,LONG,2026-05-08,WATCH,297.1,57.0,35.0,30.0,20.0,10.0,15.8,20.1,-2.8,10.501,5.86,-31.0,41.8,18.1,251.6,-9.8,329.5,188.2,50.0,0.98,0.0,0.0,1.805,WATCH,2026-05-08,57.0,2026-05-08,2,GRADUATED,,2026-05-08,WATCH,57.0,10.501,18.1,-9.8,20.1,-2.8,262.2,-11.8,257.4,-13.4,337.5,13.6,304.0,2.3,17.9,2026-08-04,8.3
ASHOKLEY.NS,ASHOKLEY,"Agricultural, Commercial & Construction Vehicles",LONG,2026-05-08,WATCH,168.6,55.0,0.0,30.0,20.0,5.0,3.3,-3.0,-9.6,-5.033,-0.72,-20.5,56.8,-4.3,176.2,5.8,159.3,324.7,50.0,0.65,503.27,4.3,0.0,ALERT,2026-07-06,100.0,2026-07-06,9,GRADUATED,2026-05-11,2026-07-06,ALERT,100.0,7.178,6.9,2.0,9.8,4.8,150.6,-10.7,141.0,-16.4,177.0,5.0,173.0,2.6,5.3,2026-08-06,9.4
HYUNDAI.NS,HYUNDAI,Automobiles,LONG,2026-05-08,ALERT,1852.8,82.7,35.0,30.0,12.7,5.0,1.2,3.4,-10.1,-2.211,8.64,-34.0,9.5,-3.2,1914.6,-17.1,2233.8,123.9,50.0,0.61,221.11,3.2,0.736,ALERT,2026-05-08,87.0,2026-05-11,3,GRADUATED,,2026-05-11,ALERT,87.0,2.172,-0.0,-14.6,7.7,-5.3,1825.2,-1.5,1894.7,2.3,2218.5,19.7,2218.8,19.8,20.9,2026-08-12,87.1
KALYANKJIL.NS,KALYANKJIL,Consumer Durables,SHORT,2026-05-08,READY,424.5,65.0,0.0,30.0,20.0,15.0,2.1,-5.5,16.6,4.124,-7.8,-30.5,17.4,4.7,405.5,-9.6,469.9,280.2,50.0,0.7,0.0,0.0,0.0,READY,2026-05-08,65.0,2026-05-08,2,GRADUATED,,2026-05-08,READY,65.0,4.124,4.7,-9.6,-5.5,16.6,353.0,-16.8,354.2,-16.6,569.5,34.2,603.5,42.2,49.5,2026-07-30,239.8
ETERNAL.NS,ETERNAL,Retailing,SHORT,2026-05-08,WATCH,256.4,44.8,35.0,9.6,20.0,10.0,3.0,6.0,-2.3,2.361,5.19,-27.6,18.9,5.5,243.1,-11.5,289.6,739.9,1.6,0.63,0.0,0.0,0.826,WATCH,2026-05-08,44.8,2026-05-08,2,GRADUATED,,2026-05-08,WATCH,44.8,2.361,5.5,-11.5,6.0,-2.3,241.2,-5.9,248.3,-3.2,310.4,21.0,328.0,27.9,27.9,2026-08-21,135.4
RAINBOW.NS,RAINBOW,Healthcare Services,MID,2026-05-11,READY,1294.5,79.9,14.9,30.0,20.0,15.0,3.9,3.1,22.9,11.09,2.13,-20.3,17.3,6.7,1213.5,-2.5,1328.3,56.2,50.0,0.73,0.0,0.0,0.0,READY,2026-05-11,79.9,2026-05-11,2,GRADUATED,,2026-05-11,READY,79.9,11.09,6.7,-2.5,3.1,22.9,1348.1,4.1,1323.6,2.2,1573.2,21.5,1433.2,10.7,23.5,2026-08-05,43.9
MRPL.NS,MRPL,Petroleum Products,MID,2026-05-11,WATCH,160.3,57.0,35.0,30.0,20.0,10.0,1.8,-9.2,-2.9,-5.58,10.55,-22.5,34.6,-11.4,180.9,3.3,155.3,317.4,50.0,0.69,558.0,11.4,1.08,ALERT,2026-06-03,90.0,2026-06-03,7,DROPPED,2026-05-12,2026-06-10,WATCH,54.0,0.65,-0.3,3.7,6.9,-8.7,148.2,-7.5,160.3,0.0,167.8,4.7,176.8,10.3,13.0,2026-08-11,42.0
MAPMYINDIA.NS,MAPMYINDIA,IT - Software,LONG,2026-05-11,WATCH,1077.0,54.0,35.0,30.0,20.0,5.0,15.9,15.7,-9.3,5.728,6.48,-48.6,34.4,14.1,943.7,-26.6,1467.3,168.8,27.7,0.99,0.0,0.0,1.855,WATCH,2026-05-11,54.0,2026-05-11,2,GRADUATED,,2026-05-11,WATCH,54.0,5.728,14.1,-26.6,15.7,-9.3,936.4,-13.1,875.0,-18.8,1070.7,-0.6,983.9,-8.6,10.7,2026-08-03,-27.6
OLAELEC.NS,OLAELEC,Automobiles,LONG,2026-05-11,READY,37.0,65.0,0.0,30.0,20.0,15.0,2.8,1.6,22.6,10.127,-32.67,-46.4,62.1,22.0,30.3,-8.2,40.3,276.1,50.0,0.65,0.0,0.0,0.0,READY,2026-05-11,65.0,2026-05-11,2,GRADUATED,,2026-05-11,READY,65.0,10.127,22.0,-8.2,1.6,22.6,34.9,-5.6,47.3,27.9,41.4,12.0,37.7,2.0,27.9,2026-06-09,7.2
BANKINDIA.NS,BANKINDIA,Banks,SHORT,2026-05-12,WATCH,140.1,48.8,26.3,30.0,20.0,5.0,3.8,-2.5,-5.4,-3.03,3.75,-20.9,34.6,-6.1,149.3,0.4,139.6,239.8,50.0,0.63,302.97,6.1,1.296,WATCH,2026-05-12,48.8,2026-05-12,2,DROPPED,2026-05-13,2026-05-12,WATCH,48.8,-3.03,-6.1,0.4,-2.5,-5.4,134.3,-4.2,144.9,3.4,145.0,3.5,142.8,1.9,5.4,2026-06-09,7.1
ZAGGLE.NS,ZAGGLE,IT - Services,MID,2026-05-13,READY,283.9,60.0,35.0,30.0,20.0,15.0,15.1,15.5,7.5,12.288,14.13,-38.3,51.4,20.3,236.0,-11.9,322.3,62.8,4.0,0.87,0.0,0.0,0.881,READY,2026-05-13,60.0,2026-05-13,2,GRADUATED,,2026-05-13,READY,60.0,12.288,20.3,-11.9,15.5,7.5,213.5,-24.8,194.7,-31.4,204.0,-28.2,200.1,-29.5,-0.0,2026-05-13,-72.1
TEXRAIL.NS,TEXRAIL,Industrial Manufacturing,LONG,2026-05-13,READY,120.2,60.0,35.0,30.0,20.0,15.0,9.2,26.8,9.6,18.164,6.29,-32.5,52.5,21.0,99.4,-3.6,124.7,265.6,50.0,0.96,0.0,0.0,2.665,READY,2026-05-13,60.0,2026-05-13,2,GRADUATED,,2026-05-13,READY,60.0,18.164,21.0,-3.6,26.8,9.6,108.4,-9.8,100.9,-16.0,107.3,-10.7,104.6,-13.0,4.2,2026-05-14,-39.9
SAREGAMA.NS,SAREGAMA,Entertainment,SHORT,2026-05-14,READY,384.5,60.0,35.0,30.0,20.0,15.0,12.5,14.6,18.0,15.753,7.33,-33.0,23.6,13.6,338.6,-2.6,394.8,310.4,50.0,0.98,0.0,0.0,1.569,READY,2026-05-14,60.0,2026-05-14,2,GRADUATED,,2026-05-14,READY,60.0,15.753,13.6,-2.6,14.6,18.0,406.4,5.7,455.9,18.6,529.1,37.6,506.5,31.7,44.9,2026-08-05,176.3
UPL.NS,UPL,Fertilizers & Agrochemicals,SHORT,2026-05-14,WATCH,638.4,51.5,0.0,30.0,16.5,5.0,0.8,-1.0,-5.8,-2.74,-2.87,-20.7,12.4,1.1,631.4,-8.9,700.7,245.8,50.0,0.62,273.95,0.0,0.0,WATCH,2026-05-14,51.5,2026-05-14,4,DROPPED,2026-05-18,2026-08-21,WATCH,41.3,-9.259,-3.5,-14.1,-7.9,-13.7,623.0,-2.4,604.3,-5.3,568.0,-11.0,569.0,-10.9,1.8,2026-05-27,-34.6
ALKYLAMINE.NS,ALKYLAMINE,Chemicals & Petrochemicals,SHORT,2026-05-14,READY,1750.0,78.9,13.9,30.0,20.0,15.0,3.5,26.8,19.8,21.674,1.98,-27.0,42.1,22.0,1434.4,1.9,1718.2,187.1,50.0,0.97,0.0,0.0,0.0,READY,2026-05-14,78.9,2026-05-14,2,GRADUATED,,2026-05-14,READY,78.9,21.674,22.0,1.9,26.8,19.8,1732.6,-1.0,1821.5,4.1,1947.4,11.3,2052.7,17.3,17.3,2026-08-21,80.1
BAJAJHLDNG.NS,BAJAJHLDNG,Diversified,MID,2026-05-14,READY,10357.0,65.0,0.0,30.0,20.0,15.0,0.4,5.2,1.7,3.324,-4.32,-28.3,18.4,3.4,10020.7,-10.5,11571.5,51.2,50.0,0.56,0.0,0.0,0.0,READY,2026-05-14,65.0,2026-05-14,2,GRADUATED,,2026-05-14,READY,65.0,3.324,3.4,-10.5,5.2,1.7,10274.3,-0.8,10036.3,-3.1,11550.0,11.5,11320.0,9.3,12.0,2026-08-03,38.8
REFEX.NS,REFEX,Chemicals & Petrochemicals,SHORT,2026-05-15,READY,277.8,65.0,0.0,30.0,20.0,15.0,7.8,18.2,24.5,19.668,-0.72,-46.4,46.9,21.0,229.5,-7.4,299.9,66.0,6.8,0.92,0.0,0.0,0.0,READY,2026-05-15,65.0,2026-05-15,2,GRADUATED,,2026-05-15,READY,65.0,19.668,21.0,-7.4,18.2,24.5,278.2,0.1,313.1,12.7,293.4,5.6,294.0,5.8,30.8,2026-07-02,23.4
VOLTAMP.NS,VOLTAMP,Electrical Equipment,LONG,2026-05-15,WATCH,9501.0,46.9,0.0,11.9,20.0,15.0,1.8,-1.3,25.1,9.604,-4.91,-24.1,40.2,-0.2,9519.2,15.7,8210.6,62.5,1.8,0.59,0.0,0.2,0.0,READY,2026-06-03,60.6,2026-06-03,9,GRADUATED,2026-05-18,2026-06-05,READY,60.0,11.571,1.6,19.5,6.5,19.6,9035.8,-4.9,9787.2,3.0,10007.0,5.3,10869.5,14.4,14.4,2026-08-21,65.1
LATENTVIEW.NS,LATENTVIEW,IT - Software,LONG,2026-05-15,WATCH,307.2,50.0,0.0,30.0,20.0,0.0,-0.2,1.8,-16.8,-5.813,-1.94,-38.8,23.1,4.8,293.3,-22.7,397.5,55.9,5.9,0.7,581.28,0.0,0.0,WATCH,2026-05-15,54.0,2026-05-19,4,GRADUATED,,2026-05-19,WATCH,54.0,2.84,11.0,-18.0,10.4,-8.3,326.5,6.3,302.8,-1.4,290.0,-5.6,278.1,-9.5,6.3,2026-05-22,-31.0
CHAMBLFERT.NS,CHAMBLFERT,Fertilizers & Agrochemicals,SHORT,2026-05-15,WATCH,449.9,52.2,29.8,30.0,12.2,15.0,0.9,1.5,8.0,4.06,4.26,-30.2,9.1,2.2,440.1,-4.7,472.3,106.0,8.6,0.86,0.0,0.0,1.445,WATCH,2026-05-15,52.2,2026-05-15,2,GRADUATED,,2026-05-15,WATCH,52.2,4.06,2.2,-4.7,1.5,8.0,454.7,1.1,474.1,5.4,442.3,-1.7,431.1,-4.2,8.9,2026-06-16,-14.7
MPHASIS.NS,MPHASIS,IT - Software,LONG,2026-05-18,WATCH,2148.5,38.0,0.0,26.4,6.6,5.0,-1.7,-9.9,-8.1,-8.34,-1.96,-28.4,4.9,-3.2,2220.0,-18.2,2626.8,130.3,2.8,0.57,834.02,3.2,0.0,ALERT,2026-05-21,82.0,2026-05-21,6,GRADUATED,2026-05-22,2026-05-25,ALERT,80.9,1.19,1.0,-14.2,2.6,-1.0,2185.4,1.7,2266.4,5.5,2541.0,18.3,2430.0,13.1,18.5,2026-08-14,60.5
DHANUKA.NS,DHANUKA,Fertilizers & Agrochemicals,SHORT,2026-05-19,ALERT,1181.6,100.0,35.0,30.0,20.0,15.0,9.9,20.1,11.8,15.739,12.91,-38.1,31.5,16.0,1018.8,-6.6,1264.5,85.6,47.8,0.98,0.0,0.0,0.713,ALERT,2026-05-19,100.0,2026-05-19,2,GRADUATED,,2026-05-19,ALERT,100.0,15.739,16.0,-6.6,20.1,11.8,1183.7,0.2,1051.2,-11.0,997.0,-15.6,980.3,-17.0,0.2,2026-05-26,-51.6
BLACKBUCK.NS,BLACKBUCK,IT - Services,MID,2026-05-19,WATCH,532.5,51.2,0.0,21.2,20.0,10.0,-1.4,-11.6,-4.1,-7.576,-7.5,-27.4,24.7,-7.5,575.8,-12.5,608.6,44.0,2.4,0.6,757.63,7.5,0.0,ALERT,2026-06-15,82.1,2026-06-15,9,DROPPED,2026-05-20,2026-08-06,WATCH,55.0,-3.384,1.6,-6.8,-3.2,-5.6,533.6,0.2,548.5,3.0,569.5,6.9,634.3,19.1,19.1,2026-08-21,97.2
HEXT.NS,HEXT,IT - Software,LONG,2026-05-19,WATCH,510.5,56.9,2.7,24.2,20.0,10.0,2.2,8.1,-0.1,4.233,0.39,-41.1,27.8,13.0,451.7,-19.4,633.2,39.4,2.6,0.8,0.0,0.0,0.0,WATCH,2026-05-19,56.9,2026-05-19,2,GRADUATED,,2026-05-19,WATCH,56.9,4.233,13.0,-19.4,8.1,-0.1,507.9,-0.5,503.1,-1.4,569.8,11.6,532.5,4.3,21.1,2026-07-29,17.8
KPIGREEN.NS,KPIGREEN,Power,LONG,2026-05-19,WATCH,438.0,36.7,0.0,1.7,20.0,15.0,0.2,2.5,14.8,7.176,-5.56,-21.1,29.1,5.7,414.3,-2.0,447.1,43.4,1.1,0.6,0.0,0.0,0.0,WATCH,2026-05-19,36.7,2026-05-19,2,GRADUATED,,2026-05-19,WATCH,36.7,7.176,5.7,-2.0,2.5,14.8,432.0,-1.4,410.1,-6.4,303.1,-30.8,312.6,-28.6,0.0,2026-05-19,-73.0
INFY.NS,INFY,IT - Software,LONG,2026-05-19,WATCH,1196.9,38.6,22.7,24.2,12.4,5.0,3.9,-5.7,-5.2,-4.545,3.24,-29.2,9.3,-3.4,1239.6,-17.0,1441.9,1958.0,2.6,0.72,454.45,3.4,1.46,WATCH,2026-05-19,47.8,2026-05-20,4,GRADUATED,2026-05-21,2026-08-11,WATCH,38.1,6.83,8.0,-9.6,6.9,7.8,1143.0,-4.5,1157.7,-3.3,1169.2,-2.3,1121.0,-6.3,3.9,2026-06-02,-22.5
CHOICEIN.NS,CHOICEIN,Diversified,MID,2026-05-20,WATCH,664.8,48.1,0.0,19.6,18.5,10.0,-0.8,-5.1,-5.0,-4.611,-2.17,-21.8,13.9,-0.3,666.6,-12.4,759.0,39.2,2.3,0.73,461.13,0.3,0.0,READY,2026-05-22,74.9,2026-05-22,5,DROPPED,2026-05-25,2026-06-12,READY,62.5,1.8,-0.5,-10.3,0.8,3.5,685.8,3.2,707.5,6.4,803.6,20.9,808.6,21.6,27.1,2026-08-10,115.7
DCAL.NS,DCAL,Pharmaceuticals & Biotechnology,MID,2026-05-20,READY,211.2,60.0,35.0,30.0,20.0,15.0,18.9,29.0,9.5,20.201,15.78,-32.8,62.5,25.3,168.5,-7.9,229.3,51.1,20.6,0.95,0.0,0.0,0.907,READY,2026-05-20,60.0,2026-05-20,2,GRADUATED,,2026-05-20,READY,60.0,20.201,25.3,-7.9,29.0,9.5,197.7,-6.4,170.1,-19.5,169.1,-19.9,173.5,-17.8,0.3,2026-05-21,-53.7
IRB.NS,IRB,Construction,LONG,2026-05-20,WATCH,21.1,46.1,22.2,28.3,11.4,15.0,2.3,0.6,3.3,1.828,3.16,-20.1,8.6,-0.2,21.2,-0.7,21.3,37.9,2.9,0.62,0.0,0.2,1.783,WATCH,2026-05-20,46.1,2026-05-20,2,DROPPED,2026-05-21,2026-05-20,WATCH,46.1,1.828,-0.2,-0.7,0.6,3.3,21.6,2.5,21.4,1.3,19.2,-9.1,19.0,-10.2,7.7,2026-05-21,-34.4
ERIS.NS,ERIS,Pharmaceuticals & Biotechnology,MID,2026-05-20,WATCH,1458.2,59.8,35.0,30.0,19.6,15.0,8.5,4.7,4.9,5.15,5.02,-21.1,14.7,7.8,1352.1,-4.4,1524.8,54.9,11.9,0.96,0.0,0.0,1.84,WATCH,2026-05-20,59.8,2026-05-20,2,GRADUATED,,2026-05-20,WATCH,59.8,5.15,7.8,-4.4,4.7,4.9,1343.6,-7.9,1430.6,-1.9,1350.1,-7.4,1328.2,-8.9,2.1,2026-07-16,-30.7
HEROMOTOCO.NS,HEROMOTOCO,Automobiles,LONG,2026-05-20,WATCH,4968.0,41.8,8.4,3.4,20.0,10.0,-1.6,-1.8,-3.9,-2.626,1.2,-20.2,23.0,-4.5,5199.8,-7.4,5367.3,244.1,1.2,0.65,262.6,4.5,0.0,WATCH,2026-05-20,57.9,2026-06-12,5,DROPPED,2026-05-21,2026-07-10,WATCH,45.0,-3.746,-0.4,-7.9,-2.2,-7.2,5001.4,0.7,4948.8,-0.4,5745.0,15.6,5735.0,15.4,18.7,2026-08-12,75.7
HAPPSTMNDS.NS,HAPPSTMNDS,IT - Software,LONG,2026-05-20,ALERT,374.1,88.4,35.0,23.9,14.5,15.0,4.7,2.8,7.7,4.945,6.29,-43.4,10.9,-1.1,378.4,-19.3,463.9,31.5,2.6,0.82,0.0,1.1,0.707,ALERT,2026-05-20,99.6,2026-07-10,5,GRADUATED,2026-05-22,2026-07-10,ALERT,99.6,5.523,7.1,-8.6,7.5,1.8,375.0,0.2,347.5,-7.1,420.0,12.3,444.5,18.8,18.8,2026-08-21,96.8
FIRSTCRY.NS,FIRSTCRY,Retailing,SHORT,2026-05-20,WATCH,220.9,43.0,0.0,30.0,8.0,5.0,-7.5,-8.9,-11.0,-9.601,-6.84,-46.8,6.0,-5.0,232.6,-26.1,298.8,95.4,9.5,0.91,960.06,5.0,0.0,READY,2026-05-21,64.2,2026-05-21,3,GRADUATED,,2026-05-21,READY,64.2,0.147,0.5,-21.5,-4.5,5.6,229.5,3.9,219.1,-0.8,204.6,-7.4,196.3,-11.1,7.3,2026-05-26,-37.0
CONCOR.NS,CONCOR,Transport Services,MID,2026-05-20,WATCH,504.1,43.9,0.0,8.9,20.0,15.0,-4.1,3.7,8.3,4.77,-6.03,-21.0,19.0,3.9,485.3,-1.5,512.0,41.2,1.6,0.61,0.0,0.0,0.0,WATCH,2026-05-20,43.9,2026-05-20,2,GRADUATED,,2026-05-20,WATCH,43.9,4.77,3.9,-1.5,3.7,8.3,472.3,-6.3,467.1,-7.3,518.2,2.8,515.0,2.2,5.9,2026-08-13,8.8
BALKRISIND.NS,BALKRISIND,Auto Components,LONG,2026-05-20,WATCH,2155.0,55.8,13.3,30.0,7.5,5.0,1.3,-2.7,-10.1,-5.237,1.9,-21.9,5.6,-1.9,2195.9,-8.0,2343.0,34.6,4.1,0.71,523.73,1.9,0.0,WATCH,2026-05-20,55.8,2026-05-20,6,GRADUATED,2026-05-25,2026-06-15,WATCH,53.6,1.067,0.2,-5.2,1.2,0.8,2190.6,1.7,2230.0,3.5,2407.2,11.7,2350.8,9.1,17.2,2026-08-10,40.7
TECHNOE.NS,TECHNOE,Construction,LONG,2026-05-21,READY,1294.3,79.1,14.1,30.0,20.0,15.0,6.0,6.5,31.1,16.305,2.02,-20.4,44.9,11.0,1166.3,6.3,1217.3,63.9,4.0,0.83,0.0,0.0,0.0,READY,2026-05-21,79.1,2026-05-21,2,GRADUATED,,2026-05-21,READY,79.1,16.305,11.0,6.3,6.5,31.1,1072.6,-17.1,1079.3,-16.6,1002.5,-22.5,987.5,-23.7,6.1,2026-05-25,-65.8
POLYPLEX.NS,POLYPLEX,Chemicals & Petrochemicals,SHORT,2026-05-21,READY,983.8,60.0,35.0,30.0,20.0,15.0,10.1,14.6,26.4,18.907,10.7,-28.4,31.6,13.0,870.4,7.9,911.6,38.1,33.4,0.95,0.0,0.0,0.812,READY,2026-05-21,60.0,2026-05-21,2,GRADUATED,,2026-05-21,READY,60.0,18.907,13.0,7.9,14.6,26.4,904.0,-8.1,951.1,-3.3,1182.0,20.1,1194.1,21.4,25.0,2026-08-11,115.7
COROMANDEL.NS,COROMANDEL,Fertilizers & Agrochemicals,SHORT,2026-05-21,WATCH,1882.7,45.1,29.7,7.1,3.3,5.0,1.4,-4.5,-9.8,-6.03,4.24,-29.8,2.5,-4.9,1980.2,-14.6,2205.2,81.6,1.5,0.62,603.02,4.9,0.295,ALERT,2026-06-10,85.3,2026-06-10,8,GRADUATED,2026-05-22,2026-06-15,ALERT,83.7,3.006,2.9,-7.7,5.6,-2.0,1829.9,-2.8,2013.2,6.9,2062.7,9.6,1996.1,6.0,12.4,2026-08-04,26.1
BSOFT.NS,BSOFT,IT - Software,LONG,2026-05-21,WATCH,321.4,43.2,12.4,20.7,5.1,5.0,3.5,-14.2,-9.8,-10.655,1.77,-31.0,3.8,-10.5,359.2,-16.4,384.2,53.0,2.4,0.79,1065.45,10.5,0.0,ALERT,2026-06-02,90.2,2026-06-02,12,GRADUATED,2026-05-22,2026-07-30,ALERT,83.9,0.147,1.4,-15.5,11.4,-15.9,323.3,0.6,321.6,0.1,305.5,-4.9,303.8,-5.5,5.7,2026-06-02,-20.1
PNGJL.NS,PNGJL,Consumer Durables,SHORT,2026-05-21,WATCH,525.0,43.9,0.0,30.0,3.9,10.0,-17.5,-17.7,-0.3,-10.692,-17.36,-27.9,2.9,-13.8,608.8,-13.1,603.9,68.4,16.4,0.9,1069.23,13.8,0.0,WATCH,2026-05-21,49.7,2026-05-25,4,DROPPED,2026-05-26,2026-05-25,WATCH,49.7,-10.154,-13.2,-12.5,-20.8,1.8,535.7,2.0,552.8,5.3,607.8,15.8,602.9,14.8,31.2,2026-07-27,73.1
TCS.NS,TCS,IT - Software,LONG,2026-05-21,READY,2327.2,60.6,31.5,19.3,4.8,5.0,3.8,-5.4,-6.1,-4.75,4.5,-32.1,3.6,-4.4,2435.6,-18.8,2866.3,1082.2,2.3,0.86,475.04,4.4,0.432,READY,2026-05-21,60.6,2026-05-21,4,GRADUATED,2026-05-22,2026-06-02,WATCH,56.3,3.877,2.6,-12.7,4.6,1.6,2271.7,-2.4,2113.4,-9.2,2280.0,-2.0,2302.0,-1.1,6.3,2026-08-03,-4.2
BPCL.NS,BPCL,Petroleum Products,MID,2026-05-22,WATCH,295.6,43.5,18.5,8.1,11.9,5.0,3.6,-2.7,-13.4,-6.339,2.64,-23.9,9.0,-1.1,298.9,-10.2,329.3,244.3,1.5,0.67,633.92,1.1,0.0,READY,2026-05-25,75.9,2026-06-15,6,GRADUATED,2026-05-27,2026-06-15,READY,75.9,2.434,3.8,-5.5,8.3,-5.7,298.1,0.8,308.6,4.4,307.0,3.9,311.0,5.2,11.6,2026-08-03,22.6
IXIGO.NS,IXIGO,Consumer Durables,SHORT,2026-05-22,WATCH,171.2,52.3,35.0,30.0,12.2,10.0,3.0,1.1,-1.7,0.18,5.8,-49.0,9.2,1.0,169.4,-26.8,233.8,56.6,7.9,0.94,0.0,0.0,1.099,WATCH,2026-05-22,52.3,2026-05-22,2,GRADUATED,,2026-05-22,WATCH,52.3,0.18,1.0,-26.8,1.1,-1.7,168.4,-1.7,194.2,13.5,168.8,-1.4,170.3,-0.5,29.8,2026-07-03,-2.1
NAUKRI.NS,NAUKRI,IT - Services,MID,2026-05-22,WATCH,961.0,45.0,35.0,30.0,5.0,5.0,3.2,-3.7,-7.0,-4.325,5.4,-37.0,3.8,-2.2,983.0,-21.5,1224.3,344.3,3.3,0.88,432.49,2.2,0.984,ALERT,2026-05-26,91.5,2026-05-27,4,GRADUATED,2026-05-25,2026-05-27,ALERT,91.5,0.834,2.2,-17.5,0.5,0.1,991.9,3.2,981.5,2.1,1378.4,43.4,1350.1,40.5,43.4,2026-08-19,291.0
JKCEMENT.NS,JKCEMENT,Cement & Cement Products,LONG,2026-05-22,WATCH,5557.5,52.4,0.0,18.8,18.6,15.0,1.4,-2.3,2.5,0.014,-3.79,-26.3,13.9,3.4,5377.1,-6.0,5915.3,33.8,2.3,0.59,0.0,0.0,0.0,WATCH,2026-05-22,52.4,2026-05-22,2,GRADUATED,,2026-05-22,WATCH,52.4,0.014,3.4,-6.0,-2.3,2.5,5151.8,-7.3,5453.7,-1.9,5266.0,-5.2,5250.0,-5.5,3.7,2026-07-22,-20.4
CEATLTD.NS,CEATLTD,Auto Components,LONG,2026-05-25,WATCH,3331.3,59.3,35.0,6.5,12.8,5.0,4.8,-4.7,-7.1,-4.733,8.14,-22.6,9.6,-3.3,3444.5,-7.8,3612.3,35.2,1.4,0.7,473.31,3.3,0.68,ALERT,2026-06-16,91.9,2026-06-16,5,GRADUATED,2026-05-27,2026-06-16,ALERT,91.9,2.601,1.5,-5.3,8.0,-4.9,3197.0,-4.0,3500.1,5.1,3588.2,7.7,3563.4,7.0,17.5,2026-07-07,32.2
PCJEWELLER.NS,PCJEWELLER,Consumer Durables,SHORT,2026-05-25,WATCH,8.9,41.2,35.0,8.6,20.0,5.0,7.7,-5.2,-6.4,-4.365,6.77,-52.4,17.8,0.9,8.8,-17.5,10.8,32.1,1.6,0.85,436.54,0.0,0.919,ALERT,2026-05-29,100.0,2026-05-29,4,GRADUATED,2026-05-27,2026-05-29,ALERT,100.0,5.338,8.2,-10.6,3.7,4.7,9.2,3.8,8.8,-0.8,9.6,8.0,10.2,14.8,18.8,2026-07-15,77.5
AFCONS.NS,AFCONS,Construction,LONG,2026-05-25,READY,303.0,60.7,0.0,30.0,15.7,15.0,-6.2,-4.2,0.7,-2.462,-2.29,-34.9,11.7,-2.4,310.7,-19.3,375.5,50.3,6.6,0.75,246.18,2.4,0.0,READY,2026-05-25,60.7,2026-05-25,3,GRADUATED,,2026-05-26,READY,60.0,4.237,3.5,-14.0,2.9,6.8,329.1,8.6,312.3,3.1,280.2,-7.5,278.9,-8.0,11.1,2026-05-29,-29.1
FORCEMOT.NS,FORCEMOT,Automobiles,LONG,2026-05-25,READY,20214.0,72.7,35.0,12.7,20.0,5.0,1.8,-1.2,-13.0,-5.617,8.56,-21.6,97.9,-2.6,20757.7,3.6,19515.6,243.4,1.8,0.66,561.71,2.6,0.686,ALERT,2026-07-01,90.0,2026-07-02,16,GRADUATED,2026-05-26,2026-08-12,READY,78.6,0.752,6.2,-1.5,7.5,-8.7,18904.0,-6.5,18020.0,-10.9,17885.0,-11.5,17770.0,-12.1,0.0,2026-05-25,-41.4
SHARDACROP.NS,SHARDACROP,Fertilizers & Agrochemicals,SHORT,2026-05-25,WATCH,947.9,45.2,12.4,12.8,20.0,0.0,3.6,-14.1,-17.6,-13.736,1.77,-24.5,55.5,-7.4,1024.1,0.1,947.1,37.1,1.9,0.68,1373.64,7.4,0.0,WATCH,2026-05-25,45.2,2026-05-25,3,DROPPED,2026-05-27,2026-05-26,WATCH,44.5,-11.293,-5.6,2.1,-13.0,-13.0,896.7,-5.4,878.1,-7.4,763.5,-19.5,760.9,-19.7,0.8,2026-05-26,-59.8
BORORENEW.NS,BORORENEW,Industrial Products,MID,2026-05-25,WATCH,515.8,48.9,0.0,13.9,20.0,15.0,1.9,0.3,11.8,5.081,-2.72,-26.2,36.8,8.3,476.1,-4.7,541.1,38.9,1.9,0.75,0.0,0.0,0.0,WATCH,2026-05-25,48.9,2026-05-25,2,GRADUATED,,2026-05-25,WATCH,48.9,5.081,8.3,-4.7,0.3,11.8,492.0,-4.6,595.9,15.5,543.0,5.3,549.4,6.5,26.3,2026-07-09,29.9
EIEL.NS,EIEL,Construction,LONG,2026-05-25,READY,209.7,60.0,35.0,30.0,20.0,15.0,10.5,0.9,33.6,14.945,10.23,-26.5,52.9,12.8,185.9,0.4,208.8,92.4,7.3,0.92,0.0,0.0,1.064,READY,2026-05-25,60.0,2026-05-25,2,GRADUATED,,2026-05-25,READY,60.0,14.945,12.8,0.4,0.9,33.6,185.2,-11.7,226.6,8.0,199.0,-5.1,194.7,-7.1,16.6,2026-07-10,-26.4
BLUEJET.NS,BLUEJET,Pharmaceuticals & Biotechnology,MID,2026-05-25,ALERT,481.4,100.0,35.0,30.0,20.0,15.0,12.7,18.8,40.9,27.022,16.28,-52.3,47.1,17.5,409.7,-10.3,536.8,54.3,6.5,0.93,0.0,0.0,0.63,ALERT,2026-05-25,100.0,2026-05-25,2,GRADUATED,,2026-05-25,ALERT,100.0,27.022,17.5,-10.3,18.8,40.9,446.6,-7.2,514.7,6.9,595.3,23.7,596.2,23.8,30.1,2026-07-31,142.7
TRANSRAILL.NS,TRANSRAILL,Electrical Equipment,LONG,2026-05-25,WATCH,510.5,36.4,0.0,14.2,17.2,5.0,-0.2,-11.9,-6.6,-8.621,-1.37,-36.5,12.9,-4.6,535.1,-17.7,619.9,38.7,1.9,0.78,862.08,4.6,0.0,READY,2026-06-23,77.9,2026-06-25,7,DROPPED,2026-05-27,2026-06-26,READY,77.9,1.232,-3.3,-13.0,3.5,-2.2,482.2,-5.6,506.8,-0.7,459.9,-9.9,460.0,-9.9,1.7,2026-07-02,-35.1
DALBHARAT.NS,DALBHARAT,Cement & Cement Products,LONG,2026-05-25,READY,1822.6,63.4,32.5,16.9,9.0,5.0,4.8,-6.4,-7.2,-5.566,4.64,-26.3,6.8,-2.5,1869.1,-12.6,2085.9,60.2,2.1,0.71,556.56,2.5,0.551,ALERT,2026-07-06,85.2,2026-07-07,11,GRADUATED,2026-05-26,2026-07-15,WATCH,52.9,1.138,5.0,-7.2,6.7,-6.8,1742.3,-4.4,1680.6,-7.8,1897.0,4.1,1880.0,3.1,4.1,2026-08-20,13.7
APOLLOTYRE.NS,APOLLOTYRE,Auto Components,LONG,2026-05-26,READY,393.2,73.6,35.0,25.9,7.7,5.0,4.5,-7.5,-8.9,-6.855,5.19,-26.2,5.8,-4.8,412.9,-16.1,468.9,78.8,2.7,0.79,685.53,4.8,0.619,READY,2026-05-26,79.1,2026-05-29,7,GRADUATED,2026-06-01,2026-06-15,WATCH,54.2,1.842,1.7,-10.9,4.1,-1.7,389.5,-0.9,419.4,6.7,439.7,11.8,439.7,11.8,15.5,2026-07-02,59.8
SAMHI.NS,SAMHI,Leisure Services,SHORT,2026-05-26,ALERT,169.9,100.0,35.0,30.0,20.0,15.0,17.3,4.4,8.9,7.497,13.49,-31.7,32.6,11.6,152.3,-5.7,180.3,33.0,6.5,0.63,0.0,0.0,0.429,ALERT,2026-05-26,100.0,2026-05-26,2,GRADUATED,,2026-05-26,ALERT,100.0,7.497,11.6,-5.7,4.4,8.9,169.5,-0.2,184.2,8.4,159.6,-6.1,159.6,-6.1,9.5,2026-07-30,-23.2
CDSL.NS,CDSL,Capital Markets,SHORT,2026-05-26,WATCH,1226.3,43.0,14.2,6.1,12.7,10.0,0.1,-6.6,-1.1,-3.735,2.03,-31.5,9.5,-1.4,1243.9,-14.1,1426.8,199.2,1.4,0.55,373.47,1.4,0.0,ALERT,2026-06-15,80.2,2026-06-15,6,GRADUATED,2026-06-01,2026-06-15,ALERT,80.2,4.624,0.9,-9.8,5.8,3.6,1215.7,-0.9,1319.7,7.6,1388.9,13.3,1388.9,13.3,16.7,2026-07-13,68.6
UBL.NS,UBL,Beverages,SHORT,2026-05-26,WATCH,1343.7,37.9,0.0,30.0,2.9,5.0,-1.6,-8.4,-10.4,-8.513,-0.05,-35.3,2.2,-8.9,1475.5,-18.6,1649.8,31.8,3.8,0.76,851.33,8.9,0.0,WATCH,2026-05-26,37.9,2026-05-26,4,DROPPED,2026-05-29,2026-05-28,WATCH,37.5,-8.594,-8.8,-18.6,-8.9,-9.9,1309.5,-2.5,1327.1,-1.2,1348.9,0.4,1348.9,0.4,6.4,2026-07-29,1.6
LTTS.NS,LTTS,IT - Services,MID,2026-05-26,WATCH,3540.7,52.6,0.0,17.6,20.0,15.0,-0.5,0.5,9.9,4.169,-2.08,-23.8,16.4,3.3,3426.5,-9.3,3903.5,30.1,2.2,0.59,0.0,0.0,0.0,WATCH,2026-05-26,52.6,2026-05-26,2,GRADUATED,,2026-05-26,WATCH,52.6,4.169,3.3,-9.3,0.5,9.9,3508.3,-0.9,3322.4,-6.2,3604.6,1.8,3604.6,1.8,3.2,2026-08-11,7.8
IFBIND.NS,IFBIND,Consumer Durables,SHORT,2026-05-26,READY,1147.9,65.0,0.0,30.0,20.0,15.0,3.2,-2.7,7.0,1.735,-5.88,-41.3,28.4,6.6,1077.0,-18.0,1400.1,81.7,28.7,0.95,0.0,0.0,0.0,READY,2026-05-26,65.0,2026-05-26,2,GRADUATED,,2026-05-26,READY,65.0,1.735,6.6,-18.0,-2.7,7.0,1317.8,14.8,1256.3,9.4,1393.2,21.4,1393.2,21.4,25.7,2026-08-05,125.4
SUNTV.NS,SUNTV,Media,SHORT,2026-05-27,READY,512.9,60.5,18.3,30.0,7.2,5.0,-1.9,-13.4,-5.6,-9.141,2.61,-21.4,5.4,-11.4,579.0,-9.2,564.6,66.2,9.6,0.62,914.09,11.4,0.0,READY,2026-05-27,78.5,2026-06-02,6,DROPPED,2026-06-03,2026-06-02,READY,78.5,-5.919,-9.8,-8.2,-7.4,-7.2,515.2,0.5,513.5,0.1,,,472.0,-8.0,2.3,2026-06-22,-29.7
SURYAROSNI.NS,SURYAROSNI,Electrical Equipment,LONG,2026-05-27,READY,237.4,65.0,0.0,30.0,20.0,15.0,-2.6,0.6,13.3,5.375,-4.66,-30.4,26.2,2.7,231.1,-8.2,258.6,93.3,16.8,0.73,0.0,0.0,0.0,READY,2026-05-27,65.0,2026-05-27,2,GRADUATED,,2026-05-27,READY,65.0,5.375,2.7,-8.2,0.6,13.3,253.6,6.8,261.6,10.2,,,219.8,-7.4,12.4,2026-06-15,-27.9
GILLETTE.NS,GILLETTE,Personal Products,MID,2026-05-27,READY,8273.5,66.0,2.3,30.0,18.7,15.0,6.6,1.2,4.5,3.069,0.33,-24.6,14.1,5.5,7842.9,-3.3,8552.9,51.5,7.8,0.89,0.0,0.0,0.0,READY,2026-05-27,66.0,2026-05-27,2,GRADUATED,,2026-05-27,READY,66.0,3.069,5.5,-3.3,1.2,4.5,7719.0,-6.7,7719.0,-6.7,,,7498.5,-9.4,0.0,2026-05-27,-34.1
TMPV.NS,TMPV,Automobiles,LONG,2026-05-28,ALERT,401.0,84.8,35.0,14.8,20.0,15.0,9.9,14.7,12.6,13.358,9.43,-45.6,35.4,17.7,340.6,-8.2,436.6,501.3,2.0,0.73,0.0,0.0,0.541,ALERT,2026-05-28,84.8,2026-05-28,2,GRADUATED,,2026-05-28,ALERT,84.8,13.358,17.7,-8.2,14.7,12.6,396.4,-1.1,353.2,-11.9,,,317.9,-20.7,0.0,2026-08-06,-63.1
NUVOCO.NS,NUVOCO,Cement & Cement Products,LONG,2026-05-29,READY,348.6,60.0,35.0,30.0,20.0,15.0,6.4,24.2,12.9,17.884,12.89,-25.9,24.0,13.8,306.4,-4.4,364.5,42.6,16.5,0.94,0.0,0.0,0.812,READY,2026-05-29,60.0,2026-05-29,2,GRADUATED,,2026-05-29,READY,60.0,17.884,13.8,-4.4,24.2,12.9,319.1,-8.4,304.1,-12.8,,,322.0,-7.6,8.2,2026-07-15,-29.1
GREAVESCOT.NS,GREAVESCOT,Industrial Manufacturing,LONG,2026-05-29,ALERT,181.6,87.6,22.6,30.0,20.0,15.0,7.8,11.1,21.7,15.029,3.23,-22.0,50.6,16.5,155.9,-1.1,183.6,31.9,4.9,0.75,0.0,0.0,0.7,ALERT,2026-05-29,87.6,2026-05-29,2,GRADUATED,,2026-05-29,ALERT,87.6,15.029,16.5,-1.1,11.1,21.7,190.6,5.0,207.9,14.5,,,192.5,6.0,44.0,2026-07-10,28.8
HCLTECH.NS,HCLTECH,IT - Software,LONG,2026-05-29,READY,1183.8,77.1,35.0,30.0,7.1,5.0,1.8,1.2,-7.0,-1.996,5.64,-30.2,5.3,-6.7,1268.9,-17.9,1441.3,426.6,3.6,0.74,199.63,6.7,0.611,ALERT,2026-06-01,94.2,2026-06-02,12,GRADUATED,2026-06-03,2026-07-20,WATCH,59.5,3.492,7.3,-11.4,8.1,-1.6,1143.0,-3.4,1091.3,-7.8,,,1302.5,10.0,16.3,2026-08-03,51.5
RELAXO.NS,RELAXO,Consumer Durables,SHORT,2026-05-29,READY,345.3,60.0,35.0,30.0,20.0,15.0,18.0,15.3,4.4,11.212,15.59,-33.0,45.1,18.8,290.6,-10.1,384.0,117.9,50.0,1.0,0.0,0.0,1.065,READY,2026-05-29,60.0,2026-05-29,2,GRADUATED,,2026-05-29,READY,60.0,11.212,18.8,-10.1,15.3,4.4,330.0,-4.4,417.9,21.0,,,376.6,9.1,27.4,2026-07-17,45.8
BANCOINDIA.NS,BANCOINDIA,Auto Components,LONG,2026-05-29,WATCH,656.2,59.9,34.8,30.0,20.0,15.0,9.7,6.8,10.2,8.447,4.97,-23.3,30.1,11.0,591.1,1.1,649.4,38.3,8.9,0.94,0.0,0.0,1.166,WATCH,2026-05-29,59.9,2026-05-29,2,GRADUATED,,2026-05-29,WATCH,59.9,8.447,11.0,1.1,6.8,10.2,655.5,-0.1,653.3,-0.4,,,623.7,-5.0,5.1,2026-06-12,-19.8
POWERMECH.NS,POWERMECH,Industrial Manufacturing,LONG,2026-05-29,READY,2500.7,73.9,14.2,24.7,20.0,15.0,1.5,4.3,23.3,11.614,2.02,-25.5,44.3,9.4,2285.6,2.2,2447.5,30.3,2.6,0.76,0.0,0.0,0.0,READY,2026-05-29,73.9,2026-05-29,2,GRADUATED,,2026-05-29,READY,73.9,11.614,9.4,2.2,4.3,23.3,2601.8,4.0,2720.0,8.8,,,2502.4,0.1,15.8,2026-06-22,0.3
SAFARI.NS,SAFARI,Consumer Durables,SHORT,2026-06-01,WATCH,1607.0,57.0,35.0,30.0,20.0,10.0,6.7,15.4,-4.8,6.412,13.89,-35.5,17.5,6.9,1503.7,-18.1,1962.1,50.4,11.4,0.9,0.0,0.0,0.751,WATCH,2026-06-01,57.0,2026-06-01,2,GRADUATED,,2026-06-01,WATCH,57.0,6.412,6.9,-18.1,15.4,-4.8,1554.6,-3.3,1592.0,-0.9,,,1496.8,-6.9,4.6,2026-07-13,-27.4
VIPIND.NS,VIPIND,Consumer Durables,SHORT,2026-06-01,ALERT,332.3,93.4,35.0,30.0,18.4,10.0,11.0,14.7,-1.2,7.972,15.3,-31.2,13.8,7.1,310.2,-10.8,372.6,209.7,31.4,0.98,0.0,0.0,0.725,ALERT,2026-06-01,93.4,2026-06-01,2,GRADUATED,,2026-06-01,ALERT,93.4,7.972,7.1,-10.8,14.7,-1.2,315.8,-5.0,305.6,-8.0,,,308.4,-7.2,0.0,2026-06-03,-28.6
ZENSARTECH.NS,ZENSARTECH,IT - Software,LONG,2026-06-02,ALERT,520.0,89.6,35.0,30.0,9.6,15.0,7.7,3.3,3.6,3.892,11.9,-39.9,7.2,-2.1,530.9,-22.5,670.6,65.3,7.1,0.86,0.0,2.1,0.365,ALERT,2026-06-02,89.6,2026-06-02,3,DROPPED,2026-06-04,2026-06-03,ALERT,86.8,2.199,-3.7,-23.8,2.9,0.2,453.1,-12.9,415.9,-20.0,,,483.5,-7.0,2.9,2026-07-29,-28.2
NEWGEN.NS,NEWGEN,IT - Software,LONG,2026-06-02,READY,518.1,60.0,35.0,30.0,20.0,15.0,20.6,7.0,7.9,8.741,17.58,-57.9,28.8,12.3,461.5,-26.5,704.8,384.6,50.0,0.98,0.0,0.0,0.976,READY,2026-06-02,60.0,2026-06-02,2,GRADUATED,,2026-06-02,READY,60.0,8.741,12.3,-26.5,7.0,7.9,482.0,-7.0,468.5,-9.6,,,522.7,0.9,12.7,2026-07-13,4.1
HOMEFIRST.NS,HOMEFIRST,Finance,SHORT,2026-06-02,READY,1069.6,60.0,0.0,30.0,20.0,10.0,1.3,-5.8,-3.6,-4.206,-0.34,-27.7,18.2,-0.5,1075.1,-7.0,1150.0,32.5,3.6,0.6,420.59,0.5,0.0,READY,2026-06-02,60.0,2026-06-02,3,GRADUATED,2026-06-03,2026-06-18,READY,60.0,8.237,3.5,1.1,4.6,13.2,1080.1,1.0,1201.6,12.3,,,1193.7,11.6,19.7,2026-07-21,65.0
RHIM.NS,RHIM,Industrial Products,MID,2026-06-03,WATCH,377.5,52.3,0.0,30.0,17.3,5.0,-6.8,-3.7,-5.9,-4.931,-5.29,-28.0,13.0,-2.7,388.0,-13.7,437.1,100.5,50.0,0.57,493.14,2.7,0.0,READY,2026-06-04,62.0,2026-06-04,3,GRADUATED,,2026-06-04,READY,62.0,0.509,3.2,-8.1,1.8,-0.7,368.9,-2.3,403.2,6.8,,,375.2,-0.6,12.1,2026-08-10,-2.7
LXCHEM.NS,LXCHEM,Chemicals & Petrochemicals,SHORT,2026-06-03,ALERT,164.6,100.0,35.0,30.0,20.0,15.0,10.8,16.6,37.7,24.436,15.58,-28.9,52.2,16.0,141.8,-1.8,167.5,156.8,50.0,0.99,0.0,0.0,0.665,ALERT,2026-06-03,100.0,2026-06-03,2,GRADUATED,,2026-06-03,ALERT,100.0,24.436,16.0,-1.8,16.6,37.7,149.7,-9.1,162.2,-1.4,,,173.2,5.2,21.8,2026-07-29,26.6
HINDUNILVR.NS,HINDUNILVR,Diversified FMCG,SHORT,2026-06-03,WATCH,2090.6,42.5,0.0,30.0,2.5,10.0,-2.8,-7.6,-3.5,-5.48,-3.95,-21.7,1.9,-5.1,2202.4,-11.7,2366.4,978.3,50.0,0.87,548.04,5.1,0.0,READY,2026-06-09,61.1,2026-06-09,4,DROPPED,2026-06-04,2026-06-09,READY,61.1,-1.978,-3.2,-9.6,-5.1,0.8,2147.7,2.7,2210.6,5.7,,,2015.0,-3.6,5.7,2026-07-02,-15.6
POLYMED.NS,POLYMED,Healthcare Equipment & Supplies,MID,2026-06-04,READY,1405.0,65.0,0.0,30.0,20.0,15.0,7.7,-11.4,12.8,0.179,-0.14,-38.1,18.0,-3.2,1452.2,-16.4,1680.9,33.6,50.0,0.8,0.0,3.2,0.0,READY,2026-06-04,76.6,2026-06-09,5,GRADUATED,2026-06-05,2026-06-11,READY,60.0,5.353,0.5,-11.4,-6.4,19.7,1478.9,5.3,1677.8,19.4,,,1719.4,22.4,33.1,2026-08-12,157.3
BLUESTARCO.NS,BLUESTARCO,Consumer Durables,SHORT,2026-06-04,WATCH,1607.6,51.9,10.0,30.0,6.9,5.0,-0.9,-7.3,-9.7,-7.591,1.43,-20.3,5.2,-5.6,1703.0,-11.6,1819.0,102.9,50.0,0.64,759.11,5.6,0.0,READY,2026-06-05,74.7,2026-06-10,4,DROPPED,2026-06-08,2026-06-10,READY,74.7,-5.966,-6.7,-12.8,-2.3,-12.3,1549.2,-3.6,1575.5,-2.0,,,1511.9,-6.0,8.6,2026-07-15,-25.0
JISLJALEQS.NS,JISLJALEQS,Industrial Products,MID,2026-06-04,READY,31.5,69.9,16.6,30.0,18.3,5.0,5.7,-3.9,-5.6,-3.592,2.36,-51.5,13.7,0.2,31.4,-23.1,40.9,31.3,50.0,0.85,359.2,0.0,0.0,ALERT,2026-06-23,100.0,2026-06-23,4,GRADUATED,2026-06-08,2026-06-23,ALERT,100.0,16.621,12.2,-9.7,18.2,15.9,29.6,-6.0,34.7,10.0,,,27.9,-11.6,13.9,2026-06-23,-43.7
NETWORK18.NS,NETWORK18,Media,SHORT,2026-06-05,READY,33.4,60.0,35.0,30.0,20.0,15.0,7.7,-0.4,7.7,3.639,7.01,-47.1,21.4,2.3,32.7,-19.7,41.6,98.1,50.0,0.86,0.0,0.0,1.363,READY,2026-06-05,60.0,2026-06-05,2,GRADUATED,,2026-06-05,READY,60.0,3.639,2.3,-19.7,-0.4,7.7,31.5,-5.7,32.5,-2.8,,,29.9,-10.6,3.4,2026-06-18,-41.2
RTNINDIA.NS,RTNINDIA,Financial Technology (Fintech),MID,2026-06-05,ALERT,39.1,80.3,15.3,30.0,20.0,15.0,12.7,2.5,56.9,25.25,2.19,-40.9,57.7,15.1,34.0,-5.3,41.3,32.4,50.0,0.92,0.0,0.0,0.0,ALERT,2026-06-05,80.3,2026-06-05,2,GRADUATED,,2026-06-05,ALERT,80.3,25.25,15.1,-5.3,2.5,56.9,36.4,-6.9,33.3,-14.8,,,30.5,-22.1,0.1,2026-06-05,-69.4
RITES.NS,RITES,Construction,LONG,2026-06-05,READY,210.5,76.7,11.7,30.0,20.0,15.0,4.8,-4.1,11.2,2.947,1.68,-29.8,19.8,0.8,208.8,-7.6,227.8,50.5,50.0,0.93,0.0,0.0,0.0,READY,2026-06-05,76.7,2026-06-05,2,GRADUATED,,2026-06-05,READY,76.7,2.947,0.8,-7.6,-4.1,11.2,206.1,-2.1,216.1,2.7,,,218.1,3.6,11.8,2026-07-07,18.3
M&M.NS,M&M,Automobiles,LONG,2026-06-05,WATCH,3040.5,45.0,0.0,30.0,5.0,10.0,0.6,-5.9,-2.3,-3.787,-6.05,-20.0,3.7,-2.7,3124.1,-11.3,3427.0,1043.0,50.0,0.67,378.74,2.7,0.0,WATCH,2026-06-05,45.0,2026-06-05,2,DROPPED,2026-06-08,2026-06-05,WATCH,45.0,-3.787,-2.7,-11.3,-5.9,-2.3,3011.3,-1.0,3201.2,5.3,,,3412.2,12.2,15.7,2026-08-10,72.8
PNB.NS,PNB,Banks,SHORT,2026-06-08,READY,105.7,78.3,35.0,30.0,8.3,5.0,3.0,2.9,-6.9,-0.983,5.47,-20.1,6.3,-1.7,107.5,-8.5,115.5,176.7,50.0,1.0,98.25,1.7,0.413,READY,2026-06-08,78.3,2026-06-08,2,DROPPED,2026-06-09,2026-06-08,READY,78.3,-0.983,-1.7,-8.5,2.9,-6.9,108.0,2.1,103.8,-1.8,,,116.6,10.3,12.6,2026-08-12,61.9
GODREJCP.NS,GODREJCP,Personal Products,MID,2026-06-08,READY,997.0,62.5,20.2,30.0,2.3,10.0,-0.1,0.5,-4.9,-1.724,2.89,-21.6,1.7,-4.5,1044.2,-12.0,1132.8,136.2,50.0,0.72,172.4,4.5,0.0,READY,2026-06-08,62.5,2026-06-08,3,DROPPED,2026-06-10,2026-06-09,WATCH,47.7,0.264,-2.9,-10.5,3.1,-3.9,1036.8,4.0,1097.2,10.1,,,933.0,-6.4,10.4,2026-07-06,-27.9
APLAPOLLO.NS,APLAPOLLO,Ferrous Metals,LONG,2026-06-08,READY,1817.7,63.4,8.4,30.0,20.0,5.0,2.8,-2.4,-9.3,-4.611,1.2,-20.3,21.2,-5.9,1932.0,-3.2,1878.1,172.0,50.0,0.7,461.1,5.9,0.0,READY,2026-06-08,63.4,2026-06-08,2,DROPPED,2026-06-09,2026-06-08,READY,63.4,-4.611,-5.9,-3.2,-2.4,-9.3,1833.8,0.9,1819.8,0.1,,,2139.0,17.7,17.7,2026-08-20,123.2
THOMASCOOK.NS,THOMASCOOK,Leisure Services,SHORT,2026-06-08,READY,104.8,60.0,35.0,30.0,20.0,15.0,12.7,12.7,17.8,14.748,9.72,-43.6,19.1,8.1,96.9,-20.0,131.0,122.7,50.0,0.96,0.0,0.0,1.501,READY,2026-06-08,60.0,2026-06-08,2,GRADUATED,,2026-06-08,READY,60.0,14.748,8.1,-20.0,12.7,17.8,108.6,3.6,106.5,1.6,,,113.2,8.0,11.2,2026-06-18,46.1
HGINFRA.NS,HGINFRA,Construction,LONG,2026-06-08,READY,564.2,65.0,0.0,30.0,20.0,15.0,-0.3,-5.6,19.4,4.936,-4.31,-49.3,30.8,-2.6,579.6,-23.8,740.3,65.0,50.0,0.95,0.0,2.6,0.0,READY,2026-06-08,71.8,2026-06-12,4,DROPPED,2026-06-10,2026-06-12,READY,71.8,-0.077,-4.1,-23.1,-7.8,9.2,575.2,1.9,561.5,-0.5,,,511.9,-9.3,3.6,2026-06-22,-38.1
CENTRALBK.NS,CENTRALBK,Banks,SHORT,2026-06-09,WATCH,31.1,58.2,16.6,30.0,6.6,5.0,6.0,-10.4,-10.0,-8.58,2.37,-21.9,4.9,-7.7,33.7,-13.2,35.8,46.7,50.0,0.7,858.04,7.7,0.0,WATCH,2026-06-09,58.2,2026-06-09,3,DROPPED,2026-06-10,2026-06-12,WATCH,42.0,-10.031,-7.6,-13.1,-10.0,-12.8,32.0,2.9,31.2,0.5,,,31.3,0.6,8.9,2026-06-17,3.1
GRSE.NS,GRSE,Aerospace & Defense,LONG,2026-06-09,READY,2672.6,65.0,0.0,30.0,20.0,15.0,3.2,-6.7,10.9,1.301,-3.49,-22.9,35.5,-0.0,2672.6,4.9,2547.1,192.0,50.0,0.66,0.0,0.0,0.0,READY,2026-06-09,65.0,2026-06-09,2,GRADUATED,,2026-06-09,READY,65.0,1.301,-0.0,4.9,-6.7,10.9,2663.2,-0.4,2619.6,-2.0,,,2601.5,-2.7,7.0,2026-06-22,-12.6
PAYTM.NS,PAYTM,Financial Technology (Fintech),MID,2026-06-09,READY,1072.0,65.0,0.0,30.0,20.0,15.0,1.1,-8.0,8.2,-0.614,-6.62,-21.6,23.9,-3.3,1108.6,-10.5,1197.4,169.0,50.0,0.57,61.37,3.3,0.0,READY,2026-06-09,65.0,2026-06-09,2,DROPPED,2026-06-10,2026-06-09,READY,65.0,-0.614,-3.3,-10.5,-8.0,8.2,1108.5,3.4,1223.4,14.1,,,1632.0,52.2,53.9,2026-08-13,717.8
EIDPARRY.NS,EIDPARRY,Agricultural Food & other Products,MID,2026-06-09,WATCH,735.9,44.9,7.2,30.0,2.7,5.0,-1.5,-7.8,-5.6,-6.316,1.03,-40.5,2.0,-9.1,809.3,-22.4,948.2,40.7,50.0,0.61,631.6,9.1,0.0,ALERT,2026-07-06,81.9,2026-07-06,6,GRADUATED,2026-06-10,2026-08-20,WATCH,57.0,4.37,7.3,-6.8,8.3,-0.9,734.8,-0.2,722.0,-1.9,,,797.3,8.3,11.9,2026-08-05,49.3
EASEMYTRIP.NS,EASEMYTRIP,Leisure Services,SHORT,2026-06-09,READY,7.9,60.0,35.0,30.0,20.0,15.0,14.3,4.9,10.0,7.874,13.37,-28.8,34.5,4.3,7.5,2.2,7.7,45.0,50.0,0.65,0.0,0.0,1.223,READY,2026-06-09,60.0,2026-06-09,2,GRADUATED,,2026-06-09,READY,60.0,7.874,4.3,2.2,4.9,10.0,8.3,5.4,6.8,-13.3,,,6.2,-20.9,11.6,2026-06-10,-69.0
DABUR.NS,DABUR,Personal Products,MID,2026-06-10,WATCH,427.9,45.7,0.0,30.0,5.7,10.0,3.2,-8.9,-4.9,-6.089,-2.22,-22.2,4.3,-3.4,442.9,-12.6,489.4,73.4,50.0,0.71,608.92,3.4,0.0,WATCH,2026-06-10,51.2,2026-06-16,4,DROPPED,2026-06-11,2026-06-16,WATCH,51.2,-6.15,-1.9,-10.7,-6.0,-7.6,423.5,-1.0,437.5,2.2,,,400.5,-6.4,4.6,2026-07-07,-28.5
SAGILITY.NS,SAGILITY,IT - Services,MID,2026-06-10,WATCH,40.1,58.9,0.0,30.0,13.9,15.0,0.8,-6.1,6.4,-0.422,-5.71,-26.4,10.4,-3.9,41.8,-12.2,45.7,43.0,50.0,0.56,42.2,3.9,0.0,READY,2026-06-24,72.9,2026-06-24,6,GRADUATED,2026-06-11,2026-08-21,READY,60.3,3.158,4.0,-2.8,3.6,2.7,39.5,-1.5,40.7,1.4,,,43.3,8.1,14.4,2026-07-30,48.4
POLICYBZR.NS,POLICYBZR,Financial Technology (Fintech),MID,2026-06-11,WATCH,1504.2,47.2,0.0,25.0,7.2,15.0,-1.0,-7.0,7.0,-0.798,-1.03,-23.1,5.4,-7.6,1628.5,-10.8,1686.4,339.2,2.7,0.64,79.78,7.6,0.0,WATCH,2026-06-11,47.2,2026-06-11,2,DROPPED,2026-06-12,2026-06-11,WATCH,47.2,-0.798,-7.6,-10.8,-7.0,7.0,1617.7,7.5,1580.4,5.1,,,1795.2,19.3,19.3,2026-08-21,148.2
AAVAS.NS,AAVAS,Finance,SHORT,2026-06-11,READY,1328.2,73.7,8.7,30.0,20.0,15.0,3.2,-4.4,13.4,3.48,1.25,-36.5,23.7,-0.5,1335.4,-8.2,1447.1,39.8,5.8,0.68,0.0,0.5,0.0,READY,2026-06-11,73.7,2026-06-11,3,GRADUATED,,2026-06-12,READY,60.0,8.012,4.8,-2.8,1.0,17.0,1467.6,10.5,1525.9,14.9,,,1355.3,2.0,14.9,2026-07-10,10.9
AIIL.NS,AIIL,Finance,SHORT,2026-06-12,READY,530.2,60.0,35.0,30.0,20.0,15.0,13.5,5.1,18.0,11.122,6.77,-20.6,30.8,11.9,473.8,-1.9,540.4,208.1,34.1,0.99,0.0,0.0,1.173,READY,2026-06-12,60.0,2026-06-12,2,GRADUATED,,2026-06-12,READY,60.0,11.122,11.9,-1.9,5.1,18.0,543.8,2.6,520.0,-1.9,,,552.2,4.2,12.5,2026-08-07,23.7
GABRIEL.NS,GABRIEL,Auto Components,LONG,2026-06-12,READY,1040.6,78.8,16.3,27.5,20.0,15.0,2.9,-4.9,18.7,5.328,2.34,-20.9,76.5,0.4,1036.1,-2.0,1061.4,35.6,2.8,0.8,0.0,0.0,0.0,READY,2026-06-12,78.8,2026-06-12,2,GRADUATED,,2026-06-12,READY,78.8,5.328,0.4,-2.0,-4.9,18.7,1197.4,15.1,1265.0,21.6,,,1420.6,36.5,52.6,2026-08-05,406.9
ACI.NS,ACI,Diversified Metals,LONG,2026-06-12,ALERT,543.0,95.3,35.0,30.0,15.3,15.0,3.7,0.5,2.6,1.669,13.24,-23.8,11.5,-4.9,570.7,-7.5,587.3,30.9,11.6,0.88,0.0,4.9,0.389,ALERT,2026-06-12,95.3,2026-06-12,5,GRADUATED,2026-06-16,2026-07-20,ALERT,95.0,2.716,6.2,-0.0,6.5,-3.1,527.8,-2.8,529.2,-2.5,,,497.9,-8.3,8.4,2026-07-21,-36.4
AEGISVOPAK.NS,AEGISVOPAK,Petroleum Products,MID,2026-06-12,ALERT,217.9,100.0,35.0,30.0,20.0,15.0,13.4,9.1,13.7,11.398,17.17,-25.7,34.8,10.9,196.4,-5.0,229.2,34.9,10.9,0.93,0.0,0.0,0.411,ALERT,2026-06-12,100.0,2026-06-12,2,GRADUATED,,2026-06-12,ALERT,100.0,11.398,10.9,-5.0,9.1,13.7,238.2,9.3,303.3,39.2,,,276.3,26.8,39.3,2026-07-27,244.9
AURIONPRO.NS,AURIONPRO,IT - Services,MID,2026-06-15,ALERT,852.5,90.0,35.0,30.0,20.0,5.0,11.6,12.6,-8.4,4.126,25.36,-47.8,17.6,3.2,826.0,-15.0,1002.7,54.1,9.2,0.94,0.0,0.0,0.387,ALERT,2026-06-15,90.0,2026-06-15,2,GRADUATED,,2026-06-15,ALERT,90.0,4.126,3.2,-15.0,12.6,-8.4,890.2,4.4,871.0,2.2,,,695.5,-18.4,5.7,2026-06-24,-67.0
RENUKA.NS,RENUKA,Diversified FMCG,SHORT,2026-06-15,ALERT,24.1,90.9,35.0,30.0,15.9,10.0,6.5,-1.5,-2.9,-1.267,14.62,-30.6,12.0,-6.2,25.7,-10.3,26.8,35.2,4.9,0.84,126.67,6.2,0.451,ALERT,2026-06-15,97.1,2026-08-19,4,GRADUATED,2026-06-17,2026-08-19,ALERT,97.1,6.07,7.5,-2.9,9.7,0.1,23.2,-3.9,22.7,-5.7,,,25.1,4.3,8.4,2026-08-20,25.9
ASHOKA.NS,ASHOKA,Construction,LONG,2026-06-15,ALERT,132.5,100.0,35.0,30.0,20.0,15.0,8.8,2.5,8.5,5.574,11.98,-39.1,29.7,3.5,128.0,-15.3,156.4,109.6,18.1,0.97,0.0,0.0,0.598,ALERT,2026-06-15,100.0,2026-06-15,2,GRADUATED,,2026-06-15,ALERT,100.0,5.574,3.5,-15.3,2.5,8.5,135.5,2.3,128.5,-3.0,,,114.2,-13.8,2.3,2026-06-22,-55.5
JMFINANCIL.NS,JMFINANCIL,Diversified,MID,2026-06-15,READY,123.6,73.5,35.0,9.6,13.9,15.0,3.4,-7.1,0.8,-2.906,7.43,-34.4,10.4,-4.7,129.7,-13.0,142.1,34.2,1.6,0.72,290.58,4.7,0.708,ALERT,2026-06-17,87.2,2026-06-22,7,DROPPED,2026-06-19,2026-08-07,WATCH,53.2,-3.601,2.7,-4.1,-0.1,-9.7,128.8,4.2,123.0,-0.5,,,128.2,3.8,6.9,2026-07-06,22.2
GOKEX.NS,GOKEX,Textiles & Apparels,SHORT,2026-06-15,ALERT,721.8,100.0,35.0,30.0,20.0,15.0,3.6,4.1,18.8,9.909,7.38,-24.0,33.2,3.9,694.3,-1.7,733.9,38.4,3.2,0.86,0.0,0.0,0.702,ALERT,2026-06-15,100.0,2026-06-15,2,GRADUATED,,2026-06-15,ALERT,100.0,9.909,3.9,-1.7,4.1,18.8,819.4,13.5,841.8,16.6,,,797.6,10.5,23.1,2026-07-01,72.3
MUTHOOTFIN.NS,MUTHOOTFIN,Finance,SHORT,2026-06-15,WATCH,3160.1,47.8,35.0,14.7,20.0,10.0,3.4,-5.5,-2.7,-3.455,6.17,-22.1,27.0,-6.0,3361.5,-7.0,3398.3,276.2,2.0,0.71,345.49,6.0,1.313,READY,2026-08-21,79.4,2026-08-21,8,DROPPED,2026-06-19,2026-08-21,READY,79.4,-4.21,0.3,-11.0,-1.2,-10.7,3216.0,1.8,3016.4,-4.5,,,3022.0,-4.4,1.8,2026-06-22,-21.6
CYIENT.NS,CYIENT,IT - Services,MID,2026-06-15,READY,897.0,74.0,17.2,26.8,20.0,10.0,0.9,2.1,-1.5,0.542,2.46,-32.3,19.1,0.2,895.6,-14.3,1046.2,70.9,2.8,0.66,0.0,0.0,0.0,READY,2026-06-15,74.0,2026-06-15,2,GRADUATED,,2026-06-15,READY,74.0,0.542,0.2,-14.3,2.1,-1.5,876.7,-2.3,852.8,-4.9,,,892.7,-0.5,1.2,2026-06-16,-2.6
BRIGADE.NS,BRIGADE,Realty,LONG,2026-06-16,ALERT,720.2,98.0,35.0,30.0,18.0,15.0,7.7,7.1,6.6,6.956,18.08,-40.3,13.5,0.7,715.5,-11.9,817.6,30.1,4.2,0.74,0.0,0.0,0.423,ALERT,2026-06-16,98.0,2026-06-16,2,GRADUATED,,2026-06-16,ALERT,98.0,6.956,0.7,-11.9,7.1,6.6,523.6,-27.3,560.8,-22.1,,,639.3,-11.2,0.0,2026-06-16,-48.3
SBICARD.NS,SBICARD,Financial Technology (Fintech),MID,2026-06-16,READY,621.7,64.7,32.2,20.0,12.5,0.0,3.1,-1.8,-15.4,-6.771,4.6,-38.2,9.4,-2.3,636.0,-20.0,777.4,58.8,2.3,0.78,677.15,2.3,0.639,READY,2026-06-16,78.9,2026-06-18,7,GRADUATED,2026-06-19,2026-08-20,READY,73.5,1.198,3.0,-10.3,0.3,2.2,607.2,-2.3,640.3,3.0,,,649.0,4.4,7.1,2026-08-05,26.8
ABREL.NS,ABREL,Realty,LONG,2026-06-16,ALERT,1315.7,100.0,35.0,30.0,20.0,15.0,4.7,4.6,12.4,7.723,13.72,-47.4,20.2,-1.7,1337.8,-12.9,1510.6,37.8,4.5,0.83,0.0,1.7,0.62,ALERT,2026-06-16,100.0,2026-06-16,5,GRADUATED,2026-06-19,2026-07-01,READY,60.0,12.338,5.0,-6.0,11.3,15.0,1297.3,-1.4,1426.6,8.4,,,1406.3,6.9,10.7,2026-07-16,44.5
MRF.NS,MRF,Auto Components,LONG,2026-06-16,WATCH,128470.0,35.6,3.1,21.1,6.4,5.0,1.4,-1.9,-8.4,-4.181,0.44,-20.8,4.8,-0.7,129334.6,-10.2,143070.9,96.5,2.4,0.7,418.06,0.7,0.0,WATCH,2026-06-16,50.9,2026-06-17,3,DROPPED,2026-06-18,2026-06-17,WATCH,50.9,-1.924,-0.1,-9.6,0.0,-5.2,131121.1,2.1,131445.6,2.3,,,132665.0,3.3,7.7,2026-07-07,19.4
ESCORTS.NS,ESCORTS,"Agricultural, Commercial & Construction Vehicles",LONG,2026-06-17,WATCH,2831.0,49.6,18.8,20.6,5.2,5.0,-0.5,-4.0,-10.4,-6.22,2.68,-28.2,3.9,-6.6,3031.7,-17.3,3421.4,37.2,2.4,0.56,621.98,6.6,0.0,ALERT,2026-06-22,85.0,2026-06-22,5,GRADUATED,2026-06-18,2026-07-06,WATCH,50.5,1.359,2.2,-10.6,3.9,-2.0,2897.8,2.4,2944.8,4.0,,,3086.6,9.0,10.8,2026-08-03,62.5
PATELENG.NS,PATELENG,Industrial Manufacturing,LONG,2026-06-17,ALERT,30.7,100.0,35.0,30.0,20.0,15.0,10.2,16.7,25.6,19.585,15.36,-27.5,38.2,11.8,27.4,-0.3,30.8,33.6,5.9,0.62,0.0,0.0,0.406,ALERT,2026-06-17,100.0,2026-06-17,2,GRADUATED,,2026-06-17,ALERT,100.0,19.585,11.8,-0.3,16.7,25.6,34.6,12.8,30.3,-1.3,,,28.2,-8.2,13.8,2026-06-30,-38.3
FINPIPE.NS,FINPIPE,Industrial Products,MID,2026-06-17,WATCH,173.1,55.0,0.0,30.0,20.0,5.0,-2.5,2.4,-10.2,-3.153,-0.05,-24.3,15.4,0.1,172.9,-5.0,182.1,41.2,10.9,0.82,315.3,0.0,0.0,ALERT,2026-06-18,81.0,2026-06-18,4,GRADUATED,,2026-06-19,READY,60.0,0.277,1.2,-3.4,2.3,-2.1,183.6,6.1,167.4,-3.3,,,160.4,-7.3,6.1,2026-06-24,-34.7
GLAXO.NS,GLAXO,Pharmaceuticals & Biotechnology,MID,2026-06-18,ALERT,2266.2,80.3,35.0,30.0,10.3,5.0,3.4,-3.1,-6.8,-3.959,6.37,-32.4,7.8,-1.0,2288.1,-7.2,2442.1,51.2,8.2,0.67,395.92,1.0,0.742,ALERT,2026-06-18,89.5,2026-06-19,3,GRADUATED,,2026-06-19,ALERT,89.5,0.437,1.9,-4.4,1.5,-2.9,2354.8,3.9,2454.8,8.3,,,2902.2,28.1,33.8,2026-08-19,309.9
INDIAMART.NS,INDIAMART,IT - Services,MID,2026-06-18,ALERT,2137.7,84.6,26.7,30.0,12.9,15.0,4.3,4.8,1.0,3.246,3.82,-22.0,9.7,3.9,2058.1,-4.2,2230.5,31.5,5.8,0.8,0.0,0.0,0.439,ALERT,2026-06-18,84.6,2026-06-18,2,GRADUATED,,2026-06-18,ALERT,84.6,3.246,3.9,-4.2,4.8,1.0,1955.4,-8.5,1910.1,-10.6,,,1742.2,-18.5,0.0,2026-08-06,-68.9
KITEX.NS,KITEX,Textiles & Apparels,SHORT,2026-06-18,ALERT,161.2,87.6,35.0,23.4,19.2,10.0,8.8,0.9,-2.2,0.445,10.23,-45.3,14.4,-0.5,162.0,-10.8,180.7,31.0,2.6,0.78,0.0,0.5,0.565,ALERT,2026-06-18,87.6,2026-06-18,3,GRADUATED,,2026-06-19,ALERT,82.7,1.655,0.9,-9.5,2.5,-1.7,162.4,0.8,150.5,-6.6,,,124.9,-22.5,4.2,2026-06-24,-76.6
BATAINDIA.NS,BATAINDIA,Textiles & Apparels,SHORT,2026-06-18,READY,789.9,60.0,35.0,30.0,20.0,15.0,15.7,12.8,15.2,14.069,17.97,-38.0,30.0,12.0,705.5,-12.3,900.5,201.2,59.6,0.97,0.0,0.0,0.924,READY,2026-06-18,60.0,2026-06-18,2,GRADUATED,,2026-06-18,READY,60.0,14.069,12.0,-12.3,12.8,15.2,715.1,-9.5,693.4,-12.2,,,701.0,-11.2,0.0,2026-06-18,-49.4
ELECTCAST.NS,ELECTCAST,Ferrous Metals,LONG,2026-06-19,ALERT,81.3,100.0,35.0,30.0,20.0,15.0,11.5,2.6,10.8,6.738,16.53,-39.8,33.1,0.8,80.7,0.9,80.6,30.5,3.1,0.87,0.0,0.0,0.513,ALERT,2026-06-19,100.0,2026-06-19,2,GRADUATED,,2026-06-19,ALERT,100.0,6.738,0.8,0.9,2.6,10.8,78.6,-3.3,73.8,-9.2,,,73.9,-9.1,2.3,2026-06-22,-42.6
CCAVENUE.NS,CCAVENUE,Financial Technology (Fintech),MID,2026-06-19,ALERT,15.1,99.5,35.0,30.0,19.5,15.0,10.0,6.7,1.5,4.982,9.9,-25.1,14.6,6.7,14.1,-7.2,16.2,33.1,5.0,0.75,0.0,0.0,0.523,ALERT,2026-06-19,99.5,2026-06-19,2,GRADUATED,,2026-06-19,ALERT,99.5,4.982,6.7,-7.2,6.7,1.5,16.1,6.4,17.2,14.1,,,15.2,0.4,20.6,2026-07-13,2.3
ANUP.NS,ANUP,Industrial Manufacturing,LONG,2026-06-19,ALERT,2246.0,100.0,35.0,30.0,20.0,15.0,16.5,12.0,43.6,25.078,14.8,-22.4,54.9,12.2,2001.3,8.5,2069.9,35.4,13.5,0.98,0.0,0.0,0.452,ALERT,2026-06-19,100.0,2026-06-19,2,GRADUATED,,2026-06-19,ALERT,100.0,25.078,12.2,8.5,12.0,43.6,2297.9,2.3,2165.2,-3.6,,,1808.9,-19.5,4.4,2026-06-23,-71.5
VMM.NS,VMM,Retailing,SHORT,2026-06-22,READY,118.9,61.5,0.0,26.5,20.0,15.0,-2.5,-3.9,10.6,2.046,-4.43,-22.4,19.3,-1.6,120.8,-7.8,129.0,157.1,2.8,0.67,0.0,1.6,0.0,READY,2026-06-22,69.3,2026-06-24,3,DROPPED,2026-06-23,2026-06-24,READY,69.3,4.006,-1.6,-7.6,-2.2,12.6,115.8,-2.6,113.5,-4.5,,,103.4,-13.0,2.1,2026-07-02,-57.2
NATCOPHARM.NS,NATCOPHARM,Pharmaceuticals & Biotechnology,MID,2026-06-22,READY,884.3,64.7,29.3,14.5,15.9,5.0,3.3,-26.0,-10.5,-16.886,4.19,-26.7,11.9,-15.9,1051.6,-4.5,926.0,60.1,2.0,0.74,1688.59,15.9,0.734,READY,2026-06-22,79.0,2026-07-01,6,DROPPED,2026-06-24,2026-08-13,WATCH,48.4,-9.665,3.7,0.7,-3.2,-21.5,919.5,4.0,961.9,8.8,,,882.4,-0.2,11.3,2026-07-07,-1.3
SUBROS.NS,SUBROS,Consumer Durables,SHORT,2026-06-22,ALERT,856.0,100.0,35.0,30.0,20.0,15.0,14.1,16.3,22.3,18.464,17.78,-28.3,34.8,13.9,751.5,1.1,846.6,153.3,88.2,0.99,0.0,0.0,0.744,ALERT,2026-06-22,100.0,2026-06-22,2,GRADUATED,,2026-06-22,ALERT,100.0,18.464,13.9,1.1,16.3,22.3,815.6,-4.7,802.5,-6.3,,,733.2,-14.4,0.7,2026-06-23,-61.0
IONEXCHANG.NS,IONEXCHANG,Industrial Manufacturing,LONG,2026-06-22,ALERT,390.9,100.0,35.0,30.0,20.0,15.0,8.2,-2.7,9.5,3.282,6.48,-30.9,23.2,1.5,385.0,3.5,377.7,51.1,8.2,0.94,0.0,0.0,0.562,ALERT,2026-06-22,100.0,2026-06-22,2,GRADUATED,,2026-06-22,ALERT,100.0,3.282,1.5,3.5,-2.7,9.5,412.0,5.4,437.7,12.0,,,368.6,-5.7,19.8,2026-07-10,-30.0
KSCL.NS,KSCL,Fertilizers & Agrochemicals,SHORT,2026-06-22,READY,944.2,60.0,35.0,30.0,20.0,15.0,6.2,1.2,21.9,9.965,6.23,-27.0,32.1,3.1,916.0,-0.4,948.0,128.8,41.9,0.96,0.0,0.0,1.607,READY,2026-06-22,60.0,2026-06-22,2,GRADUATED,,2026-06-22,READY,60.0,9.965,3.1,-0.4,1.2,21.9,905.8,-4.1,867.5,-8.1,,,760.1,-19.5,0.0,2026-06-22,-73.3
AARTIPHARM.NS,AARTIPHARM,Pharmaceuticals & Biotechnology,MID,2026-06-23,ALERT,710.6,100.0,35.0,30.0,20.0,15.0,11.8,-2.1,7.2,2.991,8.15,-26.0,20.0,2.9,690.5,-4.3,742.3,40.8,6.4,0.95,0.0,0.0,0.614,ALERT,2026-06-23,100.0,2026-06-23,2,GRADUATED,,2026-06-23,ALERT,100.0,2.991,2.9,-4.3,-2.1,7.2,680.0,-4.3,672.7,-5.3,,,816.8,14.9,25.1,2026-08-12,136.7
PNCINFRA.NS,PNCINFRA,Construction,LONG,2026-06-23,ALERT,235.6,100.0,35.0,30.0,20.0,15.0,14.4,11.6,23.5,16.603,15.21,-26.1,46.8,10.4,213.4,-1.2,238.4,30.6,11.6,0.88,0.0,0.0,0.261,ALERT,2026-06-23,100.0,2026-06-23,2,GRADUATED,,2026-06-23,ALERT,100.0,16.603,10.4,-1.2,11.6,23.5,228.3,-3.1,234.4,-0.5,,,206.8,-12.2,8.0,2026-08-05,-55.4
HERITGFOOD.NS,HERITGFOOD,Diversified FMCG,SHORT,2026-06-25,WATCH,336.8,55.9,28.7,30.0,19.4,15.0,2.9,2.0,4.1,2.931,4.1,-36.9,14.6,-0.5,338.4,-16.4,403.0,31.1,6.2,0.62,0.0,0.5,1.668,READY,2026-06-29,68.5,2026-06-29,4,DROPPED,2026-06-30,2026-06-29,READY,68.5,1.343,-2.2,-17.9,0.5,2.6,332.1,-1.4,335.3,-0.4,,,380.9,13.1,13.1,2026-08-21,119.7
ONGC.NS,ONGC,Oil,MID,2026-06-30,WATCH,234.9,40.0,1.4,30.0,8.6,0.0,-4.0,-13.2,-24.3,-16.739,0.19,-22.1,6.5,-13.7,272.1,-7.7,254.5,509.9,50987.7,0.57,1673.86,13.7,0.0,READY,2026-07-01,62.6,2026-07-01,3,DROPPED,2026-07-02,2026-07-01,READY,62.6,-16.692,-13.3,-7.7,-13.6,-24.3,244.2,4.0,238.3,1.5,,,236.4,0.6,7.4,2026-07-23,4.6
ONESOURCE.NS,ONESOURCE,Pharmaceuticals & Biotechnology,MID,2026-06-30,ALERT,1647.8,82.9,17.9,30.0,20.0,15.0,3.0,-11.0,9.3,-1.503,2.55,-25.0,47.9,-5.3,1739.9,0.5,1639.6,35.8,3.4,0.65,150.35,5.3,0.0,ALERT,2026-06-30,82.9,2026-06-30,3,DROPPED,2026-07-02,2026-07-01,READY,63.5,-4.19,-5.3,0.7,-12.9,4.5,1626.8,-1.3,1749.7,6.2,,,1535.0,-6.8,6.2,2026-07-29,-39.2
RAMCOCEM.NS,RAMCOCEM,Cement & Cement Products,LONG,2026-06-30,ALERT,930.0,87.4,35.0,30.0,12.4,10.0,5.9,5.4,-2.4,2.308,10.09,-22.8,9.3,2.1,910.6,-7.8,1008.3,40.2,7.4,0.67,0.0,0.0,0.447,ALERT,2026-06-30,87.4,2026-06-30,2,GRADUATED,,2026-06-30,ALERT,87.4,2.308,2.1,-7.8,5.4,-2.4,937.0,0.7,921.5,-0.9,,,899.0,-3.3,2.6,2026-08-10,-21.1
EMAMILTD.NS,EMAMILTD,Personal Products,MID,2026-06-30,WATCH,404.3,46.8,0.0,30.0,6.8,10.0,0.6,-0.4,-4.1,-1.772,-0.55,-34.2,5.1,-3.5,418.8,-15.5,478.6,38.8,3876.7,0.55,177.21,3.5,0.0,READY,2026-08-07,60.1,2026-08-07,4,DROPPED,2026-07-01,2026-08-10,WATCH,50.9,-5.838,1.1,-10.6,-4.4,-9.5,416.4,3.0,407.9,0.9,,,402.6,-0.4,5.7,2026-07-13,-2.9
CONTROLPR.NS,CONTROLPR,Business Equipment & Supplies,MID,2026-07-02,READY,711.6,60.0,35.0,30.0,20.0,15.0,10.4,13.6,27.4,18.816,8.79,-20.4,35.7,12.7,631.6,4.8,679.0,52.2,82.0,0.98,0.0,0.0,1.521,READY,2026-07-02,60.0,2026-07-02,2,GRADUATED,,2026-07-02,READY,60.0,18.816,12.7,4.8,13.6,27.4,640.3,-10.0,572.5,-19.5,,,573.8,-19.4,0.0,2026-07-02,-79.2
DELTACORP.NS,DELTACORP,Resorts & Casinos,MID,2026-07-02,ALERT,67.9,100.0,35.0,30.0,20.0,15.0,4.8,-5.8,15.3,3.689,15.31,-28.7,37.6,-2.5,69.6,-1.6,69.0,37.1,3713.2,0.92,0.0,2.5,0.697,ALERT,2026-07-02,100.0,2026-07-02,3,DROPPED,2026-07-06,2026-07-03,ALERT,100.0,4.466,-4.4,-3.7,-3.3,14.8,64.8,-4.6,63.0,-7.3,,,58.6,-13.7,-0.0,2026-07-02,-65.8
ABFRL.NS,ABFRL,Apparel Manufacturing,MID,2026-07-02,WATCH,61.9,59.9,35.0,30.0,19.8,15.0,2.4,-1.1,0.9,0.056,5.7,-33.8,14.8,-1.0,62.5,-12.6,70.8,48.3,4829.0,0.85,0.0,1.0,1.117,ALERT,2026-07-06,100.0,2026-07-06,8,GRADUATED,2026-07-07,2026-08-06,WATCH,54.0,0.536,5.4,-6.5,5.0,-6.7,58.5,-5.4,60.2,-2.7,,,54.3,-12.2,2.3,2026-08-07,-61.3
DCXINDIA.NS,DCXINDIA,Aerospace & Defense,LONG,2026-07-02,READY,203.5,60.0,35.0,30.0,20.0,15.0,5.9,-0.5,16.2,6.832,10.05,-30.8,32.0,2.4,198.7,3.5,196.6,34.1,3406.8,0.57,0.0,0.0,0.797,READY,2026-07-02,60.0,2026-07-02,2,GRADUATED,,2026-07-02,READY,60.0,6.832,2.4,3.5,-0.5,16.2,196.7,-3.3,180.4,-11.4,,,175.5,-13.8,2.3,2026-07-06,-66.1
GANECOS.NS,GANECOS,Textile Manufacturing,MID,2026-07-03,WATCH,1027.8,54.0,35.0,30.0,20.0,5.0,14.6,9.2,-14.4,0.333,17.9,-34.1,53.4,6.0,969.1,8.2,950.2,42.3,4225.3,0.97,0.0,0.0,0.776,WATCH,2026-07-03,54.0,2026-07-03,2,GRADUATED,,2026-07-03,WATCH,54.0,0.333,6.0,8.2,9.2,-14.4,1108.7,7.9,1156.6,12.5,,,1082.1,5.3,20.4,2026-07-21,46.7
DENTA.NS,DENTA,Engineering & Construction,MID,2026-07-03,ALERT,352.9,100.0,35.0,30.0,20.0,15.0,7.8,41.5,36.5,36.111,13.42,-24.5,57.2,26.3,279.3,10.8,318.5,32.4,3244.0,0.87,0.0,0.0,0.641,ALERT,2026-07-03,100.0,2026-07-03,2,GRADUATED,,2026-07-03,ALERT,100.0,36.111,26.3,10.8,41.5,36.5,353.0,0.0,364.0,3.2,,,286.4,-18.8,3.2,2026-08-04,-78.9
HINDZINC.NS,HINDZINC,Other Industrial Metals & Mining,MID,2026-07-03,ALERT,536.5,95.0,35.0,30.0,20.0,10.0,2.7,-14.8,-1.8,-7.854,5.99,-24.9,31.5,-9.8,594.9,-3.2,554.2,189.8,18979.8,0.6,785.36,9.8,0.353,ALERT,2026-07-03,95.0,2026-07-03,6,DROPPED,2026-07-07,2026-08-04,WATCH,36.1,-2.972,1.8,0.3,3.4,-12.8,537.0,0.1,547.0,2.0,,,594.9,10.9,12.4,2026-08-07,115.9
DIGITIDE.NS,DIGITIDE,Commercial Services & Supplies,MID,2026-07-06,ALERT,120.6,100.0,35.0,30.0,20.0,15.0,39.8,29.8,31.8,31.57,32.95,-55.0,65.5,33.0,90.6,2.2,118.0,202.6,20256.6,1.0,0.0,0.0,0.506,ALERT,2026-07-06,100.0,2026-07-06,2,GRADUATED,,2026-07-06,ALERT,100.0,31.57,33.0,2.2,29.8,31.8,106.7,-11.5,98.5,-18.3,,,97.0,-19.6,-0.0,2026-07-06,-82.2
HEG.NS,HEG,Electrical Equipment,LONG,2026-07-07,ALERT,531.3,90.0,35.0,30.0,20.0,5.0,0.6,-4.6,-7.6,-5.286,5.27,-20.5,15.0,-5.5,562.4,-3.6,550.9,75.4,7542.9,0.66,528.64,5.5,0.575,ALERT,2026-07-07,90.0,2026-07-07,2,DROPPED,2026-07-08,2026-07-07,ALERT,90.0,-5.286,-5.5,-3.6,-4.6,-7.6,563.3,6.0,686.2,29.2,,,710.8,33.8,39.1,2026-08-18,959.4
HIKAL.NS,HIKAL,Pharmaceuticals & Biotechnology,MID,2026-07-08,ALERT,228.8,100.0,35.0,30.0,20.0,15.0,5.0,23.4,30.5,24.398,11.26,-34.7,55.5,12.3,203.7,7.9,212.0,49.6,4960.0,0.96,0.0,0.0,0.712,ALERT,2026-07-08,100.0,2026-07-08,2,GRADUATED,,2026-07-08,ALERT,100.0,24.398,12.3,7.9,23.4,30.5,240.8,5.2,221.4,-3.2,,,215.6,-5.8,7.4,2026-07-13,-38.9
GEMAROMA.NS,GEMAROMA,Chemicals & Petrochemicals,SHORT,2026-07-08,READY,203.6,65.0,0.0,30.0,20.0,15.0,7.0,20.5,30.6,23.181,-4.54,-36.2,51.2,21.1,168.2,11.8,182.1,71.7,7169.4,0.99,0.0,0.0,0.0,READY,2026-07-08,65.0,2026-07-08,2,GRADUATED,,2026-07-08,READY,65.0,23.181,21.1,11.8,20.5,30.6,192.2,-5.6,182.9,-10.2,,,175.8,-13.7,3.5,2026-07-09,-70.4
DATAMATICS.NS,DATAMATICS,IT - Services,MID,2026-07-08,ALERT,848.2,100.0,35.0,30.0,20.0,15.0,5.7,6.5,20.7,12.113,12.16,-21.3,33.1,7.9,786.2,7.3,790.4,30.1,3011.0,0.95,0.0,0.0,0.513,ALERT,2026-07-08,100.0,2026-07-08,2,GRADUATED,,2026-07-08,ALERT,100.0,12.113,7.9,7.3,6.5,20.7,853.5,0.6,853.2,0.6,,,819.2,-3.4,6.2,2026-07-10,-25.0
DBCORP.NS,DBCORP,Printing & Publication,MID,2026-07-10,ALERT,203.5,87.6,35.0,30.0,12.6,10.0,5.1,-2.4,-4.0,-2.289,6.15,-27.8,9.5,-1.3,206.2,-12.2,231.9,60.4,69.6,0.92,228.92,1.3,0.381,ALERT,2026-07-10,91.1,2026-07-15,5,GRADUATED,,2026-07-15,ALERT,91.1,0.442,1.6,-9.7,0.2,-0.3,208.5,2.5,211.3,3.8,,,205.9,1.2,6.5,2026-07-21,10.5
EMUDHRA.NS,EMUDHRA,IT - Software,LONG,2026-07-10,READY,455.8,75.6,20.6,30.0,20.0,5.0,4.6,-7.2,-5.5,-5.303,2.95,-45.0,22.2,-1.9,464.7,-13.8,528.4,59.6,44.4,0.99,530.33,1.9,0.0,ALERT,2026-07-13,90.0,2026-07-13,4,DROPPED,2026-07-15,2026-07-14,ALERT,90.0,-2.599,-1.0,-12.8,-0.3,-7.6,448.1,-1.7,530.0,16.3,,,540.8,18.7,23.3,2026-08-18,342.3
GMDCLTD.NS,GMDCLTD,Consumable Fuels,MID,2026-07-10,READY,589.8,71.5,35.0,11.5,20.0,5.0,-2.0,-4.3,-5.6,-4.595,10.2,-21.0,59.6,-7.4,636.6,-0.6,593.5,62.6,1.8,0.6,459.5,7.4,0.42,READY,2026-07-10,72.1,2026-07-13,7,DROPPED,2026-07-14,2026-08-07,WATCH,54.0,-7.086,-2.4,-1.4,-3.1,-14.5,581.5,-1.4,603.2,2.3,,,570.0,-3.4,2.3,2026-08-12,-25.7
FINOPB.NS,FINOPB,Banks,SHORT,2026-07-13,READY,161.3,60.0,35.0,30.0,20.0,15.0,20.1,16.0,19.8,17.892,18.61,-52.0,43.5,19.7,134.8,-22.1,207.0,97.8,61.2,0.98,0.0,0.0,0.933,READY,2026-07-13,60.0,2026-07-13,2,GRADUATED,,2026-07-13,READY,60.0,17.892,19.7,-22.1,16.0,19.8,168.5,4.5,162.5,0.7,,,145.9,-9.5,9.4,2026-07-14,-60.8
BFUTILITIE.NS,BFUTILITIE,Construction,LONG,2026-07-13,ALERT,672.5,100.0,35.0,30.0,20.0,15.0,18.4,5.7,36.9,19.421,20.08,-21.6,80.9,13.9,590.6,12.3,599.1,62.1,36.2,0.98,0.0,0.0,0.504,ALERT,2026-07-13,100.0,2026-07-13,2,GRADUATED,,2026-07-13,ALERT,100.0,19.421,13.9,12.3,5.7,36.9,607.8,-9.6,,,,,672.5,0.0,0.0,2026-08-21,0.0
63MOONS.NS,63MOONS,IT - Software,LONG,2026-07-13,ALERT,734.2,83.8,18.8,30.0,20.0,15.0,5.7,8.7,19.4,12.678,2.69,-33.2,56.1,10.1,666.9,6.0,692.8,63.6,14.7,0.91,0.0,0.0,0.0,ALERT,2026-07-13,83.8,2026-07-13,2,GRADUATED,,2026-07-13,ALERT,83.8,12.678,10.1,6.0,8.7,19.4,728.6,-0.8,858.7,17.0,,,795.5,8.3,26.9,2026-07-31,111.8
ASHAPURMIN.NS,ASHAPURMIN,Minerals & Mining,MID,2026-07-13,ALERT,703.5,100.0,35.0,30.0,20.0,15.0,9.9,-0.8,29.9,12.53,11.88,-22.0,56.2,4.4,674.1,6.3,661.5,34.3,3.7,0.89,0.0,0.0,0.706,ALERT,2026-07-13,100.0,2026-07-13,2,GRADUATED,,2026-07-13,ALERT,100.0,12.53,4.4,6.3,-0.8,29.9,688.5,-2.1,652.0,-7.3,,,590.2,-16.1,5.1,2026-08-05,-80.7
BCLIND.NS,BCLIND,Beverages,SHORT,2026-07-13,READY,37.2,65.0,0.0,30.0,20.0,15.0,4.7,-4.2,13.2,3.67,-6.66,-21.0,44.7,6.2,35.0,10.7,33.6,44.4,39.9,0.99,0.0,0.0,0.0,READY,2026-07-13,65.0,2026-07-13,2,GRADUATED,,2026-07-13,READY,65.0,3.67,6.2,10.7,-4.2,13.2,35.2,-5.3,37.1,-0.3,,,36.5,-1.9,1.9,2026-08-03,-16.3
HARIOMPIPE.NS,HARIOMPIPE,Ferrous Metals,LONG,2026-07-14,WATCH,400.5,51.8,21.4,30.0,20.0,15.0,5.4,-7.5,34.8,10.706,3.05,-27.1,48.2,4.7,382.4,5.3,380.5,49.5,16.6,0.97,0.0,0.0,2.118,WATCH,2026-07-14,51.8,2026-07-14,2,GRADUATED,,2026-07-14,WATCH,51.8,10.706,4.7,5.3,-7.5,34.8,391.7,-2.2,392.7,-1.9,,,348.5,-13.0,2.0,2026-07-15,-73.7
DYCL.NS,DYCL,Electrical Equipment,LONG,2026-07-14,ALERT,390.9,100.0,35.0,30.0,20.0,15.0,11.9,21.3,22.0,20.621,13.54,-22.0,62.5,14.2,342.4,16.3,336.2,80.1,27.0,0.97,0.0,0.0,0.54,ALERT,2026-07-14,100.0,2026-07-14,2,GRADUATED,,2026-07-14,ALERT,100.0,20.621,14.2,16.3,21.3,22.0,434.6,11.2,454.0,16.1,,,458.8,17.4,19.0,2026-08-17,365.7
AXISCADES.NS,AXISCADES,Construction,LONG,2026-07-14,ALERT,1638.1,80.9,35.0,20.9,20.0,5.0,7.9,-14.9,-8.3,-9.959,7.19,-24.6,48.8,-11.8,1856.7,4.2,1572.2,33.7,2.4,0.85,995.86,11.8,0.75,ALERT,2026-07-14,80.9,2026-07-14,4,DROPPED,2026-07-15,2026-08-19,WATCH,51.0,-7.424,-4.2,1.5,3.9,-24.7,1575.4,-3.8,1543.4,-5.8,,,1597.5,-2.5,-0.0,2026-07-14,-21.4
ASTRAL.NS,ASTRAL,Other Construction Materials,MID,2026-07-15,WATCH,1359.8,42.1,12.4,14.8,9.9,5.0,1.0,-13.4,-14.1,-12.278,1.78,-22.1,7.4,-8.7,1488.7,-9.5,1502.1,71.2,2.0,0.56,1227.76,8.7,0.0,READY,2026-07-20,69.5,2026-07-20,5,DROPPED,2026-07-21,2026-07-20,READY,69.5,-9.365,-5.5,-7.1,-10.4,-11.6,1430.8,5.2,1556.3,14.5,,,1528.5,12.4,17.1,2026-08-13,217.0
AVANTIFEED.NS,AVANTIFEED,Food Products,SHORT,2026-07-15,WATCH,989.2,50.9,35.0,29.9,20.0,0.0,7.8,-1.5,-31.7,-12.681,12.55,-34.2,56.4,-10.9,1110.2,-2.3,1012.8,51.6,3.0,0.91,1268.13,10.9,0.796,ALERT,2026-07-16,85.0,2026-07-16,6,DROPPED,2026-07-20,2026-08-18,WATCH,47.6,-21.115,-7.9,-16.1,-15.0,-34.6,993.0,0.4,857.0,-13.4,,,847.5,-14.3,4.7,2026-07-16,-78.2
CRISIL.NS,CRISIL,Capital Markets,SHORT,2026-07-16,ALERT,4231.1,93.8,35.0,29.6,19.2,10.0,3.9,3.5,-1.0,1.721,5.4,-28.4,14.4,4.7,4040.0,-2.2,4326.6,33.0,3.0,0.84,0.0,0.0,0.526,ALERT,2026-07-16,93.8,2026-07-16,2,GRADUATED,,2026-07-16,ALERT,93.8,1.721,4.7,-2.2,3.5,-1.0,4389.5,3.7,4488.3,6.1,,,4514.5,6.7,9.6,2026-08-10,93.0
BLS.NS,BLS,Commercial Services & Supplies,MID,2026-07-16,WATCH,238.0,38.9,5.1,24.0,9.8,0.0,1.0,-10.0,-17.4,-11.876,0.73,-40.2,7.3,-8.1,258.8,-16.8,286.1,38.5,2.6,0.55,1187.62,8.1,0.0,ALERT,2026-08-05,90.0,2026-08-05,5,GRADUATED,2026-07-17,2026-08-10,ALERT,90.0,1.771,4.1,-6.6,8.4,-7.2,230.3,-3.2,272.6,14.5,,,271.3,14.0,16.9,2026-08-14,277.1
EMSLIMITED.NS,EMSLIMITED,Construction,LONG,2026-07-16,READY,433.0,65.0,0.0,30.0,20.0,15.0,2.8,26.7,17.9,20.791,-8.97,-32.9,68.0,20.3,359.9,11.5,388.5,56.1,4.8,0.57,0.0,0.0,0.0,READY,2026-07-16,65.0,2026-07-16,2,GRADUATED,,2026-07-16,READY,65.0,20.791,20.3,11.5,26.7,17.9,406.4,-6.2,362.7,-16.2,,,394.4,-8.9,0.0,2026-07-16,-61.2
BANKBARODA.NS,BANKBARODA,Banks,SHORT,2026-07-16,WATCH,248.3,41.2,3.8,18.9,13.5,5.0,1.1,-11.8,-7.6,-8.853,0.54,-21.0,10.1,-5.3,262.3,-8.9,272.4,296.2,2.3,0.76,885.28,5.3,0.0,READY,2026-08-07,68.5,2026-08-07,4,DROPPED,2026-07-17,2026-08-12,WATCH,58.1,-1.299,-2.8,-7.6,0.2,-4.2,243.1,-2.1,248.2,-0.0,,,247.0,-0.5,2.6,2026-07-20,-5.2
BECTORFOOD.NS,BECTORFOOD,Food Products,SHORT,2026-07-16,READY,192.2,60.0,35.0,30.0,20.0,15.0,11.9,3.5,0.9,3.328,10.89,-37.8,15.0,7.1,179.5,-11.0,215.9,308.9,26.9,0.96,0.0,0.0,1.114,READY,2026-07-16,60.0,2026-07-16,2,GRADUATED,,2026-07-16,READY,60.0,3.328,7.1,-11.0,3.5,0.9,199.3,3.7,240.4,25.1,,,254.8,32.6,37.0,2026-08-19,1645.8
CAMPUS.NS,CAMPUS,Consumer Durables,SHORT,2026-07-17,READY,236.0,61.3,15.9,30.0,10.4,5.0,1.6,-2.6,-5.4,-3.279,2.27,-20.9,7.8,-0.7,237.7,-7.2,254.2,250.7,78.2,0.99,327.89,0.7,0.0,READY,2026-07-17,61.3,2026-07-17,2,DROPPED,2026-07-20,2026-07-17,READY,61.3,-3.279,-0.7,-7.2,-2.6,-5.4,216.6,-8.2,216.6,-8.2,,,228.1,-3.3,-0.0,2026-07-17,-29.7
BAYERCROP.NS,BAYERCROP,Fertilizers & Agrochemicals,SHORT,2026-07-21,READY,4351.4,79.3,35.0,30.0,9.3,5.0,6.2,3.8,-8.2,-0.789,9.61,-29.8,7.0,1.8,4276.0,-4.0,4533.0,34.7,6.3,1.0,78.9,0.0,0.512,READY,2026-07-21,79.3,2026-07-21,3,DROPPED,2026-07-23,2026-07-22,WATCH,45.1,-2.275,0.3,-5.4,1.4,-8.6,4219.4,-3.0,4066.8,-6.5,,,4071.5,-6.4,-0.0,2026-07-21,-54.3
AEROFLEX.NS,AEROFLEX,Industrial Products,MID,2026-07-22,WATCH,407.1,41.3,0.0,6.3,20.0,15.0,-3.0,-19.7,46.2,8.359,-8.67,-20.2,156.6,-5.4,430.2,51.4,268.9,30.1,1.4,0.57,0.0,5.4,0.0,WATCH,2026-07-22,41.3,2026-07-22,2,DROPPED,2026-07-23,2026-07-22,WATCH,41.3,8.359,-5.4,51.4,-19.7,46.2,450.6,10.7,475.3,16.8,,,503.0,23.6,23.6,2026-08-21,1211.3
ASIANTILES.NS,ASIANTILES,Other Construction Materials,MID,2026-07-23,WATCH,51.9,51.0,35.0,30.0,20.0,0.0,9.9,-5.2,-32.1,-14.451,14.41,-33.4,19.5,-6.9,55.7,-19.2,64.2,58.5,38.8,0.92,1445.14,6.9,1.098,ALERT,2026-07-24,90.0,2026-07-28,5,GRADUATED,,2026-07-28,ALERT,90.0,0.093,4.1,-10.3,3.5,-11.3,60.7,17.0,47.4,-8.7,,,47.4,-8.7,17.0,2026-07-29,-68.0
DBL.NS,DBL,Construction,LONG,2026-07-24,WATCH,420.2,46.8,0.0,30.0,11.8,5.0,5.2,-7.4,-8.7,-6.652,-1.77,-27.0,8.8,-2.2,429.6,-6.9,451.3,150.1,78.0,0.99,665.15,2.2,0.0,WATCH,2026-07-24,54.0,2026-08-05,5,GRADUATED,2026-07-29,2026-08-05,WATCH,54.0,0.979,6.4,2.2,5.9,-6.1,429.2,2.1,,,,,414.6,-1.3,11.2,2026-08-04,-16.0
ACC.NS,ACC,Other Construction Materials,MID,2026-07-27,WATCH,1358.1,51.1,0.0,29.3,11.8,10.0,-0.7,1.8,-4.2,-0.855,-0.14,-30.0,8.9,0.2,1355.9,-13.2,1564.5,31.1,3.0,0.79,85.52,0.0,0.0,WATCH,2026-07-27,53.6,2026-07-30,6,DROPPED,2026-07-28,2026-08-04,WATCH,47.4,-1.857,2.1,-10.7,-1.6,-2.7,1398.0,2.9,,,,,1307.4,-3.7,2.9,2026-08-03,-42.6
CAPILLARY.NS,CAPILLARY,IT - Software,LONG,2026-07-27,WATCH,535.3,55.9,35.0,30.0,18.2,10.0,11.8,5.7,-3.8,2.523,9.07,-26.9,13.7,6.1,504.4,0.0,0.0,89.2,234.4,0.99,0.0,0.0,1.225,WATCH,2026-07-27,55.9,2026-07-27,2,GRADUATED,,2026-07-27,WATCH,55.9,2.523,6.1,0.0,5.7,-3.8,495.5,-7.4,,,,,502.4,-6.2,8.5,2026-08-06,-60.4
EPIGRAL.NS,EPIGRAL,Chemicals & Petrochemicals,SHORT,2026-07-27,ALERT,1157.0,95.0,35.0,30.0,20.0,10.0,7.8,4.8,-2.0,2.413,9.72,-44.4,43.4,3.2,1121.4,-4.0,1205.5,39.3,14.7,0.57,0.0,0.0,0.747,ALERT,2026-07-27,95.0,2026-07-27,2,GRADUATED,,2026-07-27,ALERT,95.0,2.413,3.2,-4.0,4.8,-2.0,1120.7,-3.1,,,,,1126.0,-2.7,1.2,2026-07-28,-32.7
AGARIND.NS,AGARIND,Chemicals & Petrochemicals,SHORT,2026-07-28,READY,517.8,60.0,35.0,30.0,20.0,15.0,5.3,-3.2,20.5,7.152,6.3,-47.7,42.8,4.3,496.7,-14.3,604.2,43.0,43.7,0.99,0.0,0.0,1.278,READY,2026-07-28,60.0,2026-07-28,2,GRADUATED,,2026-07-28,READY,60.0,7.152,4.3,-14.3,-3.2,20.5,526.0,1.6,,,,,491.8,-5.0,1.6,2026-08-04,-54.3
EXPLEOSOL.NS,EXPLEOSOL,IT - Services,MID,2026-07-29,READY,925.4,60.0,35.0,30.0,20.0,15.0,14.5,14.2,12.6,13.558,16.9,-25.1,43.1,11.1,833.0,4.2,888.5,32.3,43.2,0.99,0.0,0.0,0.826,READY,2026-07-29,60.0,2026-07-29,2,GRADUATED,,2026-07-29,READY,60.0,13.558,11.1,4.2,14.2,12.6,811.7,-12.3,,,,,898.8,-2.9,0.0,2026-07-29,-37.1
BANDHANBNK.NS,BANDHANBNK,Banks,SHORT,2026-07-30,WATCH,172.7,37.0,27.9,13.8,20.0,0.0,2.3,-17.1,-17.3,-15.216,3.99,-20.3,27.5,-14.1,201.2,0.1,172.5,277.5,1.9,0.76,1521.59,14.1,1.125,WATCH,2026-07-30,37.0,2026-07-30,2,DROPPED,2026-07-31,2026-07-30,WATCH,37.0,-15.216,-14.1,0.1,-17.1,-17.3,175.2,1.4,,,,,175.1,1.4,1.9,2026-08-07,25.7
AGIIL.NS,AGIIL,Realty,LONG,2026-07-31,WATCH,312.1,57.2,7.2,30.0,20.0,0.0,-2.5,-13.6,-16.6,-13.671,1.03,-25.5,47.2,-11.4,352.4,0.9,309.2,64.4,3.1,0.84,1367.06,11.4,0.0,WATCH,2026-07-31,57.2,2026-07-31,2,DROPPED,2026-08-03,2026-07-31,WATCH,57.2,-13.671,-11.4,0.9,-13.6,-16.6,303.0,-2.9,,,,,291.2,-6.7,0.0,2026-07-31,-69.9
ICRA.NS,ICRA,Capital Markets,SHORT,2026-08-03,ALERT,5131.5,81.9,35.0,30.0,11.9,5.0,4.9,-3.0,-5.4,-3.161,6.16,-22.2,8.9,1.0,5079.3,-7.6,5554.8,35.3,5.7,0.74,316.07,0.0,0.617,ALERT,2026-08-03,88.4,2026-08-06,3,DROPPED,2026-08-04,2026-08-06,ALERT,88.4,-1.691,2.1,-6.5,-0.9,-4.9,5093.3,-0.7,,,,,4964.8,-3.2,2.6,2026-08-14,-48.8
BASF.NS,BASF,Chemicals & Petrochemicals,SHORT,2026-08-04,WATCH,3947.1,57.6,31.0,30.0,20.0,15.0,3.7,7.0,3.3,5.217,4.43,-20.7,25.6,11.5,3541.2,5.6,3738.6,64.4,27.1,0.96,0.0,0.0,1.653,WATCH,2026-08-04,57.6,2026-08-04,2,GRADUATED,,2026-08-04,WATCH,57.6,5.217,11.5,5.6,7.0,3.3,4037.2,2.3,,,,,3902.7,-1.1,4.7,2026-08-13,-21.6
CELLO.NS,CELLO,Consumer Durables,SHORT,2026-08-05,WATCH,399.0,54.0,35.0,30.0,20.0,5.0,14.6,7.9,-7.3,2.517,16.3,-39.3,17.8,8.4,367.9,-13.8,462.7,269.5,75.9,0.99,0.0,0.0,0.876,WATCH,2026-08-05,54.0,2026-08-05,2,GRADUATED,,2026-08-05,WATCH,54.0,2.517,8.4,-13.8,7.9,-7.3,374.9,-6.0,,,,,361.5,-9.4,-0.0,2026-08-05,-89.5
BESTAGRO.NS,BESTAGRO,Fertilizers & Agrochemicals,SHORT,2026-08-05,READY,21.0,60.0,35.0,30.0,20.0,15.0,23.7,34.0,4.9,21.347,27.14,-38.1,70.5,29.9,16.1,8.5,19.3,36.5,178.3,0.76,0.0,0.0,0.974,READY,2026-08-05,60.0,2026-08-05,2,GRADUATED,,2026-08-05,READY,60.0,21.347,29.9,8.5,34.0,4.9,,,,,,,21.0,0.0,0.0,2026-08-21,0.0
EPACKPEB.NS,EPACKPEB,Construction,LONG,2026-08-05,READY,255.8,65.0,0.0,30.0,20.0,15.0,-4.6,3.3,21.3,9.727,-3.21,-22.5,93.5,5.6,242.3,10.8,230.9,128.4,17.7,0.75,0.0,0.0,0.0,READY,2026-08-05,65.0,2026-08-05,2,GRADUATED,,2026-08-05,READY,65.0,9.727,5.6,10.8,3.3,21.3,236.4,-7.6,,,,,234.4,-8.4,-0.0,2026-08-05,-86.4
GMMPFAUDLR.NS,GMMPFAUDLR,Industrial Manufacturing,LONG,2026-08-06,ALERT,1005.2,100.0,35.0,30.0,20.0,15.0,22.2,29.3,9.5,20.68,25.66,-28.2,36.3,26.2,796.5,5.7,951.1,87.8,32.8,0.99,0.0,0.0,0.718,ALERT,2026-08-06,100.0,2026-08-06,2,GRADUATED,,2026-08-06,ALERT,100.0,20.68,26.2,5.7,29.3,9.5,1012.9,0.8,,,,,1022.3,1.7,5.1,2026-08-17,50.9
BAJAJELEC.NS,BAJAJELEC,Consumer Durables,SHORT,2026-08-07,WATCH,371.1,54.0,35.0,30.0,20.0,5.0,10.7,12.1,-8.0,3.925,11.21,-39.1,23.3,14.2,325.0,-6.0,394.9,120.6,86.5,0.85,0.0,0.0,1.054,WATCH,2026-08-07,54.0,2026-08-07,2,GRADUATED,,2026-08-07,WATCH,54.0,3.925,14.2,-6.0,12.1,-8.0,362.4,-2.3,,,,,351.6,-5.2,0.0,2026-08-07,-75.4
MANYAVAR.NS,MANYAVAR,Retailing,SHORT,2026-08-07,ALERT,516.9,100.0,35.0,30.0,20.0,15.0,23.9,29.1,7.3,19.87,28.28,-32.9,53.3,25.1,413.1,8.2,477.7,505.2,80.2,0.97,0.0,0.0,0.624,ALERT,2026-08-07,100.0,2026-08-07,2,GRADUATED,,2026-08-07,ALERT,100.0,19.87,25.1,8.2,29.1,7.3,528.8,2.3,,,,,544.2,5.3,5.9,2026-08-20,281.7
TEGA.NS,TEGA,Industrial Manufacturing,LONG,2026-08-07,WATCH,1625.7,53.0,35.0,30.0,13.4,10.0,8.7,-4.6,-1.3,-1.989,7.29,-22.9,10.0,-3.2,1679.2,-7.7,1760.9,31.8,4.2,0.78,198.92,3.2,0.884,READY,2026-08-13,74.8,2026-08-13,3,DROPPED,2026-08-10,2026-08-13,READY,74.8,0.809,-0.1,-5.0,-1.4,2.1,1703.8,4.8,,,,,1743.2,7.2,9.3,2026-08-20,516.8
THANGAMAYL.NS,THANGAMAYL,Consumer Durables,SHORT,2026-08-10,READY,5349.0,71.8,11.8,25.0,20.0,15.0,8.5,-19.5,41.9,7.818,1.69,-26.8,177.9,-8.7,5857.7,30.9,4087.3,223.7,2.7,0.64,0.0,8.7,0.0,READY,2026-08-10,71.8,2026-08-10,6,DROPPED,2026-08-11,2026-08-19,WATCH,45.5,11.78,-5.9,32.4,-13.0,44.5,5336.5,-0.2,,,,,5487.5,2.6,3.1,2026-08-19,133.6
ELLEN.NS,ELLEN,Chemicals & Petrochemicals,SHORT,2026-08-10,READY,295.7,60.0,0.0,30.0,20.0,10.0,9.1,-1.1,-1.7,-0.292,-3.51,-48.8,63.8,7.5,275.1,0.5,294.2,33.8,7.2,0.58,29.17,0.0,0.0,READY,2026-08-10,60.0,2026-08-10,3,GRADUATED,2026-08-11,2026-08-12,WATCH,55.0,13.072,16.7,10.6,11.6,14.2,328.3,11.0,,,,,328.5,11.1,14.0,2026-08-13,3180.0
GVT&D.NS,GVT&D,Industrial Manufacturing,LONG,2026-08-11,READY,4420.0,68.3,15.4,22.9,20.0,10.0,2.6,-3.4,-1.4,-2.009,2.2,-20.1,72.8,-5.5,4677.3,15.1,3839.6,528.4,2.5,0.87,200.92,5.5,0.0,READY,2026-08-11,68.3,2026-08-11,3,DROPPED,2026-08-13,2026-08-12,WATCH,55.6,-2.505,-5.6,14.5,-3.6,-1.9,4195.0,-5.1,,,,,4127.2,-6.6,0.0,2026-08-11,-91.8
GARUDA.NS,GARUDA,Construction,LONG,2026-08-11,READY,190.7,60.0,35.0,30.0,20.0,15.0,10.5,6.5,7.9,7.472,10.59,-21.3,43.6,8.8,175.2,4.0,183.3,60.0,22.7,0.85,0.0,0.0,0.759,READY,2026-08-11,60.0,2026-08-11,2,GRADUATED,,2026-08-11,READY,60.0,7.472,8.8,4.0,6.5,7.9,182.9,-4.1,,,,,183.9,-3.5,-0.0,2026-08-11,-73.2
THERMAX.NS,THERMAX,Electrical Equipment,LONG,2026-08-12,WATCH,4083.3,41.4,35.0,9.0,20.0,5.0,1.2,-8.4,-12.2,-8.957,6.24,-20.5,47.8,-11.0,4588.5,11.5,3662.6,59.5,1.6,0.59,895.75,11.0,1.024,READY,2026-08-18,60.4,2026-08-18,3,DROPPED,2026-08-13,2026-08-18,READY,60.4,-11.286,-10.0,10.9,-13.0,-12.6,4025.5,-1.4,,,,,3967.8,-2.8,1.4,2026-08-17,-68.8
GODAVARIB.NS,GODAVARIB,Chemicals & Petrochemicals,SHORT,2026-08-12,WATCH,261.6,46.8,0.0,30.0,16.8,0.0,-1.4,-2.2,-15.7,-7.524,-2.26,-21.9,12.6,-4.3,273.4,-6.6,280.2,55.6,54.9,0.9,752.41,4.3,0.0,WATCH,2026-08-12,46.8,2026-08-12,2,DROPPED,2026-08-13,2026-08-12,WATCH,46.8,-7.524,-4.3,-6.6,-2.2,-15.7,247.1,-5.5,,,,,244.2,-6.6,0.0,2026-08-12,-93.8
BBOX.NS,BBOX,IT - Software,LONG,2026-08-13,ALERT,832.5,90.0,35.0,30.0,20.0,5.0,13.2,-5.9,-14.1,-7.284,17.65,-22.8,87.3,-6.5,890.7,25.5,663.1,51.9,4.5,0.95,728.38,6.5,0.39,ALERT,2026-08-13,90.0,2026-08-13,4,DROPPED,2026-08-17,2026-08-21,ALERT,85.0,-10.554,-10.0,15.8,-3.0,-22.1,751.5,-9.7,,,,,775.7,-6.8,0.0,2026-08-13,-96.0
GPIL.NS,GPIL,Ferrous Metals,LONG,2026-08-13,WATCH,243.3,50.0,0.0,30.0,20.0,0.0,0.4,-5.3,-17.3,-9.538,-1.43,-20.4,24.4,-4.8,255.6,-8.0,264.4,71.5,5.2,0.65,953.85,4.8,0.0,WATCH,2026-08-13,50.0,2026-08-13,3,DROPPED,2026-08-17,2026-08-14,WATCH,50.0,-11.894,-7.5,-10.6,-7.9,-19.6,247.9,1.9,,,,,245.1,0.7,4.9,2026-08-18,39.7
TRITURBINE.NS,TRITURBINE,Electrical Equipment,LONG,2026-08-14,READY,592.4,60.0,0.0,30.0,20.0,10.0,-6.1,-8.5,-3.7,-6.366,-9.45,-20.1,36.1,-7.7,641.5,6.2,557.7,67.4,3.3,0.75,636.63,7.7,0.0,READY,2026-08-14,60.0,2026-08-14,2,DROPPED,2026-08-17,2026-08-14,READY,60.0,-6.366,-7.7,6.2,-8.5,-3.7,574.8,-3.0,,,,,574.8,-3.0,0.9,2026-08-17,-79.2
CEMPRO.NS,CEMPRO,Construction,LONG,2026-08-14,READY,1298.8,66.0,12.0,19.0,20.0,15.0,8.3,-20.1,45.1,8.829,1.71,-20.8,155.5,-3.8,1349.5,46.4,887.0,65.2,2.3,0.58,0.0,3.8,0.0,READY,2026-08-14,66.0,2026-08-14,2,DROPPED,2026-08-17,2026-08-14,READY,66.0,8.829,-3.8,46.4,-20.1,45.1,1276.4,-1.7,,,,,1276.4,-1.7,1.9,2026-08-18,-59.6
CAMLINFINE.NS,CAMLINFINE,Chemicals & Petrochemicals,SHORT,2026-08-17,WATCH,114.1,55.0,0.0,30.0,20.0,5.0,-7.0,-9.6,-10.8,-9.815,-3.16,-50.6,17.7,-11.2,128.6,-17.8,138.8,54.9,14.4,0.64,981.46,11.2,0.0,WATCH,2026-08-17,55.0,2026-08-17,4,DROPPED,2026-08-19,2026-08-21,WATCH,52.3,-9.383,-13.7,-19.9,-10.9,-11.4,,,,,,,109.4,-4.1,0.0,2026-08-17,-97.8
JYOTHYLAB.NS,JYOTHYLAB,Household Products,MID,2026-08-17,WATCH,213.9,55.5,35.0,30.0,17.5,10.0,5.3,6.1,-0.9,3.223,6.77,-36.7,13.1,7.3,199.4,-10.1,237.9,38.8,10.0,0.58,0.0,0.0,1.14,WATCH,2026-08-17,55.5,2026-08-17,2,GRADUATED,,2026-08-17,WATCH,55.5,3.223,7.3,-10.1,6.1,-0.9,,,,,,,204.9,-4.2,0.0,2026-08-17,-98.0
SUPRIYA.NS,SUPRIYA,Pharmaceuticals & Biotechnology,MID,2026-08-18,WATCH,801.7,56.6,0.0,21.6,20.0,15.0,-4.5,-2.5,8.4,1.661,-1.01,-23.8,44.9,-10.2,892.5,6.1,755.7,52.7,2.4,0.63,0.0,10.2,0.0,READY,2026-08-19,65.0,2026-08-19,4,DROPPED,2026-08-21,2026-08-20,WATCH,55.6,3.029,-8.9,7.5,-1.6,9.5,,,,,,,805.5,0.5,1.2,2026-08-20,76.4
FRACTAL.NS,FRACTAL,IT - Software,LONG,2026-08-19,WATCH,834.2,49.7,0.0,30.0,14.7,5.0,2.8,-3.2,-10.6,-5.552,-0.31,-24.3,11.0,-3.6,865.4,0.0,0.0,36.3,3.1,0.69,555.17,3.6,0.0,ALERT,2026-08-20,88.4,2026-08-20,4,ACTIVE,,2026-08-21,WATCH,46.6,-7.238,-1.7,0.0,-3.3,-14.4,,,,,,,846.7,1.5,2.5,2026-08-20,1409.5
ABINFRA.NS,ABINFRA,Construction,LONG,2026-08-19,ALERT,13.4,100.0,35.0,30.0,20.0,15.0,22.6,31.0,1.8,18.474,23.76,-38.8,48.3,27.0,10.6,-13.7,15.6,31.6,124.5,0.99,0.0,0.0,0.481,ALERT,2026-08-19,100.0,2026-08-19,2,GRADUATED,,2026-08-19,ALERT,100.0,18.474,27.0,-13.7,31.0,1.8,,,,,,,12.6,-5.7,0.4,2026-08-19,-100.0
TRIVENI.NS,TRIVENI,Agricultural Food & other Products,MID,2026-08-19,ALERT,289.2,85.0,35.0,30.0,20.0,0.0,20.9,-37.8,-26.1,-27.283,12.31,-39.4,30.6,-19.4,359.0,-21.8,369.9,49.8,4.3,0.89,2728.34,19.4,0.413,ALERT,2026-08-19,85.0,2026-08-19,4,ACTIVE,,2026-08-21,WATCH,51.0,-2.544,-16.5,-20.0,11.2,-23.2,,,,,,,295.3,2.1,3.8,2026-08-20,4356.8
APEX.NS,APEX,Agricultural Food & other Products,MID,2026-08-20,WATCH,398.7,54.0,35.0,30.0,20.0,5.0,9.1,-0.8,-13.4,-4.869,10.94,-20.5,90.1,0.3,397.7,8.3,368.2,104.6,56.0,0.83,486.9,0.0,1.517,WATCH,2026-08-20,54.0,2026-08-20,2,DROPPED,2026-08-21,2026-08-20,WATCH,54.0,-4.869,0.3,8.3,-0.8,-13.4,,,,,,,399.6,0.2,0.2,2026-08-21,127.7
JUBLPHARMA.NS,JUBLPHARMA,Pharmaceuticals & Biotechnology,MID,2026-08-21,READY,880.3,69.6,35.0,16.8,12.8,5.0,2.1,-10.4,-11.6,-9.648,5.51,-25.1,9.6,-7.7,953.3,-9.1,968.8,32.0,2.1,1.0,964.78,7.7,0.364,READY,2026-08-21,69.6,2026-08-21,2,ACTIVE,,2026-08-21,READY,69.6,-9.648,-7.7,-9.1,-10.4,-11.6,,,,,,,880.3,0.0,0.0,2026-08-21,0.0
