record_date,sub_industry,rs_momentum,top_components,score_0_100
2025-03-31,Aerospace & Defense,6.8552,"BDL, HAL, GRSE",59.0
2025-03-31,Agricultural Food & other Products,-1.3804,"BALRAMCHIN, TATACONSUM, EIDPARRY",40.0
2025-03-31,"Agricultural, Commercial & Construction Vehicles",-2.1907,"ESCORTS, BEML, ACE",38.0
2025-03-31,Auto Components,-5.2258,"ZFCVINDIA, MINDACORP, CRAFTSMAN",31.0
2025-03-31,Automobiles,-3.1172,"FORCEMOT, EICHERMOT, TVSMOTOR",36.0
2025-03-31,Banks,-3.2226,"KOTAKBANK, RBLBANK, BANKINDIA",35.0
2025-03-31,Beverages,-1.2444,"RADICO, VBL, UBL",40.0
2025-03-31,Capital Markets,-7.6175,"IEX, BSE, HDFCAMC",25.0
2025-03-31,Cement & Cement Products,1.1539,"SHREECEM, GRASIM, AMBUJACEM",45.0
2025-03-31,Chemicals & Petrochemicals,-1.6368,"SOLARINDS, NAVINFLUOR, SRF",39.0
2025-03-31,Cigarettes & Tobacco Products,24.8609,GODFRYPHLP,100.0
2025-03-31,Commercial Services & Supplies,-5.973,"REDINGTON, DOMS, FSL",29.0
2025-03-31,Construction,-7.2411,"LT, AFCONS, NBCC",26.0
2025-03-31,Consumable Fuels,5.7076,COALINDIA,56.0
2025-03-31,Consumer Durables,-10.1469,"GABRIEL, AMBER, CARTRADE",19.0
2025-03-31,Diversified,-0.2479,"BAJAJFINSV, DCMSHRIRAM, BAJAJHLDNG",42.0
2025-03-31,Diversified FMCG,-5.4338,"AVANTIFEED, DODLA, BECTORFOOD",30.0
2025-03-31,Diversified Metals,-4.8439,"KSCL, SHAILY, GALLANTT",32.0
2025-03-31,Electrical Equipment,-5.5802,"HEG, RHIM, TARIL",30.0
2025-03-31,Entertainment,-7.09,"SAREGAMA, PVRINOX",26.0
2025-03-31,Ferrous Metals,1.6818,"SHYAMMETL, JSWSTEEL, TATASTEEL",47.0
2025-03-31,Fertilizers & Agrochemicals,0.3949,"CHAMBLFERT, COROMANDEL, SUMICHEM",44.0
2025-03-31,Finance,-0.3382,"AAVAS, POONAWALLA, MAHSCOOTER",42.0
2025-03-31,Financial Technology (Fintech),-7.6279,"INDIAMART, PAYTM, POLICYBZR",25.0
2025-03-31,Food Products,-3.7384,"MARICO, BRITANNIA, NESTLEIND",34.0
2025-03-31,Gas,-2.2879,"GAIL, MGL, AEGISLOG",38.0
2025-03-31,Healthcare Equipment & Supplies,-6.5829,POLYMED,28.0
2025-03-31,Healthcare Services,-3.3186,"NH, KIMS, HIKAL",35.0
2025-03-31,Household Products,-10.2359,JYOTHYLAB,19.0
2025-03-31,IT - Services,-10.5866,"AURIONPRO, KRN, DATAMATICS",18.0
2025-03-31,IT - Software,-12.9485,"MAPMYINDIA, COFORGE, KPITTECH",13.0
2025-03-31,Industrial Manufacturing,-8.6693,"POWERMECH, TDPOWERSYS, DBL",23.0
2025-03-31,Industrial Products,-4.7071,"PTCIL, JYOTICNC, AIAENG",32.0
2025-03-31,Insurance,-2.7606,"HDFCLIFE, MFSL, SBILIFE",36.0
2025-03-31,Leisure Services,-6.8319,"DBREALTY, CHALET, EIHOTEL",27.0
2025-03-31,Media,-5.2355,"SUNTV, ZEEL",31.0
2025-03-31,Metals & Minerals Trading,-2.1157,ADANIENT,38.0
2025-03-31,Non - Ferrous Metals,0.0868,"HINDALCO, HINDZINC, HINDCOPPER",43.0
2025-03-31,Oil,-2.6228,"ONGC, GMRP&UI, OIL",37.0
2025-03-31,Other Construction Materials,-3.9843,"LLOYDSME, NMDC, GRAVITA",34.0
2025-03-31,Other Utilities,15.7882,ADANIENSOL,79.0
2025-03-31,"Paper, Forest & Jute Products",-8.9368,ABREL,22.0
2025-03-31,Personal Products,-3.1279,"GODREJCP, EMAMILTD, DABUR",36.0
2025-03-31,Petroleum Products,3.312,"CHENNPETRO, MRPL, RELIANCE",50.0
2025-03-31,Pharmaceuticals & Biotechnology,-2.4231,"BLUEJET, ASTRAZEN, GLAXO",37.0
2025-03-31,Power,-1.1638,"NAVA, PTC, RPOWER",40.0
2025-03-31,Realty,-11.7289,"PHOENIXLTD, EMBDL, DLF",16.0
2025-03-31,Retailing,-8.4107,"DMART, NYKAA, VMM",23.0
2025-03-31,Telecom - Equipment & Accessories,-18.6067,"TEJASNET, ITI",0.0
2025-03-31,Telecom - Services,-8.7095,"BHARTIHEXA, BHARTIARTL, TATACOMM",23.0
2025-03-31,Textiles & Apparels,-10.5465,"WELSPUNLIV, KPRMILL, PAGEIND",19.0
2025-03-31,Transport Infrastructure,0.1354,"JSWINFRA, ADANIPORTS, GMRAIRPORT",43.0
2025-03-31,Transport Services,-1.6429,"MAZDOCK, INDIGO, GESHIP",39.0
2025-04-30,Aerospace & Defense,9.092,"DATAPATTNS, BDL, GRSE",41.0
2025-04-30,Agricultural Food & other Products,0.2713,"TATACONSUM, BALRAMCHIN, TRIVENI",28.0
2025-04-30,"Agricultural, Commercial & Construction Vehicles",-3.4725,"ASHOKLEY, BEML, ESCORTS",22.0
2025-04-30,Auto Components,-4.1996,"MRF, ASAHIINDIA, CEATLTD",21.0
2025-04-30,Automobiles,-2.517,"FORCEMOT, TVSMOTOR, M&M",24.0
2025-04-30,Banks,0.9069,"RBLBANK, AUBANK, AXISBANK",29.0
2025-04-30,Beverages,1.4744,"UNITDSPR, UBL, RADICO",30.0
2025-04-30,Capital Markets,0.2308,"BSE, MCX, IEX",28.0
2025-04-30,Cement & Cement Products,-0.0773,"INDIACEM, DALBHARAT, RAMCOCEM",27.0
2025-04-30,Chemicals & Petrochemicals,-2.3771,"SOLARINDS, NAVINFLUOR, DEEPAKFERT",24.0
2025-04-30,Cigarettes & Tobacco Products,46.8878,GODFRYPHLP,100.0
2025-04-30,Commercial Services & Supplies,-7.2496,"DOMS, REDINGTON, FSL",16.0
2025-04-30,Construction,-7.8612,"NBCC, ENGINERSIN, TECHNOE",15.0
2025-04-30,Consumable Fuels,-4.6739,COALINDIA,20.0
2025-04-30,Consumer Durables,-6.3715,"KITEX, RBA, THANGAMAYL",18.0
2025-04-30,Diversified,-0.1477,"CHOICEIN, GODREJIND, 3MINDIA",27.0
2025-04-30,Diversified FMCG,-2.2748,"MANORAMA, KRBL, AVANTIFEED",24.0
2025-04-30,Diversified Metals,-4.0369,"PARADEEP, KSCL, GALLANTT",21.0
2025-04-30,Electrical Equipment,-5.0066,"POWERINDIA, INOXWIND, ELECON",20.0
2025-04-30,Entertainment,-4.7896,"SAREGAMA, PVRINOX",20.0
2025-04-30,Ferrous Metals,-5.3865,"APLAPOLLO, SHYAMMETL, JSWSTEEL",19.0
2025-04-30,Fertilizers & Agrochemicals,1.6314,"CHAMBLFERT, COROMANDEL, UPL",30.0
2025-04-30,Finance,0.3094,"UJJIVANSFB, HOMEFIRST, DCBBANK",28.0
2025-04-30,Financial Technology (Fintech),-0.1762,"INDIAMART, PAYTM, POLICYBZR",27.0
2025-04-30,Food Products,1.1081,"BRITANNIA, MARICO, NESTLEIND",29.0
2025-04-30,Gas,-1.0617,"GAIL, AEGISLOG, GSPL",26.0
2025-04-30,Healthcare Equipment & Supplies,7.0932,POLYMED,38.0
2025-04-30,Healthcare Services,-2.8303,"NH, THYROCARE, YATHARTH",23.0
2025-04-30,Household Products,3.724,JYOTHYLAB,33.0
2025-04-30,IT - Services,-9.7398,"ASTRAMICRO, AVALON, BLACKBUCK",12.0
2025-04-30,IT - Software,-9.4764,"MAPMYINDIA, SONATSOFTW, OFSS",13.0
2025-04-30,Industrial Manufacturing,-9.6282,"PARAS, VESUVIUS, TDPOWERSYS",13.0
2025-04-30,Industrial Products,-9.0576,"KAYNES, JYOTICNC, INOXINDIA",13.0
2025-04-30,Insurance,1.2451,"MFSL, SBILIFE, HDFCLIFE",29.0
2025-04-30,Leisure Services,-3.0648,"DBREALTY, DEVYANI, JUBLFOOD",23.0
2025-04-30,Media,-6.1996,"ZEEL, SUNTV",18.0
2025-04-30,Metals & Minerals Trading,-5.0609,ADANIENT,20.0
2025-04-30,Non - Ferrous Metals,-11.4235,"HINDZINC, HINDALCO, HINDCOPPER",10.0
2025-04-30,Oil,-3.4351,"OIL, GMRP&UI, ONGC",22.0
2025-04-30,Other Construction Materials,-9.8424,"GMDCLTD, NMDC, CENTURYPLY",12.0
2025-04-30,Other Utilities,7.1696,ADANIENSOL,39.0
2025-04-30,"Paper, Forest & Jute Products",-4.4069,ABREL,21.0
2025-04-30,Personal Products,-1.5345,"EMAMILTD, GODREJCP, HONASA",25.0
2025-04-30,Petroleum Products,2.2238,"BPCL, RELIANCE, HINDPETRO",31.0
2025-04-30,Pharmaceuticals & Biotechnology,-5.4331,"GLAXO, ERIS, ASTRAZEN",19.0
2025-04-30,Power,-3.0285,"PTC, CESC, NHPC",23.0
2025-04-30,Realty,-4.2279,"TARC, LODHA, PRESTIGE",21.0
2025-04-30,Retailing,-3.433,"VMM, NYKAA, ETERNAL",22.0
2025-04-30,Telecom - Equipment & Accessories,-17.7112,"ITI, TEJASNET",0.0
2025-04-30,Telecom - Services,-4.7905,"BHARTIHEXA, INDUSTOWER, BHARTIARTL",20.0
2025-04-30,Textiles & Apparels,-4.475,"VTL, KPRMILL, PAGEIND",20.0
2025-04-30,Transport Infrastructure,-4.2506,"GMRAIRPORT, ADANIPORTS, JSWINFRA",21.0
2025-04-30,Transport Services,0.6497,"MAZDOCK, INDIGO, COCHINSHIP",28.0
2025-05-31,Aerospace & Defense,45.6301,"GRSE, ZENTEC, BDL",100.0
2025-05-31,Agricultural Food & other Products,12.1677,"CCL, EIDPARRY, LTFOODS",40.0
2025-05-31,"Agricultural, Commercial & Construction Vehicles",10.0611,"BEML, ASHOKLEY, ACE",36.0
2025-05-31,Auto Components,6.9769,"ENDURANCE, CRAFTSMAN, SCHAEFFLER",31.0
2025-05-31,Automobiles,4.9046,"FORCEMOT, HEROMOTOCO, TVSMOTOR",27.0
2025-05-31,Banks,4.4437,"IDBI, CANBK, UNIONBANK",26.0
2025-05-31,Beverages,-2.9909,"RADICO, UNITDSPR, VBL",13.0
2025-05-31,Capital Markets,11.7818,"BSE, ANGELONE, MOTILALOFS",40.0
2025-05-31,Cement & Cement Products,0.8417,"JKCEMENT, NUVOCO, INDIACEM",20.0
2025-05-31,Chemicals & Petrochemicals,5.2737,"SOLARINDS, DEEPAKFERT, CLEAN",28.0
2025-05-31,Cigarettes & Tobacco Products,19.9284,GODFRYPHLP,54.0
2025-05-31,Commercial Services & Supplies,9.2627,"MMTC, ECLERX, FSL",35.0
2025-05-31,Construction,13.998,"NBCC, TECHNOE, ENGINERSIN",43.0
2025-05-31,Consumable Fuels,0.1651,COALINDIA,19.0
2025-05-31,Consumer Durables,5.4619,"BANCOINDIA, LUMAXTECH, KITEX",28.0
2025-05-31,Diversified,6.6984,"CHOICEIN, JMFINANCIL, BAJAJHLDNG",30.0
2025-05-31,Diversified FMCG,6.8147,"TI, ABDL, MANORAMA",31.0
2025-05-31,Diversified Metals,10.0811,"PARADEEP, INDIAGLYCO, MIDHANI",36.0
2025-05-31,Electrical Equipment,13.292,"GVT&D, POWERINDIA, APARINDS",42.0
2025-05-31,Entertainment,-0.9948,"SAREGAMA, PVRINOX",17.0
2025-05-31,Ferrous Metals,0.9445,"WELCORP, APLAPOLLO, TATASTEEL",20.0
2025-05-31,Fertilizers & Agrochemicals,3.0507,"BAYERCROP, FACT, COROMANDEL",24.0
2025-05-31,Finance,7.6496,"IFCI, AIIL, PRUDENT",32.0
2025-05-31,Financial Technology (Fintech),1.2981,"POLICYBZR, PAYTM, INDIAMART",21.0
2025-05-31,Food Products,-0.058,"BIKAJI, BBTC, MARICO",18.0
2025-05-31,Gas,0.588,"ATGL, GAIL, GSPL",19.0
2025-05-31,Healthcare Equipment & Supplies,-10.3204,POLYMED,0.0
2025-05-31,Healthcare Services,4.4999,"SHILPAMED, SPARC, THYROCARE",26.0
2025-05-31,Household Products,-7.7414,JYOTHYLAB,5.0
2025-05-31,IT - Services,4.4194,"ASTRAMICRO, NETWEB, ZAGGLE",26.0
2025-05-31,IT - Software,1.979,"INTELLECT, NEWGEN, COFORGE",22.0
2025-05-31,Industrial Manufacturing,6.9928,"PARAS, VESUVIUS, UNIMECH",31.0
2025-05-31,Industrial Products,11.6184,"PTCIL, JYOTICNC, TIMKEN",39.0
2025-05-31,Insurance,8.9003,"MFSL, STARHEALTH, LICI",34.0
2025-05-31,Leisure Services,2.4168,"DBREALTY, CHALET, ITCHOTELS",23.0
2025-05-31,Media,10.4524,"ZEEL, SUNTV",37.0
2025-05-31,Metals & Minerals Trading,7.679,ADANIENT,32.0
2025-05-31,Non - Ferrous Metals,0.9646,"HINDCOPPER, HINDZINC, NATIONALUM",20.0
2025-05-31,Oil,-0.1706,"REFEX, OIL, GMRP&UI",18.0
2025-05-31,Other Construction Materials,8.7523,"GMDCLTD, KAJARIACER, LLOYDSME",34.0
2025-05-31,Other Utilities,5.545,ADANIENSOL,28.0
2025-05-31,"Paper, Forest & Jute Products",4.8309,ABREL,27.0
2025-05-31,Personal Products,1.9078,"HONASA, GILLETTE, GODREJCP",22.0
2025-05-31,Petroleum Products,7.3979,"CHENNPETRO, HINDPETRO, MRPL",32.0
2025-05-31,Pharmaceuticals & Biotechnology,4.3162,"PFIZER, ONESOURCE, EMCURE",26.0
2025-05-31,Power,8.2709,"RPOWER, INOXGREEN, RELINFRA",33.0
2025-05-31,Realty,4.6384,"MAXESTATES, TARC, ANANTRAJ",27.0
2025-05-31,Retailing,-7.5436,"NYKAA, VMM, TRENT",5.0
2025-05-31,Telecom - Equipment & Accessories,8.799,"ITI, TEJASNET",34.0
2025-05-31,Telecom - Services,5.2878,"RAILTEL, NAZARA, NETWORK18",28.0
2025-05-31,Textiles & Apparels,7.3188,"KPRMILL, TRIDENT, ALOKINDS",32.0
2025-05-31,Transport Infrastructure,8.5062,"ADANIPORTS, JWL, TITAGARH",34.0
2025-05-31,Transport Services,12.3027,"MAZDOCK, COCHINSHIP, DELHIVERY",40.0
2025-06-30,Aerospace & Defense,13.7292,"GRSE, DATAPATTNS, BEL",90.0
2025-06-30,Agricultural Food & other Products,5.1866,"EIDPARRY, LTFOODS, CCL",53.0
2025-06-30,"Agricultural, Commercial & Construction Vehicles",4.6541,"BEML, ASHOKLEY, ESCORTS",51.0
2025-06-30,Auto Components,-0.0696,"ENDURANCE, UNOMINDA, MRF",30.0
2025-06-30,Automobiles,3.9201,"FORCEMOT, HYUNDAI, TVSMOTOR",48.0
2025-06-30,Banks,6.0227,"AUBANK, RBLBANK, CUB",57.0
2025-06-30,Beverages,-5.7978,"RADICO, UBL, UNITDSPR",5.0
2025-06-30,Capital Markets,15.8899,"MCX, BSE, CDSL",100.0
2025-06-30,Cement & Cement Products,5.0754,"JKCEMENT, INDIACEM, RAMCOCEM",53.0
2025-06-30,Chemicals & Petrochemicals,4.5852,"DEEPAKFERT, SOLARINDS, ALKYLAMINE",51.0
2025-06-30,Cigarettes & Tobacco Products,15.9135,GODFRYPHLP,100.0
2025-06-30,Commercial Services & Supplies,3.5807,"REDINGTON, ECLERX, MMTC",46.0
2025-06-30,Construction,6.3817,"TECHNOE, ENGINERSIN, NBCC",58.0
2025-06-30,Consumable Fuels,-6.2001,COALINDIA,4.0
2025-06-30,Consumer Durables,4.5023,"LUMAXTECH, RTNINDIA, SUBROS",50.0
2025-06-30,Diversified,8.0087,"JMFINANCIL, CHOICEIN, DCMSHRIRAM",66.0
2025-06-30,Diversified FMCG,3.6428,"HERITGFOOD, ABDL, DODLA",46.0
2025-06-30,Diversified Metals,6.0183,"LLOYDSENT, INDIAGLYCO, BALAMINES",57.0
2025-06-30,Electrical Equipment,4.351,"POWERINDIA, APARINDS, GVT&D",50.0
2025-06-30,Entertainment,-7.0083,"PVRINOX, SAREGAMA",0.0
2025-06-30,Ferrous Metals,0.4287,"USHAMART, NSLNISP, JSL",32.0
2025-06-30,Fertilizers & Agrochemicals,6.0124,"FACT, BAYERCROP, COROMANDEL",57.0
2025-06-30,Finance,6.8914,"AIIL, ABCAPITAL, IIFLCAPS",61.0
2025-06-30,Financial Technology (Fintech),4.6407,"INDIAMART, PAYTM, POLICYBZR",51.0
2025-06-30,Food Products,-0.9519,"BRITANNIA, BBTC, MARICO",26.0
2025-06-30,Gas,0.0263,"MGL, GUJGASLTD, IGL",31.0
2025-06-30,Healthcare Equipment & Supplies,-5.1822,POLYMED,8.0
2025-06-30,Healthcare Services,1.7626,"NH, STAR, ASTERDM",38.0
2025-06-30,Household Products,-1.7142,JYOTHYLAB,23.0
2025-06-30,IT - Services,2.8298,"STLTECH, OPTIEMUS, ASTRAMICRO",43.0
2025-06-30,IT - Software,1.6463,"INTELLECT, COFORGE, MPHASIS",38.0
2025-06-30,Industrial Manufacturing,3.284,"DIACABS, KIRLOSBROS, ELECTCAST",45.0
2025-06-30,Industrial Products,1.4009,"TIMKEN, SUPREMEIND, SYRMA",37.0
2025-06-30,Insurance,3.7372,"MFSL, GODIGIT, HDFCLIFE",47.0
2025-06-30,Leisure Services,0.4038,"DBREALTY, TBOTEK, ITCHOTELS",32.0
2025-06-30,Media,4.1229,"ZEEL, SUNTV",49.0
2025-06-30,Metals & Minerals Trading,2.7013,ADANIENT,42.0
2025-06-30,Non - Ferrous Metals,2.5217,"HINDCOPPER, NATIONALUM, HINDALCO",42.0
2025-06-30,Oil,-0.0632,"REFEX, OIL, GMRP&UI",30.0
2025-06-30,Other Construction Materials,6.324,"GMDCLTD, LLOYDSME, CERA",58.0
2025-06-30,Other Utilities,0.0698,ADANIENSOL,31.0
2025-06-30,"Paper, Forest & Jute Products",10.8426,ABREL,78.0
2025-06-30,Personal Products,-0.6246,"GILLETTE, HONASA, EMAMILTD",28.0
2025-06-30,Petroleum Products,2.2014,"HINDPETRO, BPCL, RELIANCE",40.0
2025-06-30,Pharmaceuticals & Biotechnology,1.4524,"ONESOURCE, GLENMARK, JUBLPHARMA",37.0
2025-06-30,Power,6.9075,"RTNPOWER, RPOWER, RELINFRA",61.0
2025-06-30,Realty,4.5536,"TARC, PRESTIGE, PURVA",50.0
2025-06-30,Retailing,2.0406,"SWIGGY, ETERNAL, VMM",39.0
2025-06-30,Telecom - Equipment & Accessories,0.38,"ITI, TEJASNET",32.0
2025-06-30,Telecom - Services,4.4751,"RAILTEL, NETWORK18, BHARTIHEXA",50.0
2025-06-30,Textiles & Apparels,3.9283,"ALOKINDS, TRIDENT, VTL",48.0
2025-06-30,Transport Infrastructure,1.3308,"ADANIPORTS, TITAGARH, GMRAIRPORT",36.0
2025-06-30,Transport Services,6.0204,"DELHIVERY, COCHINSHIP, SCI",57.0
2025-07-31,Aerospace & Defense,-1.2432,"GRSE, BEL, DATAPATTNS",57.0
2025-07-31,Agricultural Food & other Products,9.4993,"EIDPARRY, CCL, LTFOODS",95.0
2025-07-31,"Agricultural, Commercial & Construction Vehicles",1.6173,"BEML, ASHOKLEY, ESCORTS",67.0
2025-07-31,Auto Components,2.7073,"BOSCHLTD, CRAFTSMAN, ENDURANCE",71.0
2025-07-31,Automobiles,6.8407,"FORCEMOT, OLECTRA, HYUNDAI",86.0
2025-07-31,Banks,0.3464,"RBLBANK, KARURVYSYA, CUB",63.0
2025-07-31,Beverages,2.1022,"RADICO, VBL, UBL",69.0
2025-07-31,Capital Markets,3.367,"ABSLAMC, HDFCAMC, UTIAMC",73.0
2025-07-31,Cement & Cement Products,7.4024,"NUVOCO, JKCEMENT, RAMCOCEM",88.0
2025-07-31,Chemicals & Petrochemicals,1.5372,"ALKYLAMINE, TATACHEM, AKZOINDIA",67.0
2025-07-31,Cigarettes & Tobacco Products,4.188,GODFRYPHLP,76.0
2025-07-31,Commercial Services & Supplies,3.432,"ECLERX, IGIL, MMTC",74.0
2025-07-31,Construction,1.3629,"TECHNOE, KEC, KPIL",66.0
2025-07-31,Consumable Fuels,-1.601,COALINDIA,56.0
2025-07-31,Consumer Durables,5.424,"IXIGO, LUMAXTECH, GABRIEL",81.0
2025-07-31,Diversified,10.7863,"DCMSHRIRAM, JMFINANCIL, CHOICEIN",100.0
2025-07-31,Diversified FMCG,9.345,"TI, ABDL, KRBL",95.0
2025-07-31,Diversified Metals,8.8254,"SHARDACROP, GALLANTT, PARADEEP",93.0
2025-07-31,Electrical Equipment,8.0876,"SCHNEIDER, GVT&D, APARINDS",90.0
2025-07-31,Entertainment,0.279,"PVRINOX, SAREGAMA",62.0
2025-07-31,Ferrous Metals,3.3409,"USHAMART, SHYAMMETL, WELCORP",73.0
2025-07-31,Fertilizers & Agrochemicals,8.6468,"SUMICHEM, COROMANDEL, BAYERCROP",92.0
2025-07-31,Finance,2.7452,"ANANDRATHI, AIIL, RELIGARE",71.0
2025-07-31,Financial Technology (Fintech),7.527,"PAYTM, INDIAMART, POLICYBZR",88.0
2025-07-31,Food Products,1.568,"PATANJALI, BIKAJI, BRITANNIA",67.0
2025-07-31,Gas,-5.4375,"IGL, AEGISLOG, GSPL",42.0
2025-07-31,Healthcare Equipment & Supplies,-17.0806,POLYMED,0.0
2025-07-31,Healthcare Services,8.0764,"THYROCARE, YATHARTH, AARTIDRUGS",90.0
2025-07-31,Household Products,-5.7545,JYOTHYLAB,41.0
2025-07-31,IT - Services,8.2157,"DATAMATICS, STLTECH, BORORENEW",91.0
2025-07-31,IT - Software,-2.262,"MPHASIS, INTELLECT, ZENSARTECH",53.0
2025-07-31,Industrial Manufacturing,4.1674,"DIACABS, NESCO, TEGA",76.0
2025-07-31,Industrial Products,5.1719,"SYRMA, TIMKEN, SUPREMEIND",80.0
2025-07-31,Insurance,4.5409,"GODIGIT, STARHEALTH, NIACL",78.0
2025-07-31,Leisure Services,1.8357,"VENTIVE, ITCHOTELS, LEMONTREE",68.0
2025-07-31,Media,-5.0437,"ZEEL, SUNTV",43.0
2025-07-31,Metals & Minerals Trading,-3.8975,ADANIENT,47.0
2025-07-31,Non - Ferrous Metals,0.7434,"NATIONALUM, HINDALCO, HINDZINC",64.0
2025-07-31,Oil,0.4587,"OIL, REFEX, ONGC",63.0
2025-07-31,Other Construction Materials,7.8057,"KAJARIACER, LLOYDSME, CERA",89.0
2025-07-31,Other Utilities,-9.0209,ADANIENSOL,29.0
2025-07-31,"Paper, Forest & Jute Products",-10.59,ABREL,23.0
2025-07-31,Personal Products,3.9633,"GILLETTE, DABUR, GODREJCP",76.0
2025-07-31,Petroleum Products,-1.2332,"BPCL, CHENNPETRO, CASTROLIND",57.0
2025-07-31,Pharmaceuticals & Biotechnology,7.7694,"GLENMARK, LAURUSLABS, GLAND",89.0
2025-07-31,Power,4.958,"JPPOWER, NAVA, ACMESOLAR",79.0
2025-07-31,Realty,1.6495,"SOBHA, PURVA, ANANTRAJ",67.0
2025-07-31,Retailing,-0.4592,"ETERNAL, SWIGGY, VMM",60.0
2025-07-31,Telecom - Equipment & Accessories,-7.3672,"ITI, TEJASNET",35.0
2025-07-31,Telecom - Services,-1.6018,"NAZARA, NETWORK18, TATACOMM",56.0
2025-07-31,Textiles & Apparels,0.774,"KPRMILL, PAGEIND, TRIDENT",64.0
2025-07-31,Transport Infrastructure,-0.09,"TITAGARH, GMRAIRPORT, JSWINFRA",61.0
2025-07-31,Transport Services,1.2851,"DELHIVERY, SCI, INDIGO",66.0
2025-08-31,Aerospace & Defense,-9.8191,"BEL, HAL, DATAPATTNS",5.0
2025-08-31,Agricultural Food & other Products,-3.0883,"EIDPARRY, CCL, TATACONSUM",24.0
2025-08-31,"Agricultural, Commercial & Construction Vehicles",-0.1304,"ESCORTS, ASHOKLEY, BEML",32.0
2025-08-31,Auto Components,1.1811,"UNOMINDA, ENDURANCE, CRAFTSMAN",36.0
2025-08-31,Automobiles,18.4232,"ATHERENERG, FORCEMOT, HYUNDAI",84.0
2025-08-31,Banks,-1.8723,"RBLBANK, KARURVYSYA, INDIANB",27.0
2025-08-31,Beverages,0.2879,"RADICO, VBL, UBL",33.0
2025-08-31,Capital Markets,-3.4061,"HDFCAMC, ABSLAMC, UTIAMC",23.0
2025-08-31,Cement & Cement Products,6.6785,"NUVOCO, JKCEMENT, DALBHARAT",51.0
2025-08-31,Chemicals & Petrochemicals,-3.5138,"ASIANPAINT, PIDILITIND, AKZOINDIA",22.0
2025-08-31,Cigarettes & Tobacco Products,24.2183,GODFRYPHLP,100.0
2025-08-31,Commercial Services & Supplies,-2.6248,"ECLERX, DOMS, FSL",25.0
2025-08-31,Construction,-4.1269,"KPIL, TECHNOE, AFCONS",21.0
2025-08-31,Consumable Fuels,0.5375,COALINDIA,34.0
2025-08-31,Consumer Durables,0.2681,"GABRIEL, IXIGO, CARTRADE",33.0
2025-08-31,Diversified,5.4472,"JMFINANCIL, CHOICEIN, GODREJIND",48.0
2025-08-31,Diversified FMCG,2.2283,"ABDL, KRBL, HINDUNILVR",39.0
2025-08-31,Diversified Metals,-1.0815,"IMFA, STARCEMENT, SHAILY",29.0
2025-08-31,Electrical Equipment,-3.6615,"GVT&D, WAAREEENER, POLYCAB",22.0
2025-08-31,Entertainment,5.4954,"PVRINOX, SAREGAMA",48.0
2025-08-31,Ferrous Metals,4.3657,"SARDAEN, GPIL, JSL",44.0
2025-08-31,Fertilizers & Agrochemicals,-0.7946,"UPL, SUMICHEM, CHAMBLFERT",30.0
2025-08-31,Finance,-1.5049,"AIIL, ANANDRATHI, CREDITACC",28.0
2025-08-31,Financial Technology (Fintech),6.6892,"PAYTM, INDIAMART, POLICYBZR",51.0
2025-08-31,Food Products,0.8872,"BRITANNIA, MARICO, BIKAJI",35.0
2025-08-31,Gas,-5.6955,"IGL, GAIL, MGL",16.0
2025-08-31,Healthcare Equipment & Supplies,1.8786,POLYMED,38.0
2025-08-31,Healthcare Services,0.9525,"YATHARTH, METROPOLIS, HCG",35.0
2025-08-31,Household Products,3.2451,JYOTHYLAB,41.0
2025-08-31,IT - Services,3.6951,"BLACKBUCK, DATAMATICS, STLTECH",43.0
2025-08-31,IT - Software,-3.1242,"MPHASIS, LTIM, COFORGE",24.0
2025-08-31,Industrial Manufacturing,-3.3541,"NESCO, TRANSRAILL, CUMMINSIND",23.0
2025-08-31,Industrial Products,0.8873,"HBLENGINE, SYRMA, KAYNES",35.0
2025-08-31,Insurance,0.3405,"MFSL, NIACL, GODIGIT",33.0
2025-08-31,Leisure Services,1.6896,"LEMONTREE, CHALET, EIHOTEL",37.0
2025-08-31,Media,-4.2436,"ZEEL, SUNTV",20.0
2025-08-31,Metals & Minerals Trading,-9.2787,ADANIENT,6.0
2025-08-31,Non - Ferrous Metals,-0.3668,"HINDALCO, NATIONALUM, HINDZINC",31.0
2025-08-31,Oil,-5.7157,"ONGC, GMRP&UI, OIL",16.0
2025-08-31,Other Construction Materials,-0.5677,"KAJARIACER, GMDCLTD, CENTURYPLY",31.0
2025-08-31,Other Utilities,-7.5965,ADANIENSOL,11.0
2025-08-31,"Paper, Forest & Jute Products",-11.5429,ABREL,0.0
2025-08-31,Personal Products,2.7426,"DABUR, GODREJCP, HONASA",40.0
2025-08-31,Petroleum Products,-4.7023,"IOC, RELIANCE, BPCL",19.0
2025-08-31,Pharmaceuticals & Biotechnology,-1.7115,"LAURUSLABS, GLENMARK, ERIS",27.0
2025-08-31,Power,-3.1656,"NAVA, ADANIPOWER, ACMESOLAR",23.0
2025-08-31,Realty,-4.6722,"PURVA, HEMIPROP, MAHLIFE",19.0
2025-08-31,Retailing,8.1033,"DMART, ETERNAL, VMM",55.0
2025-08-31,Telecom - Equipment & Accessories,-7.8962,"TEJASNET, ITI",10.0
2025-08-31,Telecom - Services,-7.0365,"BHARTIARTL, BHARTIHEXA, NETWORK18",13.0
2025-08-31,Textiles & Apparels,-8.4517,"PAGEIND, CAMPUS, BATAINDIA",9.0
2025-08-31,Transport Infrastructure,-4.2904,"GMRAIRPORT, JSWINFRA, TITAGARH",20.0
2025-08-31,Transport Services,-2.4167,"DELHIVERY, SCI, INDIGO",26.0
2025-09-30,Aerospace & Defense,-3.4125,"HAL, BEL, DATAPATTNS",34.0
2025-09-30,Agricultural Food & other Products,-5.4267,"TATACONSUM, CCL, TRIVENI",28.0
2025-09-30,"Agricultural, Commercial & Construction Vehicles",2.999,"ASHOKLEY, BEML, ESCORTS",56.0
2025-09-30,Auto Components,2.6753,"MINDACORP, MSUMI, UNOMINDA",55.0
2025-09-30,Automobiles,12.7649,"ATHERENERG, MARUTI, EICHERMOT",89.0
2025-09-30,Banks,2.8643,"INDIANB, CANBK, BANKBARODA",56.0
2025-09-30,Beverages,0.3267,"RADICO, UNITDSPR, UBL",47.0
2025-09-30,Capital Markets,-3.7484,"NAM-INDIA, HDFCAMC, UTIAMC",33.0
2025-09-30,Cement & Cement Products,-0.2954,"INDIACEM, NUVOCO, AMBUJACEM",45.0
2025-09-30,Chemicals & Petrochemicals,-3.8796,"FLUOROCHEM, SWANCORP, AKZOINDIA",33.0
2025-09-30,Cigarettes & Tobacco Products,5.8938,GODFRYPHLP,66.0
2025-09-30,Commercial Services & Supplies,0.0371,"REDINGTON, DOMS, ECLERX",46.0
2025-09-30,Construction,-1.9211,"AFCONS, KPIL, KEC",40.0
2025-09-30,Consumable Fuels,4.3581,COALINDIA,61.0
2025-09-30,Consumer Durables,0.1808,"BANCOINDIA, BELRISE, CARTRADE",47.0
2025-09-30,Diversified,-1.2076,"CHOICEIN, BAJAJFINSV, GODREJIND",42.0
2025-09-30,Diversified FMCG,0.1252,"TI, ZYDUSWELL, ABDL",46.0
2025-09-30,Diversified Metals,-0.7851,"IMFA, GALLANTT, SHAILY",43.0
2025-09-30,Electrical Equipment,0.7369,"GVT&D, WAAREEENER, ENRIN",49.0
2025-09-30,Entertainment,0.8616,"PVRINOX, SAREGAMA",49.0
2025-09-30,Ferrous Metals,6.3866,"USHAMART, GPIL, NSLNISP",68.0
2025-09-30,Fertilizers & Agrochemicals,-5.1683,"SUMICHEM, COROMANDEL, UPL",29.0
2025-09-30,Finance,2.524,"TATAINVEST, SAMMAANCAP, LTF",55.0
2025-09-30,Financial Technology (Fintech),-2.9047,"PAYTM, POLICYBZR, NAUKRI",36.0
2025-09-30,Food Products,0.5292,"BRITANNIA, AWL, PATANJALI",48.0
2025-09-30,Gas,0.6597,"AEGISLOG, GSPL, ATGL",48.0
2025-09-30,Healthcare Equipment & Supplies,-6.8149,POLYMED,23.0
2025-09-30,Healthcare Services,-0.5164,"AGARWALEYE, YATHARTH, FORTIS",44.0
2025-09-30,Household Products,-5.0693,JYOTHYLAB,29.0
2025-09-30,IT - Services,3.0364,"NETWEB, RATEGAIN, AVALON",56.0
2025-09-30,IT - Software,-6.3673,"LATENTVIEW, LTIM, MAPMYINDIA",24.0
2025-09-30,Industrial Manufacturing,-2.0797,"MTARTECH, TDPOWERSYS, CUMMINSIND",39.0
2025-09-30,Industrial Products,-0.3814,"SYRMA, HBLENGINE, KAYNES",45.0
2025-09-30,Insurance,0.0819,"STARHEALTH, GICRE, LICI",46.0
2025-09-30,Leisure Services,-2.0367,"TBOTEK, LEMONTREE, THELEELA",39.0
2025-09-30,Media,-6.1749,"SUNTV, ZEEL",25.0
2025-09-30,Metals & Minerals Trading,4.1553,ADANIENT,60.0
2025-09-30,Non - Ferrous Metals,15.8847,"HINDCOPPER, NATIONALUM, HINDZINC",100.0
2025-09-30,Oil,-0.8828,"OIL, ONGC, GMRP&UI",43.0
2025-09-30,Other Construction Materials,5.842,"GMDCLTD, NMDC, CENTURYPLY",66.0
2025-09-30,Other Utilities,8.0167,ADANIENSOL,73.0
2025-09-30,"Paper, Forest & Jute Products",-13.5607,ABREL,0.0
2025-09-30,Personal Products,-2.157,"PGHH, DABUR, GODREJCP",39.0
2025-09-30,Petroleum Products,5.4127,"CHENNPETRO, HINDPETRO, AEGISVOPAK",64.0
2025-09-30,Pharmaceuticals & Biotechnology,-0.6232,"NEULANDLAB, GLAND, ALKEM",44.0
2025-09-30,Power,1.1432,"INOXGREEN, NLCINDIA, ADANIPOWER",50.0
2025-09-30,Realty,-0.2485,"ANANTRAJ, HEMIPROP, SOBHA",45.0
2025-09-30,Retailing,0.4685,"ETERNAL, ABFRL, VMM",48.0
2025-09-30,Telecom - Equipment & Accessories,-2.4545,"ITI, TEJASNET",38.0
2025-09-30,Telecom - Services,-3.6284,"IDEA, RAILTEL, TATACOMM",34.0
2025-09-30,Textiles & Apparels,-2.3374,"KPRMILL, BATAINDIA, CAMPUS",38.0
2025-09-30,Transport Infrastructure,1.3564,"JSWINFRA, ADANIPORTS, GMRAIRPORT",51.0
2025-09-30,Transport Services,-0.0013,"DELHIVERY, SCI, GESHIP",46.0
2025-10-31,Aerospace & Defense,-2.7089,"BEL, DATAPATTNS, GRSE",30.0
2025-10-31,Agricultural Food & other Products,-5.5348,"TRIVENI, TATACONSUM, CCL",16.0
2025-10-31,"Agricultural, Commercial & Construction Vehicles",1.9538,"ESCORTS, BEML, ASHOKLEY",54.0
2025-10-31,Auto Components,-0.2913,"JKTYRE, CEATLTD, MSUMI",42.0
2025-10-31,Automobiles,7.5126,"ATHERENERG, HEROMOTOCO, MARUTI",81.0
2025-10-31,Banks,5.9863,"INDIANB, RBLBANK, FEDERALBNK",74.0
2025-10-31,Beverages,-0.0277,"RADICO, UNITDSPR, VBL",44.0
2025-10-31,Capital Markets,-0.445,"MCX, BSE, CDSL",42.0
2025-10-31,Cement & Cement Products,-4.498,"INDIACEM, GRASIM, ACC",21.0
2025-10-31,Chemicals & Petrochemicals,-5.5169,"NAVINFLUOR, HSCL, ASIANPAINT",16.0
2025-10-31,Cigarettes & Tobacco Products,-8.7514,GODFRYPHLP,0.0
2025-10-31,Commercial Services & Supplies,0.036,"ECLERX, FSL, DOMS",44.0
2025-10-31,Construction,-2.6244,"LT, NBCC, KPIL",31.0
2025-10-31,Consumable Fuels,-1.8414,COALINDIA,35.0
2025-10-31,Consumer Durables,-1.6107,"CARTRADE, SKYGOLD, IFBIND",36.0
2025-10-31,Diversified,-2.5896,"CHOICEIN, BAJAJFINSV, JMFINANCIL",31.0
2025-10-31,Diversified FMCG,-0.0911,"ABDL, TI, ZYDUSWELL",43.0
2025-10-31,Diversified Metals,-4.4585,"ACUTAAS, SANDUMA, IMFA",21.0
2025-10-31,Electrical Equipment,-1.8236,"HEG, GRAPHITE, BHEL",35.0
2025-10-31,Entertainment,2.1085,"PVRINOX, SAREGAMA",54.0
2025-10-31,Ferrous Metals,1.4583,"GPIL, USHAMART, TATASTEEL",51.0
2025-10-31,Fertilizers & Agrochemicals,-8.6675,"UPL, RCF, FACT",0.0
2025-10-31,Finance,1.9305,"SAMMAANCAP, SHAREINDIA, SOUTHBANK",53.0
2025-10-31,Financial Technology (Fintech),1.839,"PAYTM, POLICYBZR, NAUKRI",53.0
2025-10-31,Food Products,-0.515,"NESTLEIND, BBTC, AWL",41.0
2025-10-31,Gas,-4.3442,"IGL, GAIL, ATGL",22.0
2025-10-31,Healthcare Equipment & Supplies,-1.7872,POLYMED,35.0
2025-10-31,Healthcare Services,-3.0707,"HCG, THYROCARE, YATHARTH",28.0
2025-10-31,Household Products,-5.4582,JYOTHYLAB,16.0
2025-10-31,IT - Services,1.4923,"NETWEB, AVALON, BLACKBUCK",51.0
2025-10-31,IT - Software,-0.0656,"PERSISTENT, INTELLECT, NEWGEN",43.0
2025-10-31,Industrial Manufacturing,-2.9215,"MTARTECH, TDPOWERSYS, CUMMINSIND",29.0
2025-10-31,Industrial Products,-1.1114,"HBLENGINE, PTCIL, SYRMA",38.0
2025-10-31,Insurance,-2.2127,"STARHEALTH, SBILIFE, ICICIGI",33.0
2025-10-31,Leisure Services,-4.9709,"EIHOTEL, LEMONTREE, THELEELA",19.0
2025-10-31,Media,-7.0259,"SUNTV, ZEEL",9.0
2025-10-31,Metals & Minerals Trading,-5.0332,ADANIENT,19.0
2025-10-31,Non - Ferrous Metals,8.519,"HINDALCO, NATIONALUM, HINDCOPPER",86.0
2025-10-31,Oil,-2.5118,"ONGC, GMRP&UI, OIL",31.0
2025-10-31,Other Construction Materials,-0.9775,"GMDCLTD, KAJARIACER, NMDC",39.0
2025-10-31,Other Utilities,11.2317,ADANIENSOL,100.0
2025-10-31,"Paper, Forest & Jute Products",2.4448,ABREL,56.0
2025-10-31,Personal Products,-6.5364,"HONASA, COLPAL, EMAMILTD",11.0
2025-10-31,Petroleum Products,8.614,"CHENNPETRO, MRPL, IOC",87.0
2025-10-31,Pharmaceuticals & Biotechnology,-5.4337,"NEULANDLAB, GRANULES, LAURUSLABS",17.0
2025-10-31,Power,-0.209,"INOXGREEN, ADANIPOWER, WAAREERTL",43.0
2025-10-31,Realty,-0.3847,"GODREJPROP, PRESTIGE, BRIGADE",42.0
2025-10-31,Retailing,-4.8663,"NYKAA, ABFRL, ETERNAL",19.0
2025-10-31,Telecom - Equipment & Accessories,-3.8276,"ITI, TEJASNET",25.0
2025-10-31,Telecom - Services,-5.2839,"IDEA, TATACOMM, BHARTIHEXA",17.0
2025-10-31,Textiles & Apparels,-5.2576,"WELSPUNLIV, CAMPUS, VTL",17.0
2025-10-31,Transport Infrastructure,-3.692,"GMRAIRPORT, ADANIPORTS, TITAGARH",25.0
2025-10-31,Transport Services,2.2755,"SCI, GESHIP, BLUEDART",55.0
2025-11-30,Aerospace & Defense,2.4064,"DATAPATTNS, GRSE, BEL",69.0
2025-11-30,Agricultural Food & other Products,-4.8167,"CCL, TATACONSUM, TRIVENI",40.0
2025-11-30,"Agricultural, Commercial & Construction Vehicles",-1.7835,"ASHOKLEY, ESCORTS, ACE",52.0
2025-11-30,Auto Components,-0.4717,"JKTYRE, BHARATFORG, MOTHERSON",57.0
2025-11-30,Automobiles,-0.5553,"ATHERENERG, HEROMOTOCO, M&M",57.0
2025-11-30,Banks,5.4068,"CANBK, CUB, FEDERALBNK",81.0
2025-11-30,Beverages,-2.1919,"UNITDSPR, RADICO, VBL",50.0
2025-11-30,Capital Markets,1.2433,"BSE, MCX, ANGELONE",64.0
2025-11-30,Cement & Cement Products,-8.8096,"INDIACEM, ACC, RAMCOCEM",24.0
2025-11-30,Chemicals & Petrochemicals,-6.5253,"NAVINFLUOR, ASIANPAINT, BERGEPAINT",33.0
2025-11-30,Cigarettes & Tobacco Products,-14.6825,GODFRYPHLP,0.0
2025-11-30,Commercial Services & Supplies,-2.6345,"REDINGTON, ECLERX, DOMS",49.0
2025-11-30,Construction,-7.1848,"NBCC, LT, RVNL",30.0
2025-11-30,Consumable Fuels,-1.3156,COALINDIA,54.0
2025-11-30,Consumer Durables,-2.3969,"THANGAMAYL, LUMAXTECH, PGIL",50.0
2025-11-30,Diversified,-6.0065,"3MINDIA, BAJAJFINSV, CHOICEIN",35.0
2025-11-30,Diversified FMCG,-3.0638,"AVANTIFEED, ABDL, GAEL",47.0
2025-11-30,Diversified Metals,-7.3228,"IMFA, GRWRHITECH, PRIVISCL",30.0
2025-11-30,Electrical Equipment,-5.0969,"BHEL, POWERINDIA, RRKABEL",39.0
2025-11-30,Entertainment,-13.5734,"PVRINOX, SAREGAMA",4.0
2025-11-30,Ferrous Metals,-6.0503,"SAIL, JSWSTEEL, JINDALSTEL",35.0
2025-11-30,Fertilizers & Agrochemicals,-7.2759,"COROMANDEL, UPL, FACT",30.0
2025-11-30,Finance,0.3996,"DCBBANK, SHRIRAMFIN, M&MFIN",61.0
2025-11-30,Financial Technology (Fintech),-4.2525,"PAYTM, POLICYBZR, NAUKRI",42.0
2025-11-30,Food Products,-4.7967,"NESTLEIND, BRITANNIA, MARICO",40.0
2025-11-30,Gas,-5.4224,"AEGISLOG, PETRONET, ATGL",37.0
2025-11-30,Healthcare Equipment & Supplies,-6.5494,POLYMED,33.0
2025-11-30,Healthcare Services,-5.7294,"ORCHPHARMA, AGARWALEYE, THYROCARE",36.0
2025-11-30,Household Products,-11.2683,JYOTHYLAB,14.0
2025-11-30,IT - Services,-5.0861,"RATEGAIN, NETWEB, CIGNITITEC",39.0
2025-11-30,IT - Software,-0.6132,"LATENTVIEW, PERSISTENT, LTIM",57.0
2025-11-30,Industrial Manufacturing,-8.3706,"MTARTECH, TDPOWERSYS, KIRLOSENG",25.0
2025-11-30,Industrial Products,-3.3707,"AIAENG, PTCIL, JYOTICNC",46.0
2025-11-30,Insurance,-1.9341,"MFSL, STARHEALTH, GICRE",51.0
2025-11-30,Leisure Services,-8.4174,"TBOTEK, VENTIVE, BLS",25.0
2025-11-30,Media,-6.3139,"SUNTV, ZEEL",34.0
2025-11-30,Metals & Minerals Trading,-8.6834,ADANIENT,24.0
2025-11-30,Non - Ferrous Metals,8.8667,"NATIONALUM, HINDCOPPER, HINDZINC",95.0
2025-11-30,Oil,-2.1855,"GMRP&UI, OIL, ONGC",50.0
2025-11-30,Other Construction Materials,-2.8404,"GRAVITA, GMDCLTD, CENTURYPLY",48.0
2025-11-30,Other Utilities,10.0826,ADANIENSOL,100.0
2025-11-30,"Paper, Forest & Jute Products",-3.5435,ABREL,45.0
2025-11-30,Personal Products,-5.1185,"DABUR, HONASA, GODREJCP",39.0
2025-11-30,Petroleum Products,4.3704,"CHENNPETRO, MRPL, BPCL",77.0
2025-11-30,Pharmaceuticals & Biotechnology,-3.47,"NEULANDLAB, AUROPHARMA, LAURUSLABS",45.0
2025-11-30,Power,-9.2215,"INOXGREEN, ADANIPOWER, ADANIGREEN",22.0
2025-11-30,Realty,-4.3816,"MAHLIFE, PHOENIXLTD, MAXESTATES",42.0
2025-11-30,Retailing,-10.4366,"NYKAA, ABFRL, ABLBL",17.0
2025-11-30,Telecom - Equipment & Accessories,-8.3415,"ITI, TEJASNET",26.0
2025-11-30,Telecom - Services,-4.4204,"IDEA, INDUSTOWER, BHARTIARTL",41.0
2025-11-30,Textiles & Apparels,-2.398,"WELSPUNLIV, KPRMILL, CAMPUS",50.0
2025-11-30,Transport Infrastructure,-2.6212,"GMRAIRPORT, ADANIPORTS, TITAGARH",49.0
2025-11-30,Transport Services,-4.6689,"GESHIP, INDIGO, MAZDOCK",40.0
2025-12-31,Aerospace & Defense,-6.0017,"BEL, BDL, ZENTEC",17.0
2025-12-31,Agricultural Food & other Products,-1.9276,"TRIVENI, TATACONSUM, CCL",27.0
2025-12-31,"Agricultural, Commercial & Construction Vehicles",-0.0583,"ASHOKLEY, ESCORTS, BEML",32.0
2025-12-31,Auto Components,-0.4099,"JKTYRE, CRAFTSMAN, BHARATFORG",31.0
2025-12-31,Automobiles,-1.1243,"FORCEMOT, ATHERENERG, BAJAJ-AUTO",29.0
2025-12-31,Banks,3.4013,"FEDERALBNK, CUB, AUBANK",40.0
2025-12-31,Beverages,0.1556,"RADICO, VBL, UNITDSPR",32.0
2025-12-31,Capital Markets,-1.3449,"MCX, NUVAMA, 360ONE",29.0
2025-12-31,Cement & Cement Products,-2.4317,"INDIACEM, RAMCOCEM, GRASIM",26.0
2025-12-31,Chemicals & Petrochemicals,-2.9138,"NAVINFLUOR, HSCL, SRF",25.0
2025-12-31,Cigarettes & Tobacco Products,-12.3243,GODFRYPHLP,2.0
2025-12-31,Commercial Services & Supplies,0.0816,"MMTC, ECLERX, DOMS",32.0
2025-12-31,Construction,-2.3275,"IRCON, RVNL, NBCC",26.0
2025-12-31,Consumable Fuels,2.4087,COALINDIA,38.0
2025-12-31,Consumer Durables,-4.4237,"THANGAMAYL, SHRIPISTON, DYNAMATECH",21.0
2025-12-31,Diversified,-1.8924,"3MINDIA, CHOICEIN, DCMSHRIRAM",27.0
2025-12-31,Diversified FMCG,-0.8996,"GAEL, AVANTIFEED, ABDL",30.0
2025-12-31,Diversified Metals,-3.6084,"SANDUMA, RAIN, VEDL",23.0
2025-12-31,Electrical Equipment,-3.6315,"HEG, GRAPHITE, BHEL",23.0
2025-12-31,Entertainment,-13.2522,"PVRINOX, SAREGAMA",0.0
2025-12-31,Ferrous Metals,0.4717,"JSL, APLAPOLLO, SAIL",33.0
2025-12-31,Fertilizers & Agrochemicals,-1.5896,"UPL, RCF, CHAMBLFERT",28.0
2025-12-31,Finance,0.6889,"SHRIRAMFIN, M&MFIN, IIFLCAPS",33.0
2025-12-31,Financial Technology (Fintech),-2.2336,"PAYTM, POLICYBZR, NAUKRI",26.0
2025-12-31,Food Products,-1.0195,"NESTLEIND, MARICO, BBTC",29.0
2025-12-31,Gas,-4.1942,"PETRONET, GSPL, GUJGASLTD",22.0
2025-12-31,Healthcare Equipment & Supplies,-9.8779,POLYMED,8.0
2025-12-31,Healthcare Services,-4.835,"VIJAYA, STAR, SYNGENE",20.0
2025-12-31,Household Products,-7.6011,JYOTHYLAB,14.0
2025-12-31,IT - Services,-6.4279,"SAGILITY, BLACKBUCK, RATEGAIN",16.0
2025-12-31,IT - Software,-0.2968,"BSOFT, PERSISTENT, HEXT",31.0
2025-12-31,Industrial Manufacturing,-6.3397,"KIRLOSENG, MSTCLTD, CEIGALL",17.0
2025-12-31,Industrial Products,-4.3931,"AIAENG, PTCIL, HBLENGINE",21.0
2025-12-31,Insurance,-2.1336,"ICICIPRULI, SBILIFE, MFSL",27.0
2025-12-31,Leisure Services,-4.3819,"VENTIVE, TBOTEK, THELEELA",21.0
2025-12-31,Media,-4.8289,"SUNTV, ZEEL",20.0
2025-12-31,Metals & Minerals Trading,-7.1545,ADANIENT,15.0
2025-12-31,Non - Ferrous Metals,28.3876,"HINDCOPPER, NATIONALUM, HINDZINC",100.0
2025-12-31,Oil,-8.4012,"OIL, ONGC, GMRP&UI",12.0
2025-12-31,Other Construction Materials,-0.646,"NMDC, GRAVITA, LLOYDSME",30.0
2025-12-31,Other Utilities,6.5621,ADANIENSOL,48.0
2025-12-31,"Paper, Forest & Jute Products",-5.1456,ABREL,19.0
2025-12-31,Personal Products,-3.1165,"GODREJCP, HONASA, DABUR",24.0
2025-12-31,Petroleum Products,2.0035,"HINDPETRO, BPCL, IOC",37.0
2025-12-31,Pharmaceuticals & Biotechnology,-2.293,"LAURUSLABS, AJANTPHARM, GRANULES",26.0
2025-12-31,Power,-5.2522,"KPIGREEN, TORNTPOWER, CESC",19.0
2025-12-31,Realty,-5.473,"PHOENIXLTD, TARC, OBEROIRLTY",19.0
2025-12-31,Retailing,-7.0241,"NYKAA, ABLBL, VMM",15.0
2025-12-31,Telecom - Equipment & Accessories,-9.6479,"ITI, TEJASNET",9.0
2025-12-31,Telecom - Services,-1.1933,"IDEA, INDUSTOWER, NAZARA",29.0
2025-12-31,Textiles & Apparels,-6.6795,"VTL, WELSPUNLIV, CAMPUS",16.0
2025-12-31,Transport Infrastructure,1.6467,"JWL, GMRAIRPORT, TITAGARH",36.0
2025-12-31,Transport Services,-4.3832,"GESHIP, SCI, CONCOR",21.0
2026-01-31,Automobile and Auto Components,-1.427,"JAMNAAUTO, JKTYRE, ZFCVINDIA",66.0
2026-01-31,Capital Goods,-4.3038,"ASHOKLEY, MTARTECH, GRSE",53.0
2026-01-31,Chemicals,-3.2533,"AETHER, SHARDACROP, RAIN",57.0
2026-01-31,Construction,-8.0895,"CEIGALL, RVNL, LT",36.0
2026-01-31,Construction Materials,-1.6686,"INDIACEM, ULTRACEMCO, RAMCOCEM",64.0
2026-01-31,Consumer Durables,-6.0721,"THANGAMAYL, VGUARD, CENTURYPLY",45.0
2026-01-31,Consumer Services,-9.1723,"IMAGICAA, ENTERO, MEDPLUS",31.0
2026-01-31,Diversified,-0.0661,"3MINDIA, DCMSHRIRAM, GODREJIND",72.0
2026-01-31,Fast Moving Consumer Goods,-4.123,"GAEL, CCL, NESTLEIND",54.0
2026-01-31,Financial Services,0.1182,"MCX, UJJIVANSFB, DCBBANK",72.0
2026-01-31,Forest Materials,-16.2385,"JKPAPER, ABREL",0.0
2026-01-31,Healthcare,-4.7244,"ACUTAAS, IPCALAB, AJANTPHARM",51.0
2026-01-31,Information Technology,-4.3459,"TECHM, HCLTECH, INFY",53.0
2026-01-31,Media Entertainment & Publication,-3.8801,"NAZARA, TIPSMUSIC, SUNTV",55.0
2026-01-31,Metals & Mining,6.3631,"HINDCOPPER, NATIONALUM, VEDL",100.0
2026-01-31,Oil Gas & Consumable Fuels,1.5265,"OIL, MRPL, COALINDIA",79.0
2026-01-31,Power,-7.3441,"NTPC, TORNTPOWER, PTC",39.0
2026-01-31,Realty,-7.8251,"SOBHA, TARC, SUNTECK",37.0
2026-01-31,Services,-5.3953,"GESHIP, REDINGTON, ECLERX",48.0
2026-01-31,Telecommunication,-5.1515,"IDEA, INDUSTOWER, HFCL",49.0
2026-01-31,Textiles,-7.9321,"PGIL, VTL, RAYMONDLSL",37.0
2026-01-31,Utilities,-12.1078,"IONEXCHANG, EIEL, WABAG",18.0
2026-02-24,2/3 Wheelers,-0.788,"EICHERMOT, ATHERENERG, BAJAJ-AUTO",47.0
2026-02-24,Abrasives & Bearings,2.44,CARBORUNIV,52.0
2026-02-24,Aerospace & Defense,1.92,"DATAPATTNS, BEL, GRSE",51.0
2026-02-24,Airline,-4.92,INDIGO,41.0
2026-02-24,Airport & Airport services,5.17,GMRAIRPORT,56.0
2026-02-24,Aluminium,8.84,"NATIONALUM, HINDALCO",62.0
2026-02-24,Animal Feed,17.01,GODREJAGRO,74.0
2026-02-24,Asset Management Company,13.8333,"ABSLAMC, NAM-INDIA, HDFCAMC",70.0
2026-02-24,Auto Components & Equipments,5.4413,"BHARATFORG, MOTHERSON, CRAFTSMAN",57.0
2026-02-24,Basic Materials,9.23,JSWCEMENT,62.0
2026-02-24,Breweries & Distilleries,-10.84,RADICO,32.0
2026-02-24,Business Process Outsourcing (BPO)/ Knowledge Process Outsourcing (KPO),-26.87,FSL,7.0
2026-02-24,Cables - Electricals,13.93,"KEI, POLYCAB, RRKABEL",70.0
2026-02-24,Carbon Black,8.155,"HSCL, PCBL",61.0
2026-02-24,Castings & Forgings,3.05,AIAENG,53.0
2026-02-24,Cement & Cement Products,-0.71,"GRASIM, INDIACEM, JKCEMENT",47.0
2026-02-24,Ceramics,-4.26,KAJARIACER,42.0
2026-02-24,Cigarettes & Tobacco Products,-5.74,GODFRYPHLP,39.0
2026-02-24,Civil Construction,-0.9655,"ENGINERSIN, LT, KPIL",47.0
2026-02-24,Coal,9.93,COALINDIA,64.0
2026-02-24,Commercial Vehicles,22.42,ASHOKLEY,83.0
2026-02-24,Commodity Chemicals,-19.18,DEEPAKFERT,19.0
2026-02-24,Compressors Pumps & Diesel Engines,12.096,"KIRLOSENG, CUMMINSIND, ELGIEQUIP",67.0
2026-02-24,Computers - Software & Consulting,-21.5479,"BSOFT, SONATSOFTW, HAPPSTMNDS",15.0
2026-02-24,Construction Vehicles,-0.71,"ACE, BEML",47.0
2026-02-24,Consumer Electronics,2.1867,"PGEL, HAVELLS, DIXON",52.0
2026-02-24,Copper,33.6,HINDCOPPER,100.0
2026-02-24,Depositories Clearing Houses and Other Intermediaries,-3.3767,"CAMS, KFINTECH, CDSL",43.0
2026-02-24,Diversified,1.9333,"GODREJIND, 3MINDIA, DCMSHRIRAM",51.0
2026-02-24,Diversified Commercial Services,7.71,IGIL,60.0
2026-02-24,Diversified FMCG,-3.715,"HINDUNILVR, ITC",43.0
2026-02-24,Diversified Retail,1.16,DMART,50.0
2026-02-24,E-Retail/ E-Commerce,-8.925,"NYKAA, ETERNAL, SWIGGY",34.0
2026-02-24,Edible Oil,-2.9467,"MARICO, PATANJALI, AWL",44.0
2026-02-24,Electrodes & Refractories,7.84,"GRAPHITE, HEG, RHIM",60.0
2026-02-24,Exchange and Data Platform,2.7267,"MCX, BSE, IEX",52.0
2026-02-24,Explosives,2.39,SOLARINDS,52.0
2026-02-24,Fertilizers,-1.525,"CHAMBLFERT, COROMANDEL, RCF",46.0
2026-02-24,Film Production Distribution & Exhibition,3.77,PVRINOX,54.0
2026-02-24,Financial Institution,1.315,"PFC, IFCI, RECLTD",50.0
2026-02-24,Financial Products Distributor,4.69,ANANDRATHI,55.0
2026-02-24,Financial Technology (Fintech),-7.79,"PAYTM, POLICYBZR",36.0
2026-02-24,Footwear,-5.465,"CAMPUS, BATAINDIA",40.0
2026-02-24,Garments & Apparels,-5.1,PAGEIND,40.0
2026-02-24,Gas Transmission/Marketing,2.14,"GAIL, GSPL",52.0
2026-02-24,Gems Jewellery And Watches,-1.02,KALYANKJIL,47.0
2026-02-24,General Insurance,0.7975,"GICRE, ICICIGI, STARHEALTH",49.0
2026-02-24,Healthcare Research Analytics & Technology,-12.31,"INDGN, SYNGENE",29.0
2026-02-24,Healthcare Service Provider,-0.725,"METROPOLIS, LALPATHLAB",47.0
2026-02-24,Heavy Electrical Equipment,13.0209,"SCHNEIDER, POWERINDIA, GVT&D",68.0
2026-02-24,Holding Company,1.0275,"BAJAJFINSV, BAJAJHLDNG, JMFINANCIL",50.0
2026-02-24,Hospital,3.8589,"KIMS, APOLLOHOSP, ASTERDM",54.0
2026-02-24,Hotels & Resorts,-3.4483,"THELEELA, INDHOTEL, CHALET",43.0
2026-02-24,Household Appliances,15.4333,"AMBER, BLUESTARCO, CROMPTON",72.0
2026-02-24,Household Products,-4.2,JYOTHYLAB,42.0
2026-02-24,Housing Finance Company,-2.75,"HOMEFIRST, SAMMAANCAP, LICHSGFIN",44.0
2026-02-24,IT Enabled Services,-10.1917,"NETWEB, IKS, CYIENT",33.0
2026-02-24,Industrial Gases,11.55,LINDEINDIA,66.0
2026-02-24,Industrial Minerals,4.5625,"NMDC, GMDCLTD, LLOYDSME",55.0
2026-02-24,Industrial Products,-0.546,"SYRMA, PRAJIND, JYOTICNC",47.0
2026-02-24,Integrated Power Utilities,3.34,"ADANIPOWER, CESC",53.0
2026-02-24,Internet & Catalogue Retail,-11.425,"INDIAMART, NAUKRI",31.0
2026-02-24,Investment Company,-1.532,"LTF, ABCAPITAL, MAHSCOOTER",46.0
2026-02-24,Iron & Steel,8.34,"JINDALSTEL, SAIL, JSWSTEEL",61.0
2026-02-24,Iron & Steel Products,6.498,"APLAPOLLO, GPIL, SHYAMMETL",58.0
2026-02-24,LPG/CNG/PNG/LNG Supplier,1.634,"PETRONET, MGL, GUJGASLTD",51.0
2026-02-24,Life Insurance,5.024,"MFSL, ICICIPRULI, LICI",56.0
2026-02-24,Logistics Solution Provider,4.3933,"DELHIVERY, CONCOR, BLUEDART",55.0
2026-02-24,Lubricants,0.06,CASTROLIND,48.0
2026-02-24,Media & Entertainment,-5.73,SAREGAMA,39.0
2026-02-24,Medical Equipment & Supplies,-22.63,POLYMED,13.0
2026-02-24,Microfinance Institutions,-6.87,CREDITACC,38.0
2026-02-24,Non Banking Financial Company (NBFC),-0.0764,"SHRIRAMFIN, SUNDARMFIN, POONAWALLA",48.0
2026-02-24,Oil Exploration & Production,12.73,"ONGC, OIL",68.0
2026-02-24,Oil Storage & Transportation,2.91,AEGISVOPAK,53.0
2026-02-24,Other Agricultural Products,9.8,LTFOODS,63.0
2026-02-24,Other Bank,4.55,AUBANK,55.0
2026-02-24,Other Electrical Equipment,18.19,"APARINDS, PREMIERENE",76.0
2026-02-24,Other Financial Services,0.58,CRISIL,49.0
2026-02-24,Other Food Products,-7.26,EIDPARRY,37.0
2026-02-24,Other Industrial Products,-1.73,"INOXINDIA, PTCIL, HBLENGINE",46.0
2026-02-24,Other Telecom Services,-2.46,RAILTEL,44.0
2026-02-24,Other Textile Products,-2.915,"KPRMILL, ALOKINDS",44.0
2026-02-24,Packaged Foods,0.8125,"BRITANNIA, NESTLEIND, BBTC",49.0
2026-02-24,Paints,-7.65,"AKZOINDIA, BERGEPAINT, ASIANPAINT",36.0
2026-02-24,Paper & Paper Products,-12.23,ABREL,29.0
2026-02-24,Passenger Cars & Utility Vehicles,3.126,"FORCEMOT, M&M, MARUTI",53.0
2026-02-24,Personal Care,1.4514,"HONASA, GILLETTE, GODREJCP",50.0
2026-02-24,Pesticides & Agrochemicals,-1.8533,"BAYERCROP, PIIND, SUMICHEM",45.0
2026-02-24,Petrochemicals,-8.8,SWANCORP,35.0
2026-02-24,Pharmaceuticals,0.0565,"JBCHEPHARM, AKUMS, NATCOPHARM",48.0
2026-02-24,Plastic Products - Industrial,10.4733,"ASTRAL, SUPREMEIND, FINPIPE",64.0
2026-02-24,Plywood Boards/ Laminates,1.23,CENTURYPLY,50.0
2026-02-24,Port & Port services,4.85,"ADANIPORTS, JSWINFRA",56.0
2026-02-24,Power - Transmission,16.05,POWERGRID,73.0
2026-02-24,Power Distribution,16.82,ADANIENSOL,74.0
2026-02-24,Power Generation,2.4145,"NTPC, ADANIGREEN, NAVA",52.0
2026-02-24,Private Sector Bank,7.2554,"KARURVYSYA, BANDHANBNK, IDBI",59.0
2026-02-24,Public Sector Bank,9.61,"SBIN, MAHABANK, BANKINDIA",63.0
2026-02-24,Railway Wagons,-4.02,JWL,42.0
2026-02-24,Refineries & Marketing,7.7133,"MRPL, IOC, BPCL",60.0
2026-02-24,Residential Commercial Projects,-1.731,"LODHA, GODREJPROP, SOBHA",46.0
2026-02-24,Restaurants,0.8733,"DEVYANI, SAPPHIRE, JUBLFOOD",50.0
2026-02-24,Sanitary Ware,-3.17,CERA,43.0
2026-02-24,Ship Building & Allied Services,-5.615,"COCHINSHIP, MAZDOCK",40.0
2026-02-24,Shipping,20.365,"GESHIP, SCI",80.0
2026-02-24,Software Products,-20.645,"OFSS, MAPMYINDIA",16.0
2026-02-24,Speciality Retail,-2.5,"ABFRL, ABLBL",44.0
2026-02-24,Specialty Chemicals,0.1309,"AARTIIND, FLUOROCHEM, ATUL",48.0
2026-02-24,Stationary,-2.69,DOMS,44.0
2026-02-24,Stockbroking & Allied,-4.865,"360ONE, ANGELONE, NUVAMA",41.0
2026-02-24,Sugar,5.86,BALRAMCHIN,57.0
2026-02-24,TV Broadcasting & Software Production,6.12,SUNTV,58.0
2026-02-24,Tea & Coffee,11.54,CCL,66.0
2026-02-24,Telecom - Cellular & Fixed line services,-3.515,"BHARTIHEXA, BHARTIARTL",43.0
2026-02-24,Telecom - Equipment & Accessories,-6.1,ITI,39.0
2026-02-24,Telecom - Infrastructure,9.715,"INDUSTOWER, HFCL",63.0
2026-02-24,Tour Travel Related Services,-1.9,"BLS, IRCTC",45.0
2026-02-24,Tractors,0.95,ESCORTS,50.0
2026-02-24,Trading & Distributors,-5.145,"MMTC, REDINGTON",40.0
2026-02-24,Trading - Gas,0.63,AEGISLOG,49.0
2026-02-24,Trading - Minerals,5.9,ADANIENT,57.0
2026-02-24,Tyres & Rubber Products,1.022,"JKTYRE, BALKRISIND, MRF",50.0
2026-02-24,Utilities,-31.31,RELINFRA,0.0
2026-02-24,Zinc,4.87,HINDZINC,56.0
2026-02-27,2/3 Wheelers,3.605,"EICHERMOT, ATHERENERG, TVSMOTOR",64.0
2026-02-27,Abrasives & Bearings,1.23,CARBORUNIV,59.0
2026-02-27,Aerospace & Defense,-1.07,"DATAPATTNS, BEL, GRSE",55.0
2026-02-27,Airline,-2.9,INDIGO,51.0
2026-02-27,Airport & Airport services,2.87,GMRAIRPORT,62.0
2026-02-27,Aluminium,2.99,HINDALCO,63.0
2026-02-27,Animal Feed,16.49,GODREJAGRO,88.0
2026-02-27,Asset Management Company,10.9733,"ABSLAMC, NAM-INDIA, HDFCAMC",78.0
2026-02-27,Auto Components & Equipments,5.9773,"BHARATFORG, SCHAEFFLER, MOTHERSON",68.0
2026-02-27,Basic Materials,1.6248,"SHARDACROP, NEOGEN, RATNAMANI",60.0
2026-02-27,Business Process Outsourcing (BPO)/ Knowledge Process Outsourcing (KPO),-29.67,FSL,0.0
2026-02-27,Cables - Electricals,22.5625,"FINCABLES, KEI, POLYCAB",100.0
2026-02-27,Carbon Black,8.855,"HSCL, PCBL",74.0
2026-02-27,Castings & Forgings,0.28,AIAENG,57.0
2026-02-27,Cement & Cement Products,-1.54,"GRASIM, JKCEMENT, DALBHARAT",54.0
2026-02-27,Ceramics,1.4,KAJARIACER,59.0
2026-02-27,Cigarettes & Tobacco Products,-7.63,GODFRYPHLP,42.0
2026-02-27,Civil Construction,0.9958,"ENGINERSIN, TECHNOE, KPIL",59.0
2026-02-27,Coal,6.65,COALINDIA,70.0
2026-02-27,Commercial Vehicles,20.11,ASHOKLEY,95.0
2026-02-27,Commodity Chemicals,-8.175,"TATACHEM, DEEPAKFERT",41.0
2026-02-27,Communication Services,-6.4325,"TIPSMUSIC, NAZARA, NETWORK18",44.0
2026-02-27,Compressors Pumps & Diesel Engines,14.088,"KIRLOSENG, ELGIEQUIP, CUMMINSIND",84.0
2026-02-27,Computers - Software & Consulting,-17.4031,"BSOFT, TATAELXSI, TCS",23.0
2026-02-27,Construction Vehicles,-1.55,"ACE, BEML",54.0
2026-02-27,Consumer Cyclical,-1.7985,"LUMAXTECH, SHRIPISTON, THANGAMAYL",53.0
2026-02-27,Consumer Defensive,-1.3543,"MANORAMA, TI, RENUKA",54.0
2026-02-27,Consumer Durables,-7.88,SURYAROSNI,42.0
2026-02-27,Consumer Electronics,3.8667,"PGEL, HAVELLS, DIXON",64.0
2026-02-27,Depositories Clearing Houses and Other Intermediaries,-6.26,"KFINTECH, CAMS, CDSL",45.0
2026-02-27,Diversified,-0.47,"3MINDIA, GODREJIND, DCMSHRIRAM",56.0
2026-02-27,Diversified Commercial Services,4.23,IGIL,65.0
2026-02-27,Diversified FMCG,-6.27,ITC,45.0
2026-02-27,Diversified Retail,3.13,DMART,63.0
2026-02-27,E-Retail/ E-Commerce,-8.2175,"NYKAA, SWIGGY, ETERNAL",41.0
2026-02-27,Edible Oil,-1.75,"MARICO, PATANJALI, AWL",53.0
2026-02-27,Electrodes & Refractories,9.04,"GRAPHITE, HEG, RHIM",74.0
2026-02-27,Energy,-13.85,REFEX,30.0
2026-02-27,Exchange and Data Platform,2.485,"MCX, IEX",62.0
2026-02-27,Explosives,3.48,SOLARINDS,63.0
2026-02-27,Fertilizers,-1.71,"CHAMBLFERT, COROMANDEL, RCF",54.0
2026-02-27,Film Production Distribution & Exhibition,4.45,PVRINOX,65.0
2026-02-27,Financial Institution,1.044,"IFCI, PFC, RECLTD",59.0
2026-02-27,Financial Products Distributor,7.5,ANANDRATHI,71.0
2026-02-27,Financial Services,-4.45,"UJJIVANSFB, SOUTHBANK, PRUDENT",48.0
2026-02-27,Financial Technology (Fintech),-9.1,"PAYTM, POLICYBZR",39.0
2026-02-27,Footwear,-4.175,"CAMPUS, BATAINDIA",49.0
2026-02-27,Garments & Apparels,-6.07,PAGEIND,45.0
2026-02-27,Gas Transmission/Marketing,3.945,"GAIL, GSPL",64.0
2026-02-27,Gems Jewellery And Watches,0.55,KALYANKJIL,58.0
2026-02-27,General Insurance,2.4975,"GICRE, ICICIGI, STARHEALTH",62.0
2026-02-27,Healthcare,1.8175,"YATHARTH, SHILPAMED, MEDPLUS",60.0
2026-02-27,Healthcare Research Analytics & Technology,-7.435,"INDGN, SYNGENE",43.0
2026-02-27,Healthcare Service Provider,1.94,"METROPOLIS, LALPATHLAB",61.0
2026-02-27,Heavy Electrical Equipment,9.4564,"POWERINDIA, SCHNEIDER, GVT&D",75.0
2026-02-27,Holding Company,-1.8325,"BAJAJFINSV, BAJAJHLDNG, JMFINANCIL",53.0
2026-02-27,Hospital,8.2963,"KIMS, APOLLOHOSP, ASTERDM",73.0
2026-02-27,Hotels & Resorts,-2.6033,"THELEELA, INDHOTEL, CHALET",52.0
2026-02-27,Household Appliances,16.6467,"AMBER, BLUESTARCO, CROMPTON",89.0
2026-02-27,Household Products,-1.87,JYOTHYLAB,53.0
2026-02-27,Housing Finance Company,-3.7062,"LICHSGFIN, SAMMAANCAP, PNBHOUSING",50.0
2026-02-27,IT Enabled Services,-7.0986,"NETWEB, TATATECH, LTTS",43.0
2026-02-27,Industrial Gases,14.37,LINDEINDIA,84.0
2026-02-27,Industrial Minerals,3.375,"LLOYDSME, NMDC, GMDCLTD",63.0
2026-02-27,Industrial Products,1.214,"PRAJIND, SYRMA, KAYNES",59.0
2026-02-27,Industrials,-0.455,"MTARTECH, VOLTAMP, TVSSCS",56.0
2026-02-27,Integrated Power Utilities,3.03,"CESC, ADANIPOWER",63.0
2026-02-27,Internet & Catalogue Retail,-9.305,"INDIAMART, NAUKRI",39.0
2026-02-27,Investment Company,-1.7133,"ABCAPITAL, TATAINVEST, MAHSCOOTER",54.0
2026-02-27,Iron & Steel,9.1486,"TATASTEEL, SARDAEN, SAIL",74.0
2026-02-27,Iron & Steel Products,9.625,"APLAPOLLO, JINDALSAW, MAHSEAMLES",75.0
2026-02-27,LPG/CNG/PNG/LNG Supplier,5.7275,"PETRONET, MGL, GUJGASLTD",68.0
2026-02-27,Life Insurance,4.69,"MFSL, ICICIPRULI, SBILIFE",66.0
2026-02-27,Logistics Solution Provider,3.67,"DELHIVERY, BLUEDART, CONCOR",64.0
2026-02-27,Lubricants,1.69,CASTROLIND,60.0
2026-02-27,Media & Entertainment,-4.16,SAREGAMA,49.0
2026-02-27,Medical Equipment & Supplies,-20.17,POLYMED,18.0
2026-02-27,Microfinance Institutions,-0.21,CREDITACC,56.0
2026-02-27,Non Banking Financial Company (NBFC),-0.3357,"SHRIRAMFIN, SUNDARMFIN, POONAWALLA",56.0
2026-02-27,Oil Exploration & Production,9.485,"ONGC, OIL",75.0
2026-02-27,Oil Storage & Transportation,-0.01,AEGISVOPAK,57.0
2026-02-27,Other Agricultural Products,7.66,LTFOODS,71.0
2026-02-27,Other Bank,0.15,AUBANK,57.0
2026-02-27,Other Electrical Equipment,13.595,"APARINDS, PREMIERENE",83.0
2026-02-27,Other Financial Services,-0.23,CRISIL,56.0
2026-02-27,Other Food Products,-6.53,EIDPARRY,44.0
2026-02-27,Other Industrial Products,-2.3933,"INOXINDIA, PTCIL, HBLENGINE",52.0
2026-02-27,Other Telecom Services,-5.32,RAILTEL,47.0
2026-02-27,Other Textile Products,-4.43,"KPRMILL, ALOKINDS",48.0
2026-02-27,Packaged Foods,1.12,"BRITANNIA, NESTLEIND, BBTC",59.0
2026-02-27,Paints,-2.91,"AKZOINDIA, ASIANPAINT",51.0
2026-02-27,Paper & Paper Products,-8.52,ABREL,40.0
2026-02-27,Passenger Cars & Utility Vehicles,5.2833,"FORCEMOT, TMPV, MARUTI",67.0
2026-02-27,Personal Care,3.5771,"HONASA, GODREJCP, COLPAL",64.0
2026-02-27,Pesticides & Agrochemicals,0.0167,"BAYERCROP, PIIND, SUMICHEM",57.0
2026-02-27,Petrochemicals,-8.98,SWANCORP,40.0
2026-02-27,Pharmaceuticals,3.5612,"NATCOPHARM, SAILIFE, AJANTPHARM",64.0
2026-02-27,Plastic Products - Industrial,12.7767,"SUPREMEIND, ASTRAL, FINPIPE",81.0
2026-02-27,Plywood Boards/ Laminates,-4.51,CENTURYPLY,48.0
2026-02-27,Port & Port services,2.575,"ADANIPORTS, JSWINFRA",62.0
2026-02-27,Power - Transmission,14.91,POWERGRID,85.0
2026-02-27,Power Generation,5.0467,"NTPC, NAVA, ACMESOLAR",66.0
2026-02-27,Private Sector Bank,7.8531,"BANDHANBNK, KARURVYSYA, IDBI",72.0
2026-02-27,Public Sector Bank,11.6187,"MAHABANK, SBIN, BANKINDIA",79.0
2026-02-27,Railway Wagons,-10.26,JWL,37.0
2026-02-27,Real Estate,-2.558,"SUNTECK, TARC, MAXESTATES",52.0
2026-02-27,Refineries & Marketing,9.3633,"IOC, MRPL, BPCL",75.0
2026-02-27,Residential Commercial Projects,-2.117,"SIGNATURE, ANANTRAJ, OBEROIRLTY",53.0
2026-02-27,Restaurants,2.77,"DEVYANI, JUBLFOOD",62.0
2026-02-27,Ship Building & Allied Services,-8.18,"COCHINSHIP, MAZDOCK",41.0
2026-02-27,Shipping,18.37,"SCI, GESHIP",92.0
2026-02-27,Software Products,-16.58,"OFSS, MAPMYINDIA",25.0
2026-02-27,Speciality Retail,-5.08,"ABFRL, ABLBL",47.0
2026-02-27,Specialty Chemicals,1.8964,"AARTIIND, ATUL, FLUOROCHEM",60.0
2026-02-27,Stationary,0.42,DOMS,58.0
2026-02-27,Stockbroking & Allied,-8.4467,"NUVAMA, ANGELONE, MOTILALOFS",41.0
2026-02-27,Sugar,12.01,BALRAMCHIN,80.0
2026-02-27,TV Broadcasting & Software Production,20.45,SUNTV,96.0
2026-02-27,Tea & Coffee,4.945,"CCL, TATACONSUM",66.0
2026-02-27,Technology,-15.8337,"SWSOLAR, OPTIEMUS, TANLA",26.0
2026-02-27,Telecom - Cellular & Fixed line services,-3.3,"BHARTIHEXA, TATACOMM, BHARTIARTL",50.0
2026-02-27,Telecom - Equipment & Accessories,5.44,"TEJASNET, ITI",67.0
2026-02-27,Telecom - Infrastructure,5.8,"INDUSTOWER, HFCL",68.0
2026-02-27,Tour Travel Related Services,-7.2433,"BLS, IRCTC, TBOTEK",43.0
2026-02-27,Tractors,3.26,ESCORTS,63.0
2026-02-27,Trading & Distributors,2.225,"REDINGTON, MMTC",61.0
2026-02-27,Trading - Gas,-2.27,AEGISLOG,52.0
2026-02-27,Trading - Minerals,3.67,ADANIENT,64.0
2026-02-27,Tyres & Rubber Products,0.612,"JKTYRE, BALKRISIND, MRF",58.0
2026-02-27,Utilities,-15.9767,"RTNPOWER, WAAREERTL, RELINFRA",26.0
2026-02-27,Zinc,4.44,HINDZINC,65.0
2026-03-01,2/3 Wheelers,3.605,"EICHERMOT, ATHERENERG, TVSMOTOR",63.0
2026-03-01,Abrasives & Bearings,8.725,"TIMKEN, CARBORUNIV",73.0
2026-03-01,Aerospace & Defense,-0.8433,"DATAPATTNS, BEL, ZENTEC",54.0
2026-03-01,Airline,-2.9,INDIGO,50.0
2026-03-01,Airport & Airport services,2.87,GMRAIRPORT,61.0
2026-03-01,Aluminium,6.345,"NATIONALUM, HINDALCO",68.0
2026-03-01,Animal Feed,16.49,GODREJAGRO,88.0
2026-03-01,Asset Management Company,7.4775,"ABSLAMC, NAM-INDIA, HDFCAMC",70.0
2026-03-01,Auto Components & Equipments,6.2861,"BHARATFORG, SCHAEFFLER, MOTHERSON",68.0
2026-03-01,Basic Materials,0.7555,"SHARDACROP, GRWRHITECH, NEOGEN",57.0
2026-03-01,Breweries & Distilleries,1.16,"UBL, UNITDSPR, RADICO",58.0
2026-03-01,Business Process Outsourcing (BPO)/ Knowledge Process Outsourcing (KPO),-28.385,"ECLERX, FSL",0.0
2026-03-01,Cables - Electricals,22.5625,"FINCABLES, KEI, POLYCAB",100.0
2026-03-01,Carbon Black,8.855,"HSCL, PCBL",73.0
2026-03-01,Castings & Forgings,0.28,AIAENG,56.0
2026-03-01,Cement & Cement Products,0.132,"RAMCOCEM, ULTRACEMCO, GRASIM",56.0
2026-03-01,Ceramics,1.4,KAJARIACER,58.0
2026-03-01,Cigarettes & Tobacco Products,-7.63,GODFRYPHLP,41.0
2026-03-01,Civil Construction,0.9958,"ENGINERSIN, TECHNOE, KPIL",58.0
2026-03-01,Coal,6.65,COALINDIA,69.0
2026-03-01,Commercial Vehicles,20.11,ASHOKLEY,95.0
2026-03-01,Commodity Chemicals,-8.175,"TATACHEM, DEEPAKFERT",40.0
2026-03-01,Communication Services,-9.075,"TIPSMUSIC, NAZARA, IMAGICAA",38.0
2026-03-01,Compressors Pumps & Diesel Engines,14.088,"KIRLOSENG, ELGIEQUIP, CUMMINSIND",83.0
2026-03-01,Computers - Software & Consulting,-17.3232,"BSOFT, TATAELXSI, TCS",22.0
2026-03-01,Construction Vehicles,-1.55,"ACE, BEML",53.0
2026-03-01,Consumer Cyclical,0.2205,"SANSERA, EASEMYTRIP, JAMNAAUTO",56.0
2026-03-01,Consumer Defensive,2.8783,"AVANTIFEED, GAEL, MANORAMA",61.0
2026-03-01,Consumer Durables,-7.88,SURYAROSNI,40.0
2026-03-01,Consumer Electronics,3.8667,"PGEL, HAVELLS, DIXON",63.0
2026-03-01,Copper,18.86,HINDCOPPER,93.0
2026-03-01,Depositories Clearing Houses and Other Intermediaries,-6.26,"KFINTECH, CAMS, CDSL",43.0
2026-03-01,Diversified,-0.47,"3MINDIA, GODREJIND, DCMSHRIRAM",55.0
2026-03-01,Diversified Commercial Services,4.23,IGIL,64.0
2026-03-01,Diversified FMCG,-3.175,"HINDUNILVR, ITC",49.0
2026-03-01,Diversified Metals,14.24,VEDL,84.0
2026-03-01,Diversified Retail,-0.775,"DMART, VMM",54.0
2026-03-01,E-Retail/ E-Commerce,-8.2175,"NYKAA, SWIGGY, ETERNAL",40.0
2026-03-01,Edible Oil,-1.75,"MARICO, PATANJALI, AWL",52.0
2026-03-01,Electrodes & Refractories,9.04,"GRAPHITE, HEG, RHIM",73.0
2026-03-01,Energy,-0.97,"GMRP&UI, REFEX",54.0
2026-03-01,Exchange and Data Platform,0.5567,"MCX, IEX, BSE",57.0
2026-03-01,Explosives,3.48,SOLARINDS,63.0
2026-03-01,Fertilizers,-1.71,"CHAMBLFERT, COROMANDEL, RCF",52.0
2026-03-01,Film Production Distribution & Exhibition,4.45,PVRINOX,64.0
2026-03-01,Financial Institution,-0.9267,"IFCI, PFC, RECLTD",54.0
2026-03-01,Financial Products Distributor,7.5,ANANDRATHI,70.0
2026-03-01,Financial Services,-2.7121,"EDELWEISS, KTKBANK, UJJIVANSFB",50.0
2026-03-01,Financial Technology (Fintech),-9.1,"PAYTM, POLICYBZR",38.0
2026-03-01,Footwear,-4.175,"CAMPUS, BATAINDIA",48.0
2026-03-01,Garments & Apparels,-6.07,PAGEIND,44.0
2026-03-01,Gas Transmission/Marketing,3.945,"GAIL, GSPL",63.0
2026-03-01,Gems Jewellery And Watches,6.095,"TITAN, KALYANKJIL",68.0
2026-03-01,General Insurance,1.33,"GICRE, ICICIGI, STARHEALTH",58.0
2026-03-01,Healthcare,-0.4714,"YATHARTH, SHILPAMED, MEDPLUS",55.0
2026-03-01,Healthcare Research Analytics & Technology,-7.435,"INDGN, SYNGENE",41.0
2026-03-01,Healthcare Service Provider,3.12,"VIJAYA, METROPOLIS, LALPATHLAB",62.0
2026-03-01,Heavy Electrical Equipment,9.7407,"POWERINDIA, SCHNEIDER, GVT&D",75.0
2026-03-01,Holding Company,-1.8325,"BAJAJFINSV, BAJAJHLDNG, JMFINANCIL",52.0
2026-03-01,Hospital,7.09,"KIMS, APOLLOHOSP, ASTERDM",70.0
2026-03-01,Hotels & Resorts,-2.3338,"THELEELA, DBREALTY, INDHOTEL",51.0
2026-03-01,Household Appliances,11.15,"AMBER, VOLTAS, BLUESTARCO",78.0
2026-03-01,Household Products,-1.87,JYOTHYLAB,52.0
2026-03-01,Housing Finance Company,-3.48,"LICHSGFIN, SAMMAANCAP, AADHARHFC",49.0
2026-03-01,IT Enabled Services,-7.0986,"NETWEB, TATATECH, LTTS",42.0
2026-03-01,Industrial Gases,14.37,LINDEINDIA,84.0
2026-03-01,Industrial Minerals,3.375,"LLOYDSME, NMDC, GMDCLTD",62.0
2026-03-01,Industrial Products,1.214,"PRAJIND, SYRMA, KAYNES",58.0
2026-03-01,Industrials,-1.9391,"MTARTECH, TDPOWERSYS, VOLTAMP",52.0
2026-03-01,Integrated Power Utilities,6.7,"TORNTPOWER, CESC, TATAPOWER",69.0
2026-03-01,Internet & Catalogue Retail,-9.305,"INDIAMART, NAUKRI",37.0
2026-03-01,Investment Company,-1.7133,"ABCAPITAL, TATAINVEST, MAHSCOOTER",52.0
2026-03-01,Iron & Steel,9.1486,"TATASTEEL, SARDAEN, SAIL",74.0
2026-03-01,Iron & Steel Products,8.2043,"APLAPOLLO, JINDALSAW, GPIL",72.0
2026-03-01,LPG/CNG/PNG/LNG Supplier,3.688,"PETRONET, MGL, GUJGASLTD",63.0
2026-03-01,Life Insurance,4.69,"MFSL, ICICIPRULI, SBILIFE",65.0
2026-03-01,Logistics Solution Provider,3.67,"DELHIVERY, BLUEDART, CONCOR",63.0
2026-03-01,Lubricants,1.69,CASTROLIND,59.0
2026-03-01,Media & Entertainment,-4.16,SAREGAMA,48.0
2026-03-01,Medical Equipment & Supplies,-20.17,POLYMED,16.0
2026-03-01,Microfinance Institutions,-0.21,CREDITACC,55.0
2026-03-01,Non Banking Financial Company (NBFC),-0.3357,"SHRIRAMFIN, SUNDARMFIN, POONAWALLA",55.0
2026-03-01,Oil Exploration & Production,9.485,"ONGC, OIL",74.0
2026-03-01,Oil Storage & Transportation,-0.01,AEGISVOPAK,56.0
2026-03-01,Other Agricultural Products,7.66,LTFOODS,71.0
2026-03-01,Other Bank,0.15,AUBANK,56.0
2026-03-01,Other Beverages,-2.03,VBL,52.0
2026-03-01,Other Electrical Equipment,7.4,"APARINDS, WAAREEENER, PREMIERENE",70.0
2026-03-01,Other Financial Services,-0.23,CRISIL,55.0
2026-03-01,Other Food Products,-6.53,EIDPARRY,43.0
2026-03-01,Other Industrial Products,-2.3933,"INOXINDIA, PTCIL, HBLENGINE",51.0
2026-03-01,Other Telecom Services,-5.32,RAILTEL,45.0
2026-03-01,Other Textile Products,2.548,"VTL, TRIDENT, KPRMILL",61.0
2026-03-01,Packaged Foods,1.12,"BRITANNIA, NESTLEIND, BBTC",58.0
2026-03-01,Paints,-4.0267,"AKZOINDIA, ASIANPAINT, BERGEPAINT",48.0
2026-03-01,Paper & Paper Products,-8.52,ABREL,39.0
2026-03-01,Passenger Cars & Utility Vehicles,5.2833,"FORCEMOT, TMPV, MARUTI",66.0
2026-03-01,Personal Care,3.5771,"HONASA, GODREJCP, COLPAL",63.0
2026-03-01,Pesticides & Agrochemicals,-2.7875,"BAYERCROP, PIIND, SUMICHEM",50.0
2026-03-01,Petrochemicals,-8.98,SWANCORP,38.0
2026-03-01,Pharmaceuticals,3.92,"NATCOPHARM, SAILIFE, AJANTPHARM",63.0
2026-03-01,Plastic Products - Industrial,12.7767,"SUPREMEIND, ASTRAL, FINPIPE",81.0
2026-03-01,Plywood Boards/ Laminates,-4.51,CENTURYPLY,47.0
2026-03-01,Port & Port services,2.575,"ADANIPORTS, JSWINFRA",61.0
2026-03-01,Power - Transmission,14.91,POWERGRID,85.0
2026-03-01,Power Distribution,8.78,ADANIENSOL,73.0
2026-03-01,Power Generation,2.0818,"NTPC, NAVA, ACMESOLAR",60.0
2026-03-01,Private Sector Bank,7.065,"BANDHANBNK, KARURVYSYA, IDBI",70.0
2026-03-01,Public Sector Bank,11.23,"MAHABANK, UNIONBANK, SBIN",78.0
2026-03-01,Railway Wagons,-10.64,"JWL, TITAGARH",35.0
2026-03-01,Real Estate,-3.1188,"HEMIPROP, SUNTECK, TARC",50.0
2026-03-01,Refineries & Marketing,9.3633,"IOC, MRPL, BPCL",74.0
2026-03-01,Residential Commercial Projects,-2.117,"SIGNATURE, ANANTRAJ, OBEROIRLTY",52.0
2026-03-01,Restaurants,1.9033,"DEVYANI, SAPPHIRE, JUBLFOOD",59.0
2026-03-01,Sanitary Ware,-3.88,CERA,48.0
2026-03-01,Ship Building & Allied Services,-8.18,"COCHINSHIP, MAZDOCK",40.0
2026-03-01,Shipping,18.37,"SCI, GESHIP",92.0
2026-03-01,Software Products,-16.58,"OFSS, MAPMYINDIA",23.0
2026-03-01,Speciality Retail,-8.2475,"TRENT, ABFRL, ABLBL",40.0
2026-03-01,Specialty Chemicals,1.8964,"AARTIIND, ATUL, FLUOROCHEM",59.0
2026-03-01,Stationary,0.42,DOMS,57.0
2026-03-01,Stockbroking & Allied,-6.67,"360ONE, NUVAMA, ANGELONE",43.0
2026-03-01,Sugar,12.76,"TRIVENI, BALRAMCHIN",81.0
2026-03-01,TV Broadcasting & Software Production,9.87,"SUNTV, ZEEL",75.0
2026-03-01,Tea & Coffee,4.945,"CCL, TATACONSUM",65.0
2026-03-01,Technology,-3.6289,"STLTECH, KRN, AVALON",49.0
2026-03-01,Telecom - Cellular & Fixed line services,-1.258,"IDEA, BHARTIHEXA, TATACOMM",53.0
2026-03-01,Telecom - Equipment & Accessories,5.44,"TEJASNET, ITI",66.0
2026-03-01,Telecom - Infrastructure,5.8,"INDUSTOWER, HFCL",67.0
2026-03-01,Tour Travel Related Services,-7.2433,"BLS, IRCTC, TBOTEK",41.0
2026-03-01,Tractors,3.26,ESCORTS,62.0
2026-03-01,Trading & Distributors,2.225,"REDINGTON, MMTC",60.0
2026-03-01,Trading - Gas,-2.27,AEGISLOG,51.0
2026-03-01,Trading - Minerals,3.67,ADANIENT,63.0
2026-03-01,Tyres & Rubber Products,0.612,"JKTYRE, BALKRISIND, MRF",57.0
2026-03-01,Utilities,-9.0683,"PTC, KPIGREEN, RTNPOWER",38.0
2026-03-01,Zinc,4.44,HINDZINC,64.0
2026-03-02,2/3 Wheelers,3.605,"EICHERMOT, ATHERENERG, TVSMOTOR",63.0
2026-03-02,Abrasives & Bearings,8.725,"TIMKEN, CARBORUNIV",73.0
2026-03-02,Aerospace & Defense,-0.8433,"DATAPATTNS, BEL, ZENTEC",54.0
2026-03-02,Airline,-2.9,INDIGO,50.0
2026-03-02,Airport & Airport services,2.87,GMRAIRPORT,61.0
2026-03-02,Aluminium,6.345,"NATIONALUM, HINDALCO",68.0
2026-03-02,Animal Feed,16.49,GODREJAGRO,88.0
2026-03-02,Asset Management Company,7.4775,"ABSLAMC, NAM-INDIA, HDFCAMC",70.0
2026-03-02,Auto Components & Equipments,6.2861,"BHARATFORG, SCHAEFFLER, MOTHERSON",68.0
2026-03-02,Basic Materials,0.7555,"SHARDACROP, GRWRHITECH, NEOGEN",57.0
2026-03-02,Breweries & Distilleries,1.16,"UBL, UNITDSPR, RADICO",58.0
2026-03-02,Business Process Outsourcing (BPO)/ Knowledge Process Outsourcing (KPO),-28.385,"ECLERX, FSL",0.0
2026-03-02,Cables - Electricals,22.5625,"FINCABLES, KEI, POLYCAB",100.0
2026-03-02,Carbon Black,8.855,"HSCL, PCBL",73.0
2026-03-02,Castings & Forgings,0.28,AIAENG,56.0
2026-03-02,Cement & Cement Products,0.132,"RAMCOCEM, ULTRACEMCO, GRASIM",56.0
2026-03-02,Ceramics,1.4,KAJARIACER,58.0
2026-03-02,Cigarettes & Tobacco Products,-7.63,GODFRYPHLP,41.0
2026-03-02,Civil Construction,0.9958,"ENGINERSIN, TECHNOE, KPIL",58.0
2026-03-02,Coal,6.65,COALINDIA,69.0
2026-03-02,Commercial Vehicles,20.11,ASHOKLEY,95.0
2026-03-02,Commodity Chemicals,-8.175,"TATACHEM, DEEPAKFERT",40.0
2026-03-02,Communication Services,-9.075,"TIPSMUSIC, NAZARA, IMAGICAA",38.0
2026-03-02,Compressors Pumps & Diesel Engines,14.088,"KIRLOSENG, ELGIEQUIP, CUMMINSIND",83.0
2026-03-02,Computers - Software & Consulting,-17.3232,"BSOFT, TATAELXSI, TCS",22.0
2026-03-02,Construction Vehicles,-1.55,"ACE, BEML",53.0
2026-03-02,Consumer Cyclical,0.2205,"SANSERA, EASEMYTRIP, JAMNAAUTO",56.0
2026-03-02,Consumer Defensive,2.8783,"AVANTIFEED, GAEL, MANORAMA",61.0
2026-03-02,Consumer Durables,-7.88,SURYAROSNI,40.0
2026-03-02,Consumer Electronics,3.8667,"PGEL, HAVELLS, DIXON",63.0
2026-03-02,Copper,18.86,HINDCOPPER,93.0
2026-03-02,Depositories Clearing Houses and Other Intermediaries,-6.26,"KFINTECH, CAMS, CDSL",43.0
2026-03-02,Diversified,-0.47,"3MINDIA, GODREJIND, DCMSHRIRAM",55.0
2026-03-02,Diversified Commercial Services,4.23,IGIL,64.0
2026-03-02,Diversified FMCG,-3.175,"HINDUNILVR, ITC",49.0
2026-03-02,Diversified Metals,14.24,VEDL,84.0
2026-03-02,Diversified Retail,-0.775,"DMART, VMM",54.0
2026-03-02,E-Retail/ E-Commerce,-8.2175,"NYKAA, SWIGGY, ETERNAL",40.0
2026-03-02,Edible Oil,-1.75,"MARICO, PATANJALI, AWL",52.0
2026-03-02,Electrodes & Refractories,9.04,"GRAPHITE, HEG, RHIM",73.0
2026-03-02,Energy,-0.97,"GMRP&UI, REFEX",54.0
2026-03-02,Exchange and Data Platform,0.5567,"MCX, IEX, BSE",57.0
2026-03-02,Explosives,3.48,SOLARINDS,63.0
2026-03-02,Fertilizers,-1.71,"CHAMBLFERT, COROMANDEL, RCF",52.0
2026-03-02,Film Production Distribution & Exhibition,4.45,PVRINOX,64.0
2026-03-02,Financial Institution,-0.9267,"IFCI, PFC, RECLTD",54.0
2026-03-02,Financial Products Distributor,7.5,ANANDRATHI,70.0
2026-03-02,Financial Services,-2.7121,"EDELWEISS, KTKBANK, UJJIVANSFB",50.0
2026-03-02,Financial Technology (Fintech),-9.1,"PAYTM, POLICYBZR",38.0
2026-03-02,Footwear,-4.175,"CAMPUS, BATAINDIA",48.0
2026-03-02,Garments & Apparels,-6.07,PAGEIND,44.0
2026-03-02,Gas Transmission/Marketing,3.945,"GAIL, GSPL",63.0
2026-03-02,Gems Jewellery And Watches,6.095,"TITAN, KALYANKJIL",68.0
2026-03-02,General Insurance,1.33,"GICRE, ICICIGI, STARHEALTH",58.0
2026-03-02,Healthcare,-0.4714,"YATHARTH, SHILPAMED, MEDPLUS",55.0
2026-03-02,Healthcare Research Analytics & Technology,-7.435,"INDGN, SYNGENE",41.0
2026-03-02,Healthcare Service Provider,3.12,"VIJAYA, METROPOLIS, LALPATHLAB",62.0
2026-03-02,Heavy Electrical Equipment,9.7407,"POWERINDIA, SCHNEIDER, GVT&D",75.0
2026-03-02,Holding Company,-1.8325,"BAJAJFINSV, BAJAJHLDNG, JMFINANCIL",52.0
2026-03-02,Hospital,7.09,"KIMS, APOLLOHOSP, ASTERDM",70.0
2026-03-02,Hotels & Resorts,-2.3338,"THELEELA, DBREALTY, INDHOTEL",51.0
2026-03-02,Household Appliances,11.15,"AMBER, VOLTAS, BLUESTARCO",78.0
2026-03-02,Household Products,-1.87,JYOTHYLAB,52.0
2026-03-02,Housing Finance Company,-3.48,"LICHSGFIN, SAMMAANCAP, AADHARHFC",49.0
2026-03-02,IT Enabled Services,-7.0986,"NETWEB, TATATECH, LTTS",42.0
2026-03-02,Industrial Gases,14.37,LINDEINDIA,84.0
2026-03-02,Industrial Minerals,3.375,"LLOYDSME, NMDC, GMDCLTD",62.0
2026-03-02,Industrial Products,1.214,"PRAJIND, SYRMA, KAYNES",58.0
2026-03-02,Industrials,-1.9391,"MTARTECH, TDPOWERSYS, VOLTAMP",52.0
2026-03-02,Integrated Power Utilities,6.7,"TORNTPOWER, CESC, TATAPOWER",69.0
2026-03-02,Internet & Catalogue Retail,-9.305,"INDIAMART, NAUKRI",37.0
2026-03-02,Investment Company,-1.7133,"ABCAPITAL, TATAINVEST, MAHSCOOTER",52.0
2026-03-02,Iron & Steel,9.1486,"TATASTEEL, SARDAEN, SAIL",74.0
2026-03-02,Iron & Steel Products,8.2043,"APLAPOLLO, JINDALSAW, GPIL",72.0
2026-03-02,LPG/CNG/PNG/LNG Supplier,3.688,"PETRONET, MGL, GUJGASLTD",63.0
2026-03-02,Life Insurance,4.69,"MFSL, ICICIPRULI, SBILIFE",65.0
2026-03-02,Logistics Solution Provider,3.67,"DELHIVERY, BLUEDART, CONCOR",63.0
2026-03-02,Lubricants,1.69,CASTROLIND,59.0
2026-03-02,Media & Entertainment,-4.16,SAREGAMA,48.0
2026-03-02,Medical Equipment & Supplies,-20.17,POLYMED,16.0
2026-03-02,Microfinance Institutions,-0.21,CREDITACC,55.0
2026-03-02,Non Banking Financial Company (NBFC),-0.3357,"SHRIRAMFIN, SUNDARMFIN, POONAWALLA",55.0
2026-03-02,Oil Exploration & Production,9.485,"ONGC, OIL",74.0
2026-03-02,Oil Storage & Transportation,-0.01,AEGISVOPAK,56.0
2026-03-02,Other Agricultural Products,7.66,LTFOODS,71.0
2026-03-02,Other Bank,0.15,AUBANK,56.0
2026-03-02,Other Beverages,-2.03,VBL,52.0
2026-03-02,Other Electrical Equipment,7.4,"APARINDS, WAAREEENER, PREMIERENE",70.0
2026-03-02,Other Financial Services,-0.23,CRISIL,55.0
2026-03-02,Other Food Products,-6.53,EIDPARRY,43.0
2026-03-02,Other Industrial Products,-2.3933,"INOXINDIA, PTCIL, HBLENGINE",51.0
2026-03-02,Other Telecom Services,-5.32,RAILTEL,45.0
2026-03-02,Other Textile Products,2.548,"VTL, TRIDENT, KPRMILL",61.0
2026-03-02,Packaged Foods,1.12,"BRITANNIA, NESTLEIND, BBTC",58.0
2026-03-02,Paints,-4.0267,"AKZOINDIA, ASIANPAINT, BERGEPAINT",48.0
2026-03-02,Paper & Paper Products,-8.52,ABREL,39.0
2026-03-02,Passenger Cars & Utility Vehicles,5.2833,"FORCEMOT, TMPV, MARUTI",66.0
2026-03-02,Personal Care,3.5771,"HONASA, GODREJCP, COLPAL",63.0
2026-03-02,Pesticides & Agrochemicals,-2.7875,"BAYERCROP, PIIND, SUMICHEM",50.0
2026-03-02,Petrochemicals,-8.98,SWANCORP,38.0
2026-03-02,Pharmaceuticals,3.92,"NATCOPHARM, SAILIFE, AJANTPHARM",63.0
2026-03-02,Plastic Products - Industrial,12.7767,"SUPREMEIND, ASTRAL, FINPIPE",81.0
2026-03-02,Plywood Boards/ Laminates,-4.51,CENTURYPLY,47.0
2026-03-02,Port & Port services,2.575,"ADANIPORTS, JSWINFRA",61.0
2026-03-02,Power - Transmission,14.91,POWERGRID,85.0
2026-03-02,Power Distribution,8.78,ADANIENSOL,73.0
2026-03-02,Power Generation,2.0818,"NTPC, NAVA, ACMESOLAR",60.0
2026-03-02,Private Sector Bank,7.065,"BANDHANBNK, KARURVYSYA, IDBI",70.0
2026-03-02,Public Sector Bank,11.23,"MAHABANK, UNIONBANK, SBIN",78.0
2026-03-02,Railway Wagons,-10.64,"JWL, TITAGARH",35.0
2026-03-02,Real Estate,-3.1188,"HEMIPROP, SUNTECK, TARC",50.0
2026-03-02,Refineries & Marketing,9.3633,"IOC, MRPL, BPCL",74.0
2026-03-02,Residential Commercial Projects,-2.117,"SIGNATURE, ANANTRAJ, OBEROIRLTY",52.0
2026-03-02,Restaurants,1.9033,"DEVYANI, SAPPHIRE, JUBLFOOD",59.0
2026-03-02,Sanitary Ware,-3.88,CERA,48.0
2026-03-02,Ship Building & Allied Services,-8.18,"COCHINSHIP, MAZDOCK",40.0
2026-03-02,Shipping,18.37,"SCI, GESHIP",92.0
2026-03-02,Software Products,-16.58,"OFSS, MAPMYINDIA",23.0
2026-03-02,Speciality Retail,-8.2475,"TRENT, ABFRL, ABLBL",40.0
2026-03-02,Specialty Chemicals,1.8964,"AARTIIND, ATUL, FLUOROCHEM",59.0
2026-03-02,Stationary,0.42,DOMS,57.0
2026-03-02,Stockbroking & Allied,-6.67,"360ONE, NUVAMA, ANGELONE",43.0
2026-03-02,Sugar,12.76,"TRIVENI, BALRAMCHIN",81.0
2026-03-02,TV Broadcasting & Software Production,9.87,"SUNTV, ZEEL",75.0
2026-03-02,Tea & Coffee,4.945,"CCL, TATACONSUM",65.0
2026-03-02,Technology,-3.6289,"STLTECH, KRN, AVALON",49.0
2026-03-02,Telecom - Cellular & Fixed line services,-1.258,"IDEA, BHARTIHEXA, TATACOMM",53.0
2026-03-02,Telecom - Equipment & Accessories,5.44,"TEJASNET, ITI",66.0
2026-03-02,Telecom - Infrastructure,5.8,"INDUSTOWER, HFCL",67.0
2026-03-02,Tour Travel Related Services,-7.2433,"BLS, IRCTC, TBOTEK",41.0
2026-03-02,Tractors,3.26,ESCORTS,62.0
2026-03-02,Trading & Distributors,2.225,"REDINGTON, MMTC",60.0
2026-03-02,Trading - Gas,-2.27,AEGISLOG,51.0
2026-03-02,Trading - Minerals,3.67,ADANIENT,63.0
2026-03-02,Tyres & Rubber Products,0.612,"JKTYRE, BALKRISIND, MRF",57.0
2026-03-02,Utilities,-9.0683,"PTC, KPIGREEN, RTNPOWER",38.0
2026-03-02,Zinc,4.44,HINDZINC,64.0
2026-03-03,2/3 Wheelers,1.67,"EICHERMOT, ATHERENERG, BAJAJ-AUTO",58.0
2026-03-03,Abrasives & Bearings,7.83,"TIMKEN, CARBORUNIV",70.0
2026-03-03,Aerospace & Defense,-0.9017,"DATAPATTNS, BEL, ZENTEC",53.0
2026-03-03,Airline,-7.05,INDIGO,42.0
2026-03-03,Airport & Airport services,0.08,GMRAIRPORT,55.0
2026-03-03,Aluminium,13.035,"NATIONALUM, HINDALCO",80.0
2026-03-03,Animal Feed,9.64,GODREJAGRO,73.0
2026-03-03,Asset Management Company,6.3475,"ABSLAMC, NAM-INDIA, HDFCAMC",67.0
2026-03-03,Auto Components & Equipments,4.0106,"BHARATFORG, SCHAEFFLER, TIINDIA",63.0
2026-03-03,Basic Materials,-1.3302,"GRWRHITECH, SHARDACROP, NEOGEN",53.0
2026-03-03,Breweries & Distilleries,-0.7933,"UBL, UNITDSPR, RADICO",54.0
2026-03-03,Business Process Outsourcing (BPO)/ Knowledge Process Outsourcing (KPO),-29.0,"ECLERX, FSL",0.0
2026-03-03,Cables - Electricals,23.695,"FINCABLES, KEI, POLYCAB",100.0
2026-03-03,Carbon Black,4.465,"PCBL, HSCL",64.0
2026-03-03,Castings & Forgings,-1.39,AIAENG,52.0
2026-03-03,Cement & Cement Products,-0.271,"ULTRACEMCO, RAMCOCEM, GRASIM",55.0
2026-03-03,Ceramics,-0.64,KAJARIACER,54.0
2026-03-03,Cigarettes & Tobacco Products,-8.52,GODFRYPHLP,39.0
2026-03-03,Civil Construction,-2.5725,"ENGINERSIN, TECHNOE, LT",50.0
2026-03-03,Coal,7.77,COALINDIA,70.0
2026-03-03,Commercial Vehicles,18.47,ASHOKLEY,90.0
2026-03-03,Commodity Chemicals,-7.56,"TATACHEM, DEEPAKFERT",41.0
2026-03-03,Communication Services,-10.0033,"NAZARA, TIPSMUSIC, IMAGICAA",36.0
2026-03-03,Compressors Pumps & Diesel Engines,11.238,"KIRLOSENG, ELGIEQUIP, CUMMINSIND",76.0
2026-03-03,Computers - Software & Consulting,-17.4963,"BSOFT, TATAELXSI, TCS",22.0
2026-03-03,Construction Vehicles,-2.54,"ACE, BEML",50.0
2026-03-03,Consumer Cyclical,-2.4462,"SANSERA, JAMNAAUTO, EASEMYTRIP",50.0
2026-03-03,Consumer Defensive,0.6142,"AVANTIFEED, GAEL, MANORAMA",56.0
2026-03-03,Consumer Durables,-8.34,SURYAROSNI,39.0
2026-03-03,Consumer Electronics,1.3867,"PGEL, HAVELLS, DIXON",58.0
2026-03-03,Copper,23.56,HINDCOPPER,100.0
2026-03-03,Depositories Clearing Houses and Other Intermediaries,-8.2867,"KFINTECH, CAMS, CDSL",39.0
2026-03-03,Diversified,-2.2267,"3MINDIA, GODREJIND, DCMSHRIRAM",51.0
2026-03-03,Diversified Commercial Services,5.84,IGIL,66.0
2026-03-03,Diversified FMCG,-2.81,"HINDUNILVR, ITC",50.0
2026-03-03,Diversified Metals,21.21,VEDL,95.0
2026-03-03,Diversified Retail,-1.19,"DMART, VMM",53.0
2026-03-03,E-Retail/ E-Commerce,-8.785,"NYKAA, ETERNAL, SWIGGY",38.0
2026-03-03,Edible Oil,-3.05,"MARICO, PATANJALI, AWL",49.0
2026-03-03,Electrodes & Refractories,9.2433,"GRAPHITE, HEG, RHIM",73.0
2026-03-03,Energy,-3.615,"GMRP&UI, REFEX",48.0
2026-03-03,Exchange and Data Platform,1.3333,"MCX, BSE, IEX",58.0
2026-03-03,Explosives,7.78,SOLARINDS,70.0
2026-03-03,Fertilizers,-4.3525,"CHAMBLFERT, COROMANDEL, RCF",47.0
2026-03-03,Film Production Distribution & Exhibition,3.32,PVRINOX,61.0
2026-03-03,Financial Institution,-2.345,"PFC, IFCI, RECLTD",51.0
2026-03-03,Financial Products Distributor,11.69,ANANDRATHI,77.0
2026-03-03,Financial Services,-3.0107,"SOUTHBANK, KTKBANK, EDELWEISS",49.0
2026-03-03,Financial Technology (Fintech),-10.19,"PAYTM, POLICYBZR",36.0
2026-03-03,Footwear,-6.355,"CAMPUS, BATAINDIA",43.0
2026-03-03,Garments & Apparels,-7.23,PAGEIND,41.0
2026-03-03,Gas Transmission/Marketing,3.34,"GSPL, GAIL",61.0
2026-03-03,Gems Jewellery And Watches,5.65,"TITAN, KALYANKJIL",66.0
2026-03-03,General Insurance,0.008,"ICICIGI, GODIGIT, STARHEALTH",55.0
2026-03-03,Healthcare,-2.3648,"YATHARTH, MEDPLUS, SHILPAMED",51.0
2026-03-03,Healthcare Research Analytics & Technology,-9.515,"INDGN, SYNGENE",37.0
2026-03-03,Healthcare Service Provider,1.4967,"VIJAYA, METROPOLIS, LALPATHLAB",58.0
2026-03-03,Heavy Electrical Equipment,8.2293,"POWERINDIA, GVT&D, SCHNEIDER",71.0
2026-03-03,Holding Company,-3.0125,"BAJAJHLDNG, BAJAJFINSV, CHOICEIN",49.0
2026-03-03,Hospital,6.4889,"KIMS, APOLLOHOSP, ASTERDM",67.0
2026-03-03,Hotels & Resorts,-3.8675,"THELEELA, VENTIVE, DBREALTY",48.0
2026-03-03,Household Appliances,10.0233,"AMBER, VOLTAS, WHIRLPOOL",74.0
2026-03-03,Household Products,-4.28,JYOTHYLAB,47.0
2026-03-03,Housing Finance Company,-4.6689,"LICHSGFIN, SAMMAANCAP, HOMEFIRST",46.0
2026-03-03,IT Enabled Services,-8.2743,"NETWEB, TATATECH, LTTS",39.0
2026-03-03,Industrial Gases,13.31,LINDEINDIA,80.0
2026-03-03,Industrial Minerals,3.835,"NMDC, LLOYDSME, GMDCLTD",62.0
2026-03-03,Industrial Products,-2.244,"PRAJIND, SYRMA, JYOTICNC",51.0
2026-03-03,Industrials,-3.9016,"MTARTECH, TDPOWERSYS, VOLTAMP",48.0
2026-03-03,Integrated Power Utilities,5.06,"TORNTPOWER, ADANIPOWER, TATAPOWER",65.0
2026-03-03,Internet & Catalogue Retail,-10.475,"INDIAMART, NAUKRI",35.0
2026-03-03,Investment Company,-2.7467,"ABCAPITAL, MAHSCOOTER, TATAINVEST",50.0
2026-03-03,Iron & Steel,10.5686,"TATASTEEL, SAIL, JINDALSTEL",75.0
2026-03-03,Iron & Steel Products,7.6414,"APLAPOLLO, WELCORP, GPIL",70.0
2026-03-03,LPG/CNG/PNG/LNG Supplier,2.276,"MGL, PETRONET, GUJGASLTD",59.0
2026-03-03,Life Insurance,4.532,"MFSL, ICICIPRULI, SBILIFE",64.0
2026-03-03,Logistics Solution Provider,2.12,"DELHIVERY, BLUEDART, CONCOR",59.0
2026-03-03,Lubricants,2.53,CASTROLIND,60.0
2026-03-03,Media & Entertainment,-5.27,SAREGAMA,45.0
2026-03-03,Medical Equipment & Supplies,-15.97,POLYMED,25.0
2026-03-03,Microfinance Institutions,-5.69,CREDITACC,44.0
2026-03-03,Non Banking Financial Company (NBFC),-0.4343,"SHRIRAMFIN, SUNDARMFIN, CHOLAFIN",54.0
2026-03-03,Oil Exploration & Production,12.195,"ONGC, OIL",78.0
2026-03-03,Oil Storage & Transportation,-7.81,AEGISVOPAK,40.0
2026-03-03,Other Agricultural Products,0.78,LTFOODS,57.0
2026-03-03,Other Bank,1.48,AUBANK,58.0
2026-03-03,Other Beverages,-2.96,VBL,49.0
2026-03-03,Other Electrical Equipment,4.0433,"APARINDS, WAAREEENER, PREMIERENE",63.0
2026-03-03,Other Financial Services,-2.66,CRISIL,50.0
2026-03-03,Other Food Products,-5.52,EIDPARRY,45.0
2026-03-03,Other Industrial Products,-3.1567,"PTCIL, INOXINDIA, HBLENGINE",49.0
2026-03-03,Other Telecom Services,-11.67,RAILTEL,33.0
2026-03-03,Other Textile Products,1.37,"VTL, WELSPUNLIV, KPRMILL",58.0
2026-03-03,Packaged Foods,0.115,"BRITANNIA, NESTLEIND, BBTC",55.0
2026-03-03,Paints,-4.9267,"AKZOINDIA, BERGEPAINT, ASIANPAINT",46.0
2026-03-03,Paper & Paper Products,-9.13,ABREL,38.0
2026-03-03,Passenger Cars & Utility Vehicles,1.8033,"FORCEMOT, TMPV, MARUTI",58.0
2026-03-03,Personal Care,1.9557,"COLPAL, HONASA, GODREJCP",59.0
2026-03-03,Pesticides & Agrochemicals,-3.2025,"BAYERCROP, PIIND, SUMICHEM",49.0
2026-03-03,Petrochemicals,-10.73,SWANCORP,35.0
2026-03-03,Pharmaceuticals,2.9305,"SAILIFE, JBCHEPHARM, TORNTPHARM",61.0
2026-03-03,Plastic Products - Industrial,12.6,"SUPREMEIND, ASTRAL, FINPIPE",79.0
2026-03-03,Plywood Boards/ Laminates,-5.13,CENTURYPLY,45.0
2026-03-03,Port & Port services,0.92,"ADANIPORTS, JSWINFRA",57.0
2026-03-03,Power - Transmission,16.08,POWERGRID,86.0
2026-03-03,Power Distribution,6.39,ADANIENSOL,67.0
2026-03-03,Power Generation,0.4045,"NTPC, NAVA, ACMESOLAR",56.0
2026-03-03,Private Sector Bank,6.1964,"BANDHANBNK, IDBI, J&KBANK",67.0
2026-03-03,Public Sector Bank,9.1709,"UNIONBANK, MAHABANK, SBIN",72.0
2026-03-03,Railway Wagons,-13.105,"JWL, TITAGARH",30.0
2026-03-03,Real Estate,-5.5725,"HEMIPROP, SUNTECK, MAXESTATES",44.0
2026-03-03,Refineries & Marketing,6.9783,"IOC, MRPL, BPCL",68.0
2026-03-03,Residential Commercial Projects,-3.615,"SIGNATURE, GODREJPROP, PHOENIXLTD",48.0
2026-03-03,Restaurants,-1.79,"DEVYANI, JUBLFOOD, SAPPHIRE",52.0
2026-03-03,Sanitary Ware,-4.92,CERA,46.0
2026-03-03,Ship Building & Allied Services,-9.635,"COCHINSHIP, MAZDOCK",37.0
2026-03-03,Shipping,16.305,"GESHIP, SCI",86.0
2026-03-03,Software Products,-17.015,"OFSS, MAPMYINDIA",23.0
2026-03-03,Speciality Retail,-9.125,"TRENT, ABFRL, ABLBL",38.0
2026-03-03,Specialty Chemicals,0.73,"AARTIIND, ATUL, NAVINFLUOR",56.0
2026-03-03,Stationary,-3.24,DOMS,49.0
2026-03-03,Stockbroking & Allied,-8.26,"360ONE, MOTILALOFS, NUVAMA",39.0
2026-03-03,Sugar,10.22,"TRIVENI, BALRAMCHIN",74.0
2026-03-03,TV Broadcasting & Software Production,5.95,"SUNTV, ZEEL",66.0
2026-03-03,Tea & Coffee,4.13,"CCL, TATACONSUM",63.0
2026-03-03,Technology,-5.4216,"STLTECH, KRN, AVALON",45.0
2026-03-03,Telecom - Cellular & Fixed line services,-4.184,"BHARTIHEXA, IDEA, BHARTIARTL",47.0
2026-03-03,Telecom - Equipment & Accessories,9.235,"TEJASNET, ITI",73.0
2026-03-03,Telecom - Infrastructure,4.285,"INDUSTOWER, HFCL",63.0
2026-03-03,Tour Travel Related Services,-9.6867,"BLS, IRCTC, TBOTEK",37.0
2026-03-03,Tractors,-0.95,ESCORTS,53.0
2026-03-03,Trading & Distributors,-1.69,"REDINGTON, MMTC",52.0
2026-03-03,Trading - Gas,-5.18,AEGISLOG,45.0
2026-03-03,Trading - Minerals,3.12,ADANIENT,61.0
2026-03-03,Tyres & Rubber Products,-1.628,"BALKRISIND, MRF, JKTYRE",52.0
2026-03-03,Utilities,-11.3317,"PTC, KPIGREEN, RTNPOWER",34.0
2026-03-03,Zinc,12.29,HINDZINC,78.0
2026-03-04,Aerospace & Defense,3.075,"DATAPATTNS, BEL, ZENTEC",60.0
2026-03-04,Agricultural Food & other Products,6.1143,"BALRAMCHIN, TRIVENI, GODREJAGRO",69.0
2026-03-04,"Agricultural, Commercial & Construction Vehicles",0.8075,"ASHOKLEY, ACE, BEML",53.0
2026-03-04,Auto Components,0.4743,"BHARATFORG, TIINDIA, SCHAEFFLER",52.0
2026-03-04,Automobiles,0.4917,"FORCEMOT, ATHERENERG, EICHERMOT",52.0
2026-03-04,Banks,6.8327,"BANDHANBNK, SBIN, UNIONBANK",71.0
2026-03-04,Beverages,-1.6575,"UBL, UNITDSPR, VBL",45.0
2026-03-04,Capital Markets,-1.7407,"ABSLAMC, MCX, NAM-INDIA",45.0
2026-03-04,Cement & Cement Products,-1.397,"RAMCOCEM, ULTRACEMCO, JKCEMENT",46.0
2026-03-04,Chemicals & Petrochemicals,0.351,"LINDEINDIA, SOLARINDS, ATUL",51.0
2026-03-04,Cigarettes & Tobacco Products,-5.86,GODFRYPHLP,33.0
2026-03-04,Commercial Services & Supplies,-9.54,"IGIL, REDINGTON, MMTC",22.0
2026-03-04,Construction,-3.9883,"ENGINERSIN, TECHNOE, LT",38.0
2026-03-04,Consumable Fuels,12.86,COALINDIA,89.0
2026-03-04,Consumer Durables,-2.2736,"DYNAMATECH, SANSERA, AMBER",43.0
2026-03-04,Diversified,-2.8529,"3MINDIA, BAJAJHLDNG, BAJAJFINSV",42.0
2026-03-04,Diversified FMCG,0.6721,"AVANTIFEED, GAEL, MANORAMA",52.0
2026-03-04,Diversified Metals,-2.1002,"VEDL, NEOGEN, GRWRHITECH",44.0
2026-03-04,Electrical Equipment,7.7752,"FINCABLES, KEI, GVT&D",74.0
2026-03-04,Entertainment,-1.52,"PVRINOX, SAREGAMA",46.0
2026-03-04,Ferrous Metals,6.4271,"APLAPOLLO, SAIL, TATASTEEL",70.0
2026-03-04,Fertilizers & Agrochemicals,-3.8025,"BAYERCROP, CHAMBLFERT, PIIND",39.0
2026-03-04,Finance,-1.9523,"SHRIRAMFIN, ANANDRATHI, SUNDARMFIN",44.0
2026-03-04,Financial Technology (Fintech),-9.5775,"INDIAMART, POLICYBZR, PAYTM",22.0
2026-03-04,Food Products,-1.0571,"MARICO, BRITANNIA, NESTLEIND",47.0
2026-03-04,Gas,-0.9837,"GUJGASLTD, MGL, PETRONET",47.0
2026-03-04,Healthcare Equipment & Supplies,-7.71,POLYMED,27.0
2026-03-04,Healthcare Services,-1.0351,"KIMS, APOLLOHOSP, ASTERDM",47.0
2026-03-04,Household Products,-0.92,JYOTHYLAB,48.0
2026-03-04,IT - Services,-6.2208,"STLTECH, KRN, NETWEB",32.0
2026-03-04,IT - Software,-16.7805,"BSOFT, OFSS, TCS",0.0
2026-03-04,Industrial Manufacturing,-3.2059,"MTARTECH, KIRLOSENG, TDPOWERSYS",41.0
2026-03-04,Industrial Products,2.3021,"ASTRAL, SUPREMEIND, PRAJIND",57.0
2026-03-04,Insurance,0.866,"MFSL, ICICIPRULI, LICI",53.0
2026-03-04,Leisure Services,-5.8536,"THELEELA, DEVYANI, VENTIVE",33.0
2026-03-04,Media,4.05,"SUNTV, ZEEL",62.0
2026-03-04,Metals & Minerals Trading,2.8,ADANIENT,59.0
2026-03-04,Non - Ferrous Metals,16.58,"HINDCOPPER, NATIONALUM, HINDZINC",100.0
2026-03-04,Oil,4.2875,"ONGC, OIL, GMRP&UI",63.0
2026-03-04,Other Construction Materials,-1.1357,"LLOYDSME, NMDC, KAJARIACER",47.0
2026-03-04,Other Utilities,6.18,ADANIENSOL,69.0
2026-03-04,"Paper, Forest & Jute Products",-6.75,ABREL,30.0
2026-03-04,Personal Products,1.4614,"HONASA, COLPAL, GODREJCP",55.0
2026-03-04,Petroleum Products,2.5987,"MRPL, CHENNPETRO, IOC",58.0
2026-03-04,Pharmaceuticals & Biotechnology,3.1495,"SAILIFE, JBCHEPHARM, TORNTPHARM",60.0
2026-03-04,Power,-2.3257,"TORNTPOWER, NTPC, NAVA",43.0
2026-03-04,Realty,-5.3689,"HEMIPROP, GODREJPROP, PHOENIXLTD",34.0
2026-03-04,Retailing,-6.685,"NYKAA, DMART, TRENT",30.0
2026-03-04,Telecom - Equipment & Accessories,12.78,"TEJASNET, ITI",89.0
2026-03-04,Telecom - Services,-6.5486,"INDUSTOWER, HFCL, BHARTIHEXA",31.0
2026-03-04,Textiles & Apparels,-3.3312,"VTL, WELSPUNLIV, KPRMILL",40.0
2026-03-04,Transport Infrastructure,-5.276,"ADANIPORTS, GMRAIRPORT, JSWINFRA",34.0
2026-03-04,Transport Services,1.4763,"GESHIP, SCI, BLUEDART",55.0
2026-03-05,Aerospace & Defense,5.99,"DATAPATTNS, BEL, ZENTEC",66.0
2026-03-05,Agricultural Food & other Products,6.8029,"BALRAMCHIN, TRIVENI, GODREJAGRO",68.0
2026-03-05,"Agricultural, Commercial & Construction Vehicles",1.785,"ASHOKLEY, ACE, BEML",55.0
2026-03-05,Auto Components,-0.2504,"BHARATFORG, SCHAEFFLER, TIINDIA",49.0
2026-03-05,Automobiles,0.7358,"FORCEMOT, EICHERMOT, BAJAJ-AUTO",52.0
2026-03-05,Banks,7.5423,"BANDHANBNK, MAHABANK, J&KBANK",70.0
2026-03-05,Beverages,-0.15,"UBL, VBL, UNITDSPR",50.0
2026-03-05,Capital Markets,-1.3993,"ABSLAMC, MCX, BSE",46.0
2026-03-05,Cement & Cement Products,-1.219,"RAMCOCEM, ULTRACEMCO, GRASIM",47.0
2026-03-05,Chemicals & Petrochemicals,-0.7376,"LINDEINDIA, SOLARINDS, ATUL",48.0
2026-03-05,Cigarettes & Tobacco Products,-5.6,GODFRYPHLP,35.0
2026-03-05,Commercial Services & Supplies,-10.9117,"IGIL, MMTC, REDINGTON",20.0
2026-03-05,Construction,-3.3592,"ENGINERSIN, TECHNOE, LT",41.0
2026-03-05,Consumable Fuels,15.9,COALINDIA,93.0
2026-03-05,Consumer Durables,-3.14,"SANSERA, DYNAMATECH, AMBER",42.0
2026-03-05,Diversified,-3.7614,"3MINDIA, BAJAJHLDNG, BAJAJFINSV",40.0
2026-03-05,Diversified FMCG,-0.8479,"AVANTIFEED, GAEL, MANORAMA",48.0
2026-03-05,Diversified Metals,-2.3618,"ACUTAAS, VEDL, NEOGEN",44.0
2026-03-05,Electrical Equipment,6.6748,"FINCABLES, POWERINDIA, GVT&D",68.0
2026-03-05,Entertainment,0.845,"PVRINOX, SAREGAMA",52.0
2026-03-05,Ferrous Metals,6.56,"APLAPOLLO, TATASTEEL, SARDAEN",68.0
2026-03-05,Fertilizers & Agrochemicals,-4.3637,"BAYERCROP, CHAMBLFERT, PIIND",38.0
2026-03-05,Finance,-1.9825,"SHRIRAMFIN, PFC, SUNDARMFIN",45.0
2026-03-05,Financial Technology (Fintech),-9.11,"POLICYBZR, INDIAMART, PAYTM",25.0
2026-03-05,Food Products,-0.8471,"MARICO, BRITANNIA, NESTLEIND",48.0
2026-03-05,Gas,-0.9738,"PETRONET, MGL, GAIL",47.0
2026-03-05,Healthcare Equipment & Supplies,-14.21,POLYMED,11.0
2026-03-05,Healthcare Services,-1.6311,"ASTERDM, APOLLOHOSP, KIMS",46.0
2026-03-05,Household Products,-0.67,JYOTHYLAB,48.0
2026-03-05,IT - Services,-8.1027,"STLTECH, KRN, ASTRAMICRO",28.0
2026-03-05,IT - Software,-18.4462,"BSOFT, OFSS, TATAELXSI",0.0
2026-03-05,Industrial Manufacturing,-3.6979,"KIRLOSENG, MTARTECH, ISGEC",40.0
2026-03-05,Industrial Products,2.1721,"ASTRAL, SUPREMEIND, FINPIPE",56.0
2026-03-05,Insurance,1.082,"MFSL, ICICIPRULI, ICICIGI",53.0
2026-03-05,Leisure Services,-6.6286,"THELEELA, VENTIVE, DEVYANI",32.0
2026-03-05,Media,4.24,"SUNTV, ZEEL",62.0
2026-03-05,Metals & Minerals Trading,-0.95,ADANIENT,47.0
2026-03-05,Non - Ferrous Metals,18.4325,"NATIONALUM, HINDCOPPER, HINDALCO",100.0
2026-03-05,Oil,4.3625,"ONGC, OIL, GMRP&UI",62.0
2026-03-05,Other Construction Materials,-0.9871,"NMDC, LLOYDSME, GMDCLTD",47.0
2026-03-05,Other Utilities,4.99,ADANIENSOL,64.0
2026-03-05,"Paper, Forest & Jute Products",-8.81,ABREL,26.0
2026-03-05,Personal Products,2.6657,"HONASA, COLPAL, GODREJCP",57.0
2026-03-05,Petroleum Products,3.2737,"MRPL, CHENNPETRO, IOC",59.0
2026-03-05,Pharmaceuticals & Biotechnology,3.1838,"SAILIFE, JBCHEPHARM, NATCOPHARM",59.0
2026-03-05,Power,-1.8681,"TORNTPOWER, NTPC, ACMESOLAR",45.0
2026-03-05,Realty,-5.9483,"HEMIPROP, MAXESTATES, PHOENIXLTD",34.0
2026-03-05,Retailing,-6.525,"NYKAA, DMART, TRENT",32.0
2026-03-05,Telecom - Equipment & Accessories,11.31,"TEJASNET, ITI",81.0
2026-03-05,Telecom - Services,-5.9479,"INDUSTOWER, HFCL, BHARTIHEXA",34.0
2026-03-05,Textiles & Apparels,-6.6575,"VTL, PAGEIND, CAMPUS",32.0
2026-03-05,Transport Infrastructure,-2.756,"ADANIPORTS, GMRAIRPORT, JSWINFRA",43.0
2026-03-05,Transport Services,3.0038,"GESHIP, SCI, DELHIVERY",58.0
2026-03-06,Aerospace & Defense,10.9433,"DATAPATTNS, BEL, ZENTEC",80.0
2026-03-06,Agricultural Food & other Products,5.46,"BALRAMCHIN, TRIVENI, GODREJAGRO",64.0
2026-03-06,"Agricultural, Commercial & Construction Vehicles",2.0725,"ASHOKLEY, ACE, BEML",54.0
2026-03-06,Auto Components,0.2287,"BHARATFORG, SCHAEFFLER, RKFORGE",49.0
2026-03-06,Automobiles,0.1833,"FORCEMOT, EICHERMOT, BAJAJ-AUTO",48.0
2026-03-06,Banks,6.4208,"BANDHANBNK, MAHABANK, UNIONBANK",67.0
2026-03-06,Beverages,6.055,"UBL, UNITDSPR, VBL",66.0
2026-03-06,Capital Markets,-1.4129,"ABSLAMC, MCX, BSE",44.0
2026-03-06,Cement & Cement Products,-2.623,"RAMCOCEM, ULTRACEMCO, GRASIM",40.0
2026-03-06,Chemicals & Petrochemicals,0.3633,"SOLARINDS, LINDEINDIA, NAVINFLUOR",49.0
2026-03-06,Cigarettes & Tobacco Products,-5.1,GODFRYPHLP,33.0
2026-03-06,Commercial Services & Supplies,-10.0667,"IGIL, MMTC, REDINGTON",19.0
2026-03-06,Construction,-2.015,"ENGINERSIN, TECHNOE, KPIL",42.0
2026-03-06,Consumable Fuels,13.91,COALINDIA,88.0
2026-03-06,Consumer Durables,-3.4201,"DYNAMATECH, SANSERA, AMBER",38.0
2026-03-06,Diversified,-2.9771,"3MINDIA, BAJAJHLDNG, GODREJIND",39.0
2026-03-06,Diversified FMCG,-1.6093,"AVANTIFEED, GAEL, TI",43.0
2026-03-06,Diversified Metals,-2.1946,"ACUTAAS, VEDL, NEOGEN",42.0
2026-03-06,Electrical Equipment,8.8184,"POWERINDIA, FINCABLES, GVT&D",74.0
2026-03-06,Entertainment,0.555,"PVRINOX, SAREGAMA",50.0
2026-03-06,Ferrous Metals,6.4821,"SARDAEN, APLAPOLLO, TATASTEEL",67.0
2026-03-06,Fertilizers & Agrochemicals,-3.8688,"BAYERCROP, CHAMBLFERT, PIIND",37.0
2026-03-06,Finance,-1.7653,"ANANDRATHI, SHRIRAMFIN, KTKBANK",43.0
2026-03-06,Financial Technology (Fintech),-8.2275,"INDIAMART, POLICYBZR, PAYTM",24.0
2026-03-06,Food Products,0.2571,"MARICO, BRITANNIA, NESTLEIND",49.0
2026-03-06,Gas,-1.1963,"PETRONET, GSPL, GUJGASLTD",44.0
2026-03-06,Healthcare Equipment & Supplies,-10.8,POLYMED,17.0
2026-03-06,Healthcare Services,-0.3791,"ASTERDM, KIMS, APOLLOHOSP",47.0
2026-03-06,Household Products,-1.61,JYOTHYLAB,43.0
2026-03-06,IT - Services,-6.7454,"STLTECH, KRN, ASTRAMICRO",28.0
2026-03-06,IT - Software,-16.5,"OFSS, BSOFT, INFY",0.0
2026-03-06,Industrial Manufacturing,-2.5777,"KIRLOSENG, MTARTECH, TDPOWERSYS",40.0
2026-03-06,Industrial Products,3.3864,"ASTRAL, SUPREMEIND, FINPIPE",58.0
2026-03-06,Insurance,1.411,"GODIGIT, MFSL, ICICIGI",52.0
2026-03-06,Leisure Services,-6.5457,"THELEELA, EIHOTEL, VENTIVE",29.0
2026-03-06,Media,5.275,"SUNTV, ZEEL",63.0
2026-03-06,Metals & Minerals Trading,-2.89,ADANIENT,40.0
2026-03-06,Non - Ferrous Metals,17.935,"NATIONALUM, HINDCOPPER, HINDALCO",100.0
2026-03-06,Oil,4.435,"ONGC, OIL, GMRP&UI",61.0
2026-03-06,Other Construction Materials,-1.0129,"NMDC, KAJARIACER, GMDCLTD",45.0
2026-03-06,Other Utilities,6.21,ADANIENSOL,66.0
2026-03-06,"Paper, Forest & Jute Products",-6.78,ABREL,28.0
2026-03-06,Personal Products,1.9471,"HONASA, COLPAL, GODREJCP",54.0
2026-03-06,Petroleum Products,4.4987,"MRPL, CHENNPETRO, IOC",61.0
2026-03-06,Pharmaceuticals & Biotechnology,4.3019,"SAILIFE, NATCOPHARM, JBCHEPHARM",60.0
2026-03-06,Power,-2.0062,"NTPC, TORNTPOWER, JSWENERGY",42.0
2026-03-06,Realty,-5.7206,"HEMIPROP, PHOENIXLTD, MAXESTATES",31.0
2026-03-06,Retailing,-7.795,"DMART, NYKAA, TRENT",25.0
2026-03-06,Telecom - Equipment & Accessories,7.555,"TEJASNET, ITI",70.0
2026-03-06,Telecom - Services,-5.1886,"INDUSTOWER, HFCL, BHARTIHEXA",33.0
2026-03-06,Textiles & Apparels,-4.9975,"VTL, CAMPUS, PAGEIND",33.0
2026-03-06,Transport Infrastructure,1.488,"JWL, JSWINFRA, ADANIPORTS",52.0
2026-03-06,Transport Services,4.5812,"GESHIP, SCI, MAZDOCK",61.0
2026-03-09,Aerospace & Defense,13.54,"DATAPATTNS, BEL, ZENTEC",87.0
2026-03-09,Agricultural Food & other Products,6.4214,"BALRAMCHIN, CCL, GODREJAGRO",65.0
2026-03-09,"Agricultural, Commercial & Construction Vehicles",-0.1225,"ASHOKLEY, ACE, BEML",45.0
2026-03-09,Auto Components,-0.2326,"BHARATFORG, SCHAEFFLER, TIINDIA",45.0
2026-03-09,Automobiles,-1.1275,"FORCEMOT, EICHERMOT, BAJAJ-AUTO",42.0
2026-03-09,Banks,3.6158,"BANDHANBNK, J&KBANK, MAHABANK",57.0
2026-03-09,Beverages,6.175,"UBL, UNITDSPR, VBL",65.0
2026-03-09,Capital Markets,-0.4257,"MCX, ABSLAMC, BSE",44.0
2026-03-09,Cement & Cement Products,-4.805,"GRASIM, RAMCOCEM, ULTRACEMCO",31.0
2026-03-09,Chemicals & Petrochemicals,-0.5105,"SOLARINDS, LINDEINDIA, NAVINFLUOR",44.0
2026-03-09,Cigarettes & Tobacco Products,-3.85,GODFRYPHLP,34.0
2026-03-09,Commercial Services & Supplies,-9.5567,"IGIL, MMTC, REDINGTON",16.0
2026-03-09,Construction,-2.4375,"ENGINERSIN, TECHNOE, IRB",38.0
2026-03-09,Consumable Fuels,14.87,COALINDIA,91.0
2026-03-09,Consumer Durables,-4.1604,"DYNAMATECH, SANSERA, AMBER",33.0
2026-03-09,Diversified,-4.06,"3MINDIA, BAJAJHLDNG, GODREJIND",33.0
2026-03-09,Diversified FMCG,-0.9779,"AVANTIFEED, GAEL, RENUKA",43.0
2026-03-09,Diversified Metals,-2.1168,"VEDL, ACUTAAS, NEOGEN",39.0
2026-03-09,Electrical Equipment,8.5248,"POWERINDIA, FINCABLES, SCHNEIDER",72.0
2026-03-09,Entertainment,2.64,"PVRINOX, SAREGAMA",54.0
2026-03-09,Ferrous Metals,4.815,"SARDAEN, APLAPOLLO, JINDALSTEL",60.0
2026-03-09,Fertilizers & Agrochemicals,-4.1775,"BAYERCROP, CHAMBLFERT, PIIND",33.0
2026-03-09,Finance,-2.0602,"ANANDRATHI, SUNDARMFIN, SHRIRAMFIN",39.0
2026-03-09,Financial Technology (Fintech),-6.9475,"INDIAMART, POLICYBZR, PAYTM",24.0
2026-03-09,Food Products,-0.7886,"MARICO, BRITANNIA, NESTLEIND",43.0
2026-03-09,Gas,-2.8925,"PETRONET, MGL, GAIL",37.0
2026-03-09,Healthcare Equipment & Supplies,-11.16,POLYMED,12.0
2026-03-09,Healthcare Services,0.3283,"ASTERDM, APOLLOHOSP, KIMS",47.0
2026-03-09,Household Products,-1.15,JYOTHYLAB,42.0
2026-03-09,IT - Services,-6.4615,"STLTECH, KRN, ASTRAMICRO",26.0
2026-03-09,IT - Software,-14.9352,"OFSS, INFY, HCLTECH",0.0
2026-03-09,Industrial Manufacturing,-2.8338,"MTARTECH, KIRLOSENG, ISGEC",37.0
2026-03-09,Industrial Products,3.7243,"ASTRAL, SUPREMEIND, PRAJIND",57.0
2026-03-09,Insurance,1.976,"GODIGIT, MFSL, ICICIGI",52.0
2026-03-09,Leisure Services,-8.0271,"THELEELA, VENTIVE, EIHOTEL",21.0
2026-03-09,Media,3.455,"SUNTV, ZEEL",56.0
2026-03-09,Metals & Minerals Trading,-4.07,ADANIENT,33.0
2026-03-09,Non - Ferrous Metals,17.765,"NATIONALUM, HINDCOPPER, HINDALCO",100.0
2026-03-09,Oil,3.455,"ONGC, OIL, GMRP&UI",56.0
2026-03-09,Other Construction Materials,-1.0529,"NMDC, KAJARIACER, GMDCLTD",42.0
2026-03-09,Other Utilities,5.3,ADANIENSOL,62.0
2026-03-09,"Paper, Forest & Jute Products",-11.29,ABREL,11.0
2026-03-09,Personal Products,0.8514,"HONASA, COLPAL, GILLETTE",48.0
2026-03-09,Petroleum Products,1.5075,"MRPL, CHENNPETRO, CASTROLIND",50.0
2026-03-09,Pharmaceuticals & Biotechnology,5.593,"SAILIFE, NATCOPHARM, ONESOURCE",63.0
2026-03-09,Power,-2.0171,"NTPC, TORNTPOWER, JSWENERGY",40.0
2026-03-09,Realty,-5.9317,"HEMIPROP, MAXESTATES, OBEROIRLTY",28.0
2026-03-09,Retailing,-7.718,"DMART, NYKAA, TRENT",22.0
2026-03-09,Telecom - Equipment & Accessories,2.885,"TEJASNET, ITI",54.0
2026-03-09,Telecom - Services,-4.7664,"INDUSTOWER, HFCL, BHARTIHEXA",31.0
2026-03-09,Textiles & Apparels,-4.9425,"VTL, CAMPUS, PAGEIND",31.0
2026-03-09,Transport Infrastructure,0.642,"JWL, JSWINFRA, ADANIPORTS",48.0
2026-03-09,Transport Services,3.1663,"GESHIP, SCI, DELHIVERY",55.0
2026-03-10,Aerospace & Defense,15.195,"DATAPATTNS, BEL, ZENTEC",86.0
2026-03-10,Agricultural Food & other Products,7.8129,"BALRAMCHIN, CCL, GODREJAGRO",64.0
2026-03-10,"Agricultural, Commercial & Construction Vehicles",3.295,"ASHOKLEY, BEML, ACE",50.0
2026-03-10,Auto Components,1.6974,"BHARATFORG, SCHAEFFLER, TIINDIA",45.0
2026-03-10,Automobiles,2.405,"FORCEMOT, EICHERMOT, BAJAJ-AUTO",47.0
2026-03-10,Banks,6.6323,"BANDHANBNK, J&KBANK, UNIONBANK",60.0
2026-03-10,Beverages,5.8475,"UBL, UNITDSPR, VBL",58.0
2026-03-10,Capital Markets,3.4321,"ABSLAMC, MCX, BSE",50.0
2026-03-10,Cement & Cement Products,-3.95,"GRASIM, ULTRACEMCO, RAMCOCEM",28.0
2026-03-10,Chemicals & Petrochemicals,1.6305,"SOLARINDS, LINDEINDIA, AARTIIND",45.0
2026-03-10,Cigarettes & Tobacco Products,-5.79,GODFRYPHLP,22.0
2026-03-10,Commercial Services & Supplies,-5.8517,"IGIL, REDINGTON, MMTC",22.0
2026-03-10,Construction,0.2083,"ENGINERSIN, TECHNOE, KPIL",40.0
2026-03-10,Consumable Fuels,15.93,COALINDIA,88.0
2026-03-10,Consumer Durables,-1.4894,"SANSERA, DYNAMATECH, AMBER",35.0
2026-03-10,Diversified,-1.9957,"3MINDIA, JMFINANCIL, BAJAJHLDNG",34.0
2026-03-10,Diversified FMCG,0.5443,"AVANTIFEED, GAEL, TI",41.0
2026-03-10,Diversified Metals,0.9496,"NEOGEN, VEDL, ACUTAAS",43.0
2026-03-10,Electrical Equipment,8.9324,"FINCABLES, POWERINDIA, SCHNEIDER",67.0
2026-03-10,Entertainment,3.66,"PVRINOX, SAREGAMA",51.0
2026-03-10,Ferrous Metals,6.8979,"SARDAEN, JINDALSTEL, TATASTEEL",61.0
2026-03-10,Fertilizers & Agrochemicals,2.0488,"BAYERCROP, FACT, CHAMBLFERT",46.0
2026-03-10,Finance,0.8053,"SHRIRAMFIN, KTKBANK, PFC",42.0
2026-03-10,Financial Technology (Fintech),-5.56,"INDIAMART, POLICYBZR, PAYTM",23.0
2026-03-10,Food Products,0.4357,"MARICO, BRITANNIA, NESTLEIND",41.0
2026-03-10,Gas,-2.2163,"PETRONET, GAIL, MGL",33.0
2026-03-10,Healthcare Equipment & Supplies,-10.44,POLYMED,8.0
2026-03-10,Healthcare Services,1.8003,"ASTERDM, APOLLOHOSP, KIMS",45.0
2026-03-10,Household Products,-1.21,JYOTHYLAB,36.0
2026-03-10,IT - Services,-3.0631,"STLTECH, KRN, ASTRAMICRO",30.0
2026-03-10,IT - Software,-13.1,"HAPPSTMNDS, OFSS, BSOFT",0.0
2026-03-10,Industrial Manufacturing,-0.6085,"MTARTECH, KIRLOSENG, ISGEC",38.0
2026-03-10,Industrial Products,7.0086,"ASTRAL, SUPREMEIND, FINPIPE",61.0
2026-03-10,Insurance,2.42,"GODIGIT, MFSL, ICICIGI",47.0
2026-03-10,Leisure Services,-6.8921,"THELEELA, VENTIVE, INDHOTEL",19.0
2026-03-10,Media,3.41,"SUNTV, ZEEL",50.0
2026-03-10,Metals & Minerals Trading,-3.76,ADANIENT,28.0
2026-03-10,Non - Ferrous Metals,19.8125,"NATIONALUM, HINDCOPPER, HINDALCO",100.0
2026-03-10,Oil,4.24,"ONGC, OIL, GMRP&UI",53.0
2026-03-10,Other Construction Materials,0.0586,"NMDC, GMDCLTD, KAJARIACER",40.0
2026-03-10,Other Utilities,7.61,ADANIENSOL,63.0
2026-03-10,"Paper, Forest & Jute Products",-12.78,ABREL,1.0
2026-03-10,Personal Products,1.9886,"HONASA, COLPAL, GILLETTE",46.0
2026-03-10,Petroleum Products,1.5975,"MRPL, CHENNPETRO, CASTROLIND",45.0
2026-03-10,Pharmaceuticals & Biotechnology,7.19,"NATCOPHARM, SAILIFE, JBCHEPHARM",62.0
2026-03-10,Power,0.2962,"NTPC, TORNTPOWER, JSWENERGY",41.0
2026-03-10,Realty,-4.0367,"HEMIPROP, OBEROIRLTY, TARC",28.0
2026-03-10,Retailing,-6.209,"DMART, NYKAA, TRENT",21.0
2026-03-10,Telecom - Equipment & Accessories,8.77,"TEJASNET, ITI",66.0
2026-03-10,Telecom - Services,-2.4143,"INDUSTOWER, HFCL, NAZARA",32.0
2026-03-10,Textiles & Apparels,-4.2712,"VTL, PAGEIND, CAMPUS",27.0
2026-03-10,Transport Infrastructure,2.538,"JWL, JSWINFRA, GMRAIRPORT",48.0
2026-03-10,Transport Services,6.9025,"GESHIP, SCI, MAZDOCK",61.0
2026-03-11,Aerospace & Defense,12.9583,"DATAPATTNS, BEL, ZENTEC",77.0
2026-03-11,Agricultural Food & other Products,6.5857,"BALRAMCHIN, CCL, GODREJAGRO",58.0
2026-03-11,"Agricultural, Commercial & Construction Vehicles",2.3025,"ASHOKLEY, BEML, ESCORTS",45.0
2026-03-11,Auto Components,1.5322,"BHARATFORG, SCHAEFFLER, TIINDIA",43.0
2026-03-11,Automobiles,1.0433,"FORCEMOT, ATHERENERG, EICHERMOT",41.0
2026-03-11,Banks,5.595,"J&KBANK, BANDHANBNK, MAHABANK",55.0
2026-03-11,Beverages,6.17,"UBL, RADICO, UNITDSPR",57.0
2026-03-11,Capital Markets,3.1579,"ABSLAMC, MCX, BSE",47.0
2026-03-11,Cement & Cement Products,-3.293,"GRASIM, ULTRACEMCO, RAMCOCEM",28.0
2026-03-11,Chemicals & Petrochemicals,1.0614,"SOLARINDS, LINDEINDIA, AARTIIND",41.0
2026-03-11,Cigarettes & Tobacco Products,-2.81,GODFRYPHLP,29.0
2026-03-11,Commercial Services & Supplies,-5.765,"IGIL, MMTC, REDINGTON",21.0
2026-03-11,Construction,0.2217,"ENGINERSIN, TECHNOE, KPIL",39.0
2026-03-11,Consumable Fuels,17.77,COALINDIA,92.0
2026-03-11,Consumer Durables,-2.4079,"SANSERA, CIEINDIA, BELRISE",31.0
2026-03-11,Diversified,-3.1,"3MINDIA, BAJAJHLDNG, JMFINANCIL",29.0
2026-03-11,Diversified FMCG,0.4071,"AVANTIFEED, GAEL, TI",39.0
2026-03-11,Diversified Metals,1.391,"NEOGEN, VEDL, ACUTAAS",42.0
2026-03-11,Electrical Equipment,8.2808,"SCHNEIDER, POWERINDIA, FINCABLES",63.0
2026-03-11,Entertainment,3.57,"PVRINOX, SAREGAMA",49.0
2026-03-11,Ferrous Metals,9.3,"JINDALSAW, SARDAEN, JINDALSTEL",66.0
2026-03-11,Fertilizers & Agrochemicals,2.3838,"FACT, BAYERCROP, CHAMBLFERT",45.0
2026-03-11,Finance,0.2272,"KTKBANK, PFC, SHRIRAMFIN",39.0
2026-03-11,Financial Technology (Fintech),-6.12,"INDIAMART, POLICYBZR, PAYTM",19.0
2026-03-11,Food Products,0.9943,"MARICO, BRITANNIA, NESTLEIND",41.0
2026-03-11,Gas,1.8612,"ATGL, PETRONET, GSPL",44.0
2026-03-11,Healthcare Equipment & Supplies,-9.6,POLYMED,9.0
2026-03-11,Healthcare Services,2.3263,"ASTERDM, APOLLOHOSP, ALIVUS",45.0
2026-03-11,Household Products,-2.68,JYOTHYLAB,30.0
2026-03-11,IT - Services,-2.8223,"STLTECH, KRN, ASTRAMICRO",29.0
2026-03-11,IT - Software,-12.5405,"HAPPSTMNDS, OFSS, BSOFT",0.0
2026-03-11,Industrial Manufacturing,0.1367,"MTARTECH, KIRLOSENG, ISGEC",38.0
2026-03-11,Industrial Products,7.0329,"ASTRAL, SUPREMEIND, TIMKEN",59.0
2026-03-11,Insurance,2.824,"GODIGIT, MFSL, ICICIGI",46.0
2026-03-11,Leisure Services,-6.5107,"THELEELA, VENTIVE, EIHOTEL",18.0
2026-03-11,Media,2.48,"SUNTV, ZEEL",45.0
2026-03-11,Metals & Minerals Trading,-4.09,ADANIENT,26.0
2026-03-11,Non - Ferrous Metals,20.5625,"NATIONALUM, HINDCOPPER, HINDALCO",100.0
2026-03-11,Oil,6.6,"OIL, ONGC, GMRP&UI",58.0
2026-03-11,Other Construction Materials,1.39,"NMDC, GMDCLTD, KAJARIACER",42.0
2026-03-11,Other Utilities,7.02,ADANIENSOL,59.0
2026-03-11,"Paper, Forest & Jute Products",-12.56,ABREL,0.0
2026-03-11,Personal Products,1.28,"HONASA, COLPAL, GILLETTE",42.0
2026-03-11,Petroleum Products,1.4312,"MRPL, CASTROLIND, CHENNPETRO",42.0
2026-03-11,Pharmaceuticals & Biotechnology,7.8965,"NATCOPHARM, GLENMARK, JBCHEPHARM",62.0
2026-03-11,Power,1.5986,"NTPC, TORNTPOWER, JSWENERGY",43.0
2026-03-11,Realty,-4.5983,"HEMIPROP, OBEROIRLTY, TARC",24.0
2026-03-11,Retailing,-7.092,"DMART, NYKAA, TRENT",17.0
2026-03-11,Telecom - Equipment & Accessories,8.37,"TEJASNET, ITI",63.0
2026-03-11,Telecom - Services,-3.1221,"HFCL, INDUSTOWER, NAZARA",28.0
2026-03-11,Textiles & Apparels,-3.9463,"VTL, PAGEIND, CAMPUS",26.0
2026-03-11,Transport Infrastructure,1.416,"JSWINFRA, JWL, GMRAIRPORT",42.0
2026-03-11,Transport Services,5.8325,"GESHIP, MAZDOCK, DELHIVERY",56.0
2026-03-12,Aerospace & Defense,13.5133,"DATAPATTNS, BEL, ZENTEC",72.0
2026-03-12,Agricultural Food & other Products,5.9129,"BALRAMCHIN, CCL, GODREJAGRO",51.0
2026-03-12,"Agricultural, Commercial & Construction Vehicles",1.4375,"ASHOKLEY, BEML, ACE",38.0
2026-03-12,Auto Components,1.943,"BHARATFORG, RKFORGE, SONACOMS",40.0
2026-03-12,Automobiles,-0.4558,"FORCEMOT, ATHERENERG, BAJAJ-AUTO",33.0
2026-03-12,Banks,5.9635,"J&KBANK, BANDHANBNK, UNIONBANK",51.0
2026-03-12,Beverages,4.455,"UBL, RADICO, UNITDSPR",47.0
2026-03-12,Capital Markets,2.7086,"ABSLAMC, MCX, BSE",42.0
2026-03-12,Cement & Cement Products,-2.77,"GRASIM, DALBHARAT, JKCEMENT",27.0
2026-03-12,Chemicals & Petrochemicals,2.3819,"LINDEINDIA, SOLARINDS, AARTIIND",41.0
2026-03-12,Cigarettes & Tobacco Products,-3.98,GODFRYPHLP,24.0
2026-03-12,Commercial Services & Supplies,-4.53,"IGIL, MMTC, REDINGTON",22.0
2026-03-12,Construction,1.0808,"ENGINERSIN, TECHNOE, KPIL",38.0
2026-03-12,Consumable Fuels,23.87,COALINDIA,100.0
2026-03-12,Consumer Durables,-2.175,"SANSERA, BELRISE, SKYGOLD",29.0
2026-03-12,Diversified,-3.0214,"3MINDIA, JMFINANCIL, BAJAJHLDNG",26.0
2026-03-12,Diversified FMCG,0.9079,"AVANTIFEED, TI, GAEL",37.0
2026-03-12,Diversified Metals,2.0628,"NEOGEN, VEDL, ACUTAAS",40.0
2026-03-12,Electrical Equipment,9.5028,"SCHNEIDER, POWERINDIA, ABB",61.0
2026-03-12,Entertainment,3.98,"SAREGAMA, PVRINOX",45.0
2026-03-12,Ferrous Metals,10.4071,"JINDALSAW, JINDALSTEL, SARDAEN",63.0
2026-03-12,Fertilizers & Agrochemicals,1.9938,"FACT, BAYERCROP, CHAMBLFERT",40.0
2026-03-12,Finance,0.2366,"KTKBANK, PFC, SHRIRAMFIN",35.0
2026-03-12,Financial Technology (Fintech),-5.295,"INDIAMART, POLICYBZR, PAYTM",20.0
2026-03-12,Food Products,0.9257,"MARICO, BRITANNIA, NESTLEIND",37.0
2026-03-12,Gas,4.1313,"ATGL, PETRONET, GUJGASLTD",46.0
2026-03-12,Healthcare Equipment & Supplies,-10.09,POLYMED,7.0
2026-03-12,Healthcare Services,2.1249,"ASTERDM, APOLLOHOSP, STAR",40.0
2026-03-12,Household Products,-4.3,JYOTHYLAB,23.0
2026-03-12,IT - Services,-2.1058,"STLTECH, KRN, ASTRAMICRO",29.0
2026-03-12,IT - Software,-11.7857,"HAPPSTMNDS, OFSS, ZENSARTECH",2.0
2026-03-12,Industrial Manufacturing,0.3339,"KIRLOSENG, MTARTECH, ELECTCAST",35.0
2026-03-12,Industrial Products,7.5857,"ASTRAL, SUPREMEIND, TIMKEN",55.0
2026-03-12,Insurance,3.363,"GODIGIT, STARHEALTH, MFSL",44.0
2026-03-12,Leisure Services,-5.9586,"THELEELA, EIHOTEL, VENTIVE",18.0
2026-03-12,Media,3.615,"SUNTV, ZEEL",44.0
2026-03-12,Metals & Minerals Trading,-1.0,ADANIENT,32.0
2026-03-12,Non - Ferrous Metals,21.0725,"NATIONALUM, HINDCOPPER, HINDALCO",92.0
2026-03-12,Oil,6.305,"OIL, ONGC, GMRP&UI",52.0
2026-03-12,Other Construction Materials,2.6886,"NMDC, GMDCLTD, LLOYDSME",42.0
2026-03-12,Other Utilities,9.07,ADANIENSOL,59.0
2026-03-12,"Paper, Forest & Jute Products",-12.6,ABREL,0.0
2026-03-12,Personal Products,-0.1457,"HONASA, GILLETTE, COLPAL",34.0
2026-03-12,Petroleum Products,3.1387,"MRPL, CHENNPETRO, CASTROLIND",43.0
2026-03-12,Pharmaceuticals & Biotechnology,8.0586,"NATCOPHARM, GLENMARK, AUROPHARMA",57.0
2026-03-12,Power,6.2243,"NTPC, JSWENERGY, TORNTPOWER",52.0
2026-03-12,Realty,-5.9211,"HEMIPROP, OBEROIRLTY, SOBHA",18.0
2026-03-12,Retailing,-7.967,"DMART, NYKAA, TRENT",13.0
2026-03-12,Telecom - Equipment & Accessories,7.35,"TEJASNET, ITI",55.0
2026-03-12,Telecom - Services,-2.7171,"HFCL, INDUSTOWER, NAZARA",27.0
2026-03-12,Textiles & Apparels,-1.9387,"VTL, KPRMILL, CAMPUS",29.0
2026-03-12,Transport Infrastructure,1.814,"JSWINFRA, JWL, GMRAIRPORT",40.0
2026-03-12,Transport Services,6.9875,"GESHIP, SCI, MAZDOCK",54.0
2026-03-13,Aerospace & Defense,11.185,"DATAPATTNS, BEL, ZENTEC",63.0
2026-03-13,Agricultural Food & other Products,5.9214,"BALRAMCHIN, CCL, GODREJAGRO",50.0
2026-03-13,"Agricultural, Commercial & Construction Vehicles",-0.1325,"ASHOKLEY, ACE, BEML",35.0
2026-03-13,Auto Components,-0.6443,"BHARATFORG, RKFORGE, SCHAEFFLER",34.0
2026-03-13,Automobiles,-2.2475,"ATHERENERG, FORCEMOT, BAJAJ-AUTO",30.0
2026-03-13,Banks,4.1454,"J&KBANK, BANDHANBNK, UNIONBANK",46.0
2026-03-13,Beverages,3.3275,"UBL, RADICO, UNITDSPR",44.0
2026-03-13,Capital Markets,1.6336,"ABSLAMC, MCX, BSE",40.0
2026-03-13,Cement & Cement Products,-4.168,"GRASIM, RAMCOCEM, DALBHARAT",25.0
2026-03-13,Chemicals & Petrochemicals,1.319,"LINDEINDIA, SOLARINDS, ATUL",39.0
2026-03-13,Cigarettes & Tobacco Products,-4.18,GODFRYPHLP,25.0
2026-03-13,Commercial Services & Supplies,-4.6567,"IGIL, MMTC, REDINGTON",24.0
2026-03-13,Construction,-0.5758,"ENGINERSIN, TECHNOE, IRB",34.0
2026-03-13,Consumable Fuels,25.77,COALINDIA,100.0
2026-03-13,Consumer Durables,-3.0889,"SKYGOLD, CIEINDIA, THANGAMAYL",28.0
2026-03-13,Diversified,-3.4529,"3MINDIA, DCMSHRIRAM, BAJAJHLDNG",27.0
2026-03-13,Diversified FMCG,0.4764,"AVANTIFEED, GAEL, TI",37.0
2026-03-13,Diversified Metals,1.0736,"VEDL, NEOGEN, ACUTAAS",38.0
2026-03-13,Electrical Equipment,8.2708,"SCHNEIDER, ABB, POWERINDIA",56.0
2026-03-13,Entertainment,2.48,"SAREGAMA, PVRINOX",42.0
2026-03-13,Ferrous Metals,8.06,"JINDALSAW, SARDAEN, JINDALSTEL",56.0
2026-03-13,Fertilizers & Agrochemicals,2.2412,"FACT, BAYERCROP, CHAMBLFERT",41.0
2026-03-13,Finance,0.9315,"KTKBANK, PFC, SHRIRAMFIN",38.0
2026-03-13,Financial Technology (Fintech),-4.5525,"INDIAMART, POLICYBZR, PAYTM",24.0
2026-03-13,Food Products,0.8543,"MARICO, BRITANNIA, NESTLEIND",38.0
2026-03-13,Gas,2.3563,"ATGL, PETRONET, MGL",41.0
2026-03-13,Healthcare Equipment & Supplies,-8.52,POLYMED,14.0
2026-03-13,Healthcare Services,1.288,"ASTERDM, STAR, ALIVUS",39.0
2026-03-13,Household Products,-6.49,JYOTHYLAB,19.0
2026-03-13,IT - Services,-3.2427,"STLTECH, KRN, ASTRAMICRO",27.0
2026-03-13,IT - Software,-11.559,"HAPPSTMNDS, OFSS, ZENSARTECH",6.0
2026-03-13,Industrial Manufacturing,-0.8075,"KIRLOSENG, MTARTECH, VOLTAMP",33.0
2026-03-13,Industrial Products,5.21,"TIMKEN, SUPREMEIND, ASTRAL",48.0
2026-03-13,Insurance,3.114,"GODIGIT, STARHEALTH, ICICIGI",43.0
2026-03-13,Leisure Services,-6.5986,"THELEELA, EIHOTEL, VENTIVE",19.0
2026-03-13,Media,0.48,"SUNTV, ZEEL",37.0
2026-03-13,Metals & Minerals Trading,-2.08,ADANIENT,30.0
2026-03-13,Non - Ferrous Metals,15.9425,"NATIONALUM, HINDCOPPER, HINDALCO",75.0
2026-03-13,Oil,4.84,"OIL, ONGC, GMRP&UI",48.0
2026-03-13,Other Construction Materials,0.7086,"NMDC, GMDCLTD, KAJARIACER",37.0
2026-03-13,Other Utilities,8.37,ADANIENSOL,56.0
2026-03-13,"Paper, Forest & Jute Products",-14.13,ABREL,0.0
2026-03-13,Personal Products,-0.1157,"HONASA, GILLETTE, COLPAL",35.0
2026-03-13,Petroleum Products,2.68,"MRPL, CASTROLIND, CHENNPETRO",42.0
2026-03-13,Pharmaceuticals & Biotechnology,6.9024,"JBCHEPHARM, AUROPHARMA, TORNTPHARM",53.0
2026-03-13,Power,6.2876,"ACMESOLAR, NTPC, NTPCGREEN",51.0
2026-03-13,Realty,-6.2483,"HEMIPROP, OBEROIRLTY, PHOENIXLTD",20.0
2026-03-13,Retailing,-7.641,"DMART, NYKAA, TRENT",16.0
2026-03-13,Telecom - Equipment & Accessories,5.39,"TEJASNET, ITI",49.0
2026-03-13,Telecom - Services,-4.005,"HFCL, INDUSTOWER, NAZARA",25.0
2026-03-13,Textiles & Apparels,-1.5463,"VTL, KPRMILL, CAMPUS",32.0
2026-03-13,Transport Infrastructure,0.332,"JSWINFRA, GMRAIRPORT, JWL",36.0
2026-03-13,Transport Services,5.7,"GESHIP, SCI, DELHIVERY",50.0
2026-03-16,Aerospace & Defense,9.2667,"DATAPATTNS, ZENTEC, BEL",65.0
2026-03-16,Agricultural Food & other Products,4.42,"BALRAMCHIN, CCL, TATACONSUM",53.0
2026-03-16,"Agricultural, Commercial & Construction Vehicles",-2.3525,"ASHOKLEY, ACE, BEML",36.0
2026-03-16,Auto Components,-1.6291,"BHARATFORG, RKFORGE, SCHAEFFLER",38.0
2026-03-16,Automobiles,-1.7958,"ATHERENERG, FORCEMOT, BAJAJ-AUTO",38.0
2026-03-16,Banks,2.8365,"J&KBANK, UNIONBANK, INDIANB",49.0
2026-03-16,Beverages,2.4925,"UBL, RADICO, UNITDSPR",48.0
2026-03-16,Capital Markets,0.6679,"ABSLAMC, MCX, BSE",44.0
2026-03-16,Cement & Cement Products,-4.078,"GRASIM, RAMCOCEM, ULTRACEMCO",32.0
2026-03-16,Chemicals & Petrochemicals,0.01,"LINDEINDIA, SOLARINDS, AARTIIND",42.0
2026-03-16,Cigarettes & Tobacco Products,-5.33,GODFRYPHLP,29.0
2026-03-16,Commercial Services & Supplies,-5.8167,"IGIL, DOMS, MMTC",28.0
2026-03-16,Construction,-2.055,"ENGINERSIN, TECHNOE, IRB",37.0
2026-03-16,Consumable Fuels,23.57,COALINDIA,100.0
2026-03-16,Consumer Durables,-4.4071,"CIEINDIA, SANSERA, ARVIND",31.0
2026-03-16,Diversified,-3.8457,"3MINDIA, DCMSHRIRAM, BAJAJHLDNG",33.0
2026-03-16,Diversified FMCG,-0.4629,"AVANTIFEED, ZYDUSWELL, GAEL",41.0
2026-03-16,Diversified Metals,-0.6412,"NEOGEN, ACUTAAS, AETHER",41.0
2026-03-16,Electrical Equipment,6.5916,"THERMAX, SCHNEIDER, POWERINDIA",58.0
2026-03-16,Entertainment,4.865,"SAREGAMA, PVRINOX",54.0
2026-03-16,Ferrous Metals,5.8771,"JINDALSAW, MAHSEAMLES, JINDALSTEL",57.0
2026-03-16,Fertilizers & Agrochemicals,0.0125,"FACT, BAYERCROP, CHAMBLFERT",42.0
2026-03-16,Finance,-0.3898,"PFC, KTKBANK, ANANDRATHI",41.0
2026-03-16,Financial Technology (Fintech),-4.47,"INDIAMART, POLICYBZR, PAYTM",31.0
2026-03-16,Food Products,0.1414,"MARICO, BRITANNIA, NESTLEIND",43.0
2026-03-16,Gas,0.2788,"PETRONET, ATGL, GSPL",43.0
2026-03-16,Healthcare Equipment & Supplies,-7.46,POLYMED,24.0
2026-03-16,Healthcare Services,-0.6023,"ASTERDM, STAR, ALIVUS",41.0
2026-03-16,Household Products,-8.72,JYOTHYLAB,21.0
2026-03-16,IT - Services,-4.8923,"STLTECH, KRN, ASTRAMICRO",30.0
2026-03-16,IT - Software,-11.5219,"HAPPSTMNDS, OFSS, ZENSARTECH",14.0
2026-03-16,Industrial Manufacturing,-2.559,"KIRLOSENG, MTARTECH, ISGEC",36.0
2026-03-16,Industrial Products,4.0779,"TIMKEN, SUPREMEIND, ASTRAL",52.0
2026-03-16,Insurance,1.692,"GODIGIT, STARHEALTH, ICICIGI",46.0
2026-03-16,Leisure Services,-7.4986,"THELEELA, EIHOTEL, VENTIVE",24.0
2026-03-16,Media,-2.5,"SUNTV, ZEEL",36.0
2026-03-16,Metals & Minerals Trading,-1.98,ADANIENT,37.0
2026-03-16,Non - Ferrous Metals,9.285,"NATIONALUM, HINDALCO, HINDCOPPER",65.0
2026-03-16,Oil,4.4875,"OIL, ONGC, GMRP&UI",53.0
2026-03-16,Other Construction Materials,-1.4957,"NMDC, GMDCLTD, LLOYDSME",39.0
2026-03-16,Other Utilities,7.49,ADANIENSOL,61.0
2026-03-16,"Paper, Forest & Jute Products",-17.2,ABREL,0.0
2026-03-16,Personal Products,-1.0629,"GILLETTE, HONASA, DABUR",40.0
2026-03-16,Petroleum Products,3.7675,"MRPL, CHENNPETRO, CASTROLIND",51.0
2026-03-16,Pharmaceuticals & Biotechnology,5.0995,"JBCHEPHARM, AUROPHARMA, ONESOURCE",55.0
2026-03-16,Power,3.791,"NTPCGREEN, NTPC, ACMESOLAR",51.0
2026-03-16,Realty,-8.7061,"HEMIPROP, MAHLIFE, OBEROIRLTY",21.0
2026-03-16,Retailing,-8.818,"DMART, NYKAA, TRENT",21.0
2026-03-16,Telecom - Equipment & Accessories,13.47,"TEJASNET, ITI",75.0
2026-03-16,Telecom - Services,-4.9207,"HFCL, INDUSTOWER, NAZARA",30.0
2026-03-16,Textiles & Apparels,-3.9438,"VTL, KPRMILL, CAMPUS",33.0
2026-03-16,Transport Infrastructure,-0.904,"JSWINFRA, JWL, GMRAIRPORT",40.0
2026-03-16,Transport Services,3.045,"GESHIP, MAZDOCK, DELHIVERY",50.0
2026-03-17,Aerospace & Defense,11.4083,"DATAPATTNS, ZENTEC, BEL",68.0
2026-03-17,Agricultural Food & other Products,2.8986,"CCL, BALRAMCHIN, LTFOODS",47.0
2026-03-17,"Agricultural, Commercial & Construction Vehicles",-3.395,"ASHOKLEY, ACE, BEML",32.0
2026-03-17,Auto Components,-1.53,"BHARATFORG, SCHAEFFLER, SONACOMS",36.0
2026-03-17,Automobiles,-1.74,"ATHERENERG, FORCEMOT, BAJAJ-AUTO",36.0
2026-03-17,Banks,2.0704,"J&KBANK, UNIONBANK, INDIANB",45.0
2026-03-17,Beverages,0.8325,"UBL, RADICO, UNITDSPR",42.0
2026-03-17,Capital Markets,1.7643,"MCX, ABSLAMC, BSE",45.0
2026-03-17,Cement & Cement Products,-4.225,"GRASIM, JKCEMENT, SHREECEM",30.0
2026-03-17,Chemicals & Petrochemicals,-0.8405,"LINDEINDIA, SOLARINDS, AARTIIND",38.0
2026-03-17,Cigarettes & Tobacco Products,-6.15,GODFRYPHLP,25.0
2026-03-17,Commercial Services & Supplies,-5.8167,"IGIL, MMTC, DOMS",26.0
2026-03-17,Construction,-3.0,"TECHNOE, IRB, ENGINERSIN",33.0
2026-03-17,Consumable Fuels,24.19,COALINDIA,100.0
2026-03-17,Consumer Durables,-4.3114,"CIEINDIA, SANSERA, THANGAMAYL",29.0
2026-03-17,Diversified,-3.9143,"3MINDIA, DCMSHRIRAM, BAJAJHLDNG",30.0
2026-03-17,Diversified FMCG,-1.18,"AVANTIFEED, ZYDUSWELL, GAEL",37.0
2026-03-17,Diversified Metals,-0.001,"ACUTAAS, VEDL, NEOGEN",40.0
2026-03-17,Electrical Equipment,7.1384,"POWERINDIA, SCHNEIDER, ABB",58.0
2026-03-17,Entertainment,5.925,"SAREGAMA, PVRINOX",55.0
2026-03-17,Ferrous Metals,7.9314,"JINDALSAW, SAIL, JINDALSTEL",60.0
2026-03-17,Fertilizers & Agrochemicals,0.0837,"FACT, BAYERCROP, CHAMBLFERT",40.0
2026-03-17,Finance,-0.8025,"PFC, KTKBANK, SHRIRAMFIN",38.0
2026-03-17,Financial Technology (Fintech),-4.6525,"INDIAMART, POLICYBZR, PAYTM",29.0
2026-03-17,Food Products,-0.1357,"MARICO, BRITANNIA, NESTLEIND",40.0
2026-03-17,Gas,0.1138,"PETRONET, ATGL, IGL",40.0
2026-03-17,Healthcare Equipment & Supplies,-7.9,POLYMED,21.0
2026-03-17,Healthcare Services,-0.6866,"ASTERDM, ALIVUS, INNOVACAP",38.0
2026-03-17,Household Products,-10.54,JYOTHYLAB,14.0
2026-03-17,IT - Services,-4.6777,"STLTECH, KRN, ASTRAMICRO",29.0
2026-03-17,IT - Software,-12.071,"HAPPSTMNDS, ZENSARTECH, OFSS",10.0
2026-03-17,Industrial Manufacturing,-3.071,"MTARTECH, KIRLOSENG, TDPOWERSYS",33.0
2026-03-17,Industrial Products,4.245,"SUPREMEIND, TIMKEN, ASTRAL",51.0
2026-03-17,Insurance,1.423,"GODIGIT, STARHEALTH, GICRE",44.0
2026-03-17,Leisure Services,-7.8936,"THELEELA, EIHOTEL, VENTIVE",21.0
2026-03-17,Media,-2.52,"SUNTV, ZEEL",34.0
2026-03-17,Metals & Minerals Trading,-1.43,ADANIENT,37.0
2026-03-17,Non - Ferrous Metals,14.31,"NATIONALUM, HINDALCO, HINDCOPPER",76.0
2026-03-17,Oil,5.2675,"OIL, ONGC, GMRP&UI",53.0
2026-03-17,Other Construction Materials,0.7414,"NMDC, LLOYDSME, GMDCLTD",42.0
2026-03-17,Other Utilities,7.86,ADANIENSOL,60.0
2026-03-17,"Paper, Forest & Jute Products",-16.23,ABREL,0.0
2026-03-17,Personal Products,-2.8571,"GILLETTE, HONASA, COLPAL",33.0
2026-03-17,Petroleum Products,3.415,"CHENNPETRO, MRPL, CASTROLIND",49.0
2026-03-17,Pharmaceuticals & Biotechnology,5.0238,"JBCHEPHARM, ONESOURCE, AUROPHARMA",53.0
2026-03-17,Power,3.9971,"NTPC, ADANIPOWER, ACMESOLAR",50.0
2026-03-17,Realty,-8.2528,"HEMIPROP, OBEROIRLTY, PHOENIXLTD",20.0
2026-03-17,Retailing,-8.687,"DMART, NYKAA, TRENT",19.0
2026-03-17,Telecom - Equipment & Accessories,12.605,"TEJASNET, ITI",71.0
2026-03-17,Telecom - Services,-4.7607,"HFCL, INDUSTOWER, NAZARA",28.0
2026-03-17,Textiles & Apparels,-4.7662,"VTL, KPRMILL, PAGEIND",28.0
2026-03-17,Transport Infrastructure,-1.338,"JSWINFRA, JWL, GMRAIRPORT",37.0
2026-03-17,Transport Services,4.0387,"GESHIP, MAZDOCK, SCI",50.0
2026-03-18,Aerospace & Defense,12.1567,"DATAPATTNS, ZENTEC, BEL",73.0
2026-03-18,Agricultural Food & other Products,3.11,"CCL, BALRAMCHIN, LTFOODS",43.0
2026-03-18,"Agricultural, Commercial & Construction Vehicles",-1.5425,"ASHOKLEY, BEML, ACE",28.0
2026-03-18,Auto Components,0.4622,"BHARATFORG, SCHAEFFLER, JBMA",34.0
2026-03-18,Automobiles,1.7825,"ATHERENERG, FORCEMOT, BAJAJ-AUTO",39.0
2026-03-18,Banks,2.9654,"J&KBANK, INDIANB, UNIONBANK",43.0
2026-03-18,Beverages,0.8925,"UBL, UNITDSPR, RADICO",36.0
2026-03-18,Capital Markets,4.0157,"MCX, ABSLAMC, BSE",46.0
2026-03-18,Cement & Cement Products,-2.856,"GRASIM, SHREECEM, DALBHARAT",23.0
2026-03-18,Chemicals & Petrochemicals,0.4443,"LINDEINDIA, SOLARINDS, AARTIIND",34.0
2026-03-18,Cigarettes & Tobacco Products,-4.05,GODFRYPHLP,19.0
2026-03-18,Commercial Services & Supplies,-0.2717,"MMTC, IGIL, DOMS",32.0
2026-03-18,Construction,-1.055,"TECHNOE, IRB, NCC",29.0
2026-03-18,Consumable Fuels,20.32,COALINDIA,100.0
2026-03-18,Consumer Durables,-1.8771,"SANSERA, CIEINDIA, DYNAMATECH",27.0
2026-03-18,Diversified,-2.8186,"DCMSHRIRAM, JMFINANCIL, 3MINDIA",24.0
2026-03-18,Diversified FMCG,0.9393,"AVANTIFEED, GAEL, ZYDUSWELL",36.0
2026-03-18,Diversified Metals,1.4424,"ACUTAAS, AETHER, SHAILY",38.0
2026-03-18,Electrical Equipment,8.5496,"POWERINDIA, SCHNEIDER, GVT&D",61.0
2026-03-18,Entertainment,5.58,"SAREGAMA, PVRINOX",51.0
2026-03-18,Ferrous Metals,8.38,"JINDALSAW, SAIL, JINDALSTEL",61.0
2026-03-18,Fertilizers & Agrochemicals,0.52,"BAYERCROP, CHAMBLFERT, FACT",35.0
2026-03-18,Finance,1.0023,"PFC, KTKBANK, SHRIRAMFIN",36.0
2026-03-18,Financial Technology (Fintech),-1.5025,"INDIAMART, POLICYBZR, PAYTM",28.0
2026-03-18,Food Products,-0.5329,"MARICO, BRITANNIA, NESTLEIND",31.0
2026-03-18,Gas,-1.12,"PETRONET, GAIL, ATGL",29.0
2026-03-18,Healthcare Equipment & Supplies,-6.41,POLYMED,12.0
2026-03-18,Healthcare Services,0.624,"ASTERDM, ENTERO, STAR",35.0
2026-03-18,Household Products,-9.04,JYOTHYLAB,3.0
2026-03-18,IT - Services,-1.6685,"STLTECH, KRN, ASTRAMICRO",27.0
2026-03-18,IT - Software,-9.7824,"OFSS, ZENSARTECH, TECHM",1.0
2026-03-18,Industrial Manufacturing,-0.7898,"MTARTECH, KSB, KIRLOSENG",30.0
2026-03-18,Industrial Products,4.8636,"TIMKEN, SUPREMEIND, ASTRAL",49.0
2026-03-18,Insurance,1.269,"STARHEALTH, GICRE, SBILIFE",37.0
2026-03-18,Leisure Services,-5.6379,"THELEELA, EIHOTEL, VENTIVE",14.0
2026-03-18,Media,1.605,"SUNTV, ZEEL",38.0
2026-03-18,Metals & Minerals Trading,-0.98,ADANIENT,30.0
2026-03-18,Non - Ferrous Metals,13.3825,"NATIONALUM, HINDALCO, HINDCOPPER",77.0
2026-03-18,Oil,5.515,"OIL, ONGC, GMRP&UI",51.0
2026-03-18,Other Construction Materials,3.1186,"GMDCLTD, NMDC, LLOYDSME",43.0
2026-03-18,Other Utilities,10.11,ADANIENSOL,66.0
2026-03-18,"Paper, Forest & Jute Products",-9.95,ABREL,0.0
2026-03-18,Personal Products,-2.1686,"HONASA, GILLETTE, COLPAL",26.0
2026-03-18,Petroleum Products,2.0913,"MRPL, CHENNPETRO, CASTROLIND",40.0
2026-03-18,Pharmaceuticals & Biotechnology,5.6246,"JBCHEPHARM, SAILIFE, ONESOURCE",51.0
2026-03-18,Power,4.8243,"NTPCGREEN, ACMESOLAR, NTPC",49.0
2026-03-18,Realty,-5.9289,"HEMIPROP, MAHLIFE, OBEROIRLTY",13.0
2026-03-18,Retailing,-6.32,"DMART, NYKAA, TRENT",12.0
2026-03-18,Telecom - Equipment & Accessories,11.295,"TEJASNET, ITI",70.0
2026-03-18,Telecom - Services,-2.3064,"HFCL, INDUSTOWER, NAZARA",25.0
2026-03-18,Textiles & Apparels,-1.8413,"VTL, TRIDENT, PAGEIND",27.0
2026-03-18,Transport Infrastructure,0.274,"JSWINFRA, JWL, ADANIPORTS",34.0
2026-03-18,Transport Services,6.3025,"GESHIP, MAZDOCK, DELHIVERY",54.0
2026-03-19,Aerospace & Defense,12.265,"DATAPATTNS, ZENTEC, BEL",70.0
2026-03-19,Agricultural Food & other Products,4.2429,"BALRAMCHIN, CCL, GODREJAGRO",46.0
2026-03-19,"Agricultural, Commercial & Construction Vehicles",-2.25,"ASHOKLEY, ACE, BEML",26.0
2026-03-19,Auto Components,0.927,"BHARATFORG, SCHAEFFLER, TIINDIA",35.0
2026-03-19,Automobiles,1.1833,"ATHERENERG, FORCEMOT, BAJAJ-AUTO",36.0
2026-03-19,Banks,1.8708,"J&KBANK, MAHABANK, INDIANB",38.0
2026-03-19,Beverages,1.01,"UBL, UNITDSPR, VBL",36.0
2026-03-19,Capital Markets,4.1807,"MCX, ABSLAMC, BSE",45.0
2026-03-19,Cement & Cement Products,-3.796,"GRASIM, SHREECEM, ULTRACEMCO",21.0
2026-03-19,Chemicals & Petrochemicals,0.5186,"LINDEINDIA, SOLARINDS, NAVINFLUOR",34.0
2026-03-19,Cigarettes & Tobacco Products,-3.67,GODFRYPHLP,21.0
2026-03-19,Commercial Services & Supplies,-0.3217,"IGIL, MMTC, DOMS",32.0
2026-03-19,Construction,-0.7808,"TECHNOE, IRB, KPIL",30.0
2026-03-19,Consumable Fuels,22.07,COALINDIA,100.0
2026-03-19,Consumer Durables,-1.9327,"SANSERA, CIEINDIA, ARVIND",27.0
2026-03-19,Diversified,-2.4857,"3MINDIA, DCMSHRIRAM, JMFINANCIL",25.0
2026-03-19,Diversified FMCG,0.1886,"AVANTIFEED, GAEL, ZYDUSWELL",33.0
2026-03-19,Diversified Metals,1.7018,"ACUTAAS, AETHER, NEOGEN",38.0
2026-03-19,Electrical Equipment,8.9536,"POWERINDIA, SCHNEIDER, GVT&D",60.0
2026-03-19,Entertainment,4.585,"PVRINOX, SAREGAMA",47.0
2026-03-19,Ferrous Metals,8.2057,"JINDALSAW, SAIL, MAHSEAMLES",58.0
2026-03-19,Fertilizers & Agrochemicals,0.9812,"BAYERCROP, CHAMBLFERT, FACT",36.0
2026-03-19,Finance,0.5691,"KTKBANK, PFC, ANANDRATHI",34.0
2026-03-19,Financial Technology (Fintech),-1.4475,"POLICYBZR, INDIAMART, PAYTM",28.0
2026-03-19,Food Products,0.2114,"MARICO, NESTLEIND, BRITANNIA",33.0
2026-03-19,Gas,0.3687,"ATGL, PETRONET, MGL",34.0
2026-03-19,Healthcare Equipment & Supplies,-6.79,POLYMED,12.0
2026-03-19,Healthcare Services,0.9829,"ENTERO, ALIVUS, ASTERDM",36.0
2026-03-19,Household Products,-9.29,JYOTHYLAB,4.0
2026-03-19,IT - Services,-2.0769,"STLTECH, KRN, NETWEB",26.0
2026-03-19,IT - Software,-10.2771,"BSOFT, OFSS, ZENSARTECH",1.0
2026-03-19,Industrial Manufacturing,-0.7608,"MTARTECH, KSB, KIRLOSENG",30.0
2026-03-19,Industrial Products,4.98,"ASTRAL, SUPREMEIND, INOXINDIA",48.0
2026-03-19,Insurance,2.005,"GODIGIT, STARHEALTH, GICRE",39.0
2026-03-19,Leisure Services,-5.5843,"THELEELA, VENTIVE, EIHOTEL",15.0
2026-03-19,Media,2.315,"SUNTV, ZEEL",40.0
2026-03-19,Metals & Minerals Trading,-2.46,ADANIENT,25.0
2026-03-19,Non - Ferrous Metals,12.7975,"NATIONALUM, HINDCOPPER, HINDALCO",72.0
2026-03-19,Oil,8.255,"OIL, ONGC, GMRP&UI",58.0
2026-03-19,Other Construction Materials,2.7329,"GMDCLTD, NMDC, LLOYDSME",41.0
2026-03-19,Other Utilities,9.23,ADANIENSOL,61.0
2026-03-19,"Paper, Forest & Jute Products",-10.65,ABREL,0.0
2026-03-19,Personal Products,-1.1229,"HONASA, GILLETTE, COLPAL",29.0
2026-03-19,Petroleum Products,1.035,"CHENNPETRO, MRPL, CASTROLIND",36.0
2026-03-19,Pharmaceuticals & Biotechnology,5.95,"SAILIFE, JBCHEPHARM, IPCALAB",51.0
2026-03-19,Power,5.9748,"ACMESOLAR, NTPCGREEN, NTPC",51.0
2026-03-19,Realty,-5.37,"HEMIPROP, MAHLIFE, OBEROIRLTY",16.0
2026-03-19,Retailing,-5.635,"DMART, NYKAA, TRENT",15.0
2026-03-19,Telecom - Equipment & Accessories,14.125,"TEJASNET, ITI",76.0
2026-03-19,Telecom - Services,-2.1829,"HFCL, INDUSTOWER, NAZARA",26.0
2026-03-19,Textiles & Apparels,-1.1425,"VTL, PAGEIND, TRIDENT",29.0
2026-03-19,Transport Infrastructure,0.252,"JSWINFRA, JWL, ADANIPORTS",33.0
2026-03-19,Transport Services,5.8712,"GESHIP, MAZDOCK, DELHIVERY",50.0
2026-03-20,Aerospace & Defense,10.6017,"DATAPATTNS, ZENTEC, BEL",61.0
2026-03-20,Agricultural Food & other Products,6.0371,"CCL, BALRAMCHIN, GODREJAGRO",48.0
2026-03-20,"Agricultural, Commercial & Construction Vehicles",-1.0475,"ACE, ASHOKLEY, BEML",29.0
2026-03-20,Auto Components,1.5461,"SCHAEFFLER, BHARATFORG, JBMA",36.0
2026-03-20,Automobiles,3.5392,"ATHERENERG, OLECTRA, FORCEMOT",41.0
2026-03-20,Banks,2.3104,"J&KBANK, MAHABANK, UNIONBANK",38.0
2026-03-20,Beverages,1.7775,"UBL, UNITDSPR, RADICO",37.0
2026-03-20,Capital Markets,1.9714,"ABSLAMC, MCX, BSE",37.0
2026-03-20,Cement & Cement Products,-3.331,"GRASIM, SHREECEM, ULTRACEMCO",23.0
2026-03-20,Chemicals & Petrochemicals,0.9424,"LINDEINDIA, AARTIIND, SOLARINDS",34.0
2026-03-20,Cigarettes & Tobacco Products,-11.55,GODFRYPHLP,0.0
2026-03-20,Commercial Services & Supplies,-0.285,"IGIL, MMTC, DOMS",31.0
2026-03-20,Construction,-0.7892,"IRB, TECHNOE, ENGINERSIN",30.0
2026-03-20,Consumable Fuels,24.81,COALINDIA,100.0
2026-03-20,Consumer Durables,-1.0134,"SANSERA, BELRISE, CIEINDIA",29.0
2026-03-20,Diversified,-3.7929,"DCMSHRIRAM, 3MINDIA, JMFINANCIL",21.0
2026-03-20,Diversified FMCG,0.5607,"AVANTIFEED, GAEL, ZYDUSWELL",33.0
2026-03-20,Diversified Metals,2.7158,"ACUTAAS, AETHER, ACI",39.0
2026-03-20,Electrical Equipment,9.37,"POWERINDIA, ABB, GVT&D",58.0
2026-03-20,Entertainment,5.84,"SAREGAMA, PVRINOX",48.0
2026-03-20,Ferrous Metals,10.2829,"JINDALSAW, SAIL, JINDALSTEL",60.0
2026-03-20,Fertilizers & Agrochemicals,1.8137,"BAYERCROP, FACT, CHAMBLFERT",37.0
2026-03-20,Finance,-0.1862,"KTKBANK, PFC, ANANDRATHI",31.0
2026-03-20,Financial Technology (Fintech),-1.5575,"POLICYBZR, INDIAMART, PAYTM",27.0
2026-03-20,Food Products,0.9986,"MARICO, NESTLEIND, BIKAJI",35.0
2026-03-20,Gas,-0.7663,"ATGL, PETRONET, GUJGASLTD",30.0
2026-03-20,Healthcare Equipment & Supplies,-5.55,POLYMED,17.0
2026-03-20,Healthcare Services,1.2586,"ENTERO, ALIVUS, STAR",35.0
2026-03-20,Household Products,-8.64,JYOTHYLAB,8.0
2026-03-20,IT - Services,-0.9431,"STLTECH, KRN, WEBELSOLAR",29.0
2026-03-20,IT - Software,-8.4305,"HAPPSTMNDS, OFSS, TECHM",9.0
2026-03-20,Industrial Manufacturing,-0.4316,"MTARTECH, TDPOWERSYS, KSB",31.0
2026-03-20,Industrial Products,5.2043,"ASTRAL, SUPREMEIND, INOXINDIA",46.0
2026-03-20,Insurance,1.585,"GICRE, STARHEALTH, GODIGIT",36.0
2026-03-20,Leisure Services,-6.4786,"THELEELA, EIHOTEL, VENTIVE",14.0
2026-03-20,Media,1.76,"SUNTV, ZEEL",37.0
2026-03-20,Metals & Minerals Trading,-2.48,ADANIENT,25.0
2026-03-20,Non - Ferrous Metals,11.315,"NATIONALUM, HINDCOPPER, HINDALCO",63.0
2026-03-20,Oil,7.7875,"OIL, ONGC, GMRP&UI",53.0
2026-03-20,Other Construction Materials,3.9843,"GMDCLTD, NMDC, LLOYDSME",43.0
2026-03-20,Other Utilities,9.8,ADANIENSOL,59.0
2026-03-20,"Paper, Forest & Jute Products",-10.53,ABREL,3.0
2026-03-20,Personal Products,-1.0543,"HONASA, GILLETTE, COLPAL",29.0
2026-03-20,Petroleum Products,2.8712,"CHENNPETRO, MRPL, CASTROLIND",40.0
2026-03-20,Pharmaceuticals & Biotechnology,6.5078,"JBCHEPHARM, SAILIFE, AUROPHARMA",50.0
2026-03-20,Power,6.7324,"NTPCGREEN, NTPC, TATAPOWER",50.0
2026-03-20,Realty,-6.5733,"HEMIPROP, OBEROIRLTY, MAHLIFE",14.0
2026-03-20,Retailing,-3.238,"FIRSTCRY, DMART, NYKAA",23.0
2026-03-20,Telecom - Equipment & Accessories,14.185,"TEJASNET, ITI",71.0
2026-03-20,Telecom - Services,-2.345,"HFCL, INDUSTOWER, TIPSMUSIC",25.0
2026-03-20,Textiles & Apparels,-0.3312,"VTL, PAGEIND, TRIDENT",31.0
2026-03-20,Transport Infrastructure,1.028,"JWL, JSWINFRA, GMRAIRPORT",35.0
2026-03-20,Transport Services,5.9037,"GESHIP, DELHIVERY, SCI",48.0
2026-03-23,Aerospace & Defense,7.0683,"DATAPATTNS, ZENTEC, BEL",59.0
2026-03-23,Agricultural Food & other Products,5.4643,"CCL, BALRAMCHIN, TRIVENI",55.0
2026-03-23,"Agricultural, Commercial & Construction Vehicles",-3.57,"ACE, ASHOKLEY, ESCORTS",33.0
2026-03-23,Auto Components,-0.5196,"BHARATFORG, SCHAEFFLER, TIINDIA",40.0
2026-03-23,Automobiles,1.4508,"ATHERENERG, FORCEMOT, OLECTRA",45.0
2026-03-23,Banks,0.1969,"J&KBANK, MAHABANK, UNIONBANK",42.0
2026-03-23,Beverages,2.0925,"UBL, UNITDSPR, RADICO",47.0
2026-03-23,Capital Markets,0.6693,"ABSLAMC, MCX, BSE",43.0
2026-03-23,Cement & Cement Products,-4.439,"GRASIM, SHREECEM, JKCEMENT",31.0
2026-03-23,Chemicals & Petrochemicals,-0.2376,"LINDEINDIA, AARTIIND, SOLARINDS",41.0
2026-03-23,Cigarettes & Tobacco Products,-16.85,GODFRYPHLP,0.0
2026-03-23,Commercial Services & Supplies,-3.025,"IGIL, MMTC, DOMS",34.0
2026-03-23,Construction,-3.3758,"IRB, KPIL, TECHNOE",33.0
2026-03-23,Consumable Fuels,23.72,COALINDIA,100.0
2026-03-23,Consumer Durables,-2.9086,"BELRISE, CIEINDIA, SANSERA",34.0
2026-03-23,Diversified,-5.09,"DCMSHRIRAM, 3MINDIA, JMFINANCIL",29.0
2026-03-23,Diversified FMCG,-0.775,"AVANTIFEED, ZYDUSWELL, RENUKA",40.0
2026-03-23,Diversified Metals,0.499,"ACUTAAS, AETHER, ACI",43.0
2026-03-23,Electrical Equipment,7.4792,"POWERINDIA, ABB, POWERGRID",60.0
2026-03-23,Entertainment,4.975,"SAREGAMA, PVRINOX",54.0
2026-03-23,Ferrous Metals,7.9993,"JINDALSAW, SAIL, GPIL",61.0
2026-03-23,Fertilizers & Agrochemicals,-0.13,"BAYERCROP, FACT, CHAMBLFERT",41.0
2026-03-23,Finance,-1.8602,"PFC, KTKBANK, ANANDRATHI",37.0
2026-03-23,Financial Technology (Fintech),-1.8875,"INDIAMART, POLICYBZR, NAUKRI",37.0
2026-03-23,Food Products,-0.7257,"MARICO, NESTLEIND, BRITANNIA",40.0
2026-03-23,Gas,-3.9188,"ATGL, GUJGASLTD, AEGISLOG",32.0
2026-03-23,Healthcare Equipment & Supplies,-5.29,POLYMED,28.0
2026-03-23,Healthcare Services,0.8229,"ENTERO, ALIVUS, STAR",44.0
2026-03-23,Household Products,-9.42,JYOTHYLAB,18.0
2026-03-23,IT - Services,-3.0327,"STLTECH, WEBELSOLAR, KRN",34.0
2026-03-23,IT - Software,-8.2829,"HAPPSTMNDS, OFSS, TECHM",21.0
2026-03-23,Industrial Manufacturing,-2.4843,"MTARTECH, ISGEC, KSB",35.0
2026-03-23,Industrial Products,4.3864,"INOXINDIA, ASTRAL, SUPREMEIND",52.0
2026-03-23,Insurance,0.359,"STARHEALTH, GICRE, GODIGIT",42.0
2026-03-23,Leisure Services,-8.0207,"THELEELA, VENTIVE, EIHOTEL",22.0
2026-03-23,Media,2.895,"SUNTV, ZEEL",49.0
2026-03-23,Metals & Minerals Trading,-4.21,ADANIENT,31.0
2026-03-23,Non - Ferrous Metals,7.8625,"NATIONALUM, HINDCOPPER, HINDALCO",61.0
2026-03-23,Oil,5.195,"OIL, ONGC, GMRP&UI",54.0
2026-03-23,Other Construction Materials,3.3929,"GMDCLTD, LLOYDSME, NMDC",50.0
2026-03-23,Other Utilities,6.58,ADANIENSOL,58.0
2026-03-23,"Paper, Forest & Jute Products",-11.74,ABREL,13.0
2026-03-23,Personal Products,-0.8443,"HONASA, GILLETTE, COLPAL",39.0
2026-03-23,Petroleum Products,1.4375,"CHENNPETRO, MRPL, CASTROLIND",45.0
2026-03-23,Pharmaceuticals & Biotechnology,5.6959,"JBCHEPHARM, AUROPHARMA, SAILIFE",56.0
2026-03-23,Power,4.319,"NTPC, NTPCGREEN, ADANIPOWER",52.0
2026-03-23,Realty,-9.0556,"HEMIPROP, OBEROIRLTY, MAHLIFE",19.0
2026-03-23,Retailing,-4.83,"DMART, FIRSTCRY, NYKAA",30.0
2026-03-23,Telecom - Equipment & Accessories,7.145,"TEJASNET, ITI",59.0
2026-03-23,Telecom - Services,-4.595,"HFCL, INDUSTOWER, BHARTIHEXA",30.0
2026-03-23,Textiles & Apparels,-0.1388,"VTL, TRIDENT, PAGEIND",41.0
2026-03-23,Transport Infrastructure,-1.32,"JSWINFRA, JWL, ADANIPORTS",38.0
2026-03-23,Transport Services,3.5775,"GESHIP, DELHIVERY, SCI",50.0
2026-03-24,Aerospace & Defense,5.8617,"DATAPATTNS, ZENTEC, BEL",63.0
2026-03-24,Agricultural Food & other Products,6.42,"CCL, BALRAMCHIN, TRIVENI",65.0
2026-03-24,"Agricultural, Commercial & Construction Vehicles",-3.57,"ACE, ASHOKLEY, BEML",36.0
2026-03-24,Auto Components,0.2761,"BHARATFORG, SCHAEFFLER, JBMA",47.0
2026-03-24,Automobiles,1.8525,"ATHERENERG, FORCEMOT, OLECTRA",52.0
2026-03-24,Banks,0.5046,"J&KBANK, MAHABANK, INDIANB",48.0
2026-03-24,Beverages,2.7675,"UBL, UNITDSPR, RADICO",54.0
2026-03-24,Capital Markets,1.7514,"ABSLAMC, MCX, BSE",51.0
2026-03-24,Cement & Cement Products,-3.307,"JKCEMENT, GRASIM, SHREECEM",37.0
2026-03-24,Chemicals & Petrochemicals,1.25,"LINDEINDIA, AARTIIND, NAVINFLUOR",50.0
2026-03-24,Cigarettes & Tobacco Products,-15.81,GODFRYPHLP,0.0
2026-03-24,Commercial Services & Supplies,-1.44,"IGIL, MMTC, DOMS",42.0
2026-03-24,Construction,-2.4158,"IRB, TECHNOE, KPIL",39.0
2026-03-24,Consumable Fuels,18.33,COALINDIA,100.0
2026-03-24,Consumer Durables,-2.1076,"BELRISE, SANSERA, ARVIND",40.0
2026-03-24,Diversified,-4.0086,"DCMSHRIRAM, 3MINDIA, JMFINANCIL",35.0
2026-03-24,Diversified FMCG,0.78,"AVANTIFEED, ZYDUSWELL, RENUKA",49.0
2026-03-24,Diversified Metals,1.4864,"AETHER, ACUTAAS, ACI",51.0
2026-03-24,Electrical Equipment,6.662,"POWERINDIA, PREMIERENE, ABB",66.0
2026-03-24,Entertainment,4.63,"SAREGAMA, PVRINOX",60.0
2026-03-24,Ferrous Metals,8.5236,"GPIL, JINDALSAW, MAHSEAMLES",71.0
2026-03-24,Fertilizers & Agrochemicals,0.4025,"BAYERCROP, FACT, CHAMBLFERT",47.0
2026-03-24,Finance,-0.9438,"PFC, KTKBANK, ANANDRATHI",44.0
2026-03-24,Financial Technology (Fintech),-2.165,"INDIAMART, POLICYBZR, PAYTM",40.0
2026-03-24,Food Products,-0.4814,"MARICO, NESTLEIND, BIKAJI",45.0
2026-03-24,Gas,-5.065,"ATGL, AEGISLOG, IGL",31.0
2026-03-24,Healthcare Equipment & Supplies,-2.61,POLYMED,39.0
2026-03-24,Healthcare Services,1.3117,"ENTERO, ALIVUS, SHILPAMED",50.0
2026-03-24,Household Products,-7.42,JYOTHYLAB,25.0
2026-03-24,IT - Services,-2.1219,"STLTECH, KRN, WEBELSOLAR",40.0
2026-03-24,IT - Software,-7.7333,"HAPPSTMNDS, TECHM, OFSS",24.0
2026-03-24,Industrial Manufacturing,-2.3195,"MTARTECH, KSB, TDPOWERSYS",40.0
2026-03-24,Industrial Products,4.5571,"INOXINDIA, ASTRAL, SUPREMEIND",60.0
2026-03-24,Insurance,-0.017,"STARHEALTH, GODIGIT, GICRE",46.0
2026-03-24,Leisure Services,-6.58,"THELEELA, BLS, VENTIVE",27.0
2026-03-24,Media,4.31,"SUNTV, ZEEL",59.0
2026-03-24,Metals & Minerals Trading,-6.42,ADANIENT,28.0
2026-03-24,Non - Ferrous Metals,6.43,"NATIONALUM, HINDCOPPER, HINDALCO",65.0
2026-03-24,Oil,5.5325,"OIL, ONGC, GMRP&UI",63.0
2026-03-24,Other Construction Materials,4.4143,"GMDCLTD, LLOYDSME, NMDC",59.0
2026-03-24,Other Utilities,7.46,ADANIENSOL,68.0
2026-03-24,"Paper, Forest & Jute Products",-10.12,ABREL,17.0
2026-03-24,Personal Products,-1.4429,"HONASA, GILLETTE, COLPAL",42.0
2026-03-24,Petroleum Products,1.1263,"CHENNPETRO, MRPL, CASTROLIND",50.0
2026-03-24,Pharmaceuticals & Biotechnology,6.1716,"EMCURE, JBCHEPHARM, AUROPHARMA",64.0
2026-03-24,Power,4.2286,"NTPC, ACMESOLAR, NTPCGREEN",59.0
2026-03-24,Realty,-9.2667,"HEMIPROP, OBEROIRLTY, MAHLIFE",19.0
2026-03-24,Retailing,-3.678,"DMART, NYKAA, FIRSTCRY",36.0
2026-03-24,Telecom - Equipment & Accessories,9.525,"TEJASNET, ITI",74.0
2026-03-24,Telecom - Services,-3.4043,"HFCL, INDUSTOWER, TIPSMUSIC",36.0
2026-03-24,Textiles & Apparels,0.4088,"VTL, TRIDENT, PAGEIND",48.0
2026-03-24,Transport Infrastructure,-0.782,"JSWINFRA, ADANIPORTS, GMRAIRPORT",44.0
2026-03-24,Transport Services,4.1588,"GESHIP, DELHIVERY, SCI",58.0
2026-03-25,Aerospace & Defense,5.52,"DATAPATTNS, ZENTEC, BEL",59.0
2026-03-25,Agricultural Food & other Products,7.4129,"BALRAMCHIN, CCL, TRIVENI",66.0
2026-03-25,"Agricultural, Commercial & Construction Vehicles",-3.5525,"ACE, ASHOKLEY, BEML",23.0
2026-03-25,Auto Components,1.297,"BHARATFORG, TIINDIA, SCHAEFFLER",42.0
2026-03-25,Automobiles,1.6183,"ATHERENERG, FORCEMOT, OLECTRA",43.0
2026-03-25,Banks,1.9646,"J&KBANK, MAHABANK, UNIONBANK",44.0
2026-03-25,Beverages,2.5375,"UBL, RADICO, UNITDSPR",47.0
2026-03-25,Capital Markets,2.9593,"ABSLAMC, MCX, BSE",48.0
2026-03-25,Cement & Cement Products,-2.189,"JKCEMENT, GRASIM, SHREECEM",28.0
2026-03-25,Chemicals & Petrochemicals,2.1981,"LINDEINDIA, AARTIIND, NAVINFLUOR",45.0
2026-03-25,Cigarettes & Tobacco Products,-5.43,GODFRYPHLP,15.0
2026-03-25,Commercial Services & Supplies,-1.14,"IGIL, DOMS, MMTC",32.0
2026-03-25,Construction,-1.8725,"IRB, KPIL, ENGINERSIN",29.0
2026-03-25,Consumable Fuels,15.99,COALINDIA,100.0
2026-03-25,Consumer Durables,-1.424,"BELRISE, SANSERA, ARVIND",31.0
2026-03-25,Diversified,-2.98,"DCMSHRIRAM, JMFINANCIL, 3MINDIA",25.0
2026-03-25,Diversified FMCG,1.9779,"AVANTIFEED, ZYDUSWELL, RENUKA",45.0
2026-03-25,Diversified Metals,1.6104,"ACUTAAS, AETHER, ACI",43.0
2026-03-25,Electrical Equipment,7.2188,"POWERINDIA, PREMIERENE, ABB",65.0
2026-03-25,Entertainment,3.38,"SAREGAMA, PVRINOX",50.0
2026-03-25,Ferrous Metals,9.395,"JINDALSAW, MAHSEAMLES, GPIL",74.0
2026-03-25,Fertilizers & Agrochemicals,1.22,"BAYERCROP, FACT, CHAMBLFERT",42.0
2026-03-25,Finance,0.3515,"KTKBANK, PFC, RELIGARE",38.0
2026-03-25,Financial Technology (Fintech),-2.3275,"INDIAMART, POLICYBZR, PAYTM",27.0
2026-03-25,Food Products,0.1571,"MARICO, NESTLEIND, BIKAJI",37.0
2026-03-25,Gas,-5.2575,"ATGL, AEGISLOG, PETRONET",16.0
2026-03-25,Healthcare Equipment & Supplies,-0.28,POLYMED,36.0
2026-03-25,Healthcare Services,2.0943,"ENTERO, ALIVUS, SHILPAMED",45.0
2026-03-25,Household Products,-7.63,JYOTHYLAB,6.0
2026-03-25,IT - Services,-1.5454,"STLTECH, KRN, WEBELSOLAR",31.0
2026-03-25,IT - Software,-7.4762,"HAPPSTMNDS, TECHM, OFSS",7.0
2026-03-25,Industrial Manufacturing,-1.6477,"MTARTECH, TDPOWERSYS, KSB",30.0
2026-03-25,Industrial Products,6.0586,"INOXINDIA, ASTRAL, TIMKEN",61.0
2026-03-25,Insurance,-0.218,"STARHEALTH, GICRE, GODIGIT",36.0
2026-03-25,Leisure Services,-6.8043,"THELEELA, BLS, VENTIVE",10.0
2026-03-25,Media,4.43,"SUNTV, ZEEL",54.0
2026-03-25,Metals & Minerals Trading,-4.73,ADANIENT,18.0
2026-03-25,Non - Ferrous Metals,8.9975,"NATIONALUM, HINDCOPPER, HINDALCO",72.0
2026-03-25,Oil,5.4875,"OIL, ONGC, GMRP&UI",58.0
2026-03-25,Other Construction Materials,5.2343,"LLOYDSME, GMDCLTD, NMDC",57.0
2026-03-25,Other Utilities,7.45,ADANIENSOL,66.0
2026-03-25,"Paper, Forest & Jute Products",-9.27,ABREL,0.0
2026-03-25,Personal Products,-1.33,"HONASA, GILLETTE, COLPAL",31.0
2026-03-25,Petroleum Products,0.9187,"CHENNPETRO, MRPL, CASTROLIND",40.0
2026-03-25,Pharmaceuticals & Biotechnology,6.1935,"EMCURE, AUROPHARMA, IPCALAB",61.0
2026-03-25,Power,4.9476,"ACMESOLAR, NTPC, NTPCGREEN",56.0
2026-03-25,Realty,-8.2728,"OBEROIRLTY, HEMIPROP, PHOENIXLTD",4.0
2026-03-25,Retailing,-3.657,"DMART, NYKAA, FIRSTCRY",22.0
2026-03-25,Telecom - Equipment & Accessories,10.195,"TEJASNET, ITI",77.0
2026-03-25,Telecom - Services,-4.0679,"HFCL, INDUSTOWER, TIPSMUSIC",21.0
2026-03-25,Textiles & Apparels,-0.66,"VTL, PAGEIND, TRIDENT",34.0
2026-03-25,Transport Infrastructure,-1.856,"JSWINFRA, ADANIPORTS, GMRAIRPORT",29.0
2026-03-25,Transport Services,4.65,"GESHIP, DELHIVERY, SCI",55.0
2026-03-26,Aerospace & Defense,5.52,"DATAPATTNS, ZENTEC, BEL",59.0
2026-03-26,Agricultural Food & other Products,7.4129,"BALRAMCHIN, CCL, TRIVENI",66.0
2026-03-26,"Agricultural, Commercial & Construction Vehicles",-3.5525,"ACE, ASHOKLEY, BEML",23.0
2026-03-26,Auto Components,1.297,"BHARATFORG, TIINDIA, SCHAEFFLER",42.0
2026-03-26,Automobiles,1.6183,"ATHERENERG, FORCEMOT, OLECTRA",43.0
2026-03-26,Banks,1.9646,"J&KBANK, MAHABANK, UNIONBANK",44.0
2026-03-26,Beverages,2.5375,"UBL, RADICO, UNITDSPR",47.0
2026-03-26,Capital Markets,2.9593,"ABSLAMC, MCX, BSE",48.0
2026-03-26,Cement & Cement Products,-2.189,"JKCEMENT, GRASIM, SHREECEM",28.0
2026-03-26,Chemicals & Petrochemicals,2.1981,"LINDEINDIA, AARTIIND, NAVINFLUOR",45.0
2026-03-26,Cigarettes & Tobacco Products,-5.43,GODFRYPHLP,15.0
2026-03-26,Commercial Services & Supplies,-1.14,"IGIL, DOMS, MMTC",32.0
2026-03-26,Construction,-1.8725,"IRB, KPIL, ENGINERSIN",29.0
2026-03-26,Consumable Fuels,15.99,COALINDIA,100.0
2026-03-26,Consumer Durables,-1.424,"BELRISE, SANSERA, ARVIND",31.0
2026-03-26,Diversified,-2.98,"DCMSHRIRAM, JMFINANCIL, 3MINDIA",25.0
2026-03-26,Diversified FMCG,1.9779,"AVANTIFEED, ZYDUSWELL, RENUKA",45.0
2026-03-26,Diversified Metals,1.6104,"ACUTAAS, AETHER, ACI",43.0
2026-03-26,Electrical Equipment,7.2188,"POWERINDIA, PREMIERENE, ABB",65.0
2026-03-26,Entertainment,3.38,"SAREGAMA, PVRINOX",50.0
2026-03-26,Ferrous Metals,9.395,"JINDALSAW, MAHSEAMLES, GPIL",74.0
2026-03-26,Fertilizers & Agrochemicals,1.22,"BAYERCROP, FACT, CHAMBLFERT",42.0
2026-03-26,Finance,0.3515,"KTKBANK, PFC, RELIGARE",38.0
2026-03-26,Financial Technology (Fintech),-2.3275,"INDIAMART, POLICYBZR, PAYTM",27.0
2026-03-26,Food Products,0.1571,"MARICO, NESTLEIND, BIKAJI",37.0
2026-03-26,Gas,-5.2575,"ATGL, AEGISLOG, PETRONET",16.0
2026-03-26,Healthcare Equipment & Supplies,-0.28,POLYMED,36.0
2026-03-26,Healthcare Services,2.0943,"ENTERO, ALIVUS, SHILPAMED",45.0
2026-03-26,Household Products,-7.63,JYOTHYLAB,6.0
2026-03-26,IT - Services,-1.5454,"STLTECH, KRN, WEBELSOLAR",31.0
2026-03-26,IT - Software,-7.4362,"HAPPSTMNDS, TECHM, OFSS",7.0
2026-03-26,Industrial Manufacturing,-1.6477,"MTARTECH, TDPOWERSYS, KSB",30.0
2026-03-26,Industrial Products,6.0586,"INOXINDIA, ASTRAL, TIMKEN",61.0
2026-03-26,Insurance,-0.218,"STARHEALTH, GICRE, GODIGIT",36.0
2026-03-26,Leisure Services,-6.8043,"THELEELA, BLS, VENTIVE",10.0
2026-03-26,Media,4.43,"SUNTV, ZEEL",54.0
2026-03-26,Metals & Minerals Trading,-4.73,ADANIENT,18.0
2026-03-26,Non - Ferrous Metals,8.9975,"NATIONALUM, HINDCOPPER, HINDALCO",72.0
2026-03-26,Oil,5.4875,"OIL, ONGC, GMRP&UI",58.0
2026-03-26,Other Construction Materials,5.2343,"LLOYDSME, GMDCLTD, NMDC",57.0
2026-03-26,Other Utilities,7.45,ADANIENSOL,66.0
2026-03-26,"Paper, Forest & Jute Products",-9.27,ABREL,0.0
2026-03-26,Personal Products,-1.33,"HONASA, GILLETTE, COLPAL",31.0
2026-03-26,Petroleum Products,0.9187,"CHENNPETRO, MRPL, CASTROLIND",40.0
2026-03-26,Pharmaceuticals & Biotechnology,6.1935,"EMCURE, AUROPHARMA, IPCALAB",61.0
2026-03-26,Power,4.9476,"ACMESOLAR, NTPC, NTPCGREEN",56.0
2026-03-26,Realty,-8.2728,"OBEROIRLTY, HEMIPROP, PHOENIXLTD",4.0
2026-03-26,Retailing,-3.657,"DMART, NYKAA, FIRSTCRY",22.0
2026-03-26,Telecom - Equipment & Accessories,10.195,"TEJASNET, ITI",77.0
2026-03-26,Telecom - Services,-4.0679,"HFCL, INDUSTOWER, TIPSMUSIC",21.0
2026-03-26,Textiles & Apparels,-0.66,"VTL, PAGEIND, TRIDENT",34.0
2026-03-26,Transport Infrastructure,-1.856,"JSWINFRA, ADANIPORTS, GMRAIRPORT",29.0
2026-03-26,Transport Services,4.65,"GESHIP, DELHIVERY, SCI",55.0
2026-03-27,Aerospace & Defense,4.1867,"DATAPATTNS, ZENTEC, BEL",55.0
2026-03-27,Agricultural Food & other Products,6.8171,"BALRAMCHIN, CCL, TRIVENI",64.0
2026-03-27,"Agricultural, Commercial & Construction Vehicles",-5.74,"ACE, ASHOKLEY, BEML",19.0
2026-03-27,Auto Components,0.3996,"BHARATFORG, SCHAEFFLER, TIINDIA",41.0
2026-03-27,Automobiles,1.2817,"ATHERENERG, FORCEMOT, BAJAJ-AUTO",44.0
2026-03-27,Banks,0.7635,"J&KBANK, KARURVYSYA, MAHABANK",42.0
2026-03-27,Beverages,0.7275,"UBL, RADICO, UNITDSPR",42.0
2026-03-27,Capital Markets,2.3771,"ABSLAMC, MCX, BSE",48.0
2026-03-27,Cement & Cement Products,-2.46,"GRASIM, JKCEMENT, SHREECEM",30.0
2026-03-27,Chemicals & Petrochemicals,0.829,"LINDEINDIA, AARTIIND, ATUL",42.0
2026-03-27,Cigarettes & Tobacco Products,-8.83,GODFRYPHLP,7.0
2026-03-27,Commercial Services & Supplies,-2.7117,"IGIL, DOMS, MMTC",30.0
2026-03-27,Construction,-2.7242,"IRB, ENGINERSIN, KPIL",30.0
2026-03-27,Consumable Fuels,16.6,COALINDIA,100.0
2026-03-27,Consumer Durables,-1.916,"SANSERA, BELRISE, ARVIND",32.0
2026-03-27,Diversified,-3.7186,"DCMSHRIRAM, JMFINANCIL, 3MINDIA",26.0
2026-03-27,Diversified FMCG,1.9229,"AVANTIFEED, RENUKA, ZYDUSWELL",46.0
2026-03-27,Diversified Metals,0.5896,"ACUTAAS, AETHER, ACI",42.0
2026-03-27,Electrical Equipment,7.232,"POWERINDIA, APARINDS, PREMIERENE",66.0
2026-03-27,Entertainment,5.14,"SAREGAMA, PVRINOX",58.0
2026-03-27,Ferrous Metals,9.015,"JINDALSAW, GPIL, MAHSEAMLES",72.0
2026-03-27,Fertilizers & Agrochemicals,0.7712,"FACT, BAYERCROP, CHAMBLFERT",42.0
2026-03-27,Finance,-0.484,"KTKBANK, PFC, SAMMAANCAP",38.0
2026-03-27,Financial Technology (Fintech),-1.8175,"INDIAMART, POLICYBZR, NAUKRI",33.0
2026-03-27,Food Products,0.5186,"MARICO, NESTLEIND, BIKAJI",41.0
2026-03-27,Gas,-4.775,"ATGL, AEGISLOG, IGL",22.0
2026-03-27,Healthcare Equipment & Supplies,-4.39,POLYMED,23.0
2026-03-27,Healthcare Services,2.1906,"ENTERO, SHILPAMED, ALIVUS",47.0
2026-03-27,Household Products,-10.82,JYOTHYLAB,0.0
2026-03-27,IT - Services,-0.8473,"STLTECH, KRN, AVALON",36.0
2026-03-27,IT - Software,-5.0829,"OFSS, TECHM, HAPPSTMNDS",21.0
2026-03-27,Industrial Manufacturing,-2.6039,"MTARTECH, ELECTCAST, KSB",30.0
2026-03-27,Industrial Products,5.0964,"TIMKEN, ASTRAL, SYRMA",58.0
2026-03-27,Insurance,0.406,"STARHEALTH, GODIGIT, GICRE",41.0
2026-03-27,Leisure Services,-7.39,"THELEELA, CHALET, JUBLFOOD",13.0
2026-03-27,Media,2.595,"SUNTV, ZEEL",49.0
2026-03-27,Metals & Minerals Trading,-5.69,ADANIENT,19.0
2026-03-27,Non - Ferrous Metals,9.45,"NATIONALUM, HINDCOPPER, HINDALCO",74.0
2026-03-27,Oil,6.605,"ONGC, OIL, GMRP&UI",64.0
2026-03-27,Other Construction Materials,5.73,"LLOYDSME, GMDCLTD, KAJARIACER",60.0
2026-03-27,Other Utilities,4.38,ADANIENSOL,55.0
2026-03-27,"Paper, Forest & Jute Products",-8.84,ABREL,7.0
2026-03-27,Personal Products,-2.4786,"HONASA, GILLETTE, COLPAL",30.0
2026-03-27,Petroleum Products,-0.5737,"CHENNPETRO, MRPL, CASTROLIND",37.0
2026-03-27,Pharmaceuticals & Biotechnology,6.8105,"EMCURE, AUROPHARMA, IPCALAB",64.0
2026-03-27,Power,4.5533,"ACMESOLAR, ADANIPOWER, NTPC",56.0
2026-03-27,Realty,-9.4022,"OBEROIRLTY, BRIGADE, PHOENIXLTD",5.0
2026-03-27,Retailing,-2.899,"DMART, FIRSTCRY, NYKAA",29.0
2026-03-27,Telecom - Equipment & Accessories,9.34,"TEJASNET, ITI",74.0
2026-03-27,Telecom - Services,-3.5629,"HFCL, INDUSTOWER, NAZARA",26.0
2026-03-27,Textiles & Apparels,-0.675,"VTL, PAGEIND, KPRMILL",37.0
2026-03-27,Transport Infrastructure,-3.276,"JSWINFRA, ADANIPORTS, GMRAIRPORT",28.0
2026-03-27,Transport Services,3.735,"GESHIP, DELHIVERY, SCI",53.0
2026-03-30,Aerospace & Defense,2.75,"DATAPATTNS, BEL, ZENTEC",48.0
2026-03-30,Agricultural Food & other Products,6.8929,"BALRAMCHIN, CCL, TRIVENI",62.0
2026-03-30,"Agricultural, Commercial & Construction Vehicles",-7.8425,"ACE, ASHOKLEY, BEML",14.0
2026-03-30,Auto Components,-0.3252,"BHARATFORG, TIINDIA, SCHAEFFLER",39.0
2026-03-30,Automobiles,-0.4567,"ATHERENERG, BAJAJ-AUTO, HEROMOTOCO",38.0
2026-03-30,Banks,-1.2358,"J&KBANK, KARURVYSYA, INDIANB",36.0
2026-03-30,Beverages,1.5475,"UBL, RADICO, UNITDSPR",45.0
2026-03-30,Capital Markets,1.6143,"ABSLAMC, MCX, BSE",45.0
2026-03-30,Cement & Cement Products,-3.163,"JKCEMENT, GRASIM, SHREECEM",29.0
2026-03-30,Chemicals & Petrochemicals,0.7452,"LINDEINDIA, ATUL, NAVINFLUOR",42.0
2026-03-30,Cigarettes & Tobacco Products,-6.97,GODFRYPHLP,17.0
2026-03-30,Commercial Services & Supplies,-2.8067,"IGIL, DOMS, MMTC",31.0
2026-03-30,Construction,-3.8333,"IRB, KPIL, TECHNOE",27.0
2026-03-30,Consumable Fuels,18.72,COALINDIA,100.0
2026-03-30,Consumer Durables,-2.1689,"GANECOS, SANSERA, BELRISE",33.0
2026-03-30,Diversified,-4.2286,"DCMSHRIRAM, 3MINDIA, JMFINANCIL",26.0
2026-03-30,Diversified FMCG,2.3921,"RENUKA, AVANTIFEED, ZYDUSWELL",47.0
2026-03-30,Diversified Metals,-0.5592,"ACUTAAS, AETHER, ACI",38.0
2026-03-30,Electrical Equipment,6.8568,"PREMIERENE, POWERINDIA, WAAREEENER",62.0
2026-03-30,Entertainment,4.0,"SAREGAMA, PVRINOX",53.0
2026-03-30,Ferrous Metals,8.7957,"GPIL, JINDALSAW, MAHSEAMLES",68.0
2026-03-30,Fertilizers & Agrochemicals,0.7188,"BAYERCROP, FACT, CHAMBLFERT",42.0
2026-03-30,Finance,-1.8091,"KTKBANK, SAMMAANCAP, INDIASHLTR",34.0
2026-03-30,Financial Technology (Fintech),-1.985,"INDIAMART, POLICYBZR, NAUKRI",33.0
2026-03-30,Food Products,0.6129,"MARICO, BIKAJI, NESTLEIND",42.0
2026-03-30,Gas,-4.3525,"ATGL, PETRONET, AEGISLOG",26.0
2026-03-30,Healthcare Equipment & Supplies,-5.09,POLYMED,23.0
2026-03-30,Healthcare Services,2.5111,"ENTERO, SHILPAMED, ALIVUS",48.0
2026-03-30,Household Products,-12.27,JYOTHYLAB,0.0
2026-03-30,IT - Services,-2.3962,"STLTECH, AVALON, KRN",32.0
2026-03-30,IT - Software,-5.6919,"OFSS, TECHM, PERSISTENT",21.0
2026-03-30,Industrial Manufacturing,-3.2634,"MTARTECH, KSB, TDPOWERSYS",29.0
2026-03-30,Industrial Products,4.9621,"INOXINDIA, ASTRAL, SUPREMEIND",56.0
2026-03-30,Insurance,-0.044,"STARHEALTH, GODIGIT, GICRE",39.0
2026-03-30,Leisure Services,-8.5729,"THELEELA, CHALET, JUBLFOOD",12.0
2026-03-30,Media,1.78,"SUNTV, ZEEL",45.0
2026-03-30,Metals & Minerals Trading,-7.57,ADANIENT,15.0
2026-03-30,Non - Ferrous Metals,7.5875,"NATIONALUM, HINDALCO, HINDCOPPER",64.0
2026-03-30,Oil,6.7575,"ONGC, OIL, REFEX",61.0
2026-03-30,Other Construction Materials,4.8286,"GMDCLTD, LLOYDSME, KAJARIACER",55.0
2026-03-30,Other Utilities,5.28,ADANIENSOL,57.0
2026-03-30,"Paper, Forest & Jute Products",-6.82,ABREL,18.0
2026-03-30,Personal Products,-2.0586,"HONASA, GILLETTE, COLPAL",33.0
2026-03-30,Petroleum Products,0.4087,"CHENNPETRO, MRPL, CASTROLIND",41.0
2026-03-30,Pharmaceuticals & Biotechnology,6.9511,"EMCURE, IPCALAB, AUROPHARMA",62.0
2026-03-30,Power,3.6552,"ACMESOLAR, ADANIPOWER, NLCINDIA",51.0
2026-03-30,Realty,-10.855,"OBEROIRLTY, PHOENIXLTD, BRIGADE",5.0
2026-03-30,Retailing,-2.98,"DMART, NYKAA, ETERNAL",30.0
2026-03-30,Telecom - Equipment & Accessories,6.095,"TEJASNET, ITI",59.0
2026-03-30,Telecom - Services,-3.6357,"HFCL, INDUSTOWER, NAZARA",28.0
2026-03-30,Textiles & Apparels,-1.1825,"VTL, PAGEIND, KPRMILL",36.0
2026-03-30,Transport Infrastructure,-4.412,"JSWINFRA, ADANIPORTS, GMRAIRPORT",25.0
2026-03-30,Transport Services,2.395,"GESHIP, DELHIVERY, SCI",47.0
2026-03-31,Aerospace & Defense,2.75,"DATAPATTNS, BEL, ZENTEC",48.0
2026-03-31,Agricultural Food & other Products,6.8929,"BALRAMCHIN, CCL, TRIVENI",62.0
2026-03-31,"Agricultural, Commercial & Construction Vehicles",-7.8425,"ACE, ASHOKLEY, BEML",14.0
2026-03-31,Auto Components,-0.3252,"BHARATFORG, TIINDIA, SCHAEFFLER",39.0
2026-03-31,Automobiles,-0.4308,"ATHERENERG, BAJAJ-AUTO, HEROMOTOCO",38.0
2026-03-31,Banks,-1.2358,"J&KBANK, KARURVYSYA, INDIANB",36.0
2026-03-31,Beverages,1.5475,"UBL, RADICO, UNITDSPR",45.0
2026-03-31,Capital Markets,1.6143,"ABSLAMC, MCX, BSE",45.0
2026-03-31,Cement & Cement Products,-3.163,"JKCEMENT, GRASIM, SHREECEM",29.0
2026-03-31,Chemicals & Petrochemicals,0.7452,"LINDEINDIA, ATUL, NAVINFLUOR",42.0
2026-03-31,Cigarettes & Tobacco Products,-6.97,GODFRYPHLP,17.0
2026-03-31,Commercial Services & Supplies,-2.8067,"IGIL, DOMS, MMTC",31.0
2026-03-31,Construction,-3.8392,"IRB, KPIL, TECHNOE",27.0
2026-03-31,Consumable Fuels,18.72,COALINDIA,100.0
2026-03-31,Consumer Durables,-2.1689,"GANECOS, SANSERA, BELRISE",33.0
2026-03-31,Diversified,-4.2286,"DCMSHRIRAM, 3MINDIA, JMFINANCIL",26.0
2026-03-31,Diversified FMCG,2.3921,"RENUKA, AVANTIFEED, ZYDUSWELL",47.0
2026-03-31,Diversified Metals,-0.5264,"ACUTAAS, AETHER, ACI",38.0
2026-03-31,Electrical Equipment,6.8568,"PREMIERENE, POWERINDIA, WAAREEENER",62.0
2026-03-31,Entertainment,4.0,"SAREGAMA, PVRINOX",53.0
2026-03-31,Ferrous Metals,8.7957,"GPIL, JINDALSAW, MAHSEAMLES",68.0
2026-03-31,Fertilizers & Agrochemicals,0.7188,"BAYERCROP, FACT, CHAMBLFERT",42.0
2026-03-31,Finance,-1.7983,"KTKBANK, SAMMAANCAP, INDIASHLTR",34.0
2026-03-31,Financial Technology (Fintech),-1.985,"INDIAMART, POLICYBZR, NAUKRI",33.0
2026-03-31,Food Products,0.6129,"MARICO, BIKAJI, NESTLEIND",42.0
2026-03-31,Gas,-4.3525,"ATGL, PETRONET, AEGISLOG",26.0
2026-03-31,Healthcare Equipment & Supplies,-5.09,POLYMED,23.0
2026-03-31,Healthcare Services,2.5111,"ENTERO, SHILPAMED, ALIVUS",48.0
2026-03-31,Household Products,-12.27,JYOTHYLAB,0.0
2026-03-31,IT - Services,-2.3962,"STLTECH, AVALON, KRN",32.0
2026-03-31,IT - Software,-5.7852,"OFSS, TECHM, PERSISTENT",21.0
2026-03-31,Industrial Manufacturing,-3.2634,"MTARTECH, KSB, TDPOWERSYS",29.0
2026-03-31,Industrial Products,4.9621,"INOXINDIA, ASTRAL, SUPREMEIND",56.0
2026-03-31,Insurance,-0.044,"STARHEALTH, GODIGIT, GICRE",39.0
2026-03-31,Leisure Services,-8.5729,"THELEELA, CHALET, JUBLFOOD",12.0
2026-03-31,Media,1.78,"SUNTV, ZEEL",45.0
2026-03-31,Metals & Minerals Trading,-7.57,ADANIENT,15.0
2026-03-31,Non - Ferrous Metals,7.5875,"NATIONALUM, HINDALCO, HINDCOPPER",64.0
2026-03-31,Oil,6.7575,"ONGC, OIL, REFEX",61.0
2026-03-31,Other Construction Materials,4.8286,"GMDCLTD, LLOYDSME, KAJARIACER",55.0
2026-03-31,Other Utilities,5.28,ADANIENSOL,57.0
2026-03-31,"Paper, Forest & Jute Products",-6.82,ABREL,18.0
2026-03-31,Personal Products,-2.0586,"HONASA, GILLETTE, COLPAL",33.0
2026-03-31,Petroleum Products,0.4087,"CHENNPETRO, MRPL, CASTROLIND",41.0
2026-03-31,Pharmaceuticals & Biotechnology,6.9511,"EMCURE, IPCALAB, AUROPHARMA",62.0
2026-03-31,Power,3.6552,"ACMESOLAR, ADANIPOWER, NLCINDIA",51.0
2026-03-31,Realty,-10.855,"OBEROIRLTY, PHOENIXLTD, BRIGADE",5.0
2026-03-31,Retailing,-2.98,"DMART, NYKAA, ETERNAL",30.0
2026-03-31,Telecom - Equipment & Accessories,6.095,"TEJASNET, ITI",59.0
2026-03-31,Telecom - Services,-3.6357,"HFCL, INDUSTOWER, NAZARA",28.0
2026-03-31,Textiles & Apparels,-1.1825,"VTL, PAGEIND, KPRMILL",36.0
2026-03-31,Transport Infrastructure,-4.412,"JSWINFRA, ADANIPORTS, GMRAIRPORT",25.0
2026-03-31,Transport Services,2.395,"GESHIP, DELHIVERY, SCI",47.0
2026-04-01,Aerospace & Defense,7.3033,"DATAPATTNS, BEL, ZENTEC",62.0
2026-04-01,Agricultural Food & other Products,8.99,"BALRAMCHIN, CCL, TRIVENI",68.0
2026-04-01,"Agricultural, Commercial & Construction Vehicles",-5.8525,"ACE, BEML, ESCORTS",14.0
2026-04-01,Auto Components,0.9126,"BHARATFORG, SONACOMS, JBMA",38.0
2026-04-01,Automobiles,1.0975,"ATHERENERG, OLECTRA, FORCEMOT",39.0
2026-04-01,Banks,0.0677,"J&KBANK, INDIANB, KARURVYSYA",35.0
2026-04-01,Beverages,2.8125,"UBL, RADICO, UNITDSPR",45.0
2026-04-01,Capital Markets,4.575,"MCX, BSE, ABSLAMC",52.0
2026-04-01,Cement & Cement Products,-2.371,"GRASIM, JKCEMENT, SHREECEM",26.0
2026-04-01,Chemicals & Petrochemicals,2.6457,"LINDEINDIA, ATUL, AARTIIND",45.0
2026-04-01,Cigarettes & Tobacco Products,-5.14,GODFRYPHLP,16.0
2026-04-01,Commercial Services & Supplies,-1.05,"IGIL, DOMS, MMTC",31.0
2026-04-01,Construction,-0.5825,"IRB, ENGINERSIN, KPIL",33.0
2026-04-01,Consumable Fuels,17.78,COALINDIA,100.0
2026-04-01,Consumer Durables,0.6716,"GANECOS, SANSERA, ARVIND",37.0
2026-04-01,Diversified,-2.2786,"DCMSHRIRAM, JMFINANCIL, CHOICEIN",27.0
2026-04-01,Diversified FMCG,4.4586,"AVANTIFEED, RENUKA, ZYDUSWELL",51.0
2026-04-01,Diversified Metals,1.7778,"AETHER, ACUTAAS, VEDL",41.0
2026-04-01,Electrical Equipment,8.318,"PREMIERENE, POWERINDIA, GVT&D",65.0
2026-04-01,Entertainment,5.9,"SAREGAMA, PVRINOX",57.0
2026-04-01,Ferrous Metals,9.605,"JINDALSAW, GPIL, SAIL",70.0
2026-04-01,Fertilizers & Agrochemicals,2.9875,"BAYERCROP, FACT, CHAMBLFERT",46.0
2026-04-01,Finance,0.4072,"KTKBANK, PFC, CGCL",36.0
2026-04-01,Financial Technology (Fintech),-1.3525,"INDIAMART, POLICYBZR, NAUKRI",30.0
2026-04-01,Food Products,0.9714,"MARICO, BIKAJI, NESTLEIND",39.0
2026-04-01,Gas,-3.755,"ATGL, PETRONET, AEGISLOG",21.0
2026-04-01,Healthcare Equipment & Supplies,1.72,POLYMED,41.0
2026-04-01,Healthcare Services,3.8434,"ENTERO, SHILPAMED, STAR",49.0
2026-04-01,Household Products,-9.57,JYOTHYLAB,0.0
2026-04-01,IT - Services,1.3412,"STLTECH, KRN, WEBELSOLAR",40.0
2026-04-01,IT - Software,-4.1848,"HAPPSTMNDS, OFSS, TECHM",20.0
2026-04-01,Industrial Manufacturing,0.4516,"MTARTECH, ELECTCAST, TDPOWERSYS",37.0
2026-04-01,Industrial Products,6.5471,"INOXINDIA, TIMKEN, PRAJIND",59.0
2026-04-01,Insurance,-0.452,"STARHEALTH, GICRE, GODIGIT",33.0
2026-04-01,Leisure Services,-6.2329,"THELEELA, BLS, CHALET",12.0
2026-04-01,Media,3.73,"SUNTV, ZEEL",49.0
2026-04-01,Metals & Minerals Trading,-4.32,ADANIENT,19.0
2026-04-01,Non - Ferrous Metals,11.385,"NATIONALUM, HINDALCO, HINDCOPPER",77.0
2026-04-01,Oil,8.8925,"ONGC, OIL, REFEX",68.0
2026-04-01,Other Construction Materials,6.1386,"KAJARIACER, LLOYDSME, GMDCLTD",57.0
2026-04-01,Other Utilities,5.12,ADANIENSOL,54.0
2026-04-01,"Paper, Forest & Jute Products",-6.27,ABREL,12.0
2026-04-01,Personal Products,-1.6014,"HONASA, GILLETTE, COLPAL",29.0
2026-04-01,Petroleum Products,1.0675,"CHENNPETRO, MRPL, CASTROLIND",39.0
2026-04-01,Pharmaceuticals & Biotechnology,6.283,"EMCURE, AUROPHARMA, NATCOPHARM",58.0
2026-04-01,Power,7.1557,"ACMESOLAR, ADANIPOWER, NLCINDIA",61.0
2026-04-01,Realty,-8.3567,"OBEROIRLTY, BRIGADE, PHOENIXLTD",4.0
2026-04-01,Retailing,-0.235,"DMART, NYKAA, ETERNAL",34.0
2026-04-01,Telecom - Equipment & Accessories,7.31,"TEJASNET, ITI",62.0
2026-04-01,Telecom - Services,-1.1171,"HFCL, TIPSMUSIC, INDUSTOWER",31.0
2026-04-01,Textiles & Apparels,1.3125,"VTL, PAGEIND, TRIDENT",40.0
2026-04-01,Transport Infrastructure,-0.936,"ADANIPORTS, JSWINFRA, GMRAIRPORT",32.0
2026-04-01,Transport Services,6.2388,"GESHIP, DELHIVERY, MAZDOCK",58.0
2026-04-02,Aerospace & Defense,6.8617,"DATAPATTNS, BEL, ZENTEC",59.0
2026-04-02,Agricultural Food & other Products,8.4914,"CCL, BALRAMCHIN, TRIVENI",65.0
2026-04-02,"Agricultural, Commercial & Construction Vehicles",-5.8275,"ACE, BEML, ESCORTS",12.0
2026-04-02,Auto Components,0.0609,"SONACOMS, BHARATFORG, TIINDIA",34.0
2026-04-02,Automobiles,0.5333,"ATHERENERG, OLAELEC, FORCEMOT",35.0
2026-04-02,Banks,-1.2808,"J&KBANK, UNIONBANK, INDIANB",29.0
2026-04-02,Beverages,0.0975,"UBL, RADICO, VBL",34.0
2026-04-02,Capital Markets,4.7521,"BSE, ABSLAMC, MCX",51.0
2026-04-02,Cement & Cement Products,-2.342,"JKCEMENT, GRASIM, SHREECEM",25.0
2026-04-02,Chemicals & Petrochemicals,2.5752,"LINDEINDIA, SOLARINDS, AARTIIND",43.0
2026-04-02,Cigarettes & Tobacco Products,-6.13,GODFRYPHLP,11.0
2026-04-02,Commercial Services & Supplies,-2.19,"DOMS, IGIL, FSL",25.0
2026-04-02,Construction,-0.4792,"IRB, ENGINERSIN, TECHNOE",32.0
2026-04-02,Consumable Fuels,18.05,COALINDIA,100.0
2026-04-02,Consumer Durables,0.7634,"GANECOS, ARVIND, SANSERA",36.0
2026-04-02,Diversified,-2.3986,"DCMSHRIRAM, JMFINANCIL, GODREJIND",25.0
2026-04-02,Diversified FMCG,4.7357,"AVANTIFEED, RENUKA, ZYDUSWELL",51.0
2026-04-02,Diversified Metals,1.6084,"AETHER, ACUTAAS, VEDL",39.0
2026-04-02,Electrical Equipment,7.6468,"PREMIERENE, POWERINDIA, SCHNEIDER",62.0
2026-04-02,Entertainment,3.275,"SAREGAMA, PVRINOX",46.0
2026-04-02,Ferrous Metals,8.4143,"JINDALSAW, MAHSEAMLES, WELCORP",65.0
2026-04-02,Fertilizers & Agrochemicals,2.1725,"BAYERCROP, CHAMBLFERT, FACT",42.0
2026-04-02,Finance,0.333,"KTKBANK, PFC, ANANDRATHI",35.0
2026-04-02,Financial Technology (Fintech),-0.975,"INDIAMART, NAUKRI, POLICYBZR",30.0
2026-04-02,Food Products,1.1986,"MARICO, NESTLEIND, BIKAJI",38.0
2026-04-02,Gas,-4.455,"ATGL, GAIL, PETRONET",17.0
2026-04-02,Healthcare Equipment & Supplies,5.21,POLYMED,53.0
2026-04-02,Healthcare Services,3.8406,"ENTERO, SHILPAMED, STAR",48.0
2026-04-02,Household Products,-9.1,JYOTHYLAB,0.0
2026-04-02,IT - Services,2.1862,"STLTECH, WEBELSOLAR, KRN",42.0
2026-04-02,IT - Software,-1.6333,"PERSISTENT, HAPPSTMNDS, TECHM",28.0
2026-04-02,Industrial Manufacturing,1.0816,"MTARTECH, ELECTCAST, KSB",38.0
2026-04-02,Industrial Products,6.2493,"INOXINDIA, PRAJIND, CARBORUNIV",57.0
2026-04-02,Insurance,-1.065,"STARHEALTH, GICRE, GODIGIT",30.0
2026-04-02,Leisure Services,-6.0121,"THELEELA, BLS, CHALET",11.0
2026-04-02,Media,1.56,"SUNTV, ZEEL",39.0
2026-04-02,Metals & Minerals Trading,-4.4,ADANIENT,17.0
2026-04-02,Non - Ferrous Metals,9.6575,"NATIONALUM, HINDALCO, HINDCOPPER",69.0
2026-04-02,Oil,8.73,"ONGC, OIL, REFEX",66.0
2026-04-02,Other Construction Materials,6.4,"LLOYDSME, KAJARIACER, GMDCLTD",57.0
2026-04-02,Other Utilities,3.93,ADANIENSOL,48.0
2026-04-02,"Paper, Forest & Jute Products",-7.58,ABREL,6.0
2026-04-02,Personal Products,-1.7386,"HONASA, GILLETTE, COLPAL",27.0
2026-04-02,Petroleum Products,0.2812,"CHENNPETRO, MRPL, CASTROLIND",35.0
2026-04-02,Pharmaceuticals & Biotechnology,5.3824,"AUROPHARMA, NATCOPHARM, EMCURE",53.0
2026-04-02,Power,6.8457,"ACMESOLAR, ADANIPOWER, NLCINDIA",59.0
2026-04-02,Realty,-7.4422,"OBEROIRLTY, BRIGADE, PHOENIXLTD",6.0
2026-04-02,Retailing,0.517,"DMART, NYKAA, FIRSTCRY",35.0
2026-04-02,Telecom - Equipment & Accessories,2.54,"TEJASNET, ITI",43.0
2026-04-02,Telecom - Services,-0.7821,"HFCL, TIPSMUSIC, INDUSTOWER",31.0
2026-04-02,Textiles & Apparels,2.505,"VTL, PAGEIND, TRIDENT",43.0
2026-04-02,Transport Infrastructure,-1.31,"ADANIPORTS, JSWINFRA, JWL",29.0
2026-04-02,Transport Services,5.0387,"GESHIP, DELHIVERY, MAZDOCK",52.0
2026-04-03,Aerospace & Defense,6.8617,"DATAPATTNS, BEL, ZENTEC",59.0
2026-04-03,Agricultural Food & other Products,8.4914,"CCL, BALRAMCHIN, TRIVENI",65.0
2026-04-03,"Agricultural, Commercial & Construction Vehicles",-5.8275,"ACE, BEML, ESCORTS",12.0
2026-04-03,Auto Components,0.0609,"SONACOMS, BHARATFORG, TIINDIA",34.0
2026-04-03,Automobiles,0.5333,"ATHERENERG, OLAELEC, FORCEMOT",35.0
2026-04-03,Banks,-1.2808,"J&KBANK, UNIONBANK, INDIANB",29.0
2026-04-03,Beverages,0.0975,"UBL, RADICO, VBL",34.0
2026-04-03,Capital Markets,4.7521,"BSE, ABSLAMC, MCX",51.0
2026-04-03,Cement & Cement Products,-2.342,"JKCEMENT, GRASIM, SHREECEM",25.0
2026-04-03,Chemicals & Petrochemicals,2.5752,"LINDEINDIA, SOLARINDS, AARTIIND",43.0
2026-04-03,Cigarettes & Tobacco Products,-6.13,GODFRYPHLP,11.0
2026-04-03,Commercial Services & Supplies,-2.19,"DOMS, IGIL, FSL",25.0
2026-04-03,Construction,-0.4792,"IRB, ENGINERSIN, TECHNOE",32.0
2026-04-03,Consumable Fuels,18.05,COALINDIA,100.0
2026-04-03,Consumer Durables,0.7634,"GANECOS, ARVIND, SANSERA",36.0
2026-04-03,Diversified,-2.3986,"DCMSHRIRAM, JMFINANCIL, GODREJIND",25.0
2026-04-03,Diversified FMCG,4.7357,"AVANTIFEED, RENUKA, ZYDUSWELL",51.0
2026-04-03,Diversified Metals,1.6084,"AETHER, ACUTAAS, VEDL",39.0
2026-04-03,Electrical Equipment,7.6468,"PREMIERENE, POWERINDIA, SCHNEIDER",62.0
2026-04-03,Entertainment,3.275,"SAREGAMA, PVRINOX",46.0
2026-04-03,Ferrous Metals,8.4143,"JINDALSAW, MAHSEAMLES, WELCORP",65.0
2026-04-03,Fertilizers & Agrochemicals,2.1725,"BAYERCROP, CHAMBLFERT, FACT",42.0
2026-04-03,Finance,0.333,"KTKBANK, PFC, ANANDRATHI",35.0
2026-04-03,Financial Technology (Fintech),-0.975,"INDIAMART, NAUKRI, POLICYBZR",30.0
2026-04-03,Food Products,1.1986,"MARICO, NESTLEIND, BIKAJI",38.0
2026-04-03,Gas,-4.455,"ATGL, GAIL, PETRONET",17.0
2026-04-03,Healthcare Equipment & Supplies,5.21,POLYMED,53.0
2026-04-03,Healthcare Services,3.8406,"ENTERO, SHILPAMED, STAR",48.0
2026-04-03,Household Products,-9.1,JYOTHYLAB,0.0
2026-04-03,IT - Services,2.1862,"STLTECH, WEBELSOLAR, KRN",42.0
2026-04-03,IT - Software,-1.4757,"PERSISTENT, HAPPSTMNDS, TECHM",28.0
2026-04-03,Industrial Manufacturing,1.0816,"MTARTECH, ELECTCAST, KSB",38.0
2026-04-03,Industrial Products,6.2493,"INOXINDIA, PRAJIND, CARBORUNIV",57.0
2026-04-03,Insurance,-1.065,"STARHEALTH, GICRE, GODIGIT",30.0
2026-04-03,Leisure Services,-6.0121,"THELEELA, BLS, CHALET",11.0
2026-04-03,Media,1.56,"SUNTV, ZEEL",39.0
2026-04-03,Metals & Minerals Trading,-4.4,ADANIENT,17.0
2026-04-03,Non - Ferrous Metals,9.6575,"NATIONALUM, HINDALCO, HINDCOPPER",69.0
2026-04-03,Oil,8.73,"ONGC, OIL, REFEX",66.0
2026-04-03,Other Construction Materials,6.4,"LLOYDSME, KAJARIACER, GMDCLTD",57.0
2026-04-03,Other Utilities,3.93,ADANIENSOL,48.0
2026-04-03,"Paper, Forest & Jute Products",-7.58,ABREL,6.0
2026-04-03,Personal Products,-1.7386,"HONASA, GILLETTE, COLPAL",27.0
2026-04-03,Petroleum Products,0.2812,"CHENNPETRO, MRPL, CASTROLIND",35.0
2026-04-03,Pharmaceuticals & Biotechnology,5.3824,"AUROPHARMA, NATCOPHARM, EMCURE",53.0
2026-04-03,Power,6.8457,"ACMESOLAR, ADANIPOWER, NLCINDIA",59.0
2026-04-03,Realty,-7.4422,"OBEROIRLTY, BRIGADE, PHOENIXLTD",6.0
2026-04-03,Retailing,0.517,"DMART, NYKAA, FIRSTCRY",35.0
2026-04-03,Telecom - Equipment & Accessories,2.54,"TEJASNET, ITI",43.0
2026-04-03,Telecom - Services,-0.7821,"HFCL, TIPSMUSIC, INDUSTOWER",31.0
2026-04-03,Textiles & Apparels,2.505,"VTL, PAGEIND, TRIDENT",43.0
2026-04-03,Transport Infrastructure,-1.31,"ADANIPORTS, JSWINFRA, JWL",29.0
2026-04-03,Transport Services,5.0387,"GESHIP, DELHIVERY, MAZDOCK",52.0
2026-04-06,Aerospace & Defense,6.53,"DATAPATTNS, ZENTEC, BEL",55.0
2026-04-06,Agricultural Food & other Products,8.1829,"CCL, BALRAMCHIN, LTFOODS",61.0
2026-04-06,"Agricultural, Commercial & Construction Vehicles",-5.6,"ACE, BEML, ESCORTS",13.0
2026-04-06,Auto Components,-0.217,"SONACOMS, BHARATFORG, JBMA",32.0
2026-04-06,Automobiles,0.9592,"ATHERENERG, OLAELEC, OLECTRA",36.0
2026-04-06,Banks,-0.5154,"J&KBANK, RBLBANK, MAHABANK",30.0
2026-04-06,Beverages,-0.7825,"RADICO, UBL, UNITDSPR",30.0
2026-04-06,Capital Markets,6.0757,"BSE, ABSLAMC, ANGELONE",53.0
2026-04-06,Cement & Cement Products,-1.29,"JKCEMENT, GRASIM, DALBHARAT",28.0
2026-04-06,Chemicals & Petrochemicals,1.1133,"LINDEINDIA, SOLARINDS, AKZOINDIA",36.0
2026-04-06,Cigarettes & Tobacco Products,-7.03,GODFRYPHLP,8.0
2026-04-06,Commercial Services & Supplies,-1.2483,"IGIL, DOMS, MMTC",28.0
2026-04-06,Construction,-0.5608,"IRB, ENGINERSIN, TECHNOE",30.0
2026-04-06,Consumable Fuels,19.48,COALINDIA,100.0
2026-04-06,Consumer Durables,1.7866,"GANECOS, ARVIND, LUXIND",38.0
2026-04-06,Diversified,-2.7543,"DCMSHRIRAM, JMFINANCIL, GODREJIND",23.0
2026-04-06,Diversified FMCG,5.3536,"ZYDUSWELL, AVANTIFEED, RENUKA",51.0
2026-04-06,Diversified Metals,1.9466,"AETHER, ACUTAAS, VEDL",39.0
2026-04-06,Electrical Equipment,6.8712,"PREMIERENE, SCHNEIDER, POWERINDIA",56.0
2026-04-06,Entertainment,2.655,"SAREGAMA, PVRINOX",41.0
2026-04-06,Ferrous Metals,7.5671,"JINDALSAW, MAHSEAMLES, WELCORP",59.0
2026-04-06,Fertilizers & Agrochemicals,2.345,"BAYERCROP, FACT, CHAMBLFERT",40.0
2026-04-06,Finance,0.3943,"KTKBANK, PFC, ANANDRATHI",34.0
2026-04-06,Financial Technology (Fintech),0.4425,"INDIAMART, POLICYBZR, PAYTM",34.0
2026-04-06,Food Products,0.9386,"MARICO, NESTLEIND, BIKAJI",36.0
2026-04-06,Gas,-4.345,"ATGL, GAIL, AEGISLOG",17.0
2026-04-06,Healthcare Equipment & Supplies,2.09,POLYMED,40.0
2026-04-06,Healthcare Services,3.6454,"SHILPAMED, ENTERO, STAR",45.0
2026-04-06,Household Products,-9.28,JYOTHYLAB,0.0
2026-04-06,IT - Services,2.2642,"STLTECH, WEBELSOLAR, KRN",40.0
2026-04-06,IT - Software,-2.169,"PERSISTENT, TECHM, HAPPSTMNDS",25.0
2026-04-06,Industrial Manufacturing,1.2515,"MTARTECH, KSB, TDPOWERSYS",37.0
2026-04-06,Industrial Products,6.1929,"PRAJIND, INOXINDIA, SYRMA",54.0
2026-04-06,Insurance,-1.422,"GICRE, STARHEALTH, GODIGIT",27.0
2026-04-06,Leisure Services,-5.7921,"THELEELA, BLS, EIHOTEL",12.0
2026-04-06,Media,0.22,"SUNTV, ZEEL",33.0
2026-04-06,Metals & Minerals Trading,-2.64,ADANIENT,23.0
2026-04-06,Non - Ferrous Metals,9.0125,"NATIONALUM, HINDALCO, HINDCOPPER",64.0
2026-04-06,Oil,6.96,"ONGC, OIL, REFEX",56.0
2026-04-06,Other Construction Materials,8.3643,"LLOYDSME, GMDCLTD, KAJARIACER",61.0
2026-04-06,Other Utilities,8.25,ADANIENSOL,61.0
2026-04-06,"Paper, Forest & Jute Products",-6.29,ABREL,10.0
2026-04-06,Personal Products,-3.0857,"HONASA, GILLETTE, COLPAL",22.0
2026-04-06,Petroleum Products,-2.45,"CHENNPETRO, MRPL, CASTROLIND",24.0
2026-04-06,Pharmaceuticals & Biotechnology,4.2546,"AUROPHARMA, NATCOPHARM, GRANULES",47.0
2026-04-06,Power,7.6333,"ACMESOLAR, ADANIPOWER, NLCINDIA",59.0
2026-04-06,Realty,-6.59,"OBEROIRLTY, BRIGADE, PHOENIXLTD",9.0
2026-04-06,Retailing,2.337,"DMART, NYKAA, TRENT",40.0
2026-04-06,Telecom - Equipment & Accessories,0.76,"ITI, TEJASNET",35.0
2026-04-06,Telecom - Services,-0.7543,"HFCL, IMAGICAA, INDUSTOWER",30.0
2026-04-06,Textiles & Apparels,3.4875,"VTL, PAGEIND, TRIDENT",44.0
2026-04-06,Transport Infrastructure,-0.63,"ADANIPORTS, GMRAIRPORT, JWL",30.0
2026-04-06,Transport Services,6.0475,"GESHIP, DELHIVERY, MAZDOCK",53.0
2026-04-07,Aerospace & Defense,7.5783,"DATAPATTNS, ZENTEC, BEL",62.0
2026-04-07,Agricultural Food & other Products,8.1786,"CCL, BALRAMCHIN, LTFOODS",64.0
2026-04-07,"Agricultural, Commercial & Construction Vehicles",-4.77,"ACE, BEML, ESCORTS",15.0
2026-04-07,Auto Components,-0.1817,"SONACOMS, JBMA, BHARATFORG",32.0
2026-04-07,Automobiles,-0.1533,"ATHERENERG, OLAELEC, OLECTRA",32.0
2026-04-07,Banks,-0.84,"J&KBANK, INDIANB, MAHABANK",30.0
2026-04-07,Beverages,-1.42,"RADICO, UNITDSPR, UBL",27.0
2026-04-07,Capital Markets,5.5086,"BSE, ANGELONE, MCX",54.0
2026-04-07,Cement & Cement Products,-2.049,"JKCEMENT, GRASIM, DALBHARAT",25.0
2026-04-07,Chemicals & Petrochemicals,1.2338,"LINDEINDIA, AARTIIND, SOLARINDS",37.0
2026-04-07,Cigarettes & Tobacco Products,-0.56,GODFRYPHLP,31.0
2026-04-07,Commercial Services & Supplies,-1.5983,"DOMS, IGIL, MMTC",27.0
2026-04-07,Construction,-0.365,"IRB, ENGINERSIN, TECHNOE",31.0
2026-04-07,Consumable Fuels,17.7,COALINDIA,100.0
2026-04-07,Consumer Durables,1.9017,"GANECOS, LUXIND, ARVIND",40.0
2026-04-07,Diversified,-2.3771,"DCMSHRIRAM, JMFINANCIL, GODREJIND",24.0
2026-04-07,Diversified FMCG,4.6021,"AVANTIFEED, ZYDUSWELL, RENUKA",50.0
2026-04-07,Diversified Metals,3.6178,"GALLANTT, AETHER, ACUTAAS",46.0
2026-04-07,Electrical Equipment,7.6356,"PREMIERENE, SCHNEIDER, POWERINDIA",62.0
2026-04-07,Entertainment,1.35,"PVRINOX, SAREGAMA",38.0
2026-04-07,Ferrous Metals,9.6936,"JINDALSAW, GPIL, WELCORP",70.0
2026-04-07,Fertilizers & Agrochemicals,3.3475,"FACT, BAYERCROP, CHAMBLFERT",45.0
2026-04-07,Finance,0.5389,"KTKBANK, PFC, ANANDRATHI",35.0
2026-04-07,Financial Technology (Fintech),-0.1975,"INDIAMART, POLICYBZR, PAYTM",32.0
2026-04-07,Food Products,0.1657,"MARICO, NESTLEIND, BIKAJI",33.0
2026-04-07,Gas,-4.5012,"ATGL, GAIL, PETRONET",16.0
2026-04-07,Healthcare Equipment & Supplies,0.15,POLYMED,33.0
2026-04-07,Healthcare Services,3.5154,"SHILPAMED, STAR, ALIVUS",46.0
2026-04-07,Household Products,-8.61,JYOTHYLAB,0.0
2026-04-07,IT - Services,2.9192,"STLTECH, WEBELSOLAR, KRN",44.0
2026-04-07,IT - Software,-1.5943,"PERSISTENT, TECHM, OFSS",27.0
2026-04-07,Industrial Manufacturing,1.9831,"MTARTECH, TDPOWERSYS, KSB",40.0
2026-04-07,Industrial Products,5.9864,"SYRMA, INOXINDIA, PRAJIND",55.0
2026-04-07,Insurance,-1.114,"GICRE, STARHEALTH, GODIGIT",28.0
2026-04-07,Leisure Services,-6.125,"BLS, THELEELA, CHALET",9.0
2026-04-07,Media,1.13,"SUNTV, ZEEL",37.0
2026-04-07,Metals & Minerals Trading,-3.81,ADANIENT,18.0
2026-04-07,Non - Ferrous Metals,10.0,"NATIONALUM, HINDALCO, HINDCOPPER",71.0
2026-04-07,Oil,7.7675,"ONGC, OIL, REFEX",62.0
2026-04-07,Other Construction Materials,8.6729,"LLOYDSME, GMDCLTD, KAJARIACER",66.0
2026-04-07,Other Utilities,7.3,ADANIENSOL,60.0
2026-04-07,"Paper, Forest & Jute Products",-5.92,ABREL,10.0
2026-04-07,Personal Products,-2.4157,"HONASA, GILLETTE, GODREJCP",24.0
2026-04-07,Petroleum Products,-2.665,"MRPL, CHENNPETRO, CASTROLIND",23.0
2026-04-07,Pharmaceuticals & Biotechnology,3.9173,"NATCOPHARM, AUROPHARMA, GRANULES",48.0
2026-04-07,Power,7.3033,"ACMESOLAR, ADANIPOWER, NLCINDIA",60.0
2026-04-07,Realty,-5.6606,"OBEROIRLTY, MAHLIFE, PHOENIXLTD",11.0
2026-04-07,Retailing,2.025,"DMART, FIRSTCRY, TRENT",40.0
2026-04-07,Telecom - Equipment & Accessories,-1.215,"ITI, TEJASNET",28.0
2026-04-07,Telecom - Services,0.3643,"HFCL, IMAGICAA, TIPSMUSIC",34.0
2026-04-07,Textiles & Apparels,4.0225,"VTL, PAGEIND, TRIDENT",48.0
2026-04-07,Transport Infrastructure,1.45,"TITAGARH, ADANIPORTS, JWL",38.0
2026-04-07,Transport Services,6.1375,"GESHIP, DELHIVERY, MAZDOCK",56.0
2026-04-08,Aerospace & Defense,6.6217,"DATAPATTNS, ZENTEC, GRSE",77.0
2026-04-08,Agricultural Food & other Products,5.2414,"CCL, BALRAMCHIN, LTFOODS",70.0
2026-04-08,"Agricultural, Commercial & Construction Vehicles",-3.575,"ACE, BEML, ASHOKLEY",23.0
2026-04-08,Auto Components,0.9052,"SONACOMS, BHARATFORG, BOSCHLTD",47.0
2026-04-08,Automobiles,1.4217,"ATHERENERG, OLAELEC, OLECTRA",50.0
2026-04-08,Banks,0.6619,"J&KBANK, UNIONBANK, INDIANB",46.0
2026-04-08,Beverages,-1.78,"RADICO, UNITDSPR, VBL",33.0
2026-04-08,Capital Markets,6.6457,"ANGELONE, BSE, ABSLAMC",77.0
2026-04-08,Cement & Cement Products,-0.923,"JKCEMENT, GRASIM, ULTRACEMCO",37.0
2026-04-08,Chemicals & Petrochemicals,1.0767,"LINDEINDIA, AARTIIND, SOLARINDS",48.0
2026-04-08,Cigarettes & Tobacco Products,-0.21,GODFRYPHLP,41.0
2026-04-08,Commercial Services & Supplies,-2.265,"IGIL, DOMS, MMTC",30.0
2026-04-08,Construction,0.2317,"ENGINERSIN, IRB, LT",43.0
2026-04-08,Consumable Fuels,6.6,COALINDIA,77.0
2026-04-08,Consumer Durables,2.9647,"LUXIND, GANECOS, THANGAMAYL",58.0
2026-04-08,Diversified,-1.1829,"DCMSHRIRAM, JMFINANCIL, BAJAJHLDNG",36.0
2026-04-08,Diversified FMCG,3.9729,"AVANTIFEED, ZYDUSWELL, RENUKA",63.0
2026-04-08,Diversified Metals,3.6566,"GALLANTT, AETHER, ACUTAAS",62.0
2026-04-08,Electrical Equipment,7.2936,"PREMIERENE, SCHNEIDER, POWERINDIA",81.0
2026-04-08,Entertainment,-0.91,"SAREGAMA, PVRINOX",37.0
2026-04-08,Ferrous Metals,9.015,"JINDALSAW, WELCORP, MAHSEAMLES",90.0
2026-04-08,Fertilizers & Agrochemicals,4.2437,"FACT, BAYERCROP, CHAMBLFERT",65.0
2026-04-08,Finance,1.8675,"KTKBANK, DCBBANK, ANANDRATHI",52.0
2026-04-08,Financial Technology (Fintech),-0.03,"INDIAMART, PAYTM, POLICYBZR",42.0
2026-04-08,Food Products,-2.4571,"MARICO, NESTLEIND, BIKAJI",29.0
2026-04-08,Gas,-3.9375,"ATGL, GAIL, PETRONET",21.0
2026-04-08,Healthcare Equipment & Supplies,1.7,POLYMED,51.0
2026-04-08,Healthcare Services,2.61,"SHILPAMED, ALIVUS, STAR",56.0
2026-04-08,Household Products,-7.96,JYOTHYLAB,0.0
2026-04-08,IT - Services,4.3585,"STLTECH, WEBELSOLAR, KRN",65.0
2026-04-08,IT - Software,-2.6538,"PERSISTENT, TECHM, HCLTECH",28.0
2026-04-08,Industrial Manufacturing,2.6154,"MTARTECH, ELECTCAST, KSB",56.0
2026-04-08,Industrial Products,4.0107,"SYRMA, PRAJIND, INOXINDIA",63.0
2026-04-08,Insurance,-1.363,"GICRE, STARHEALTH, GODIGIT",35.0
2026-04-08,Leisure Services,-4.4636,"BLS, THELEELA, INDHOTEL",19.0
2026-04-08,Media,2.08,"SUNTV, ZEEL",53.0
2026-04-08,Metals & Minerals Trading,0.49,ADANIENT,45.0
2026-04-08,Non - Ferrous Metals,4.85,"NATIONALUM, HINDALCO, HINDCOPPER",68.0
2026-04-08,Oil,5.73,"ONGC, OIL, REFEX",73.0
2026-04-08,Other Construction Materials,8.51,"LLOYDSME, KAJARIACER, GMDCLTD",87.0
2026-04-08,Other Utilities,10.92,ADANIENSOL,100.0
2026-04-08,"Paper, Forest & Jute Products",-3.08,ABREL,26.0
2026-04-08,Personal Products,-3.8743,"HONASA, GILLETTE, GODREJCP",22.0
2026-04-08,Petroleum Products,-1.76,"CHENNPETRO, MRPL, CASTROLIND",33.0
2026-04-08,Pharmaceuticals & Biotechnology,1.4681,"NATCOPHARM, AUROPHARMA, AKUMS",50.0
2026-04-08,Power,6.0543,"ADANIPOWER, ACMESOLAR, ADANIGREEN",74.0
2026-04-08,Realty,-3.9122,"OBEROIRLTY, PHOENIXLTD, BRIGADE",21.0
2026-04-08,Retailing,0.296,"DMART, FIRSTCRY, TRENT",44.0
2026-04-08,Telecom - Equipment & Accessories,0.275,"ITI, TEJASNET",44.0
2026-04-08,Telecom - Services,0.44,"HFCL, IMAGICAA, TIPSMUSIC",44.0
2026-04-08,Textiles & Apparels,4.3762,"VTL, PAGEIND, TRIDENT",65.0
2026-04-08,Transport Infrastructure,1.202,"ADANIPORTS, TITAGARH, JWL",49.0
2026-04-08,Transport Services,4.535,"DELHIVERY, GESHIP, MAZDOCK",66.0
2026-04-09,Aerospace & Defense,6.62,"ZENTEC, DATAPATTNS, GRSE",76.0
2026-04-09,Agricultural Food & other Products,5.3843,"CCL, LTFOODS, BALRAMCHIN",70.0
2026-04-09,"Agricultural, Commercial & Construction Vehicles",-2.37,"ACE, BEML, ASHOKLEY",30.0
2026-04-09,Auto Components,1.1704,"JBMA, SONACOMS, BOSCHLTD",48.0
2026-04-09,Automobiles,5.1575,"OLAELEC, ATHERENERG, OLECTRA",69.0
2026-04-09,Banks,0.5992,"J&KBANK, UNIONBANK, MAHABANK",45.0
2026-04-09,Beverages,-3.695,"RADICO, VBL, UNITDSPR",23.0
2026-04-09,Capital Markets,7.7879,"ANGELONE, BSE, MCX",82.0
2026-04-09,Cement & Cement Products,-0.902,"JKCEMENT, GRASIM, DALBHARAT",37.0
2026-04-09,Chemicals & Petrochemicals,1.3914,"LINDEINDIA, AARTIIND, ATUL",49.0
2026-04-09,Cigarettes & Tobacco Products,0.86,GODFRYPHLP,46.0
2026-04-09,Commercial Services & Supplies,-1.9917,"DOMS, IGIL, MMTC",32.0
2026-04-09,Construction,0.6892,"ENGINERSIN, IRB, NCC",45.0
2026-04-09,Consumable Fuels,9.49,COALINDIA,91.0
2026-04-09,Consumer Durables,2.9894,"GANECOS, LUXIND, THANGAMAYL",57.0
2026-04-09,Diversified,-0.8571,"DCMSHRIRAM, JMFINANCIL, BAJAJHLDNG",37.0
2026-04-09,Diversified FMCG,4.6443,"AVANTIFEED, ZYDUSWELL, GAEL",66.0
2026-04-09,Diversified Metals,3.9978,"GALLANTT, LLOYDSENT, ACUTAAS",63.0
2026-04-09,Electrical Equipment,8.3248,"PREMIERENE, POWERINDIA, WAAREEENER",85.0
2026-04-09,Entertainment,-1.775,"SAREGAMA, PVRINOX",33.0
2026-04-09,Ferrous Metals,10.0221,"JINDALSAW, WELCORP, GPIL",94.0
2026-04-09,Fertilizers & Agrochemicals,5.5613,"FACT, BAYERCROP, RCF",71.0
2026-04-09,Finance,1.9791,"KTKBANK, ANANDRATHI, PFC",52.0
2026-04-09,Financial Technology (Fintech),0.3075,"INDIAMART, PAYTM, POLICYBZR",43.0
2026-04-09,Food Products,-2.7471,"BIKAJI, NESTLEIND, MARICO",28.0
2026-04-09,Gas,-3.005,"ATGL, MGL, GAIL",26.0
2026-04-09,Healthcare Equipment & Supplies,2.42,POLYMED,54.0
2026-04-09,Healthcare Services,3.3637,"SHILPAMED, SPARC, ALIVUS",59.0
2026-04-09,Household Products,-8.07,JYOTHYLAB,0.0
2026-04-09,IT - Services,5.1138,"STLTECH, WEBELSOLAR, KRN",68.0
2026-04-09,IT - Software,-2.001,"PERSISTENT, TECHM, OFSS",32.0
2026-04-09,Industrial Manufacturing,2.4339,"MTARTECH, ELECTCAST, KSB",55.0
2026-04-09,Industrial Products,3.63,"SYRMA, PRAJIND, TIMKEN",61.0
2026-04-09,Insurance,-0.708,"GICRE, STARHEALTH, SBILIFE",38.0
2026-04-09,Leisure Services,-4.9721,"BLS, THELEELA, INDHOTEL",16.0
2026-04-09,Media,1.61,"SUNTV, ZEEL",50.0
2026-04-09,Metals & Minerals Trading,1.67,ADANIENT,51.0
2026-04-09,Non - Ferrous Metals,6.3725,"NATIONALUM, HINDALCO, HINDCOPPER",75.0
2026-04-09,Oil,6.445,"ONGC, OIL, REFEX",75.0
2026-04-09,Other Construction Materials,10.06,"LLOYDSME, KAJARIACER, GMDCLTD",94.0
2026-04-09,Other Utilities,11.19,ADANIENSOL,100.0
2026-04-09,"Paper, Forest & Jute Products",-1.48,ABREL,34.0
2026-04-09,Personal Products,-1.9657,"HONASA, GILLETTE, GODREJCP",32.0
2026-04-09,Petroleum Products,-2.2887,"CHENNPETRO, MRPL, CASTROLIND",30.0
2026-04-09,Pharmaceuticals & Biotechnology,2.6995,"NATCOPHARM, EMCURE, AUROPHARMA",56.0
2026-04-09,Power,6.7352,"ADANIPOWER, ACMESOLAR, ADANIGREEN",77.0
2026-04-09,Realty,-3.8361,"OBEROIRLTY, PHOENIXLTD, EMBDL",22.0
2026-04-09,Retailing,0.103,"DMART, FIRSTCRY, NYKAA",42.0
2026-04-09,Telecom - Equipment & Accessories,6.72,"ITI, TEJASNET",77.0
2026-04-09,Telecom - Services,1.0929,"HFCL, IMAGICAA, TIPSMUSIC",48.0
2026-04-09,Textiles & Apparels,4.105,"VTL, PAGEIND, TRIDENT",63.0
2026-04-09,Transport Infrastructure,-0.768,"ADANIPORTS, GMRAIRPORT, TITAGARH",38.0
2026-04-09,Transport Services,4.915,"DELHIVERY, GESHIP, SCI",67.0
2026-04-10,Aerospace & Defense,5.735,"ZENTEC, DATAPATTNS, GRSE",52.0
2026-04-10,Agricultural Food & other Products,5.0614,"CCL, LTFOODS, TRIVENI",49.0
2026-04-10,"Agricultural, Commercial & Construction Vehicles",0.81,"ACE, ASHOKLEY, BEML",33.0
2026-04-10,Auto Components,2.6943,"SONACOMS, JBMA, BOSCHLTD",40.0
2026-04-10,Automobiles,8.7717,"OLAELEC, ATHERENERG, OLECTRA",63.0
2026-04-10,Banks,2.3412,"J&KBANK, INDIANB, FEDERALBNK",39.0
2026-04-10,Beverages,-3.56,"RADICO, VBL, UNITDSPR",16.0
2026-04-10,Capital Markets,8.2321,"ANGELONE, BSE, ABSLAMC",61.0
2026-04-10,Cement & Cement Products,1.084,"JKCEMENT, DALBHARAT, NUVOCO",34.0
2026-04-10,Chemicals & Petrochemicals,2.5081,"LINDEINDIA, AARTIIND, JUBLINGREA",39.0
2026-04-10,Cigarettes & Tobacco Products,4.64,GODFRYPHLP,47.0
2026-04-10,Commercial Services & Supplies,-1.8683,"DOMS, IGIL, MMTC",22.0
2026-04-10,Construction,2.6658,"ENGINERSIN, IRB, KPIL",40.0
2026-04-10,Consumable Fuels,3.17,COALINDIA,42.0
2026-04-10,Consumer Durables,4.9926,"LUXIND, GANECOS, SHRIPISTON",49.0
2026-04-10,Diversified,0.72,"JMFINANCIL, DCMSHRIRAM, CHOICEIN",32.0
2026-04-10,Diversified FMCG,6.7964,"AVANTIFEED, ZYDUSWELL, GAEL",56.0
2026-04-10,Diversified Metals,5.0012,"GALLANTT, ACUTAAS, AETHER",49.0
2026-04-10,Electrical Equipment,9.8828,"PREMIERENE, POWERINDIA, SCHNEIDER",68.0
2026-04-10,Entertainment,-2.27,"SAREGAMA, PVRINOX",21.0
2026-04-10,Ferrous Metals,11.6371,"WELCORP, JINDALSAW, MAHSEAMLES",74.0
2026-04-10,Fertilizers & Agrochemicals,5.7912,"FACT, BAYERCROP, RCF",52.0
2026-04-10,Finance,3.0696,"KTKBANK, ANANDRATHI, PFC",41.0
2026-04-10,Financial Technology (Fintech),-1.28,"PAYTM, POLICYBZR, INDIAMART",25.0
2026-04-10,Food Products,-2.35,"NESTLEIND, BIKAJI, MARICO",21.0
2026-04-10,Gas,-0.6612,"ATGL, MGL, GAIL",27.0
2026-04-10,Healthcare Equipment & Supplies,1.85,POLYMED,37.0
2026-04-10,Healthcare Services,2.9414,"SHILPAMED, SPARC, ALIVUS",41.0
2026-04-10,Household Products,-7.73,JYOTHYLAB,0.0
2026-04-10,IT - Services,6.0973,"STLTECH, WEBELSOLAR, KRN",53.0
2026-04-10,IT - Software,-4.5138,"OFSS, PERSISTENT, HCLTECH",12.0
2026-04-10,Industrial Manufacturing,4.5257,"MTARTECH, ELECTCAST, TDPOWERSYS",47.0
2026-04-10,Industrial Products,5.0029,"SYRMA, INOXINDIA, TIMKEN",49.0
2026-04-10,Insurance,0.801,"NIACL, GICRE, STARHEALTH",33.0
2026-04-10,Leisure Services,-3.2907,"BLS, THELEELA, INDHOTEL",17.0
2026-04-10,Media,3.455,"SUNTV, ZEEL",43.0
2026-04-10,Metals & Minerals Trading,3.23,ADANIENT,42.0
2026-04-10,Non - Ferrous Metals,5.39,"NATIONALUM, HINDALCO, HINDCOPPER",50.0
2026-04-10,Oil,6.6975,"ONGC, OIL, REFEX",55.0
2026-04-10,Other Construction Materials,10.7971,"LLOYDSME, KAJARIACER, CERA",71.0
2026-04-10,Other Utilities,18.33,ADANIENSOL,100.0
2026-04-10,"Paper, Forest & Jute Products",4.47,ABREL,47.0
2026-04-10,Personal Products,-1.1943,"HONASA, GILLETTE, GODREJCP",25.0
2026-04-10,Petroleum Products,-1.39,"CHENNPETRO, MRPL, CASTROLIND",24.0
2026-04-10,Pharmaceuticals & Biotechnology,2.3711,"NATCOPHARM, NEULANDLAB, AKUMS",39.0
2026-04-10,Power,7.6157,"ADANIPOWER, ADANIGREEN, ACMESOLAR",59.0
2026-04-10,Realty,-3.2433,"OBEROIRLTY, PHOENIXLTD, EMBDL",17.0
2026-04-10,Retailing,0.865,"DMART, TRENT, FIRSTCRY",33.0
2026-04-10,Telecom - Equipment & Accessories,7.735,"ITI, TEJASNET",59.0
2026-04-10,Telecom - Services,1.495,"HFCL, IMAGICAA, TIPSMUSIC",35.0
2026-04-10,Textiles & Apparels,4.9463,"VTL, PAGEIND, TRIDENT",49.0
2026-04-10,Transport Infrastructure,0.698,"ADANIPORTS, JSWINFRA, GMRAIRPORT",32.0
2026-04-10,Transport Services,6.1562,"DELHIVERY, GESHIP, SCI",53.0
2026-04-13,Aerospace & Defense,6.3133,"ZENTEC, DATAPATTNS, GRSE",54.0
2026-04-13,Agricultural Food & other Products,5.8214,"CCL, LTFOODS, TRIVENI",52.0
2026-04-13,"Agricultural, Commercial & Construction Vehicles",-1.0225,"ACE, BEML, ASHOKLEY",26.0
2026-04-13,Auto Components,1.9361,"SONACOMS, BHARATFORG, JBMA",37.0
2026-04-13,Automobiles,6.3725,"ATHERENERG, OLAELEC, OLECTRA",54.0
2026-04-13,Banks,1.3781,"J&KBANK, INDIANB, FEDERALBNK",35.0
2026-04-13,Beverages,-3.2375,"RADICO, VBL, UBL",18.0
2026-04-13,Capital Markets,6.3957,"ANGELONE, BSE, MCX",54.0
2026-04-13,Cement & Cement Products,0.353,"JKCEMENT, DALBHARAT, NUVOCO",32.0
2026-04-13,Chemicals & Petrochemicals,2.6648,"LINDEINDIA, SOLARINDS, AARTIIND",40.0
2026-04-13,Cigarettes & Tobacco Products,2.12,GODFRYPHLP,38.0
2026-04-13,Commercial Services & Supplies,-3.52,"IGIL, DOMS, MMTC",17.0
2026-04-13,Construction,2.0,"ENGINERSIN, TECHNOE, KPIL",38.0
2026-04-13,Consumable Fuels,3.42,COALINDIA,43.0
2026-04-13,Consumer Durables,3.7313,"LUXIND, GANECOS, ARVIND",44.0
2026-04-13,Diversified,0.2257,"DCMSHRIRAM, JMFINANCIL, CHOICEIN",31.0
2026-04-13,Diversified FMCG,6.5193,"AVANTIFEED, ZYDUSWELL, GAEL",54.0
2026-04-13,Diversified Metals,5.1062,"GALLANTT, ACUTAAS, AETHER",49.0
2026-04-13,Electrical Equipment,10.5448,"PREMIERENE, POWERINDIA, WAAREEENER",69.0
2026-04-13,Entertainment,-1.205,"SAREGAMA, PVRINOX",26.0
2026-04-13,Ferrous Metals,11.7957,"WELCORP, JINDALSAW, MAHSEAMLES",74.0
2026-04-13,Fertilizers & Agrochemicals,3.2225,"BAYERCROP, FACT, CHAMBLFERT",42.0
2026-04-13,Finance,2.1511,"ANANDRATHI, KTKBANK, PFC",38.0
2026-04-13,Financial Technology (Fintech),-1.47,"PAYTM, INDIAMART, POLICYBZR",25.0
2026-04-13,Food Products,-3.0214,"BIKAJI, NESTLEIND, MARICO",19.0
2026-04-13,Gas,-1.13,"ATGL, MGL, GAIL",26.0
2026-04-13,Healthcare Equipment & Supplies,3.54,POLYMED,43.0
2026-04-13,Healthcare Services,3.1869,"SHILPAMED, ENTERO, ALIVUS",42.0
2026-04-13,Household Products,-8.19,JYOTHYLAB,0.0
2026-04-13,IT - Services,5.7823,"STLTECH, KRN, WEBELSOLAR",52.0
2026-04-13,IT - Software,-5.9676,"OFSS, PERSISTENT, TECHM",8.0
2026-04-13,Industrial Manufacturing,5.0897,"MTARTECH, EIEL, ELECTCAST",49.0
2026-04-13,Industrial Products,4.785,"INOXINDIA, SYRMA, CARBORUNIV",48.0
2026-04-13,Insurance,2.829,"NIACL, GICRE, STARHEALTH",41.0
2026-04-13,Leisure Services,-3.1,"BLS, THELEELA, INDHOTEL",19.0
2026-04-13,Media,5.85,"SUNTV, ZEEL",52.0
2026-04-13,Metals & Minerals Trading,6.01,ADANIENT,52.0
2026-04-13,Non - Ferrous Metals,5.6225,"NATIONALUM, HINDALCO, HINDCOPPER",51.0
2026-04-13,Oil,9.2425,"ONGC, OIL, REFEX",64.0
2026-04-13,Other Construction Materials,11.4229,"LLOYDSME, KAJARIACER, CERA",72.0
2026-04-13,Other Utilities,18.91,ADANIENSOL,100.0
2026-04-13,"Paper, Forest & Jute Products",6.29,ABREL,53.0
2026-04-13,Personal Products,-1.6314,"HONASA, GILLETTE, GODREJCP",24.0
2026-04-13,Petroleum Products,-1.6775,"CHENNPETRO, MRPL, CASTROLIND",24.0
2026-04-13,Pharmaceuticals & Biotechnology,2.5643,"AKUMS, NATCOPHARM, NEULANDLAB",40.0
2026-04-13,Power,10.4014,"ADANIPOWER, ACMESOLAR, ADANIGREEN",69.0
2026-04-13,Realty,-3.1917,"OBEROIRLTY, PURVA, PHOENIXLTD",18.0
2026-04-13,Retailing,1.534,"DMART, FIRSTCRY, TRENT",36.0
2026-04-13,Telecom - Equipment & Accessories,5.18,"ITI, TEJASNET",49.0
2026-04-13,Telecom - Services,1.845,"HFCL, IMAGICAA, TIPSMUSIC",37.0
2026-04-13,Textiles & Apparels,5.8738,"VTL, PAGEIND, TRIDENT",52.0
2026-04-13,Transport Infrastructure,0.306,"ADANIPORTS, JSWINFRA, GMRAIRPORT",31.0
2026-04-13,Transport Services,4.6475,"DELHIVERY, GESHIP, SCI",47.0
2026-04-14,Aerospace & Defense,6.3133,"ZENTEC, DATAPATTNS, GRSE",54.0
2026-04-14,Agricultural Food & other Products,5.8214,"CCL, LTFOODS, TRIVENI",52.0
2026-04-14,"Agricultural, Commercial & Construction Vehicles",-1.0225,"ACE, BEML, ASHOKLEY",26.0
2026-04-14,Auto Components,1.9361,"SONACOMS, BHARATFORG, JBMA",37.0
2026-04-14,Automobiles,6.3725,"ATHERENERG, OLAELEC, OLECTRA",54.0
2026-04-14,Banks,1.3781,"J&KBANK, INDIANB, FEDERALBNK",35.0
2026-04-14,Beverages,-3.2375,"RADICO, VBL, UBL",18.0
2026-04-14,Capital Markets,6.3957,"ANGELONE, BSE, MCX",54.0
2026-04-14,Cement & Cement Products,0.353,"JKCEMENT, DALBHARAT, NUVOCO",32.0
2026-04-14,Chemicals & Petrochemicals,2.6648,"LINDEINDIA, SOLARINDS, AARTIIND",40.0
2026-04-14,Cigarettes & Tobacco Products,2.12,GODFRYPHLP,38.0
2026-04-14,Commercial Services & Supplies,-3.52,"IGIL, DOMS, MMTC",17.0
2026-04-14,Construction,2.0,"ENGINERSIN, TECHNOE, KPIL",38.0
2026-04-14,Consumable Fuels,3.42,COALINDIA,43.0
2026-04-14,Consumer Durables,3.7313,"LUXIND, GANECOS, ARVIND",44.0
2026-04-14,Diversified,0.2257,"DCMSHRIRAM, JMFINANCIL, CHOICEIN",31.0
2026-04-14,Diversified FMCG,6.5193,"AVANTIFEED, ZYDUSWELL, GAEL",54.0
2026-04-14,Diversified Metals,5.1062,"GALLANTT, ACUTAAS, AETHER",49.0
2026-04-14,Electrical Equipment,10.5448,"PREMIERENE, POWERINDIA, WAAREEENER",69.0
2026-04-14,Entertainment,-1.205,"SAREGAMA, PVRINOX",26.0
2026-04-14,Ferrous Metals,11.7957,"WELCORP, JINDALSAW, MAHSEAMLES",74.0
2026-04-14,Fertilizers & Agrochemicals,3.2225,"BAYERCROP, FACT, CHAMBLFERT",42.0
2026-04-14,Finance,2.1511,"ANANDRATHI, KTKBANK, PFC",38.0
2026-04-14,Financial Technology (Fintech),-1.47,"PAYTM, INDIAMART, POLICYBZR",25.0
2026-04-14,Food Products,-3.0214,"BIKAJI, NESTLEIND, MARICO",19.0
2026-04-14,Gas,-1.13,"ATGL, MGL, GAIL",26.0
2026-04-14,Healthcare Equipment & Supplies,3.54,POLYMED,43.0
2026-04-14,Healthcare Services,3.1869,"SHILPAMED, ENTERO, ALIVUS",42.0
2026-04-14,Household Products,-8.19,JYOTHYLAB,0.0
2026-04-14,IT - Services,5.7823,"STLTECH, KRN, WEBELSOLAR",52.0
2026-04-14,IT - Software,-5.9719,"OFSS, PERSISTENT, TECHM",8.0
2026-04-14,Industrial Manufacturing,5.0897,"MTARTECH, EIEL, ELECTCAST",49.0
2026-04-14,Industrial Products,4.785,"INOXINDIA, SYRMA, CARBORUNIV",48.0
2026-04-14,Insurance,2.829,"NIACL, GICRE, STARHEALTH",41.0
2026-04-14,Leisure Services,-3.1,"BLS, THELEELA, INDHOTEL",19.0
2026-04-14,Media,5.85,"SUNTV, ZEEL",52.0
2026-04-14,Metals & Minerals Trading,6.01,ADANIENT,52.0
2026-04-14,Non - Ferrous Metals,5.6225,"NATIONALUM, HINDALCO, HINDCOPPER",51.0
2026-04-14,Oil,9.2425,"ONGC, OIL, REFEX",64.0
2026-04-14,Other Construction Materials,11.4229,"LLOYDSME, KAJARIACER, CERA",72.0
2026-04-14,Other Utilities,18.91,ADANIENSOL,100.0
2026-04-14,"Paper, Forest & Jute Products",6.29,ABREL,53.0
2026-04-14,Personal Products,-1.6314,"HONASA, GILLETTE, GODREJCP",24.0
2026-04-14,Petroleum Products,-1.6775,"CHENNPETRO, MRPL, CASTROLIND",24.0
2026-04-14,Pharmaceuticals & Biotechnology,2.5643,"AKUMS, NATCOPHARM, NEULANDLAB",40.0
2026-04-14,Power,10.4014,"ADANIPOWER, ACMESOLAR, ADANIGREEN",69.0
2026-04-14,Realty,-3.1917,"OBEROIRLTY, PURVA, PHOENIXLTD",18.0
2026-04-14,Retailing,1.534,"DMART, FIRSTCRY, TRENT",36.0
2026-04-14,Telecom - Equipment & Accessories,5.18,"ITI, TEJASNET",49.0
2026-04-14,Telecom - Services,1.845,"HFCL, IMAGICAA, TIPSMUSIC",37.0
2026-04-14,Textiles & Apparels,5.8738,"VTL, PAGEIND, TRIDENT",52.0
2026-04-14,Transport Infrastructure,0.306,"ADANIPORTS, JSWINFRA, GMRAIRPORT",31.0
2026-04-14,Transport Services,4.6475,"DELHIVERY, GESHIP, SCI",47.0
2026-04-15,Aerospace & Defense,6.7283,"DATAPATTNS, ZENTEC, GRSE",54.0
2026-04-15,Agricultural Food & other Products,5.4357,"CCL, LTFOODS, TRIVENI",49.0
2026-04-15,"Agricultural, Commercial & Construction Vehicles",0.3225,"ACE, BEML, ASHOKLEY",28.0
2026-04-15,Auto Components,2.3104,"SONACOMS, JBMA, BHARATFORG",36.0
2026-04-15,Automobiles,7.0583,"OLAELEC, ATHERENERG, OLECTRA",56.0
2026-04-15,Banks,1.9565,"J&KBANK, MAHABANK, UNIONBANK",35.0
2026-04-15,Beverages,-3.2825,"VBL, RADICO, UBL",13.0
2026-04-15,Capital Markets,9.5657,"ANGELONE, BSE, MCX",66.0
2026-04-15,Cement & Cement Products,-0.065,"DALBHARAT, ULTRACEMCO, SHREECEM",26.0
2026-04-15,Chemicals & Petrochemicals,3.7843,"LINDEINDIA, DEEPAKFERT, AARTIIND",42.0
2026-04-15,Cigarettes & Tobacco Products,0.82,GODFRYPHLP,30.0
2026-04-15,Commercial Services & Supplies,-2.55,"IGIL, DOMS, MMTC",16.0
2026-04-15,Construction,4.4567,"TECHNOE, ENGINERSIN, AFCONS",45.0
2026-04-15,Consumable Fuels,1.4,COALINDIA,32.0
2026-04-15,Consumer Durables,4.954,"LUXIND, GANECOS, SKYGOLD",47.0
2026-04-15,Diversified,1.5029,"DCMSHRIRAM, JMFINANCIL, CHOICEIN",33.0
2026-04-15,Diversified FMCG,7.2464,"AVANTIFEED, ZYDUSWELL, GAEL",56.0
2026-04-15,Diversified Metals,6.0698,"GALLANTT, EPIGRAL, SHARDACROP",52.0
2026-04-15,Electrical Equipment,12.9972,"THERMAX, POWERINDIA, PREMIERENE",80.0
2026-04-15,Entertainment,-2.71,"SAREGAMA, PVRINOX",16.0
2026-04-15,Ferrous Metals,12.34,"WELCORP, JINDALSAW, GPIL",77.0
2026-04-15,Fertilizers & Agrochemicals,2.9825,"BAYERCROP, SUMICHEM, CHAMBLFERT",39.0
2026-04-15,Finance,2.7028,"ANANDRATHI, PFC, KTKBANK",38.0
2026-04-15,Financial Technology (Fintech),-0.6025,"PAYTM, INDIAMART, POLICYBZR",24.0
2026-04-15,Food Products,-3.0471,"NESTLEIND, MARICO, BIKAJI",14.0
2026-04-15,Gas,-1.945,"ATGL, MGL, GAIL",19.0
2026-04-15,Healthcare Equipment & Supplies,0.63,POLYMED,29.0
2026-04-15,Healthcare Services,3.3791,"SHILPAMED, SPARC, YATHARTH",40.0
2026-04-15,Household Products,-6.51,JYOTHYLAB,0.0
2026-04-15,IT - Services,7.3335,"STLTECH, KRN, WEBELSOLAR",57.0
2026-04-15,IT - Software,-4.2924,"OFSS, TECHM, PERSISTENT",9.0
2026-04-15,Industrial Manufacturing,7.0385,"MTARTECH, EIEL, TDPOWERSYS",55.0
2026-04-15,Industrial Products,5.7229,"INOXINDIA, SYRMA, PRAJIND",50.0
2026-04-15,Insurance,3.714,"NIACL, GICRE, STARHEALTH",42.0
2026-04-15,Leisure Services,-1.8157,"BLS, DBREALTY, THELEELA",19.0
2026-04-15,Media,5.44,"SUNTV, ZEEL",49.0
2026-04-15,Metals & Minerals Trading,6.11,ADANIENT,52.0
2026-04-15,Non - Ferrous Metals,8.23,"NATIONALUM, HINDALCO, HINDCOPPER",60.0
2026-04-15,Oil,8.525,"ONGC, REFEX, OIL",62.0
2026-04-15,Other Construction Materials,12.0843,"LLOYDSME, KAJARIACER, GMDCLTD",76.0
2026-04-15,Other Utilities,17.91,ADANIENSOL,100.0
2026-04-15,"Paper, Forest & Jute Products",7.73,ABREL,58.0
2026-04-15,Personal Products,-1.6543,"HONASA, GILLETTE, COLPAL",20.0
2026-04-15,Petroleum Products,0.5075,"CHENNPETRO, MRPL, CASTROLIND",29.0
2026-04-15,Pharmaceuticals & Biotechnology,1.8297,"AKUMS, NATCOPHARM, NEULANDLAB",34.0
2026-04-15,Power,12.279,"ADANIPOWER, JPPOWER, ACMESOLAR",77.0
2026-04-15,Realty,-2.0972,"PURVA, OBEROIRLTY, PHOENIXLTD",18.0
2026-04-15,Retailing,2.833,"DMART, TRENT, NYKAA",38.0
2026-04-15,Telecom - Equipment & Accessories,4.985,"ITI, TEJASNET",47.0
2026-04-15,Telecom - Services,2.5936,"HFCL, RAILTEL, TIPSMUSIC",37.0
2026-04-15,Textiles & Apparels,6.4413,"VTL, PAGEIND, KPRMILL",53.0
2026-04-15,Transport Infrastructure,3.08,"ADANIPORTS, JSWINFRA, GMRAIRPORT",39.0
2026-04-15,Transport Services,5.91,"GESHIP, SCI, DELHIVERY",51.0
2026-04-16,Aerospace & Defense,8.045,"DATAPATTNS, ZENTEC, GRSE",43.0
2026-04-16,Agricultural Food & other Products,5.6686,"LTFOODS, TRIVENI, GODREJAGRO",34.0
2026-04-16,"Agricultural, Commercial & Construction Vehicles",1.5525,"BEML, ACE, ASHOKLEY",19.0
2026-04-16,Auto Components,2.5274,"SONACOMS, BHARATFORG, JBMA",22.0
2026-04-16,Automobiles,8.1267,"OLAELEC, ATHERENERG, OLECTRA",44.0
2026-04-16,Banks,1.7288,"J&KBANK, MAHABANK, UNIONBANK",19.0
2026-04-16,Beverages,-0.2975,"VBL, RADICO, UNITDSPR",11.0
2026-04-16,Capital Markets,10.9264,"ANGELONE, BSE, MCX",55.0
2026-04-16,Cement & Cement Products,0.834,"ULTRACEMCO, INDIACEM, JKCEMENT",16.0
2026-04-16,Chemicals & Petrochemicals,3.6348,"DEEPAKFERT, LINDEINDIA, AARTIIND",27.0
2026-04-16,Cigarettes & Tobacco Products,3.6,GODFRYPHLP,26.0
2026-04-16,Commercial Services & Supplies,1.03,"IGIL, MMTC, DOMS",17.0
2026-04-16,Construction,6.0992,"ENGINERSIN, TECHNOE, AFCONS",36.0
2026-04-16,Consumable Fuels,-1.08,COALINDIA,8.0
2026-04-16,Consumer Durables,5.9867,"LUXIND, GANECOS, SKYGOLD",36.0
2026-04-16,Diversified,1.5486,"DCMSHRIRAM, JMFINANCIL, CHOICEIN",19.0
2026-04-16,Diversified FMCG,8.0186,"AVANTIFEED, ZYDUSWELL, GAEL",43.0
2026-04-16,Diversified Metals,8.2542,"GALLANTT, IMFA, EPIGRAL",44.0
2026-04-16,Electrical Equipment,14.6008,"THERMAX, POWERINDIA, PREMIERENE",69.0
2026-04-16,Entertainment,-2.48,"SAREGAMA, PVRINOX",3.0
2026-04-16,Ferrous Metals,13.0693,"WELCORP, JINDALSAW, MAHSEAMLES",63.0
2026-04-16,Fertilizers & Agrochemicals,3.2675,"BAYERCROP, SUMICHEM, PIIND",25.0
2026-04-16,Finance,3.51,"PFC, KTKBANK, IFCI",26.0
2026-04-16,Financial Technology (Fintech),1.6975,"PAYTM, INDIAMART, POLICYBZR",19.0
2026-04-16,Food Products,-2.8929,"NESTLEIND, MARICO, BIKAJI",2.0
2026-04-16,Gas,-2.1462,"MGL, ATGL, GAIL",4.0
2026-04-16,Healthcare Equipment & Supplies,2.47,POLYMED,22.0
2026-04-16,Healthcare Services,3.6906,"SHILPAMED, SPARC, YATHARTH",27.0
2026-04-16,Household Products,-3.29,JYOTHYLAB,0.0
2026-04-16,IT - Services,9.5523,"STLTECH, KRN, WEBELSOLAR",49.0
2026-04-16,IT - Software,-2.4962,"OFSS, TECHM, PERSISTENT",3.0
2026-04-16,Industrial Manufacturing,8.4133,"MTARTECH, TDPOWERSYS, EIEL",45.0
2026-04-16,Industrial Products,6.5271,"SYRMA, INOXINDIA, KAYNES",38.0
2026-04-16,Insurance,3.328,"NIACL, STARHEALTH, GICRE",25.0
2026-04-16,Leisure Services,-2.1364,"BLS, DBREALTY, INDHOTEL",4.0
2026-04-16,Media,3.24,"SUNTV, ZEEL",25.0
2026-04-16,Metals & Minerals Trading,8.08,ADANIENT,44.0
2026-04-16,Non - Ferrous Metals,9.53,"NATIONALUM, HINDALCO, HINDCOPPER",49.0
2026-04-16,Oil,8.615,"ONGC, REFEX, GMRP&UI",46.0
2026-04-16,Other Construction Materials,16.31,"GMDCLTD, LLOYDSME, KAJARIACER",75.0
2026-04-16,Other Utilities,22.77,ADANIENSOL,100.0
2026-04-16,"Paper, Forest & Jute Products",7.44,ABREL,41.0
2026-04-16,Personal Products,-0.7329,"HONASA, GILLETTE, COLPAL",10.0
2026-04-16,Petroleum Products,-0.3538,"CHENNPETRO, MRPL, CASTROLIND",11.0
2026-04-16,Pharmaceuticals & Biotechnology,2.0927,"AKUMS, NATCOPHARM, NEULANDLAB",21.0
2026-04-16,Power,12.1352,"ADANIPOWER, JPPOWER, ADANIGREEN",59.0
2026-04-16,Realty,-0.7689,"PURVA, OBEROIRLTY, PHOENIXLTD",10.0
2026-04-16,Retailing,3.676,"DMART, TRENT, NYKAA",27.0
2026-04-16,Telecom - Equipment & Accessories,4.515,"ITI, TEJASNET",30.0
2026-04-16,Telecom - Services,3.5557,"HFCL, TIPSMUSIC, RAILTEL",26.0
2026-04-16,Textiles & Apparels,5.8812,"VTL, PAGEIND, TRIDENT",35.0
2026-04-16,Transport Infrastructure,4.756,"ADANIPORTS, TITAGARH, JSWINFRA",31.0
2026-04-16,Transport Services,8.04,"SCI, DELHIVERY, GESHIP",43.0
2026-04-17,Aerospace & Defense,10.1033,"ZENTEC, DATAPATTNS, GRSE",45.0
2026-04-17,Agricultural Food & other Products,6.4643,"TRIVENI, LTFOODS, CCL",33.0
2026-04-17,"Agricultural, Commercial & Construction Vehicles",2.39,"BEML, ACE, ASHOKLEY",20.0
2026-04-17,Auto Components,3.723,"SONACOMS, BHARATFORG, JBMA",24.0
2026-04-17,Automobiles,8.0983,"OLAELEC, ATHERENERG, OLECTRA",39.0
2026-04-17,Banks,2.1762,"J&KBANK, MAHABANK, FEDERALBNK",19.0
2026-04-17,Beverages,2.9825,"RADICO, VBL, UNITDSPR",22.0
2026-04-17,Capital Markets,13.69,"ANGELONE, BSE, ABSLAMC",57.0
2026-04-17,Cement & Cement Products,0.735,"ULTRACEMCO, INDIACEM, JKCEMENT",15.0
2026-04-17,Chemicals & Petrochemicals,3.8543,"DEEPAKFERT, AARTIIND, LINDEINDIA",25.0
2026-04-17,Cigarettes & Tobacco Products,6.27,GODFRYPHLP,33.0
2026-04-17,Commercial Services & Supplies,3.7183,"IGIL, MMTC, DOMS",24.0
2026-04-17,Construction,8.2767,"ENGINERSIN, TECHNOE, LT",39.0
2026-04-17,Consumable Fuels,-3.0,COALINDIA,3.0
2026-04-17,Consumer Durables,6.9079,"LUXIND, GANECOS, SKYGOLD",35.0
2026-04-17,Diversified,3.0457,"DCMSHRIRAM, JMFINANCIL, CHOICEIN",22.0
2026-04-17,Diversified FMCG,10.1921,"AVANTIFEED, ABDL, ZYDUSWELL",46.0
2026-04-17,Diversified Metals,8.6482,"GALLANTT, IMFA, EPIGRAL",41.0
2026-04-17,Electrical Equipment,17.5868,"POWERINDIA, SCHNEIDER, APARINDS",70.0
2026-04-17,Entertainment,-3.77,"SAREGAMA, PVRINOX",0.0
2026-04-17,Ferrous Metals,14.6279,"WELCORP, JINDALSAW, GPIL",60.0
2026-04-17,Fertilizers & Agrochemicals,3.3063,"SUMICHEM, BAYERCROP, CHAMBLFERT",23.0
2026-04-17,Finance,3.5902,"PFC, PRUDENT, ANANDRATHI",24.0
2026-04-17,Financial Technology (Fintech),1.9925,"PAYTM, POLICYBZR, INDIAMART",19.0
2026-04-17,Food Products,-2.1957,"NESTLEIND, BIKAJI, MARICO",5.0
2026-04-17,Gas,1.885,"ATGL, AEGISLOG, MGL",18.0
2026-04-17,Healthcare Equipment & Supplies,1.15,POLYMED,16.0
2026-04-17,Healthcare Services,3.4711,"SHILPAMED, SPARC, YATHARTH",24.0
2026-04-17,Household Products,0.92,JYOTHYLAB,15.0
2026-04-17,IT - Services,11.5119,"STLTECH, KRN, WEBELSOLAR",50.0
2026-04-17,IT - Software,-2.6386,"OFSS, TECHM, MPHASIS",4.0
2026-04-17,Industrial Manufacturing,10.4595,"MTARTECH, TDPOWERSYS, EIEL",46.0
2026-04-17,Industrial Products,8.2329,"SYRMA, INOXINDIA, CARBORUNIV",39.0
2026-04-17,Insurance,2.122,"NIACL, STARHEALTH, GICRE",19.0
2026-04-17,Leisure Services,-2.0707,"BLS, DBREALTY, INDHOTEL",6.0
2026-04-17,Media,5.53,"SUNTV, ZEEL",30.0
2026-04-17,Metals & Minerals Trading,7.52,ADANIENT,37.0
2026-04-17,Non - Ferrous Metals,9.9575,"NATIONALUM, HINDALCO, HINDCOPPER",45.0
2026-04-17,Oil,8.405,"REFEX, ONGC, OIL",40.0
2026-04-17,Other Construction Materials,18.0743,"GMDCLTD, LLOYDSME, KAJARIACER",71.0
2026-04-17,Other Utilities,26.85,ADANIENSOL,100.0
2026-04-17,"Paper, Forest & Jute Products",9.08,ABREL,42.0
2026-04-17,Personal Products,1.1286,"HONASA, COLPAL, GILLETTE",16.0
2026-04-17,Petroleum Products,0.86,"CHENNPETRO, MRPL, CASTROLIND",15.0
2026-04-17,Pharmaceuticals & Biotechnology,2.5719,"NATCOPHARM, AKUMS, NEULANDLAB",21.0
2026-04-17,Power,13.3748,"ADANIPOWER, WAAREERTL, JPPOWER",56.0
2026-04-17,Realty,-0.8983,"PURVA, OBEROIRLTY, PHOENIXLTD",9.0
2026-04-17,Retailing,4.616,"DMART, TRENT, NYKAA",27.0
2026-04-17,Telecom - Equipment & Accessories,7.315,"ITI, TEJASNET",36.0
2026-04-17,Telecom - Services,5.1743,"HFCL, TIPSMUSIC, IMAGICAA",29.0
2026-04-17,Textiles & Apparels,7.005,"PAGEIND, VTL, KPRMILL",35.0
2026-04-17,Transport Infrastructure,5.314,"ADANIPORTS, JSWINFRA, TITAGARH",30.0
2026-04-17,Transport Services,10.2163,"SCI, DELHIVERY, GESHIP",46.0
2026-04-20,Aerospace & Defense,11.2333,"ZENTEC, DATAPATTNS, GRSE",48.0
2026-04-20,Agricultural Food & other Products,7.1586,"TRIVENI, BALRAMCHIN, LTFOODS",35.0
2026-04-20,"Agricultural, Commercial & Construction Vehicles",3.4675,"BEML, ACE, ESCORTS",23.0
2026-04-20,Auto Components,4.3248,"SONACOMS, TIINDIA, BHARATFORG",25.0
2026-04-20,Automobiles,7.1525,"OLAELEC, ATHERENERG, OLECTRA",35.0
2026-04-20,Banks,2.9727,"MAHABANK, J&KBANK, FEDERALBNK",21.0
2026-04-20,Beverages,5.1475,"RADICO, VBL, UNITDSPR",28.0
2026-04-20,Capital Markets,11.9979,"ANGELONE, BSE, ABSLAMC",51.0
2026-04-20,Cement & Cement Products,1.099,"JKCEMENT, INDIACEM, ULTRACEMCO",15.0
2026-04-20,Chemicals & Petrochemicals,3.9929,"DEEPAKFERT, AARTIIND, JUBLINGREA",24.0
2026-04-20,Cigarettes & Tobacco Products,1.73,GODFRYPHLP,17.0
2026-04-20,Commercial Services & Supplies,2.3333,"MMTC, IGIL, DOMS",19.0
2026-04-20,Construction,9.0108,"ENGINERSIN, TECHNOE, KPIL",41.0
2026-04-20,Consumable Fuels,-0.06,COALINDIA,11.0
2026-04-20,Consumer Durables,7.0687,"LUXIND, BELRISE, GANECOS",34.0
2026-04-20,Diversified,2.0171,"DCMSHRIRAM, JMFINANCIL, CHOICEIN",18.0
2026-04-20,Diversified FMCG,9.8693,"AVANTIFEED, ABDL, VSTIND",44.0
2026-04-20,Diversified Metals,9.108,"GALLANTT, LLOYDSENT, IMFA",41.0
2026-04-20,Electrical Equipment,21.262,"SCHNEIDER, POWERINDIA, APARINDS",81.0
2026-04-20,Entertainment,-3.43,"SAREGAMA, PVRINOX",0.0
2026-04-20,Ferrous Metals,15.73,"WELCORP, JINDALSAW, JINDALSTEL",63.0
2026-04-20,Fertilizers & Agrochemicals,3.67,"SUMICHEM, BAYERCROP, FACT",23.0
2026-04-20,Finance,3.67,"PFC, KTKBANK, PRUDENT",23.0
2026-04-20,Financial Technology (Fintech),2.4975,"POLICYBZR, PAYTM, INDIAMART",19.0
2026-04-20,Food Products,-2.2914,"NESTLEIND, MARICO, BIKAJI",4.0
2026-04-20,Gas,4.2512,"ATGL, AEGISLOG, MGL",25.0
2026-04-20,Healthcare Equipment & Supplies,1.99,POLYMED,18.0
2026-04-20,Healthcare Services,3.7651,"SHILPAMED, ALIVUS, ENTERO",24.0
2026-04-20,Household Products,4.61,JYOTHYLAB,26.0
2026-04-20,IT - Services,11.2723,"STLTECH, KRN, WEBELSOLAR",48.0
2026-04-20,IT - Software,-2.8614,"OFSS, TECHM, MPHASIS",2.0
2026-04-20,Industrial Manufacturing,11.3246,"MTARTECH, TDPOWERSYS, VOLTAMP",48.0
2026-04-20,Industrial Products,9.18,"SYRMA, INOXINDIA, CARBORUNIV",41.0
2026-04-20,Insurance,2.199,"NIACL, STARHEALTH, GICRE",18.0
2026-04-20,Leisure Services,-1.575,"BLS, DBREALTY, INDHOTEL",6.0
2026-04-20,Media,12.055,"SUNTV, ZEEL",51.0
2026-04-20,Metals & Minerals Trading,8.4,ADANIENT,39.0
2026-04-20,Non - Ferrous Metals,9.5225,"NATIONALUM, HINDCOPPER, HINDALCO",42.0
2026-04-20,Oil,8.9375,"REFEX, ONGC, OIL",41.0
2026-04-20,Other Construction Materials,17.7543,"LLOYDSME, KAJARIACER, GMDCLTD",69.0
2026-04-20,Other Utilities,27.08,ADANIENSOL,100.0
2026-04-20,"Paper, Forest & Jute Products",10.63,ABREL,46.0
2026-04-20,Personal Products,1.3071,"HONASA, COLPAL, GILLETTE",16.0
2026-04-20,Petroleum Products,0.4913,"CHENNPETRO, MRPL, CASTROLIND",13.0
2026-04-20,Pharmaceuticals & Biotechnology,3.0095,"NATCOPHARM, AKUMS, NEULANDLAB",21.0
2026-04-20,Power,14.74,"ADANIPOWER, JPPOWER, NAVA",60.0
2026-04-20,Realty,-0.2072,"OBEROIRLTY, PURVA, BRIGADE",11.0
2026-04-20,Retailing,5.753,"DMART, TRENT, MANYAVAR",30.0
2026-04-20,Telecom - Equipment & Accessories,0.485,"ITI, TEJASNET",13.0
2026-04-20,Telecom - Services,4.6014,"HFCL, TIPSMUSIC, RAILTEL",26.0
2026-04-20,Textiles & Apparels,8.0712,"PAGEIND, VTL, WELSPUNLIV",38.0
2026-04-20,Transport Infrastructure,6.182,"ADANIPORTS, JSWINFRA, TITAGARH",32.0
2026-04-20,Transport Services,11.8963,"SCI, DELHIVERY, GESHIP",50.0
2026-04-21,2/3 Wheelers,9.9733,"OLAELEC, ATHERENERG, TVSMOTOR",50.0
2026-04-21,Abrasives & Bearings,13.095,"CARBORUNIV, TIMKEN",59.0
2026-04-21,Aerospace & Defense,11.1683,"ZENTEC, DATAPATTNS, GRSE",53.0
2026-04-21,Airline,4.37,INDIGO,35.0
2026-04-21,Airport & Airport services,2.48,GMRAIRPORT,30.0
2026-04-21,Aluminium,8.005,"NATIONALUM, HINDALCO",45.0
2026-04-21,Animal Feed,6.72,GODREJAGRO,41.0
2026-04-21,Asset Management Company,13.8425,"NAM-INDIA, ABSLAMC, HDFCAMC",61.0
2026-04-21,Auto Components & Equipments,5.9717,"SONACOMS, TIINDIA, BHARATFORG",39.0
2026-04-21,Basic Materials,8.2861,"GALLANTT, LLOYDSENT, SHARDACROP",46.0
2026-04-21,Breweries & Distilleries,4.7867,"RADICO, UNITDSPR, UBL",36.0
2026-04-21,Business Process Outsourcing (BPO)/ Knowledge Process Outsourcing (KPO),-8.41,"FSL, ECLERX",0.0
2026-04-21,Cables - Electricals,9.2125,"FINCABLES, KEI, POLYCAB",48.0
2026-04-21,Carbon Black,9.11,"HSCL, PCBL",48.0
2026-04-21,Castings & Forgings,4.52,AIAENG,35.0
2026-04-21,Cement & Cement Products,0.326,"JKCEMENT, INDIACEM, ULTRACEMCO",24.0
2026-04-21,Ceramics,23.1,KAJARIACER,86.0
2026-04-21,Cigarettes & Tobacco Products,0.3,GODFRYPHLP,24.0
2026-04-21,Civil Construction,8.3942,"ENGINERSIN, TECHNOE, KPIL",46.0
2026-04-21,Coal,-0.95,COALINDIA,20.0
2026-04-21,Commercial Vehicles,-2.42,ASHOKLEY,16.0
2026-04-21,Commodity Chemicals,11.18,"DEEPAKFERT, TATACHEM",53.0
2026-04-21,Communication Services,4.1883,"TIPSMUSIC, NAZARA, IMAGICAA",34.0
2026-04-21,Compressors Pumps & Diesel Engines,20.04,"KSB, KIRLOSENG, ELGIEQUIP",78.0
2026-04-21,Computers - Software & Consulting,-2.4805,"TECHM, MPHASIS, PERSISTENT",16.0
2026-04-21,Construction Vehicles,7.405,"BEML, ACE",43.0
2026-04-21,Consumer Cyclical,7.6507,"LUXIND, GANECOS, GOKEX",44.0
2026-04-21,Consumer Defensive,12.86,"AVANTIFEED, ABDL, ZYDUSWELL",58.0
2026-04-21,Consumer Durables,3.56,SURYAROSNI,33.0
2026-04-21,Consumer Electronics,1.8833,"DIXON, PGEL, HAVELLS",28.0
2026-04-21,Copper,4.4,HINDCOPPER,35.0
2026-04-21,Depositories Clearing Houses and Other Intermediaries,6.4167,"CAMS, CDSL, KFINTECH",40.0
2026-04-21,Diversified,1.18,"DCMSHRIRAM, GODREJIND, 3MINDIA",26.0
2026-04-21,Diversified Commercial Services,12.66,IGIL,57.0
2026-04-21,Diversified FMCG,0.68,"HINDUNILVR, ITC",25.0
2026-04-21,Diversified Metals,11.45,VEDL,54.0
2026-04-21,Diversified Retail,13.045,"DMART, VMM",59.0
2026-04-21,E-Retail/ E-Commerce,1.2925,"FIRSTCRY, NYKAA, ETERNAL",26.0
2026-04-21,Edible Oil,-2.96,"MARICO, AWL, PATANJALI",15.0
2026-04-21,Electrodes & Refractories,13.9933,"HEG, GRAPHITE, RHIM",61.0
2026-04-21,Energy,11.42,"REFEX, GMRP&UI",54.0
2026-04-21,Exchange and Data Platform,8.76,"BSE, MCX, IEX",47.0
2026-04-21,Explosives,10.03,SOLARINDS,50.0
2026-04-21,Fertilizers,2.545,"FACT, RCF, CHAMBLFERT",30.0
2026-04-21,Film Production Distribution & Exhibition,-4.4,PVRINOX,11.0
2026-04-21,Financial Institution,7.2133,"PFC, RECLTD, IFCI",43.0
2026-04-21,Financial Products Distributor,15.32,ANANDRATHI,65.0
2026-04-21,Financial Services,7.7629,"KTKBANK, JSFB, PRUDENT",44.0
2026-04-21,Financial Technology (Fintech),3.445,"POLICYBZR, PAYTM",32.0
2026-04-21,Footwear,2.705,"CAMPUS, BATAINDIA",30.0
2026-04-21,Garments & Apparels,16.15,PAGEIND,67.0
2026-04-21,Gas Transmission/Marketing,2.9,"GAIL, GSPL",31.0
2026-04-21,Gems Jewellery And Watches,2.05,"TITAN, KALYANKJIL",29.0
2026-04-21,General Insurance,5.89,"NIACL, STARHEALTH, GICRE",39.0
2026-04-21,Healthcare,4.0238,"SHILPAMED, ALIVUS, SPARC",34.0
2026-04-21,Healthcare Research Analytics & Technology,-1.445,"INDGN, SYNGENE",19.0
2026-04-21,Healthcare Service Provider,4.68,"VIJAYA, LALPATHLAB, METROPOLIS",36.0
2026-04-21,Heavy Electrical Equipment,24.1693,"POWERINDIA, SCHNEIDER, THERMAX",89.0
2026-04-21,Holding Company,1.625,"JMFINANCIL, CHOICEIN, BAJAJHLDNG",27.0
2026-04-21,Hospital,3.2844,"RAINBOW, FORTIS, ASTERDM",32.0
2026-04-21,Hotels & Resorts,0.385,"DBREALTY, EIHOTEL, CHALET",24.0
2026-04-21,Household Appliances,7.5917,"AMBER, WHIRLPOOL, VGUARD",44.0
2026-04-21,Household Products,8.26,JYOTHYLAB,45.0
2026-04-21,Housing Finance Company,7.7778,"PNBHOUSING, HOMEFIRST, AAVAS",44.0
2026-04-21,IT Enabled Services,1.9514,"NETWEB, TATATECH, AFFLE",28.0
2026-04-21,Industrial Gases,3.86,LINDEINDIA,33.0
2026-04-21,Industrial Minerals,17.32,"LLOYDSME, GMDCLTD, NMDC",70.0
2026-04-21,Industrial Products,12.414,"SYRMA, PRAJIND, KAYNES",57.0
2026-04-21,Industrials,10.5223,"MTARTECH, TDPOWERSYS, VOLTAMP",52.0
2026-04-21,Integrated Power Utilities,18.305,"ADANIPOWER, TORNTPOWER, CESC",73.0
2026-04-21,Internet & Catalogue Retail,1.18,"INDIAMART, NAUKRI",26.0
2026-04-21,Investment Company,0.6083,"TATAINVEST, LTF, ABCAPITAL",25.0
2026-04-21,Iron & Steel,9.2529,"JINDALSTEL, SAIL, SARDAEN",48.0
2026-04-21,Iron & Steel Products,15.7143,"WELCORP, JINDALSAW, MAHSEAMLES",66.0
2026-04-21,LPG/CNG/PNG/LNG Supplier,4.172,"ATGL, MGL, IGL",34.0
2026-04-21,Life Insurance,-4.704,"LICI, MFSL, SBILIFE",10.0
2026-04-21,Logistics Solution Provider,7.7333,"DELHIVERY, CONCOR, BLUEDART",44.0
2026-04-21,Lubricants,-0.07,CASTROLIND,23.0
2026-04-21,Media & Entertainment,-3.46,SAREGAMA,14.0
2026-04-21,Medical Equipment & Supplies,4.73,POLYMED,36.0
2026-04-21,Microfinance Institutions,3.13,CREDITACC,31.0
2026-04-21,Non Banking Financial Company (NBFC),-0.2807,"FIVESTAR, SHRIRAMFIN, CGCL",22.0
2026-04-21,Oil Exploration & Production,4.42,"ONGC, OIL",35.0
2026-04-21,Oil Storage & Transportation,-3.32,AEGISVOPAK,14.0
2026-04-21,Other Agricultural Products,8.78,LTFOODS,47.0
2026-04-21,Other Bank,10.03,AUBANK,50.0
2026-04-21,Other Beverages,9.08,VBL,48.0
2026-04-21,Other Electrical Equipment,28.2367,"APARINDS, PREMIERENE, WAAREEENER",100.0
2026-04-21,Other Financial Services,1.86,CRISIL,28.0
2026-04-21,Other Food Products,-2.02,EIDPARRY,17.0
2026-04-21,Other Industrial Products,8.7367,"INOXINDIA, HBLENGINE, PTCIL",47.0
2026-04-21,Other Telecom Services,7.95,RAILTEL,45.0
2026-04-21,Other Textile Products,8.898,"VTL, WELSPUNLIV, TRIDENT",47.0
2026-04-21,Packaged Foods,1.1875,"NESTLEIND, BIKAJI, BRITANNIA",26.0
2026-04-21,Paints,1.54,"BERGEPAINT, ASIANPAINT, AKZOINDIA",27.0
2026-04-21,Paper & Paper Products,10.89,ABREL,53.0
2026-04-21,Passenger Cars & Utility Vehicles,2.2567,"OLECTRA, TMPV, FORCEMOT",29.0
2026-04-21,Personal Care,3.1186,"HONASA, COLPAL, EMAMILTD",31.0
2026-04-21,Pesticides & Agrochemicals,2.3725,"SUMICHEM, BAYERCROP, PIIND",29.0
2026-04-21,Petrochemicals,-3.75,SWANCORP,13.0
2026-04-21,Pharmaceuticals,1.7803,"AKUMS, GRANULES, NATCOPHARM",28.0
2026-04-21,Plastic Products - Industrial,-0.64,"ASTRAL, FINPIPE, SUPREMEIND",21.0
2026-04-21,Plywood Boards/ Laminates,8.33,CENTURYPLY,46.0
2026-04-21,Port & Port services,9.835,"ADANIPORTS, JSWINFRA",50.0
2026-04-21,Power - Transmission,13.5,POWERGRID,60.0
2026-04-21,Power Distribution,27.65,ADANIENSOL,98.0
2026-04-21,Power Generation,14.6618,"ADANIGREEN, JPPOWER, ACMESOLAR",63.0
2026-04-21,Private Sector Bank,2.575,"J&KBANK, BANDHANBNK, FEDERALBNK",30.0
2026-04-21,Public Sector Bank,3.1036,"MAHABANK, UNIONBANK, SBIN",31.0
2026-04-21,Railway Wagons,0.91,"TITAGARH, JWL",25.0
2026-04-21,Real Estate,-3.3213,"PURVA, MAXESTATES, TARC",14.0
2026-04-21,Refineries & Marketing,0.12,"CHENNPETRO, MRPL, HINDPETRO",23.0
2026-04-21,Residential Commercial Projects,3.404,"OBEROIRLTY, BRIGADE, GODREJPROP",32.0
2026-04-21,Restaurants,-4.8233,"JUBLFOOD, SAPPHIRE, DEVYANI",10.0
2026-04-21,Sanitary Ware,8.8,CERA,47.0
2026-04-21,Ship Building & Allied Services,8.78,"MAZDOCK, COCHINSHIP",47.0
2026-04-21,Shipping,22.315,"SCI, GESHIP",84.0
2026-04-21,Software Products,1.64,"OFSS, MAPMYINDIA",27.0
2026-04-21,Speciality Retail,6.5725,"TRENT, MANYAVAR, ABFRL",41.0
2026-04-21,Specialty Chemicals,3.7027,"AARTIIND, DEEPAKNTR, JUBLINGREA",33.0
2026-04-21,Stationary,2.95,DOMS,31.0
2026-04-21,Stockbroking & Allied,14.795,"ANGELONE, NUVAMA, MOTILALOFS",63.0
2026-04-21,Sugar,13.74,"TRIVENI, BALRAMCHIN",60.0
2026-04-21,TV Broadcasting & Software Production,9.92,"SUNTV, ZEEL",50.0
2026-04-21,Tea & Coffee,5.735,"CCL, TATACONSUM",39.0
2026-04-21,Technology,15.3889,"STLTECH, KRN, WEBELSOLAR",65.0
2026-04-21,Telecom - Cellular & Fixed line services,-1.526,"TTML, BHARTIHEXA, BHARTIARTL",19.0
2026-04-21,Telecom - Equipment & Accessories,0.17,"ITI, TEJASNET",23.0
2026-04-21,Telecom - Infrastructure,16.97,"HFCL, INDUSTOWER",69.0
2026-04-21,Tour Travel Related Services,1.84,"BLS, IRCTC, TBOTEK",28.0
2026-04-21,Tractors,1.73,ESCORTS,28.0
2026-04-21,Trading & Distributors,0.645,"MMTC, REDINGTON",25.0
2026-04-21,Trading - Gas,9.98,AEGISLOG,50.0
2026-04-21,Trading - Minerals,7.53,ADANIENT,43.0
2026-04-21,Tyres & Rubber Products,-0.812,"CEATLTD, BALKRISIND, MRF",21.0
2026-04-21,Utilities,7.4917,"WAAREERTL, PTC, RTNPOWER",43.0
2026-04-21,Zinc,-0.32,HINDZINC,22.0
2026-04-22,2/3 Wheelers,9.3717,"OLAELEC, ATHERENERG, BAJAJ-AUTO",43.0
2026-04-22,Abrasives & Bearings,15.775,"CARBORUNIV, TIMKEN",56.0
2026-04-22,Aerospace & Defense,14.575,"ZENTEC, DATAPATTNS, GRSE",53.0
2026-04-22,Airline,3.13,INDIGO,30.0
2026-04-22,Airport & Airport services,2.49,GMRAIRPORT,29.0
2026-04-22,Aluminium,12.345,"NATIONALUM, HINDALCO",49.0
2026-04-22,Animal Feed,7.83,GODREJAGRO,40.0
2026-04-22,Asset Management Company,12.5475,"NAM-INDIA, ABSLAMC, HDFCAMC",49.0
2026-04-22,Auto Components & Equipments,8.1011,"TIINDIA, SONACOMS, BHARATFORG",40.0
2026-04-22,Basic Materials,10.0818,"GALLANTT, LLOYDSENT, SUNFLAG",44.0
2026-04-22,Breweries & Distilleries,6.4867,"RADICO, UNITDSPR, UBL",37.0
2026-04-22,Business Process Outsourcing (BPO)/ Knowledge Process Outsourcing (KPO),-11.975,"FSL, ECLERX",0.0
2026-04-22,Cables - Electricals,10.0525,"FINCABLES, KEI, POLYCAB",44.0
2026-04-22,Carbon Black,11.26,"HSCL, PCBL",47.0
2026-04-22,Castings & Forgings,6.85,AIAENG,38.0
2026-04-22,Cement & Cement Products,1.004,"JKCEMENT, ULTRACEMCO, INDIACEM",26.0
2026-04-22,Ceramics,22.31,KAJARIACER,69.0
2026-04-22,Cigarettes & Tobacco Products,2.94,GODFRYPHLP,30.0
2026-04-22,Civil Construction,8.6858,"ENGINERSIN, TECHNOE, KPIL",42.0
2026-04-22,Coal,1.31,COALINDIA,27.0
2026-04-22,Commercial Vehicles,-0.71,ASHOKLEY,23.0
2026-04-22,Commodity Chemicals,11.105,"DEEPAKFERT, TATACHEM",46.0
2026-04-22,Communication Services,3.1067,"TIPSMUSIC, IMAGICAA, NAZARA",30.0
2026-04-22,Compressors Pumps & Diesel Engines,19.608,"KSB, KIRLOSENG, ELGIEQUIP",64.0
2026-04-22,Computers - Software & Consulting,-5.9274,"BSOFT, TECHM, MPHASIS",12.0
2026-04-22,Construction Vehicles,9.755,"BEML, ACE",44.0
2026-04-22,Consumer Cyclical,8.0041,"LUXIND, GANECOS, SANSERA",40.0
2026-04-22,Consumer Defensive,12.9925,"AVANTIFEED, ABDL, KRBL",50.0
2026-04-22,Consumer Durables,4.78,SURYAROSNI,34.0
2026-04-22,Consumer Electronics,2.0067,"DIXON, PGEL, HAVELLS",28.0
2026-04-22,Copper,6.72,HINDCOPPER,38.0
2026-04-22,Depositories Clearing Houses and Other Intermediaries,4.28,"CAMS, CDSL, KFINTECH",33.0
2026-04-22,Diversified,3.1267,"DCMSHRIRAM, GODREJIND, 3MINDIA",30.0
2026-04-22,Diversified Commercial Services,11.16,IGIL,47.0
2026-04-22,Diversified FMCG,2.85,"HINDUNILVR, ITC",30.0
2026-04-22,Diversified Metals,12.8,VEDL,50.0
2026-04-22,Diversified Retail,13.005,"DMART, VMM",50.0
2026-04-22,E-Retail/ E-Commerce,1.9425,"FIRSTCRY, NYKAA, ETERNAL",28.0
2026-04-22,Edible Oil,0.5,"AWL, MARICO, PATANJALI",25.0
2026-04-22,Electrodes & Refractories,14.3233,"HEG, GRAPHITE, RHIM",53.0
2026-04-22,Energy,12.725,"REFEX, GMRP&UI",50.0
2026-04-22,Exchange and Data Platform,8.8367,"BSE, MCX, IEX",42.0
2026-04-22,Explosives,14.13,SOLARINDS,53.0
2026-04-22,Fertilizers,3.9575,"FACT, RCF, CHAMBLFERT",32.0
2026-04-22,Film Production Distribution & Exhibition,-1.4,PVRINOX,21.0
2026-04-22,Financial Institution,9.145,"PFC, IREDA, IFCI",43.0
2026-04-22,Financial Products Distributor,16.42,ANANDRATHI,57.0
2026-04-22,Financial Services,6.9136,"JSFB, KTKBANK, PRUDENT",38.0
2026-04-22,Financial Technology (Fintech),2.1,"POLICYBZR, PAYTM",28.0
2026-04-22,Footwear,4.255,"CAMPUS, BATAINDIA",33.0
2026-04-22,Garments & Apparels,15.0,PAGEIND,54.0
2026-04-22,Gas Transmission/Marketing,5.74,"GAIL, GSPL",36.0
2026-04-22,Gems Jewellery And Watches,2.085,"TITAN, KALYANKJIL",28.0
2026-04-22,General Insurance,6.652,"NIACL, STARHEALTH, GICRE",38.0
2026-04-22,Healthcare,4.3838,"SHILPAMED, ALIVUS, SPARC",33.0
2026-04-22,Healthcare Research Analytics & Technology,-2.01,"INDGN, SYNGENE",20.0
2026-04-22,Healthcare Service Provider,5.64,"VIJAYA, LALPATHLAB, METROPOLIS",35.0
2026-04-22,Heavy Electrical Equipment,25.9679,"SCHNEIDER, POWERINDIA, ABB",76.0
2026-04-22,Holding Company,0.6275,"BAJAJHLDNG, JMFINANCIL, CHOICEIN",25.0
2026-04-22,Hospital,4.4544,"RAINBOW, ASTERDM, FORTIS",33.0
2026-04-22,Hotels & Resorts,-0.1537,"DBREALTY, EIHOTEL, CHALET",24.0
2026-04-22,Household Appliances,8.605,"AMBER, WHIRLPOOL, VGUARD",41.0
2026-04-22,Household Products,12.52,JYOTHYLAB,49.0
2026-04-22,Housing Finance Company,8.4156,"HOMEFIRST, PNBHOUSING, AAVAS",41.0
2026-04-22,IT Enabled Services,1.2329,"NETWEB, CYIENT, TATATECH",27.0
2026-04-22,Industrial Gases,8.84,LINDEINDIA,42.0
2026-04-22,Industrial Minerals,18.1825,"LLOYDSME, GMDCLTD, NMDC",61.0
2026-04-22,Industrial Products,15.388,"SYRMA, PRAJIND, KAYNES",55.0
2026-04-22,Industrials,11.6616,"MTARTECH, TDPOWERSYS, VOLTAMP",48.0
2026-04-22,Integrated Power Utilities,22.3825,"ADANIPOWER, TORNTPOWER, CESC",69.0
2026-04-22,Internet & Catalogue Retail,-0.12,"INDIAMART, NAUKRI",24.0
2026-04-22,Investment Company,1.945,"TATAINVEST, LTF, ABCAPITAL",28.0
2026-04-22,Iron & Steel,10.4757,"SARDAEN, SAIL, JINDALSTEL",45.0
2026-04-22,Iron & Steel Products,17.83,"WELCORP, JINDALSAW, MAHSEAMLES",60.0
2026-04-22,LPG/CNG/PNG/LNG Supplier,6.806,"ATGL, MGL, GUJGASLTD",38.0
2026-04-22,Life Insurance,-5.278,"LICI, MFSL, SBILIFE",13.0
2026-04-22,Logistics Solution Provider,7.52,"DELHIVERY, CONCOR, BLUEDART",39.0
2026-04-22,Lubricants,1.47,CASTROLIND,27.0
2026-04-22,Media & Entertainment,-0.66,SAREGAMA,23.0
2026-04-22,Medical Equipment & Supplies,3.63,POLYMED,31.0
2026-04-22,Microfinance Institutions,3.23,CREDITACC,31.0
2026-04-22,Non Banking Financial Company (NBFC),-0.1071,"FIVESTAR, CGCL, SHRIRAMFIN",24.0
2026-04-22,Oil Exploration & Production,6.625,"ONGC, OIL",37.0
2026-04-22,Oil Storage & Transportation,-3.36,AEGISVOPAK,17.0
2026-04-22,Other Agricultural Products,10.41,LTFOODS,45.0
2026-04-22,Other Bank,10.13,AUBANK,45.0
2026-04-22,Other Beverages,10.94,VBL,46.0
2026-04-22,Other Electrical Equipment,25.2167,"APARINDS, PREMIERENE, WAAREEENER",75.0
2026-04-22,Other Financial Services,2.23,CRISIL,29.0
2026-04-22,Other Food Products,0.91,EIDPARRY,26.0
2026-04-22,Other Industrial Products,11.7267,"INOXINDIA, HBLENGINE, PTCIL",48.0
2026-04-22,Other Telecom Services,6.94,RAILTEL,38.0
2026-04-22,Other Textile Products,8.398,"VTL, WELSPUNLIV, KPRMILL",41.0
2026-04-22,Packaged Foods,3.05,"NESTLEIND, BIKAJI, BRITANNIA",30.0
2026-04-22,Paints,2.0333,"BERGEPAINT, ASIANPAINT, AKZOINDIA",28.0
2026-04-22,Paper & Paper Products,5.68,ABREL,36.0
2026-04-22,Passenger Cars & Utility Vehicles,0.3133,"OLECTRA, TMPV, FORCEMOT",25.0
2026-04-22,Personal Care,4.7543,"HONASA, EMAMILTD, COLPAL",34.0
2026-04-22,Pesticides & Agrochemicals,3.135,"SUMICHEM, BAYERCROP, PIIND",30.0
2026-04-22,Petrochemicals,-5.9,SWANCORP,12.0
2026-04-22,Pharmaceuticals,2.7586,"AUROPHARMA, NATCOPHARM, NEULANDLAB",30.0
2026-04-22,Plastic Products - Industrial,0.6667,"FINPIPE, ASTRAL, SUPREMEIND",25.0
2026-04-22,Plywood Boards/ Laminates,9.04,CENTURYPLY,42.0
2026-04-22,Port & Port services,9.435,"ADANIPORTS, JSWINFRA",43.0
2026-04-22,Power - Transmission,14.38,POWERGRID,53.0
2026-04-22,Power Distribution,37.66,ADANIENSOL,100.0
2026-04-22,Power Generation,17.78,"ADANIGREEN, JPPOWER, ACMESOLAR",60.0
2026-04-22,Private Sector Bank,3.1707,"J&KBANK, FEDERALBNK, BANDHANBNK",31.0
2026-04-22,Public Sector Bank,4.3591,"MAHABANK, UNIONBANK, INDIANB",33.0
2026-04-22,Railway Wagons,1.635,"TITAGARH, JWL",27.0
2026-04-22,Real Estate,-3.595,"PURVA, TARC, SUNTECK",17.0
2026-04-22,Refineries & Marketing,2.7683,"CHENNPETRO, MRPL, HINDPETRO",30.0
2026-04-22,Residential Commercial Projects,3.74,"OBEROIRLTY, BRIGADE, GODREJPROP",32.0
2026-04-22,Restaurants,-3.0633,"JUBLFOOD, DEVYANI, SAPPHIRE",18.0
2026-04-22,Sanitary Ware,9.21,CERA,43.0
2026-04-22,Ship Building & Allied Services,9.54,"MAZDOCK, COCHINSHIP",43.0
2026-04-22,Shipping,22.01,"SCI, GESHIP",68.0
2026-04-22,Software Products,3.68,"OFSS, MAPMYINDIA",32.0
2026-04-22,Speciality Retail,7.155,"TRENT, MANYAVAR, ABLBL",39.0
2026-04-22,Specialty Chemicals,5.6727,"DEEPAKNTR, AARTIIND, JUBLINGREA",36.0
2026-04-22,Stationary,3.15,DOMS,30.0
2026-04-22,Stockbroking & Allied,11.4225,"ANGELONE, NUVAMA, MOTILALOFS",47.0
2026-04-22,Sugar,20.425,"TRIVENI, BALRAMCHIN",65.0
2026-04-22,TV Broadcasting & Software Production,10.1,"SUNTV, ZEEL",44.0
2026-04-22,Tea & Coffee,9.035,"CCL, TATACONSUM",42.0
2026-04-22,Technology,15.9795,"STLTECH, KRN, WEBELSOLAR",56.0
2026-04-22,Telecom - Cellular & Fixed line services,-2.024,"TTML, BHARTIHEXA, TATACOMM",20.0
2026-04-22,Telecom - Equipment & Accessories,4.08,"ITI, TEJASNET",32.0
2026-04-22,Telecom - Infrastructure,18.71,"HFCL, INDUSTOWER",62.0
2026-04-22,Tour Travel Related Services,1.7367,"BLS, TBOTEK, IRCTC",28.0
2026-04-22,Tractors,1.4,ESCORTS,27.0
2026-04-22,Trading & Distributors,-1.885,"MMTC, REDINGTON",20.0
2026-04-22,Trading - Gas,9.59,AEGISLOG,43.0
2026-04-22,Trading - Minerals,9.54,ADANIENT,43.0
2026-04-22,Tyres & Rubber Products,-1.196,"CEATLTD, BALKRISIND, MRF",22.0
2026-04-22,Utilities,9.9767,"WAAREERTL, RTNPOWER, PTC",44.0
2026-04-22,Zinc,4.32,HINDZINC,33.0
2026-04-23,2/3 Wheelers,9.05,"OLAELEC, ATHERENERG, BAJAJ-AUTO",43.0
2026-04-23,Abrasives & Bearings,17.675,"CARBORUNIV, TIMKEN",59.0
2026-04-23,Aerospace & Defense,17.065,"DATAPATTNS, ZENTEC, GRSE",58.0
2026-04-23,Airline,3.0,INDIGO,31.0
2026-04-23,Airport & Airport services,2.93,GMRAIRPORT,31.0
2026-04-23,Aluminium,14.95,"NATIONALUM, HINDALCO",54.0
2026-04-23,Animal Feed,7.49,GODREJAGRO,40.0
2026-04-23,Asset Management Company,11.3025,"NAM-INDIA, ABSLAMC, HDFCAMC",47.0
2026-04-23,Auto Components & Equipments,8.0017,"TIINDIA, SONACOMS, BHARATFORG",41.0
2026-04-23,Basic Materials,10.2655,"GALLANTT, LLOYDSENT, IMFA",45.0
2026-04-23,Breweries & Distilleries,6.08,"RADICO, UNITDSPR, UBL",37.0
2026-04-23,Business Process Outsourcing (BPO)/ Knowledge Process Outsourcing (KPO),-12.845,"FSL, ECLERX",0.0
2026-04-23,Cables - Electricals,9.745,"FINCABLES, KEI, POLYCAB",44.0
2026-04-23,Carbon Black,13.5,"HSCL, PCBL",51.0
2026-04-23,Castings & Forgings,8.65,AIAENG,42.0
2026-04-23,Cement & Cement Products,0.323,"JKCEMENT, ULTRACEMCO, INDIACEM",26.0
2026-04-23,Ceramics,22.43,KAJARIACER,69.0
2026-04-23,Cigarettes & Tobacco Products,2.27,GODFRYPHLP,29.0
2026-04-23,Civil Construction,9.52,"ENGINERSIN, TECHNOE, KPIL",43.0
2026-04-23,Coal,2.23,COALINDIA,29.0
2026-04-23,Commercial Vehicles,-2.86,ASHOKLEY,19.0
2026-04-23,Commodity Chemicals,11.81,"DEEPAKFERT, TATACHEM",48.0
2026-04-23,Communication Services,5.2033,"TIPSMUSIC, IMAGICAA, NAZARA",35.0
2026-04-23,Compressors Pumps & Diesel Engines,18.758,"KSB, ELGIEQUIP, KIRLOSENG",61.0
2026-04-23,Computers - Software & Consulting,-6.7821,"BSOFT, SONATSOFTW, TECHM",12.0
2026-04-23,Construction Vehicles,10.165,"BEML, ACE",45.0
2026-04-23,Consumer Cyclical,7.7748,"LUXIND, GANECOS, DYNAMATECH",40.0
2026-04-23,Consumer Defensive,14.115,"AVANTIFEED, ABDL, KRBL",52.0
2026-04-23,Consumer Durables,5.73,SURYAROSNI,36.0
2026-04-23,Consumer Electronics,-0.3833,"DIXON, PGEL, HAVELLS",24.0
2026-04-23,Copper,7.18,HINDCOPPER,39.0
2026-04-23,Depositories Clearing Houses and Other Intermediaries,5.1367,"CAMS, CDSL, KFINTECH",35.0
2026-04-23,Diversified,5.8067,"GODREJIND, DCMSHRIRAM, 3MINDIA",36.0
2026-04-23,Diversified Commercial Services,7.48,IGIL,40.0
2026-04-23,Diversified FMCG,3.475,"HINDUNILVR, ITC",32.0
2026-04-23,Diversified Metals,9.25,VEDL,43.0
2026-04-23,Diversified Retail,14.02,"DMART, VMM",52.0
2026-04-23,E-Retail/ E-Commerce,2.7025,"NYKAA, FIRSTCRY, ETERNAL",30.0
2026-04-23,Edible Oil,0.99,"MARICO, AWL, PATANJALI",27.0
2026-04-23,Electrodes & Refractories,14.8733,"HEG, GRAPHITE, RHIM",54.0
2026-04-23,Energy,9.555,"REFEX, GMRP&UI",44.0
2026-04-23,Exchange and Data Platform,9.7433,"BSE, MCX, IEX",44.0
2026-04-23,Explosives,19.25,SOLARINDS,62.0
2026-04-23,Fertilizers,4.27,"FACT, RCF, CHAMBLFERT",33.0
2026-04-23,Film Production Distribution & Exhibition,-0.15,PVRINOX,25.0
2026-04-23,Financial Institution,8.835,"PFC, IREDA, HUDCO",42.0
2026-04-23,Financial Products Distributor,16.26,ANANDRATHI,57.0
2026-04-23,Financial Services,7.6157,"JSFB, PRUDENT, KTKBANK",40.0
2026-04-23,Financial Technology (Fintech),4.055,"POLICYBZR, PAYTM",33.0
2026-04-23,Footwear,2.86,"CAMPUS, BATAINDIA",31.0
2026-04-23,Garments & Apparels,15.24,PAGEIND,55.0
2026-04-23,Gas Transmission/Marketing,6.135,"GAIL, GSPL",37.0
2026-04-23,Gems Jewellery And Watches,3.635,"TITAN, KALYANKJIL",32.0
2026-04-23,General Insurance,7.244,"NIACL, STARHEALTH, GICRE",39.0
2026-04-23,Healthcare,7.021,"SHILPAMED, STAR, YATHARTH",39.0
2026-04-23,Healthcare Research Analytics & Technology,-2.775,"INDGN, SYNGENE",20.0
2026-04-23,Healthcare Service Provider,4.57,"VIJAYA, LALPATHLAB, METROPOLIS",34.0
2026-04-23,Heavy Electrical Equipment,29.5407,"POWERINDIA, SCHNEIDER, GVT&D",82.0
2026-04-23,Holding Company,2.67,"JMFINANCIL, CHOICEIN, BAJAJHLDNG",30.0
2026-04-23,Hospital,4.9922,"ASTERDM, FORTIS, RAINBOW",35.0
2026-04-23,Hotels & Resorts,-0.4637,"DBREALTY, THELEELA, EIHOTEL",24.0
2026-04-23,Household Appliances,8.4667,"AMBER, WHIRLPOOL, VGUARD",41.0
2026-04-23,Household Products,13.83,JYOTHYLAB,52.0
2026-04-23,Housing Finance Company,8.3244,"PNBHOUSING, AAVAS, HOMEFIRST",41.0
2026-04-23,IT Enabled Services,0.2229,"NETWEB, AFFLE, TATATECH",25.0
2026-04-23,Industrial Gases,8.84,LINDEINDIA,42.0
2026-04-23,Industrial Minerals,18.615,"LLOYDSME, GMDCLTD, NMDC",61.0
2026-04-23,Industrial Products,16.218,"SYRMA, PRAJIND, KAYNES",57.0
2026-04-23,Industrials,12.235,"MTARTECH, TDPOWERSYS, AZAD",49.0
2026-04-23,Integrated Power Utilities,22.7425,"ADANIPOWER, TORNTPOWER, CESC",69.0
2026-04-23,Internet & Catalogue Retail,-3.25,"INDIAMART, NAUKRI",19.0
2026-04-23,Investment Company,2.96,"TATAINVEST, LTF, ABCAPITAL",31.0
2026-04-23,Iron & Steel,10.0743,"SAIL, SARDAEN, JINDALSTEL",45.0
2026-04-23,Iron & Steel Products,19.6343,"WELCORP, JINDALSAW, MAHSEAMLES",63.0
2026-04-23,LPG/CNG/PNG/LNG Supplier,5.218,"ATGL, MGL, GUJGASLTD",35.0
2026-04-23,Life Insurance,-6.194,"LICI, MFSL, SBILIFE",13.0
2026-04-23,Logistics Solution Provider,5.8333,"DELHIVERY, CONCOR, BLUEDART",36.0
2026-04-23,Lubricants,1.49,CASTROLIND,28.0
2026-04-23,Media & Entertainment,1.49,SAREGAMA,28.0
2026-04-23,Medical Equipment & Supplies,5.93,POLYMED,37.0
2026-04-23,Microfinance Institutions,1.91,CREDITACC,29.0
2026-04-23,Non Banking Financial Company (NBFC),-0.8029,"FIVESTAR, CGCL, BAJFINANCE",23.0
2026-04-23,Oil Exploration & Production,6.605,"ONGC, OIL",38.0
2026-04-23,Oil Storage & Transportation,-0.12,AEGISVOPAK,25.0
2026-04-23,Other Agricultural Products,10.31,LTFOODS,45.0
2026-04-23,Other Bank,10.35,AUBANK,45.0
2026-04-23,Other Beverages,9.02,VBL,43.0
2026-04-23,Other Electrical Equipment,25.0133,"APARINDS, PREMIERENE, WAAREEENER",74.0
2026-04-23,Other Financial Services,2.46,CRISIL,30.0
2026-04-23,Other Food Products,2.26,EIDPARRY,29.0
2026-04-23,Other Industrial Products,12.1633,"INOXINDIA, HBLENGINE, PTCIL",49.0
2026-04-23,Other Telecom Services,7.77,RAILTEL,40.0
2026-04-23,Other Textile Products,9.424,"VTL, WELSPUNLIV, KPRMILL",43.0
2026-04-23,Packaged Foods,3.46,"NESTLEIND, BIKAJI, BRITANNIA",32.0
2026-04-23,Paints,2.1333,"ASIANPAINT, BERGEPAINT, AKZOINDIA",29.0
2026-04-23,Paper & Paper Products,7.46,ABREL,39.0
2026-04-23,Passenger Cars & Utility Vehicles,-0.4217,"OLECTRA, TMPV, FORCEMOT",24.0
2026-04-23,Personal Care,5.4171,"HONASA, COLPAL, EMAMILTD",36.0
2026-04-23,Pesticides & Agrochemicals,2.765,"SUMICHEM, BAYERCROP, PIIND",30.0
2026-04-23,Petrochemicals,-6.6,SWANCORP,12.0
2026-04-23,Pharmaceuticals,5.5097,"NATCOPHARM, AUROPHARMA, GRANULES",36.0
2026-04-23,Plastic Products - Industrial,0.1667,"ASTRAL, SUPREMEIND, FINPIPE",25.0
2026-04-23,Plywood Boards/ Laminates,12.09,CENTURYPLY,48.0
2026-04-23,Port & Port services,10.505,"ADANIPORTS, JSWINFRA",45.0
2026-04-23,Power - Transmission,14.01,POWERGRID,52.0
2026-04-23,Power Distribution,38.59,ADANIENSOL,100.0
2026-04-23,Power Generation,16.8727,"ADANIGREEN, ACMESOLAR, NAVA",58.0
2026-04-23,Private Sector Bank,2.3921,"J&KBANK, BANDHANBNK, FEDERALBNK",30.0
2026-04-23,Public Sector Bank,2.4845,"MAHABANK, INDIANB, IOB",30.0
2026-04-23,Railway Wagons,3.07,"TITAGARH, JWL",31.0
2026-04-23,Real Estate,-2.7938,"PURVA, MAXESTATES, SUNTECK",20.0
2026-04-23,Refineries & Marketing,3.0017,"CHENNPETRO, MRPL, HINDPETRO",31.0
2026-04-23,Residential Commercial Projects,3.548,"OBEROIRLTY, BRIGADE, GODREJPROP",32.0
2026-04-23,Restaurants,-2.71,"JUBLFOOD, DEVYANI, SAPPHIRE",20.0
2026-04-23,Sanitary Ware,9.79,CERA,44.0
2026-04-23,Ship Building & Allied Services,11.175,"MAZDOCK, COCHINSHIP",47.0
2026-04-23,Shipping,19.63,"SCI, GESHIP",63.0
2026-04-23,Software Products,7.58,"OFSS, MAPMYINDIA",40.0
2026-04-23,Speciality Retail,7.24,"TRENT, MANYAVAR, ABLBL",39.0
2026-04-23,Specialty Chemicals,7.6309,"AARTIIND, DEEPAKNTR, JUBLINGREA",40.0
2026-04-23,Stationary,1.99,DOMS,29.0
2026-04-23,Stockbroking & Allied,9.1425,"ANGELONE, NUVAMA, MOTILALOFS",43.0
2026-04-23,Sugar,20.31,"TRIVENI, BALRAMCHIN",64.0
2026-04-23,TV Broadcasting & Software Production,10.765,"ZEEL, SUNTV",46.0
2026-04-23,Tea & Coffee,7.495,"CCL, TATACONSUM",40.0
2026-04-23,Technology,17.2689,"STLTECH, KRN, WEBELSOLAR",59.0
2026-04-23,Telecom - Cellular & Fixed line services,0.664,"TTML, TATACOMM, IDEA",26.0
2026-04-23,Telecom - Equipment & Accessories,2.8,"ITI, TEJASNET",30.0
2026-04-23,Telecom - Infrastructure,15.76,"HFCL, INDUSTOWER",56.0
2026-04-23,Tour Travel Related Services,0.62,"BLS, TBOTEK, IRCTC",26.0
2026-04-23,Tractors,3.38,ESCORTS,32.0
2026-04-23,Trading & Distributors,-0.925,"MMTC, REDINGTON",23.0
2026-04-23,Trading - Gas,8.44,AEGISLOG,41.0
2026-04-23,Trading - Minerals,12.29,ADANIENT,49.0
2026-04-23,Tyres & Rubber Products,-1.992,"CEATLTD, BALKRISIND, MRF",21.0
2026-04-23,Utilities,9.9617,"WAAREERTL, PTC, RTNPOWER",44.0
2026-04-23,Zinc,5.45,HINDZINC,36.0
2026-04-24,2/3 Wheelers,7.405,"ATHERENERG, OLAELEC, BAJAJ-AUTO",37.0
2026-04-24,Abrasives & Bearings,15.91,"CARBORUNIV, TIMKEN",52.0
2026-04-24,Aerospace & Defense,17.015,"DATAPATTNS, GRSE, ZENTEC",53.0
2026-04-24,Airline,2.0,INDIGO,28.0
2026-04-24,Airport & Airport services,0.77,GMRAIRPORT,26.0
2026-04-24,Aluminium,17.1,"NATIONALUM, HINDALCO",54.0
2026-04-24,Animal Feed,5.66,GODREJAGRO,34.0
2026-04-24,Asset Management Company,9.245,"ABSLAMC, NAM-INDIA, HDFCAMC",40.0
2026-04-24,Auto Components & Equipments,7.4778,"TIINDIA, BHARATFORG, SONACOMS",37.0
2026-04-24,Basic Materials,10.5737,"GALLANTT, LLOYDSENT, IMFA",42.0
2026-04-24,Breweries & Distilleries,6.9467,"RADICO, UNITDSPR, UBL",36.0
2026-04-24,Business Process Outsourcing (BPO)/ Knowledge Process Outsourcing (KPO),-14.365,"ECLERX, FSL",0.0
2026-04-24,Cables - Electricals,11.1225,"FINCABLES, KEI, POLYCAB",43.0
2026-04-24,Carbon Black,16.815,"HSCL, PCBL",53.0
2026-04-24,Castings & Forgings,11.67,AIAENG,44.0
2026-04-24,Cement & Cement Products,0.38,"JKCEMENT, ULTRACEMCO, GRASIM",25.0
2026-04-24,Ceramics,23.86,KAJARIACER,65.0
2026-04-24,Cigarettes & Tobacco Products,2.02,GODFRYPHLP,28.0
2026-04-24,Civil Construction,9.2525,"ENGINERSIN, TECHNOE, KPIL",40.0
2026-04-24,Coal,3.19,COALINDIA,30.0
2026-04-24,Commercial Vehicles,-2.7,ASHOKLEY,20.0
2026-04-24,Commodity Chemicals,11.015,"DEEPAKFERT, TATACHEM",43.0
2026-04-24,Communication Services,5.0467,"TIPSMUSIC, NAZARA, IMAGICAA",33.0
2026-04-24,Compressors Pumps & Diesel Engines,19.44,"KSB, KIRLOSENG, CUMMINSIND",58.0
2026-04-24,Computers - Software & Consulting,-9.6358,"BSOFT, WIPRO, SONATSOFTW",8.0
2026-04-24,Construction Vehicles,10.155,"BEML, ACE",42.0
2026-04-24,Consumer Cyclical,6.9178,"LUXIND, GANECOS, DYNAMATECH",36.0
2026-04-24,Consumer Defensive,13.37,"AVANTIFEED, ABDL, KRBL",47.0
2026-04-24,Consumer Durables,3.85,SURYAROSNI,31.0
2026-04-24,Consumer Electronics,-0.76,"PGEL, DIXON, HAVELLS",23.0
2026-04-24,Copper,5.56,HINDCOPPER,34.0
2026-04-24,Depositories Clearing Houses and Other Intermediaries,5.2667,"CAMS, CDSL, KFINTECH",33.0
2026-04-24,Diversified,6.9867,"GODREJIND, DCMSHRIRAM, 3MINDIA",36.0
2026-04-24,Diversified Commercial Services,6.81,IGIL,36.0
2026-04-24,Diversified FMCG,2.075,"HINDUNILVR, ITC",28.0
2026-04-24,Diversified Metals,8.26,VEDL,38.0
2026-04-24,Diversified Retail,13.84,"DMART, VMM",48.0
2026-04-24,E-Retail/ E-Commerce,0.555,"NYKAA, ETERNAL, SWIGGY",25.0
2026-04-24,Edible Oil,0.5167,"MARICO, AWL, PATANJALI",25.0
2026-04-24,Electrodes & Refractories,13.43,"HEG, GRAPHITE, RHIM",47.0
2026-04-24,Energy,7.135,"REFEX, GMRP&UI",37.0
2026-04-24,Exchange and Data Platform,11.34,"BSE, MCX, IEX",44.0
2026-04-24,Explosives,15.91,SOLARINDS,52.0
2026-04-24,Fertilizers,3.75,"FACT, RCF, CHAMBLFERT",31.0
2026-04-24,Film Production Distribution & Exhibition,3.1,PVRINOX,30.0
2026-04-24,Financial Institution,9.7017,"PFC, HUDCO, IREDA",41.0
2026-04-24,Financial Products Distributor,16.69,ANANDRATHI,53.0
2026-04-24,Financial Services,8.1664,"JSFB, PRUDENT, KTKBANK",38.0
2026-04-24,Financial Technology (Fintech),4.325,"POLICYBZR, PAYTM",32.0
2026-04-24,Footwear,1.885,"CAMPUS, BATAINDIA",28.0
2026-04-24,Garments & Apparels,13.99,PAGEIND,48.0
2026-04-24,Gas Transmission/Marketing,6.635,"GAIL, GSPL",36.0
2026-04-24,Gems Jewellery And Watches,3.025,"TITAN, KALYANKJIL",30.0
2026-04-24,General Insurance,7.58,"NIACL, STARHEALTH, GICRE",37.0
2026-04-24,Healthcare,6.7771,"SHILPAMED, STAR, ALIVUS",36.0
2026-04-24,Healthcare Research Analytics & Technology,-1.665,"INDGN, SYNGENE",22.0
2026-04-24,Healthcare Service Provider,7.67,"VIJAYA, LALPATHLAB, METROPOLIS",37.0
2026-04-24,Heavy Electrical Equipment,29.7064,"SCHNEIDER, POWERINDIA, GVT&D",75.0
2026-04-24,Holding Company,2.99,"JMFINANCIL, BAJAJHLDNG, CHOICEIN",30.0
2026-04-24,Hospital,5.9889,"ASTERDM, FORTIS, APOLLOHOSP",35.0
2026-04-24,Hotels & Resorts,0.35,"DBREALTY, THELEELA, CHALET",25.0
2026-04-24,Household Appliances,9.7,"AMBER, WHIRLPOOL, VOLTAS",41.0
2026-04-24,Household Products,15.09,JYOTHYLAB,50.0
2026-04-24,Housing Finance Company,10.0656,"PNBHOUSING, AAVAS, HOMEFIRST",42.0
2026-04-24,IT Enabled Services,-0.74,"NETWEB, IKS, AFFLE",23.0
2026-04-24,Industrial Gases,9.71,LINDEINDIA,41.0
2026-04-24,Industrial Minerals,18.105,"LLOYDSME, GMDCLTD, NMDC",55.0
2026-04-24,Industrial Products,14.428,"SYRMA, PRAJIND, KAYNES",49.0
2026-04-24,Industrials,12.352,"MTARTECH, TDPOWERSYS, AZAD",45.0
2026-04-24,Integrated Power Utilities,24.025,"ADANIPOWER, TORNTPOWER, CESC",65.0
2026-04-24,Internet & Catalogue Retail,-3.57,"INDIAMART, NAUKRI",18.0
2026-04-24,Investment Company,3.04,"TATAINVEST, LTF, ABCAPITAL",30.0
2026-04-24,Iron & Steel,9.7671,"SAIL, SARDAEN, JINDALSTEL",41.0
2026-04-24,Iron & Steel Products,16.96,"WELCORP, JINDALSAW, MAHSEAMLES",53.0
2026-04-24,LPG/CNG/PNG/LNG Supplier,6.528,"ATGL, MGL, GUJGASLTD",36.0
2026-04-24,Life Insurance,-6.188,"LICI, MFSL, SBILIFE",14.0
2026-04-24,Logistics Solution Provider,6.26,"DELHIVERY, CONCOR, BLUEDART",35.0
2026-04-24,Lubricants,2.29,CASTROLIND,28.0
2026-04-24,Media & Entertainment,1.7,SAREGAMA,27.0
2026-04-24,Medical Equipment & Supplies,2.04,POLYMED,28.0
2026-04-24,Microfinance Institutions,2.92,CREDITACC,29.0
2026-04-24,Non Banking Financial Company (NBFC),-0.1743,"FIVESTAR, CGCL, SHRIRAMFIN",24.0
2026-04-24,Oil Exploration & Production,8.965,"ONGC, OIL",40.0
2026-04-24,Oil Storage & Transportation,-1.79,AEGISVOPAK,21.0
2026-04-24,Other Agricultural Products,13.99,LTFOODS,48.0
2026-04-24,Other Bank,12.74,AUBANK,46.0
2026-04-24,Other Beverages,12.24,VBL,45.0
2026-04-24,Other Electrical Equipment,24.1767,"APARINDS, PREMIERENE, WAAREEENER",66.0
2026-04-24,Other Financial Services,0.71,CRISIL,26.0
2026-04-24,Other Food Products,0.81,EIDPARRY,26.0
2026-04-24,Other Industrial Products,12.2933,"INOXINDIA, HBLENGINE, PTCIL",45.0
2026-04-24,Other Telecom Services,5.55,RAILTEL,34.0
2026-04-24,Other Textile Products,10.468,"VTL, KPRMILL, WELSPUNLIV",42.0
2026-04-24,Packaged Foods,2.835,"NESTLEIND, BIKAJI, BRITANNIA",29.0
2026-04-24,Paints,2.0567,"ASIANPAINT, BERGEPAINT, AKZOINDIA",28.0
2026-04-24,Paper & Paper Products,9.92,ABREL,41.0
2026-04-24,Passenger Cars & Utility Vehicles,-1.9917,"OLECTRA, TMPV, FORCEMOT",21.0
2026-04-24,Personal Care,5.0786,"HONASA, COLPAL, EMAMILTD",33.0
2026-04-24,Pesticides & Agrochemicals,1.5275,"SUMICHEM, BAYERCROP, PIIND",27.0
2026-04-24,Petrochemicals,-6.56,SWANCORP,13.0
2026-04-24,Pharmaceuticals,5.2573,"NATCOPHARM, ONESOURCE, GRANULES",33.0
2026-04-24,Plastic Products - Industrial,0.8967,"ASTRAL, SUPREMEIND, FINPIPE",26.0
2026-04-24,Plywood Boards/ Laminates,13.84,CENTURYPLY,48.0
2026-04-24,Port & Port services,11.11,"ADANIPORTS, JSWINFRA",43.0
2026-04-24,Power - Transmission,13.91,POWERGRID,48.0
2026-04-24,Power Distribution,44.42,ADANIENSOL,100.0
2026-04-24,Power Generation,16.0991,"ADANIGREEN, ACMESOLAR, JPPOWER",52.0
2026-04-24,Private Sector Bank,3.7614,"BANDHANBNK, J&KBANK, KARURVYSYA",31.0
2026-04-24,Public Sector Bank,1.9427,"MAHABANK, SBIN, INDIANB",28.0
2026-04-24,Railway Wagons,4.6,"TITAGARH, JWL",32.0
2026-04-24,Real Estate,-2.0438,"PURVA, MAXESTATES, SUNTECK",21.0
2026-04-24,Refineries & Marketing,2.3067,"MRPL, CHENNPETRO, HINDPETRO",28.0
2026-04-24,Residential Commercial Projects,3.842,"OBEROIRLTY, BRIGADE, GODREJPROP",31.0
2026-04-24,Restaurants,-2.0333,"JUBLFOOD, DEVYANI, SAPPHIRE",21.0
2026-04-24,Sanitary Ware,9.27,CERA,40.0
2026-04-24,Ship Building & Allied Services,15.665,"COCHINSHIP, MAZDOCK",51.0
2026-04-24,Shipping,19.4,"SCI, GESHIP",57.0
2026-04-24,Software Products,6.04,"OFSS, MAPMYINDIA",35.0
2026-04-24,Speciality Retail,6.4325,"TRENT, MANYAVAR, ABLBL",35.0
2026-04-24,Specialty Chemicals,8.59,"AARTIIND, JUBLINGREA, DEEPAKNTR",39.0
2026-04-24,Stationary,-2.21,DOMS,21.0
2026-04-24,Stockbroking & Allied,9.225,"ANGELONE, MOTILALOFS, NUVAMA",40.0
2026-04-24,Sugar,17.35,"TRIVENI, BALRAMCHIN",54.0
2026-04-24,TV Broadcasting & Software Production,9.075,"ZEEL, SUNTV",40.0
2026-04-24,Tea & Coffee,6.945,"TATACONSUM, CCL",36.0
2026-04-24,Technology,15.7753,"STLTECH, KRN, WEBELSOLAR",51.0
2026-04-24,Telecom - Cellular & Fixed line services,0.738,"TTML, TATACOMM, IDEA",26.0
2026-04-24,Telecom - Equipment & Accessories,5.68,"ITI, TEJASNET",34.0
2026-04-24,Telecom - Infrastructure,18.725,"HFCL, INDUSTOWER",56.0
2026-04-24,Tour Travel Related Services,1.33,"BLS, TBOTEK, IRCTC",27.0
2026-04-24,Tractors,0.1,ESCORTS,25.0
2026-04-24,Trading & Distributors,-1.88,"MMTC, REDINGTON",21.0
2026-04-24,Trading - Gas,10.93,AEGISLOG,43.0
2026-04-24,Trading - Minerals,13.66,ADANIENT,48.0
2026-04-24,Tyres & Rubber Products,-4.234,"BALKRISIND, MRF, CEATLTD",17.0
2026-04-24,Utilities,8.3017,"WAAREERTL, PTC, RTNPOWER",39.0
2026-04-24,Zinc,3.88,HINDZINC,31.0
2026-04-27,2/3 Wheelers,11.2917,"ATHERENERG, OLAELEC, BAJAJ-AUTO",38.0
2026-04-27,Abrasives & Bearings,16.685,"CARBORUNIV, TIMKEN",47.0
2026-04-27,Aerospace & Defense,19.1,"DATAPATTNS, GRSE, ZENTEC",50.0
2026-04-27,Airline,4.05,INDIGO,27.0
2026-04-27,Airport & Airport services,4.63,GMRAIRPORT,28.0
2026-04-27,Aluminium,19.68,"NATIONALUM, HINDALCO",51.0
2026-04-27,Animal Feed,9.46,GODREJAGRO,35.0
2026-04-27,Asset Management Company,12.21,"ABSLAMC, NAM-INDIA, HDFCAMC",40.0
2026-04-27,Auto Components & Equipments,9.9328,"SONACOMS, TIINDIA, BHARATFORG",36.0
2026-04-27,Basic Materials,14.2404,"GALLANTT, LLOYDSENT, NEOGEN",43.0
2026-04-27,Breweries & Distilleries,7.4633,"RADICO, UNITDSPR, UBL",32.0
2026-04-27,Business Process Outsourcing (BPO)/ Knowledge Process Outsourcing (KPO),-12.84,"ECLERX, FSL",0.0
2026-04-27,Cables - Electricals,16.565,"FINCABLES, KEI, POLYCAB",46.0
2026-04-27,Carbon Black,20.765,"HSCL, PCBL",53.0
2026-04-27,Castings & Forgings,12.26,AIAENG,40.0
2026-04-27,Cement & Cement Products,1.678,"INDIACEM, ULTRACEMCO, GRASIM",23.0
2026-04-27,Ceramics,29.08,KAJARIACER,66.0
2026-04-27,Cigarettes & Tobacco Products,5.39,GODFRYPHLP,29.0
2026-04-27,Civil Construction,13.1983,"ENGINERSIN, TECHNOE, NCC",41.0
2026-04-27,Coal,2.51,COALINDIA,24.0
2026-04-27,Commercial Vehicles,-2.25,ASHOKLEY,17.0
2026-04-27,Commodity Chemicals,15.22,"DEEPAKFERT, TATACHEM",44.0
2026-04-27,Communication Services,8.6483,"TIPSMUSIC, NAZARA, IMAGICAA",34.0
2026-04-27,Compressors Pumps & Diesel Engines,23.384,"KIRLOSENG, KSB, ELGIEQUIP",57.0
2026-04-27,Computers - Software & Consulting,-8.2626,"BSOFT, SONATSOFTW, NEWGEN",7.0
2026-04-27,Construction Vehicles,14.325,"BEML, ACE",43.0
2026-04-27,Consumer Cyclical,10.7947,"LUXIND, GANECOS, DYNAMATECH",37.0
2026-04-27,Consumer Defensive,15.6775,"AVANTIFEED, ABDL, KRBL",45.0
2026-04-27,Consumer Durables,7.0,SURYAROSNI,31.0
2026-04-27,Consumer Electronics,3.9567,"DIXON, PGEL, HAVELLS",27.0
2026-04-27,Copper,12.85,HINDCOPPER,41.0
2026-04-27,Depositories Clearing Houses and Other Intermediaries,6.56,"CAMS, CDSL, KFINTECH",31.0
2026-04-27,Diversified,8.5767,"GODREJIND, DCMSHRIRAM, 3MINDIA",34.0
2026-04-27,Diversified Commercial Services,12.22,IGIL,40.0
2026-04-27,Diversified FMCG,1.715,"HINDUNILVR, ITC",23.0
2026-04-27,Diversified Metals,11.44,VEDL,38.0
2026-04-27,Diversified Retail,15.875,"DMART, VMM",45.0
2026-04-27,E-Retail/ E-Commerce,2.905,"NYKAA, ETERNAL, FIRSTCRY",25.0
2026-04-27,Edible Oil,2.9867,"AWL, MARICO, PATANJALI",25.0
2026-04-27,Electrodes & Refractories,18.1233,"HEG, GRAPHITE, RHIM",49.0
2026-04-27,Energy,12.755,"REFEX, GMRP&UI",40.0
2026-04-27,Exchange and Data Platform,15.5833,"BSE, MCX, IEX",45.0
2026-04-27,Explosives,18.48,SOLARINDS,49.0
2026-04-27,Fertilizers,6.18,"FACT, RCF, CHAMBLFERT",30.0
2026-04-27,Film Production Distribution & Exhibition,5.71,PVRINOX,29.0
2026-04-27,Financial Institution,13.43,"PFC, HUDCO, IREDA",41.0
2026-04-27,Financial Products Distributor,15.63,ANANDRATHI,45.0
2026-04-27,Financial Services,12.1921,"JSFB, KTKBANK, PRUDENT",40.0
2026-04-27,Financial Technology (Fintech),3.425,"POLICYBZR, PAYTM",26.0
2026-04-27,Footwear,2.53,"CAMPUS, BATAINDIA",24.0
2026-04-27,Garments & Apparels,14.28,PAGEIND,43.0
2026-04-27,Gas Transmission/Marketing,9.505,"GAIL, GSPL",35.0
2026-04-27,Gems Jewellery And Watches,5.74,"TITAN, KALYANKJIL",29.0
2026-04-27,General Insurance,7.564,"NIACL, STARHEALTH, GICRE",32.0
2026-04-27,Healthcare,9.2619,"SHILPAMED, SPARC, STAR",35.0
2026-04-27,Healthcare Research Analytics & Technology,0.635,"INDGN, SYNGENE",21.0
2026-04-27,Healthcare Service Provider,7.8033,"VIJAYA, LALPATHLAB, METROPOLIS",33.0
2026-04-27,Heavy Electrical Equipment,33.0586,"SCHNEIDER, POWERINDIA, GVT&D",72.0
2026-04-27,Holding Company,3.865,"JMFINANCIL, BAJAJHLDNG, CHOICEIN",26.0
2026-04-27,Hospital,7.7544,"ASTERDM, FORTIS, MEDANTA",33.0
2026-04-27,Hotels & Resorts,2.48,"DBREALTY, EIHOTEL, INDHOTEL",24.0
2026-04-27,Household Appliances,14.78,"AMBER, WHIRLPOOL, VOLTAS",44.0
2026-04-27,Household Products,20.05,JYOTHYLAB,52.0
2026-04-27,Housing Finance Company,10.9522,"PNBHOUSING, HOMEFIRST, APTUS",38.0
2026-04-27,IT Enabled Services,3.4757,"NETWEB, LTTS, IKS",26.0
2026-04-27,Industrial Gases,10.8,LINDEINDIA,37.0
2026-04-27,Industrial Minerals,22.225,"LLOYDSME, GMDCLTD, NMDC",55.0
2026-04-27,Industrial Products,16.968,"SYRMA, PRAJIND, KAYNES",47.0
2026-04-27,Industrials,17.3875,"MTARTECH, AZAD, TDPOWERSYS",48.0
2026-04-27,Integrated Power Utilities,29.2775,"ADANIPOWER, TORNTPOWER, CESC",67.0
2026-04-27,Internet & Catalogue Retail,-4.32,"INDIAMART, NAUKRI",13.0
2026-04-27,Investment Company,5.4967,"TATAINVEST, LTF, ABCAPITAL",29.0
2026-04-27,Iron & Steel,14.52,"SARDAEN, SAIL, JINDALSTEL",43.0
2026-04-27,Iron & Steel Products,20.2729,"WELCORP, JINDALSAW, MAHSEAMLES",52.0
2026-04-27,LPG/CNG/PNG/LNG Supplier,9.378,"ATGL, MGL, PETRONET",35.0
2026-04-27,Life Insurance,-4.986,"LICI, MFSL, SBILIFE",12.0
2026-04-27,Logistics Solution Provider,9.1433,"DELHIVERY, CONCOR, BLUEDART",35.0
2026-04-27,Lubricants,2.12,CASTROLIND,24.0
2026-04-27,Media & Entertainment,6.5,SAREGAMA,31.0
2026-04-27,Medical Equipment & Supplies,7.48,POLYMED,32.0
2026-04-27,Microfinance Institutions,2.97,CREDITACC,25.0
2026-04-27,Non Banking Financial Company (NBFC),0.94,"FIVESTAR, CGCL, BAJFINANCE",22.0
2026-04-27,Oil Exploration & Production,7.935,"ONGC, OIL",33.0
2026-04-27,Oil Storage & Transportation,3.9,AEGISVOPAK,26.0
2026-04-27,Other Agricultural Products,18.62,LTFOODS,50.0
2026-04-27,Other Bank,11.92,AUBANK,39.0
2026-04-27,Other Beverages,19.98,VBL,52.0
2026-04-27,Other Electrical Equipment,26.4,"APARINDS, PREMIERENE, WAAREEENER",62.0
2026-04-27,Other Financial Services,-1.03,CRISIL,19.0
2026-04-27,Other Food Products,1.76,EIDPARRY,23.0
2026-04-27,Other Industrial Products,13.6633,"INOXINDIA, HBLENGINE, PTCIL",42.0
2026-04-27,Other Telecom Services,11.45,RAILTEL,38.0
2026-04-27,Other Textile Products,11.75,"VTL, WELSPUNLIV, KPRMILL",39.0
2026-04-27,Packaged Foods,3.9075,"NESTLEIND, BIKAJI, BRITANNIA",26.0
2026-04-27,Paints,2.0167,"ASIANPAINT, BERGEPAINT, AKZOINDIA",23.0
2026-04-27,Paper & Paper Products,17.79,ABREL,48.0
2026-04-27,Passenger Cars & Utility Vehicles,0.03,"OLECTRA, TMPV, M&M",20.0
2026-04-27,Personal Care,4.29,"HONASA, COLPAL, EMAMILTD",27.0
2026-04-27,Pesticides & Agrochemicals,3.175,"SUMICHEM, PIIND, BAYERCROP",25.0
2026-04-27,Petrochemicals,-4.37,SWANCORP,13.0
2026-04-27,Pharmaceuticals,7.4892,"COHANCE, NATCOPHARM, ONESOURCE",32.0
2026-04-27,Plastic Products - Industrial,1.34,"SUPREMEIND, ASTRAL, FINPIPE",22.0
2026-04-27,Plywood Boards/ Laminates,13.79,CENTURYPLY,42.0
2026-04-27,Port & Port services,14.44,"ADANIPORTS, JSWINFRA",43.0
2026-04-27,Power - Transmission,12.65,POWERGRID,40.0
2026-04-27,Power Distribution,50.48,ADANIENSOL,100.0
2026-04-27,Power Generation,20.9991,"ADANIGREEN, ACMESOLAR, JPPOWER",53.0
2026-04-27,Private Sector Bank,5.7979,"BANDHANBNK, J&KBANK, KARURVYSYA",29.0
2026-04-27,Public Sector Bank,3.1882,"MAHABANK, INDIANB, SBIN",25.0
2026-04-27,Railway Wagons,10.785,"TITAGARH, JWL",37.0
2026-04-27,Real Estate,0.8538,"PURVA, MAXESTATES, SUNTECK",22.0
2026-04-27,Refineries & Marketing,2.2633,"CHENNPETRO, MRPL, HINDPETRO",24.0
2026-04-27,Residential Commercial Projects,8.749,"OBEROIRLTY, GODREJPROP, SOBHA",34.0
2026-04-27,Restaurants,0.8033,"JUBLFOOD, DEVYANI, SAPPHIRE",22.0
2026-04-27,Sanitary Ware,7.77,CERA,33.0
2026-04-27,Ship Building & Allied Services,18.965,"COCHINSHIP, MAZDOCK",50.0
2026-04-27,Shipping,23.01,"SCI, GESHIP",57.0
2026-04-27,Software Products,10.49,"OFSS, MAPMYINDIA",37.0
2026-04-27,Speciality Retail,8.2675,"TRENT, MANYAVAR, ABLBL",33.0
2026-04-27,Specialty Chemicals,9.4618,"AARTIIND, JUBLINGREA, DEEPAKNTR",35.0
2026-04-27,Stationary,-1.15,DOMS,18.0
2026-04-27,Stockbroking & Allied,11.7875,"ANGELONE, MOTILALOFS, NUVAMA",39.0
2026-04-27,Sugar,16.725,"TRIVENI, BALRAMCHIN",47.0
2026-04-27,TV Broadcasting & Software Production,11.365,"ZEEL, SUNTV",38.0
2026-04-27,Tea & Coffee,6.585,"CCL, TATACONSUM",31.0
2026-04-27,Technology,22.0568,"STLTECH, KRN, WEBELSOLAR",55.0
2026-04-27,Telecom - Cellular & Fixed line services,1.956,"TTML, IDEA, TATACOMM",23.0
2026-04-27,Telecom - Equipment & Accessories,9.78,"TEJASNET, ITI",36.0
2026-04-27,Telecom - Infrastructure,26.625,"HFCL, INDUSTOWER",62.0
2026-04-27,Tour Travel Related Services,4.0433,"BLS, TBOTEK, IRCTC",27.0
2026-04-27,Tractors,2.46,ESCORTS,24.0
2026-04-27,Trading & Distributors,2.11,"MMTC, REDINGTON",24.0
2026-04-27,Trading - Gas,12.55,AEGISLOG,40.0
2026-04-27,Trading - Minerals,17.35,ADANIENT,48.0
2026-04-27,Tyres & Rubber Products,-3.354,"BALKRISIND, CEATLTD, MRF",15.0
2026-04-27,Utilities,13.9,"RTNPOWER, PTC, WAAREERTL",42.0
2026-04-27,Zinc,10.34,HINDZINC,37.0
2026-04-28,2/3 Wheelers,10.035,"ATHERENERG, OLAELEC, BAJAJ-AUTO",38.0
2026-04-28,Abrasives & Bearings,17.11,"CARBORUNIV, TIMKEN",49.0
2026-04-28,Aerospace & Defense,20.375,"DATAPATTNS, GRSE, ZENTEC",54.0
2026-04-28,Airline,-0.72,INDIGO,21.0
2026-04-28,Airport & Airport services,6.46,GMRAIRPORT,32.0
2026-04-28,Aluminium,20.355,"NATIONALUM, HINDALCO",54.0
2026-04-28,Animal Feed,7.49,GODREJAGRO,34.0
2026-04-28,Asset Management Company,13.34,"ABSLAMC, NAM-INDIA, HDFCAMC",43.0
2026-04-28,Auto Components & Equipments,9.8844,"SONACOMS, RKFORGE, TIINDIA",38.0
2026-04-28,Basic Materials,14.5957,"GALLANTT, LLOYDSENT, IMFA",45.0
2026-04-28,Breweries & Distilleries,7.66,"RADICO, UNITDSPR, UBL",34.0
2026-04-28,Business Process Outsourcing (BPO)/ Knowledge Process Outsourcing (KPO),-13.97,"ECLERX, FSL",0.0
2026-04-28,Cables - Electricals,20.1325,"FINCABLES, KEI, RRKABEL",54.0
2026-04-28,Carbon Black,21.98,"HSCL, PCBL",57.0
2026-04-28,Castings & Forgings,11.72,AIAENG,41.0
2026-04-28,Cement & Cement Products,-0.006,"INDIACEM, GRASIM, ULTRACEMCO",22.0
2026-04-28,Ceramics,27.26,KAJARIACER,65.0
2026-04-28,Cigarettes & Tobacco Products,6.52,GODFRYPHLP,32.0
2026-04-28,Civil Construction,13.3475,"ENGINERSIN, TECHNOE, NCC",43.0
2026-04-28,Coal,8.79,COALINDIA,36.0
2026-04-28,Commercial Vehicles,-3.71,ASHOKLEY,16.0
2026-04-28,Commodity Chemicals,20.58,"TATACHEM, DEEPAKFERT",55.0
2026-04-28,Communication Services,6.675,"TIPSMUSIC, IMAGICAA, NAZARA",33.0
2026-04-28,Compressors Pumps & Diesel Engines,23.612,"KIRLOSENG, KSB, CUMMINSIND",60.0
2026-04-28,Computers - Software & Consulting,-8.0132,"INTELLECT, BSOFT, SONATSOFTW",9.0
2026-04-28,Construction Vehicles,14.785,"BEML, ACE",46.0
2026-04-28,Consumer Cyclical,10.2516,"LUXIND, EMIL, GANECOS",38.0
2026-04-28,Consumer Defensive,15.08,"AVANTIFEED, ABDL, MANORAMA",46.0
2026-04-28,Consumer Durables,7.12,SURYAROSNI,33.0
2026-04-28,Consumer Electronics,5.55,"DIXON, PGEL, HAVELLS",31.0
2026-04-28,Copper,9.82,HINDCOPPER,38.0
2026-04-28,Depositories Clearing Houses and Other Intermediaries,6.0667,"CAMS, CDSL, KFINTECH",32.0
2026-04-28,Diversified,7.2567,"GODREJIND, DCMSHRIRAM, 3MINDIA",34.0
2026-04-28,Diversified Commercial Services,12.89,IGIL,43.0
2026-04-28,Diversified FMCG,1.655,"HINDUNILVR, ITC",25.0
2026-04-28,Diversified Metals,11.47,VEDL,40.0
2026-04-28,Diversified Retail,14.92,"DMART, VMM",46.0
2026-04-28,E-Retail/ E-Commerce,0.905,"NYKAA, FIRSTCRY, ETERNAL",24.0
2026-04-28,Edible Oil,2.34,"AWL, MARICO, PATANJALI",26.0
2026-04-28,Electrodes & Refractories,18.4567,"HEG, GRAPHITE, RHIM",51.0
2026-04-28,Energy,13.385,"REFEX, GMRP&UI",43.0
2026-04-28,Exchange and Data Platform,17.2367,"BSE, MCX, IEX",49.0
2026-04-28,Explosives,19.73,SOLARINDS,53.0
2026-04-28,Fertilizers,5.7825,"FACT, RCF, CHAMBLFERT",31.0
2026-04-28,Film Production Distribution & Exhibition,10.42,PVRINOX,39.0
2026-04-28,Financial Institution,13.36,"PFC, HUDCO, IREDA",43.0
2026-04-28,Financial Products Distributor,16.66,ANANDRATHI,49.0
2026-04-28,Financial Services,11.1286,"JSFB, KTKBANK, PRUDENT",40.0
2026-04-28,Financial Technology (Fintech),3.805,"POLICYBZR, PAYTM",28.0
2026-04-28,Footwear,2.46,"CAMPUS, BATAINDIA",26.0
2026-04-28,Garments & Apparels,13.37,PAGEIND,43.0
2026-04-28,Gas Transmission/Marketing,10.415,"GAIL, GSPL",39.0
2026-04-28,Gems Jewellery And Watches,8.16,"TITAN, KALYANKJIL",35.0
2026-04-28,General Insurance,8.272,"NIACL, STARHEALTH, GICRE",35.0
2026-04-28,Healthcare,9.071,"SHILPAMED, YATHARTH, SPARC",37.0
2026-04-28,Healthcare Research Analytics & Technology,0.875,"INDGN, SYNGENE",24.0
2026-04-28,Healthcare Service Provider,8.55,"VIJAYA, LALPATHLAB, METROPOLIS",36.0
2026-04-28,Heavy Electrical Equipment,32.2479,"POWERINDIA, SCHNEIDER, GVT&D",73.0
2026-04-28,Holding Company,2.4375,"JMFINANCIL, BAJAJHLDNG, CHOICEIN",26.0
2026-04-28,Hospital,6.8489,"ASTERDM, FORTIS, MEDANTA",33.0
2026-04-28,Hotels & Resorts,1.23,"DBREALTY, INDHOTEL, EIHOTEL",24.0
2026-04-28,Household Appliances,16.2383,"AMBER, WHIRLPOOL, VOLTAS",48.0
2026-04-28,Household Products,15.48,JYOTHYLAB,47.0
2026-04-28,Housing Finance Company,9.5911,"PNBHOUSING, APTUS, HOMEFIRST",37.0
2026-04-28,IT Enabled Services,2.6,"NETWEB, IKS, LTTS",26.0
2026-04-28,Industrial Gases,7.85,LINDEINDIA,35.0
2026-04-28,Industrial Minerals,23.3725,"LLOYDSME, GMDCLTD, NMDC",59.0
2026-04-28,Industrial Products,15.168,"SYRMA, PRAJIND, KAYNES",46.0
2026-04-28,Industrials,18.9134,"MTARTECH, AZAD, TDPOWERSYS",52.0
2026-04-28,Integrated Power Utilities,32.3275,"ADANIPOWER, TORNTPOWER, CESC",73.0
2026-04-28,Internet & Catalogue Retail,-4.25,"INDIAMART, NAUKRI",15.0
2026-04-28,Investment Company,5.6283,"TATAINVEST, LTF, ABCAPITAL",31.0
2026-04-28,Iron & Steel,14.1157,"SAIL, SARDAEN, JINDALSTEL",45.0
2026-04-28,Iron & Steel Products,19.9014,"WELCORP, JINDALSAW, MAHSEAMLES",54.0
2026-04-28,LPG/CNG/PNG/LNG Supplier,10.892,"ATGL, MGL, GUJGASLTD",39.0
2026-04-28,Life Insurance,-4.33,"LICI, MFSL, SBILIFE",15.0
2026-04-28,Logistics Solution Provider,9.8633,"DELHIVERY, CONCOR, BLUEDART",38.0
2026-04-28,Lubricants,3.4,CASTROLIND,28.0
2026-04-28,Media & Entertainment,7.42,SAREGAMA,34.0
2026-04-28,Medical Equipment & Supplies,9.16,POLYMED,37.0
2026-04-28,Microfinance Institutions,0.93,CREDITACC,24.0
2026-04-28,Non Banking Financial Company (NBFC),0.3607,"FIVESTAR, CGCL, MANAPPURAM",23.0
2026-04-28,Oil Exploration & Production,13.23,"ONGC, OIL",43.0
2026-04-28,Oil Storage & Transportation,5.62,AEGISVOPAK,31.0
2026-04-28,Other Agricultural Products,16.33,LTFOODS,48.0
2026-04-28,Other Bank,8.98,AUBANK,36.0
2026-04-28,Other Beverages,20.7,VBL,55.0
2026-04-28,Other Electrical Equipment,29.2133,"APARINDS, PREMIERENE, WAAREEENER",68.0
2026-04-28,Other Financial Services,1.84,CRISIL,25.0
2026-04-28,Other Food Products,0.38,EIDPARRY,23.0
2026-04-28,Other Industrial Products,11.6733,"INOXINDIA, HBLENGINE, PTCIL",41.0
2026-04-28,Other Telecom Services,14.06,RAILTEL,44.0
2026-04-28,Other Textile Products,11.54,"VTL, WELSPUNLIV, KPRMILL",40.0
2026-04-28,Packaged Foods,4.6025,"NESTLEIND, BIKAJI, BRITANNIA",29.0
2026-04-28,Paints,1.4133,"ASIANPAINT, AKZOINDIA, BERGEPAINT",24.0
2026-04-28,Paper & Paper Products,21.84,ABREL,57.0
2026-04-28,Passenger Cars & Utility Vehicles,1.1017,"OLECTRA, TMPV, FORCEMOT",24.0
2026-04-28,Personal Care,4.41,"HONASA, COLPAL, GILLETTE",29.0
2026-04-28,Pesticides & Agrochemicals,3.575,"SUMICHEM, PIIND, BAYERCROP",28.0
2026-04-28,Petrochemicals,-4.96,SWANCORP,14.0
2026-04-28,Pharmaceuticals,8.0876,"COHANCE, GRANULES, ONESOURCE",35.0
2026-04-28,Plastic Products - Industrial,3.4367,"FINPIPE, ASTRAL, SUPREMEIND",28.0
2026-04-28,Plywood Boards/ Laminates,9.96,CENTURYPLY,38.0
2026-04-28,Port & Port services,13.775,"ADANIPORTS, JSWINFRA",44.0
2026-04-28,Power - Transmission,13.5,POWERGRID,44.0
2026-04-28,Power Distribution,49.11,ADANIENSOL,100.0
2026-04-28,Power Generation,22.4964,"ADANIGREEN, ACMESOLAR, JPPOWER",58.0
2026-04-28,Private Sector Bank,4.7871,"BANDHANBNK, J&KBANK, KARURVYSYA",30.0
2026-04-28,Public Sector Bank,1.5309,"MAHABANK, SBIN, IOB",25.0
2026-04-28,Railway Wagons,9.08,"TITAGARH, JWL",37.0
2026-04-28,Real Estate,1.4925,"PURVA, MAXESTATES, GANESHHOU",25.0
2026-04-28,Refineries & Marketing,3.2417,"CHENNPETRO, MRPL, HINDPETRO",27.0
2026-04-28,Residential Commercial Projects,8.703,"OBEROIRLTY, BRIGADE, GODREJPROP",36.0
2026-04-28,Restaurants,0.4933,"JUBLFOOD, DEVYANI, SAPPHIRE",23.0
2026-04-28,Sanitary Ware,6.68,CERA,33.0
2026-04-28,Ship Building & Allied Services,18.725,"COCHINSHIP, MAZDOCK",52.0
2026-04-28,Shipping,26.55,"SCI, GESHIP",64.0
2026-04-28,Software Products,12.645,"OFSS, MAPMYINDIA",42.0
2026-04-28,Speciality Retail,8.025,"TRENT, MANYAVAR, ABFRL",35.0
2026-04-28,Specialty Chemicals,9.4691,"AARTIIND, JUBLINGREA, DEEPAKNTR",37.0
2026-04-28,Stationary,-2.42,DOMS,18.0
2026-04-28,Stockbroking & Allied,12.6025,"ANGELONE, MOTILALOFS, NUVAMA",42.0
2026-04-28,Sugar,14.29,"TRIVENI, BALRAMCHIN",45.0
2026-04-28,TV Broadcasting & Software Production,11.12,"ZEEL, SUNTV",40.0
2026-04-28,Tea & Coffee,5.715,"CCL, TATACONSUM",31.0
2026-04-28,Technology,20.9332,"STLTECH, KRN, WEBELSOLAR",55.0
2026-04-28,Telecom - Cellular & Fixed line services,3.788,"TTML, TATACOMM, IDEA",28.0
2026-04-28,Telecom - Equipment & Accessories,10.935,"ITI, TEJASNET",39.0
2026-04-28,Telecom - Infrastructure,27.41,"HFCL, INDUSTOWER",66.0
2026-04-28,Tour Travel Related Services,1.1933,"TBOTEK, BLS, IRCTC",24.0
2026-04-28,Tractors,3.82,ESCORTS,28.0
2026-04-28,Trading & Distributors,0.45,"MMTC, REDINGTON",23.0
2026-04-28,Trading - Gas,11.98,AEGISLOG,41.0
2026-04-28,Trading - Minerals,24.39,ADANIENT,61.0
2026-04-28,Tyres & Rubber Products,-3.616,"CEATLTD, BALKRISIND, MRF",16.0
2026-04-28,Utilities,15.7017,"PTC, RTNPOWER, WAAREERTL",47.0
2026-04-28,Zinc,7.49,HINDZINC,34.0
2026-04-29,2/3 Wheelers,10.1717,"ATHERENERG, OLAELEC, BAJAJ-AUTO",44.0
2026-04-29,Abrasives & Bearings,13.535,"CARBORUNIV, TIMKEN",50.0
2026-04-29,Aerospace & Defense,20.8733,"DATAPATTNS, GRSE, ZENTEC",62.0
2026-04-29,Airline,-4.67,INDIGO,19.0
2026-04-29,Airport & Airport services,3.97,GMRAIRPORT,34.0
2026-04-29,Aluminium,16.945,"NATIONALUM, HINDALCO",56.0
2026-04-29,Animal Feed,7.81,GODREJAGRO,40.0
2026-04-29,Asset Management Company,10.9275,"NAM-INDIA, ABSLAMC, HDFCAMC",45.0
2026-04-29,Auto Components & Equipments,7.6917,"SONACOMS, BHARATFORG, TIINDIA",40.0
2026-04-29,Basic Materials,12.9649,"GALLANTT, LLOYDSENT, IMFA",49.0
2026-04-29,Breweries & Distilleries,6.2667,"RADICO, UNITDSPR, UBL",37.0
2026-04-29,Business Process Outsourcing (BPO)/ Knowledge Process Outsourcing (KPO),-15.915,"FSL, ECLERX",0.0
2026-04-29,Cables - Electricals,19.175,"FINCABLES, KEI, RRKABEL",59.0
2026-04-29,Carbon Black,18.9,"HSCL, PCBL",59.0
2026-04-29,Castings & Forgings,8.04,AIAENG,40.0
2026-04-29,Cement & Cement Products,-2.425,"GRASIM, ULTRACEMCO, INDIACEM",23.0
2026-04-29,Ceramics,24.5,KAJARIACER,68.0
2026-04-29,Cigarettes & Tobacco Products,9.95,GODFRYPHLP,44.0
2026-04-29,Civil Construction,10.4267,"ENGINERSIN, TECHNOE, NCC",45.0
2026-04-29,Coal,10.82,COALINDIA,45.0
2026-04-29,Commercial Vehicles,-7.45,ASHOKLEY,14.0
2026-04-29,Commodity Chemicals,16.38,"TATACHEM, DEEPAKFERT",55.0
2026-04-29,Communication Services,4.8283,"TIPSMUSIC, NAZARA, NETWORK18",35.0
2026-04-29,Compressors Pumps & Diesel Engines,22.078,"KIRLOSENG, KSB, ELGIEQUIP",64.0
2026-04-29,Computers - Software & Consulting,-7.9516,"SONATSOFTW, INTELLECT, BSOFT",13.0
2026-04-29,Construction Vehicles,11.865,"BEML, ACE",47.0
2026-04-29,Consumer Cyclical,8.2772,"LUXIND, GANECOS, EMIL",41.0
2026-04-29,Consumer Defensive,13.2008,"AVANTIFEED, ABDL, MANORAMA",49.0
2026-04-29,Consumer Durables,7.45,SURYAROSNI,39.0
2026-04-29,Consumer Electronics,2.9567,"DIXON, PGEL, HAVELLS",32.0
2026-04-29,Copper,9.53,HINDCOPPER,43.0
2026-04-29,Depositories Clearing Houses and Other Intermediaries,4.8333,"CAMS, CDSL, KFINTECH",35.0
2026-04-29,Diversified,4.5067,"GODREJIND, DCMSHRIRAM, 3MINDIA",35.0
2026-04-29,Diversified Commercial Services,10.57,IGIL,45.0
2026-04-29,Diversified FMCG,3.115,"ITC, HINDUNILVR",32.0
2026-04-29,Diversified Metals,15.28,VEDL,53.0
2026-04-29,Diversified Retail,12.205,"DMART, VMM",48.0
2026-04-29,E-Retail/ E-Commerce,0.12,"NYKAA, ETERNAL, FIRSTCRY",27.0
2026-04-29,Edible Oil,0.2833,"MARICO, AWL, PATANJALI",27.0
2026-04-29,Electrodes & Refractories,15.7133,"HEG, GRAPHITE, RHIM",53.0
2026-04-29,Energy,11.915,"REFEX, GMRP&UI",47.0
2026-04-29,Exchange and Data Platform,16.6067,"BSE, MCX, IEX",55.0
2026-04-29,Explosives,17.37,SOLARINDS,56.0
2026-04-29,Fertilizers,4.64,"FACT, RCF, CHAMBLFERT",35.0
2026-04-29,Film Production Distribution & Exhibition,13.89,PVRINOX,50.0
2026-04-29,Financial Institution,9.2167,"PFC, HUDCO, IREDA",42.0
2026-04-29,Financial Products Distributor,17.51,ANANDRATHI,56.0
2026-04-29,Financial Services,7.8729,"KTKBANK, PRUDENT, JSFB",40.0
2026-04-29,Financial Technology (Fintech),1.645,"POLICYBZR, PAYTM",30.0
2026-04-29,Footwear,0.89,"CAMPUS, BATAINDIA",28.0
2026-04-29,Garments & Apparels,11.15,PAGEIND,46.0
2026-04-29,Gas Transmission/Marketing,9.34,"GAIL, GSPL",43.0
2026-04-29,Gems Jewellery And Watches,7.9,"TITAN, KALYANKJIL",40.0
2026-04-29,General Insurance,7.348,"STARHEALTH, NIACL, GICRE",39.0
2026-04-29,Healthcare,7.6538,"YATHARTH, SHILPAMED, STAR",40.0
2026-04-29,Healthcare Research Analytics & Technology,-1.95,"INDGN, SYNGENE",24.0
2026-04-29,Healthcare Service Provider,8.08,"VIJAYA, METROPOLIS, LALPATHLAB",41.0
2026-04-29,Heavy Electrical Equipment,29.5764,"SCHNEIDER, POWERINDIA, GVT&D",77.0
2026-04-29,Holding Company,-0.3875,"JMFINANCIL, BAJAJHLDNG, BAJAJFINSV",26.0
2026-04-29,Hospital,6.1611,"ASTERDM, FORTIS, MEDANTA",37.0
2026-04-29,Hotels & Resorts,0.6825,"DBREALTY, THELEELA, EIHOTEL",28.0
2026-04-29,Household Appliances,13.905,"AMBER, WHIRLPOOL, CROMPTON",50.0
2026-04-29,Household Products,14.89,JYOTHYLAB,52.0
2026-04-29,Housing Finance Company,8.6756,"PNBHOUSING, HOMEFIRST, APTUS",42.0
2026-04-29,IT Enabled Services,1.5343,"NETWEB, IKS, LTTS",29.0
2026-04-29,Industrial Gases,8.56,LINDEINDIA,41.0
2026-04-29,Industrial Minerals,24.6575,"LLOYDSME, GMDCLTD, NMDC",69.0
2026-04-29,Industrial Products,13.192,"SYRMA, PRAJIND, KAYNES",49.0
2026-04-29,Industrials,16.6616,"MTARTECH, TDPOWERSYS, VOLTAMP",55.0
2026-04-29,Integrated Power Utilities,27.5325,"ADANIPOWER, CESC, TORNTPOWER",73.0
2026-04-29,Internet & Catalogue Retail,-4.8,"INDIAMART, NAUKRI",19.0
2026-04-29,Investment Company,4.3267,"TATAINVEST, ABCAPITAL, LTF",34.0
2026-04-29,Iron & Steel,12.1329,"SAIL, SARDAEN, NSLNISP",47.0
2026-04-29,Iron & Steel Products,17.2657,"WELCORP, JINDALSAW, MAHSEAMLES",56.0
2026-04-29,LPG/CNG/PNG/LNG Supplier,10.506,"ATGL, MGL, GUJGASLTD",45.0
2026-04-29,Life Insurance,-4.444,"LICI, MFSL, SBILIFE",19.0
2026-04-29,Logistics Solution Provider,8.9867,"DELHIVERY, CONCOR, BLUEDART",42.0
2026-04-29,Lubricants,2.74,CASTROLIND,32.0
2026-04-29,Media & Entertainment,5.12,SAREGAMA,36.0
2026-04-29,Medical Equipment & Supplies,6.28,POLYMED,38.0
2026-04-29,Microfinance Institutions,0.78,CREDITACC,28.0
2026-04-29,Non Banking Financial Company (NBFC),-0.6729,"FIVESTAR, CGCL, MANAPPURAM",26.0
2026-04-29,Oil Exploration & Production,12.77,"ONGC, OIL",48.0
2026-04-29,Oil Storage & Transportation,3.34,AEGISVOPAK,33.0
2026-04-29,Other Agricultural Products,14.1,LTFOODS,51.0
2026-04-29,Other Bank,6.3,AUBANK,38.0
2026-04-29,Other Beverages,18.78,VBL,59.0
2026-04-29,Other Electrical Equipment,27.56,"APARINDS, PREMIERENE, WAAREEENER",73.0
2026-04-29,Other Financial Services,3.26,CRISIL,32.0
2026-04-29,Other Food Products,-2.01,EIDPARRY,23.0
2026-04-29,Other Industrial Products,11.22,"INOXINDIA, HBLENGINE, PTCIL",46.0
2026-04-29,Other Telecom Services,9.59,RAILTEL,43.0
2026-04-29,Other Textile Products,9.484,"VTL, WELSPUNLIV, KPRMILL",43.0
2026-04-29,Packaged Foods,4.66,"NESTLEIND, BIKAJI, BRITANNIA",35.0
2026-04-29,Paints,0.9633,"AKZOINDIA, BERGEPAINT, ASIANPAINT",29.0
2026-04-29,Paper & Paper Products,23.39,ABREL,66.0
2026-04-29,Passenger Cars & Utility Vehicles,0.7817,"OLECTRA, TMPV, FORCEMOT",28.0
2026-04-29,Personal Care,3.1829,"HONASA, COLPAL, GILLETTE",32.0
2026-04-29,Pesticides & Agrochemicals,2.76,"SUMICHEM, BAYERCROP, PIIND",32.0
2026-04-29,Petrochemicals,-2.98,SWANCORP,22.0
2026-04-29,Pharmaceuticals,6.6746,"COHANCE, ONESOURCE, NATCOPHARM",38.0
2026-04-29,Plastic Products - Industrial,1.4233,"FINPIPE, ASTRAL, SUPREMEIND",29.0
2026-04-29,Plywood Boards/ Laminates,13.41,CENTURYPLY,50.0
2026-04-29,Port & Port services,10.82,"ADANIPORTS, JSWINFRA",45.0
2026-04-29,Power - Transmission,14.27,POWERGRID,51.0
2026-04-29,Power Distribution,43.27,ADANIENSOL,100.0
2026-04-29,Power Generation,18.7318,"ADANIGREEN, JPPOWER, ACMESOLAR",59.0
2026-04-29,Private Sector Bank,5.275,"BANDHANBNK, J&KBANK, RBLBANK",36.0
2026-04-29,Public Sector Bank,-0.5355,"MAHABANK, IOB, SBIN",26.0
2026-04-29,Railway Wagons,6.965,"TITAGARH, JWL",39.0
2026-04-29,Real Estate,-0.0038,"MAXESTATES, PURVA, GANESHHOU",27.0
2026-04-29,Refineries & Marketing,3.9133,"CHENNPETRO, MRPL, RELIANCE",34.0
2026-04-29,Residential Commercial Projects,8.711,"GODREJPROP, SOBHA, OBEROIRLTY",42.0
2026-04-29,Restaurants,12.2067,"SAPPHIRE, DEVYANI, JUBLFOOD",48.0
2026-04-29,Sanitary Ware,8.16,CERA,41.0
2026-04-29,Ship Building & Allied Services,22.245,"COCHINSHIP, MAZDOCK",64.0
2026-04-29,Shipping,29.165,"SCI, GESHIP",76.0
2026-04-29,Software Products,11.855,"OFSS, MAPMYINDIA",47.0
2026-04-29,Speciality Retail,8.4525,"TRENT, MANYAVAR, ABFRL",41.0
2026-04-29,Specialty Chemicals,8.3173,"AARTIIND, DEEPAKNTR, JUBLINGREA",41.0
2026-04-29,Stationary,-3.2,DOMS,21.0
2026-04-29,Stockbroking & Allied,9.28,"ANGELONE, MOTILALOFS, NUVAMA",43.0
2026-04-29,Sugar,9.84,"BALRAMCHIN, TRIVENI",44.0
2026-04-29,TV Broadcasting & Software Production,6.105,"ZEEL, SUNTV",37.0
2026-04-29,Tea & Coffee,7.775,"CCL, TATACONSUM",40.0
2026-04-29,Technology,18.6663,"STLTECH, KRN, WEBELSOLAR",58.0
2026-04-29,Telecom - Cellular & Fixed line services,4.706,"TTML, IDEA, TATACOMM",35.0
2026-04-29,Telecom - Equipment & Accessories,10.31,"TEJASNET, ITI",44.0
2026-04-29,Telecom - Infrastructure,26.405,"HFCL, INDUSTOWER",72.0
2026-04-29,Tour Travel Related Services,0.9167,"TBOTEK, BLS, IRCTC",28.0
2026-04-29,Tractors,2.86,ESCORTS,32.0
2026-04-29,Trading & Distributors,0.35,"MMTC, REDINGTON",27.0
2026-04-29,Trading - Gas,11.04,AEGISLOG,46.0
2026-04-29,Trading - Minerals,21.5,ADANIENT,63.0
2026-04-29,Tyres & Rubber Products,-4.726,"CEATLTD, MRF, BALKRISIND",19.0
2026-04-29,Utilities,12.8617,"PTC, RTNPOWER, WAAREERTL",49.0
2026-04-29,Zinc,6.01,HINDZINC,37.0
2026-04-30,2/3 Wheelers,10.9867,"OLAELEC, ATHERENERG, BAJAJ-AUTO",67.0
2026-04-30,Abrasives & Bearings,11.71,"CARBORUNIV, TIMKEN",68.0
2026-04-30,Aerospace & Defense,20.9783,"DATAPATTNS, GRSE, ZENTEC",77.0
2026-04-30,Airline,-2.49,INDIGO,55.0
2026-04-30,Airport & Airport services,5.58,GMRAIRPORT,62.0
2026-04-30,Aluminium,9.21,"HINDALCO, NATIONALUM",66.0
2026-04-30,Animal Feed,10.07,GODREJAGRO,67.0
2026-04-30,Asset Management Company,11.575,"NAM-INDIA, ABSLAMC, HDFCAMC",68.0
2026-04-30,Auto Components & Equipments,8.73,"SONACOMS, TIINDIA, RKFORGE",65.0
2026-04-30,Basic Materials,14.5527,"GALLANTT, LLOYDSENT, NEOGEN",71.0
2026-04-30,Breweries & Distilleries,6.2533,"RADICO, UNITDSPR, UBL",63.0
2026-04-30,Business Process Outsourcing (BPO)/ Knowledge Process Outsourcing (KPO),-14.555,"FSL, ECLERX",43.0
2026-04-30,Cables - Electricals,19.07,"FINCABLES, KEI, RRKABEL",75.0
2026-04-30,Carbon Black,21.66,"HSCL, PCBL",78.0
2026-04-30,Castings & Forgings,8.31,AIAENG,65.0
2026-04-30,Cement & Cement Products,-2.352,"GRASIM, INDIACEM, ULTRACEMCO",55.0
2026-04-30,Ceramics,22.45,KAJARIACER,78.0
2026-04-30,Cigarettes & Tobacco Products,13.9,GODFRYPHLP,70.0
2026-04-30,Civil Construction,11.6975,"ENGINERSIN, TECHNOE, NCC",68.0
2026-04-30,Coal,10.58,COALINDIA,67.0
2026-04-30,Commercial Vehicles,-8.04,ASHOKLEY,49.0
2026-04-30,Commodity Chemicals,20.75,"TATACHEM, DEEPAKFERT",77.0
2026-04-30,Communication Services,5.8633,"TIPSMUSIC, NETWORK18, IMAGICAA",63.0
2026-04-30,Compressors Pumps & Diesel Engines,23.612,"KIRLOSENG, KSB, CUMMINSIND",79.0
2026-04-30,Computers - Software & Consulting,-7.2153,"INTELLECT, NEWGEN, SONATSOFTW",50.0
2026-04-30,Construction Vehicles,13.21,"BEML, ACE",70.0
2026-04-30,Consumer Cyclical,9.3324,"LUXIND, SKYGOLD, GANECOS",66.0
2026-04-30,Consumer Defensive,14.8175,"AVANTIFEED, MANORAMA, ABDL",71.0
2026-04-30,Consumer Durables,15.36,SURYAROSNI,72.0
2026-04-30,Consumer Electronics,3.89,"DIXON, PGEL, HAVELLS",61.0
2026-04-30,Copper,3.08,HINDCOPPER,60.0
2026-04-30,Depositories Clearing Houses and Other Intermediaries,1.4367,"CAMS, CDSL, KFINTECH",58.0
2026-04-30,Diversified,7.4367,"GODREJIND, DCMSHRIRAM, 3MINDIA",64.0
2026-04-30,Diversified Commercial Services,9.94,IGIL,66.0
2026-04-30,Diversified FMCG,1.49,"ITC, HINDUNILVR",58.0
2026-04-30,Diversified Metals,-60.09,VEDL,0.0
2026-04-30,Diversified Retail,11.855,"DMART, VMM",68.0
2026-04-30,E-Retail/ E-Commerce,0.085,"NYKAA, ETERNAL, FIRSTCRY",57.0
2026-04-30,Edible Oil,-1.2467,"MARICO, AWL, PATANJALI",56.0
2026-04-30,Electrodes & Refractories,7.91,"GRAPHITE, RHIM, HEG",65.0
2026-04-30,Energy,14.97,"REFEX, GMRP&UI",71.0
2026-04-30,Exchange and Data Platform,18.2267,"BSE, MCX, IEX",74.0
2026-04-30,Explosives,19.93,SOLARINDS,76.0
2026-04-30,Fertilizers,4.06,"FACT, RCF, CHAMBLFERT",61.0
2026-04-30,Film Production Distribution & Exhibition,12.71,PVRINOX,69.0
2026-04-30,Financial Institution,10.53,"HUDCO, PFC, IREDA",67.0
2026-04-30,Financial Products Distributor,17.2,ANANDRATHI,73.0
2026-04-30,Financial Services,7.685,"KTKBANK, PRUDENT, JSFB",64.0
2026-04-30,Financial Technology (Fintech),3.735,"POLICYBZR, PAYTM",61.0
2026-04-30,Footwear,1.74,"CAMPUS, BATAINDIA",59.0
2026-04-30,Garments & Apparels,11.6,PAGEIND,68.0
2026-04-30,Gas Transmission/Marketing,9.365,"GAIL, GSPL",66.0
2026-04-30,Gems Jewellery And Watches,7.48,"TITAN, KALYANKJIL",64.0
2026-04-30,General Insurance,6.734,"NIACL, STARHEALTH, GICRE",63.0
2026-04-30,Healthcare,9.4743,"YATHARTH, SHILPAMED, STAR",66.0
2026-04-30,Healthcare Research Analytics & Technology,3.735,"INDGN, SYNGENE",61.0
2026-04-30,Healthcare Service Provider,9.0433,"VIJAYA, METROPOLIS, LALPATHLAB",66.0
2026-04-30,Heavy Electrical Equipment,32.7921,"SCHNEIDER, POWERINDIA, BHEL",88.0
2026-04-30,Holding Company,1.41,"JMFINANCIL, BAJAJHLDNG, BAJAJFINSV",58.0
2026-04-30,Hospital,6.0244,"ASTERDM, FORTIS, MEDANTA",63.0
2026-04-30,Hotels & Resorts,1.8,"DBREALTY, EIHOTEL, THELEELA",59.0
2026-04-30,Household Appliances,13.1967,"AMBER, WHIRLPOOL, CROMPTON",70.0
2026-04-30,Household Products,17.23,JYOTHYLAB,73.0
2026-04-30,Housing Finance Company,9.0689,"PNBHOUSING, APTUS, HOMEFIRST",66.0
2026-04-30,IT Enabled Services,3.2086,"NETWEB, IKS, LTTS",60.0
2026-04-30,Industrial Gases,10.65,LINDEINDIA,67.0
2026-04-30,Industrial Minerals,24.99,"LLOYDSME, GMDCLTD, NMDC",81.0
2026-04-30,Industrial Products,14.134,"PRAJIND, SYRMA, KAYNES",70.0
2026-04-30,Industrials,19.6659,"MTARTECH, TDPOWERSYS, VOLTAMP",76.0
2026-04-30,Integrated Power Utilities,30.135,"ADANIPOWER, TORNTPOWER, CESC",86.0
2026-04-30,Internet & Catalogue Retail,-5.795,"INDIAMART, NAUKRI",52.0
2026-04-30,Investment Company,5.3,"TATAINVEST, ABCAPITAL, CHOLAHLDNG",62.0
2026-04-30,Iron & Steel,12.24,"SAIL, SARDAEN, NSLNISP",69.0
2026-04-30,Iron & Steel Products,16.9386,"WELCORP, JINDALSAW, MAHSEAMLES",73.0
2026-04-30,LPG/CNG/PNG/LNG Supplier,9.212,"ATGL, MGL, GUJGASLTD",66.0
2026-04-30,Life Insurance,-5.002,"LICI, MFSL, SBILIFE",52.0
2026-04-30,Logistics Solution Provider,9.8,"DELHIVERY, CONCOR, BLUEDART",66.0
2026-04-30,Lubricants,3.41,CASTROLIND,60.0
2026-04-30,Media & Entertainment,2.29,SAREGAMA,59.0
2026-04-30,Medical Equipment & Supplies,8.83,POLYMED,65.0
2026-04-30,Microfinance Institutions,2.67,CREDITACC,60.0
2026-04-30,Non Banking Financial Company (NBFC),0.3214,"CGCL, FIVESTAR, MANAPPURAM",57.0
2026-04-30,Oil Exploration & Production,9.665,"ONGC, OIL",66.0
2026-04-30,Oil Storage & Transportation,1.84,AEGISVOPAK,59.0
2026-04-30,Other Agricultural Products,17.26,LTFOODS,73.0
2026-04-30,Other Bank,8.4,AUBANK,65.0
2026-04-30,Other Beverages,19.35,VBL,75.0
2026-04-30,Other Electrical Equipment,23.4967,"APARINDS, PREMIERENE, WAAREEENER",79.0
2026-04-30,Other Financial Services,3.91,CRISIL,61.0
2026-04-30,Other Food Products,0.29,EIDPARRY,57.0
2026-04-30,Other Industrial Products,12.17,"INOXINDIA, HBLENGINE, PTCIL",69.0
2026-04-30,Other Telecom Services,10.73,RAILTEL,67.0
2026-04-30,Other Textile Products,10.918,"VTL, KPRMILL, WELSPUNLIV",67.0
2026-04-30,Packaged Foods,5.1025,"NESTLEIND, BIKAJI, BRITANNIA",62.0
2026-04-30,Paints,1.92,"BERGEPAINT, AKZOINDIA, ASIANPAINT",59.0
2026-04-30,Paper & Paper Products,21.47,ABREL,77.0
2026-04-30,Passenger Cars & Utility Vehicles,1.3083,"OLECTRA, TMPV, FORCEMOT",58.0
2026-04-30,Personal Care,1.8871,"HONASA, COLPAL, GILLETTE",59.0
2026-04-30,Pesticides & Agrochemicals,2.905,"BAYERCROP, SUMICHEM, PIIND",60.0
2026-04-30,Petrochemicals,-4.44,SWANCORP,53.0
2026-04-30,Pharmaceuticals,6.6276,"COHANCE, AKUMS, NATCOPHARM",63.0
2026-04-30,Plastic Products - Industrial,0.9567,"FINPIPE, ASTRAL, SUPREMEIND",58.0
2026-04-30,Plywood Boards/ Laminates,9.55,CENTURYPLY,66.0
2026-04-30,Port & Port services,14.025,"ADANIPORTS, JSWINFRA",70.0
2026-04-30,Power - Transmission,13.68,POWERGRID,70.0
2026-04-30,Power Distribution,45.3,ADANIENSOL,100.0
2026-04-30,Power Generation,19.9009,"ADANIGREEN, JPPOWER, ACMESOLAR",76.0
2026-04-30,Private Sector Bank,4.905,"BANDHANBNK, J&KBANK, RBLBANK",62.0
2026-04-30,Public Sector Bank,0.2845,"MAHABANK, CENTRALBK, IOB",57.0
2026-04-30,Railway Wagons,8.035,"TITAGARH, JWL",65.0
2026-04-30,Real Estate,1.8712,"MAXESTATES, PURVA, GANESHHOU",59.0
2026-04-30,Refineries & Marketing,3.6167,"CHENNPETRO, RELIANCE, HINDPETRO",60.0
2026-04-30,Residential Commercial Projects,9.654,"GODREJPROP, LODHA, OBEROIRLTY",66.0
2026-04-30,Restaurants,12.39,"SAPPHIRE, DEVYANI, JUBLFOOD",69.0
2026-04-30,Sanitary Ware,7.91,CERA,65.0
2026-04-30,Ship Building & Allied Services,22.925,"COCHINSHIP, MAZDOCK",79.0
2026-04-30,Shipping,30.305,"SCI, GESHIP",86.0
2026-04-30,Software Products,10.345,"OFSS, MAPMYINDIA",67.0
2026-04-30,Speciality Retail,7.5875,"TRENT, ABFRL, MANYAVAR",64.0
2026-04-30,Specialty Chemicals,10.6718,"AARTIIND, DEEPAKNTR, JUBLINGREA",67.0
2026-04-30,Stationary,-1.7,DOMS,55.0
2026-04-30,Stockbroking & Allied,9.9425,"ANGELONE, MOTILALOFS, NUVAMA",66.0
2026-04-30,Sugar,11.745,"TRIVENI, BALRAMCHIN",68.0
2026-04-30,TV Broadcasting & Software Production,8.87,"ZEEL, SUNTV",65.0
2026-04-30,Tea & Coffee,7.735,"CCL, TATACONSUM",64.0
2026-04-30,Technology,21.1263,"STLTECH, KRN, WEBELSOLAR",77.0
2026-04-30,Telecom - Cellular & Fixed line services,4.832,"TTML, IDEA, TATACOMM",62.0
2026-04-30,Telecom - Equipment & Accessories,12.87,"TEJASNET, ITI",69.0
2026-04-30,Telecom - Infrastructure,33.03,"HFCL, INDUSTOWER",88.0
2026-04-30,Tour Travel Related Services,1.0733,"BLS, TBOTEK, IRCTC",58.0
2026-04-30,Tractors,3.22,ESCORTS,60.0
2026-04-30,Trading & Distributors,2.67,"MMTC, REDINGTON",60.0
2026-04-30,Trading - Gas,9.43,AEGISLOG,66.0
2026-04-30,Trading - Minerals,27.37,ADANIENT,83.0
2026-04-30,Tyres & Rubber Products,-6.066,"MRF, CEATLTD, BALKRISIND",51.0
2026-04-30,Utilities,14.5,"PTC, RTNPOWER, INOXGREEN",71.0
2026-04-30,Zinc,3.69,HINDZINC,61.0
2026-05-01,2/3 Wheelers,10.9867,"OLAELEC, ATHERENERG, BAJAJ-AUTO",67.0
2026-05-01,Abrasives & Bearings,11.71,"CARBORUNIV, TIMKEN",68.0
2026-05-01,Aerospace & Defense,20.9783,"DATAPATTNS, GRSE, ZENTEC",77.0
2026-05-01,Airline,-2.49,INDIGO,55.0
2026-05-01,Airport & Airport services,5.58,GMRAIRPORT,62.0
2026-05-01,Aluminium,9.21,"HINDALCO, NATIONALUM",66.0
2026-05-01,Animal Feed,10.07,GODREJAGRO,67.0
2026-05-01,Asset Management Company,11.575,"NAM-INDIA, ABSLAMC, HDFCAMC",68.0
2026-05-01,Auto Components & Equipments,8.73,"SONACOMS, TIINDIA, RKFORGE",65.0
2026-05-01,Basic Materials,14.5527,"GALLANTT, LLOYDSENT, NEOGEN",71.0
2026-05-01,Breweries & Distilleries,6.2533,"RADICO, UNITDSPR, UBL",63.0
2026-05-01,Business Process Outsourcing (BPO)/ Knowledge Process Outsourcing (KPO),-14.555,"FSL, ECLERX",43.0
2026-05-01,Cables - Electricals,19.07,"FINCABLES, KEI, RRKABEL",75.0
2026-05-01,Carbon Black,21.66,"HSCL, PCBL",78.0
2026-05-01,Castings & Forgings,8.31,AIAENG,65.0
2026-05-01,Cement & Cement Products,-2.352,"GRASIM, INDIACEM, ULTRACEMCO",55.0
2026-05-01,Ceramics,22.45,KAJARIACER,78.0
2026-05-01,Cigarettes & Tobacco Products,13.9,GODFRYPHLP,70.0
2026-05-01,Civil Construction,11.6975,"ENGINERSIN, TECHNOE, NCC",68.0
2026-05-01,Coal,10.58,COALINDIA,67.0
2026-05-01,Commercial Vehicles,-8.04,ASHOKLEY,49.0
2026-05-01,Commodity Chemicals,20.75,"TATACHEM, DEEPAKFERT",77.0
2026-05-01,Communication Services,5.8633,"TIPSMUSIC, NETWORK18, IMAGICAA",63.0
2026-05-01,Compressors Pumps & Diesel Engines,23.612,"KIRLOSENG, KSB, CUMMINSIND",79.0
2026-05-01,Computers - Software & Consulting,-6.9933,"INTELLECT, NEWGEN, SONATSOFTW",50.0
2026-05-01,Construction Vehicles,13.21,"BEML, ACE",70.0
2026-05-01,Consumer Cyclical,9.3324,"LUXIND, SKYGOLD, GANECOS",66.0
2026-05-01,Consumer Defensive,14.8175,"AVANTIFEED, MANORAMA, ABDL",71.0
2026-05-01,Consumer Durables,15.36,SURYAROSNI,72.0
2026-05-01,Consumer Electronics,3.89,"DIXON, PGEL, HAVELLS",61.0
2026-05-01,Copper,3.08,HINDCOPPER,60.0
2026-05-01,Depositories Clearing Houses and Other Intermediaries,1.4367,"CAMS, CDSL, KFINTECH",58.0
2026-05-01,Diversified,7.4367,"GODREJIND, DCMSHRIRAM, 3MINDIA",64.0
2026-05-01,Diversified Commercial Services,9.94,IGIL,66.0
2026-05-01,Diversified FMCG,1.49,"ITC, HINDUNILVR",58.0
2026-05-01,Diversified Metals,-60.09,VEDL,0.0
2026-05-01,Diversified Retail,11.855,"DMART, VMM",68.0
2026-05-01,E-Retail/ E-Commerce,0.085,"NYKAA, ETERNAL, FIRSTCRY",57.0
2026-05-01,Edible Oil,-1.2467,"MARICO, AWL, PATANJALI",56.0
2026-05-01,Electrodes & Refractories,7.91,"GRAPHITE, RHIM, HEG",65.0
2026-05-01,Energy,14.97,"REFEX, GMRP&UI",71.0
2026-05-01,Exchange and Data Platform,18.2267,"BSE, MCX, IEX",74.0
2026-05-01,Explosives,19.93,SOLARINDS,76.0
2026-05-01,Fertilizers,4.06,"FACT, RCF, CHAMBLFERT",61.0
2026-05-01,Film Production Distribution & Exhibition,12.71,PVRINOX,69.0
2026-05-01,Financial Institution,10.53,"HUDCO, PFC, IREDA",67.0
2026-05-01,Financial Products Distributor,17.2,ANANDRATHI,73.0
2026-05-01,Financial Services,7.685,"KTKBANK, PRUDENT, JSFB",64.0
2026-05-01,Financial Technology (Fintech),3.735,"POLICYBZR, PAYTM",61.0
2026-05-01,Footwear,1.74,"CAMPUS, BATAINDIA",59.0
2026-05-01,Garments & Apparels,11.6,PAGEIND,68.0
2026-05-01,Gas Transmission/Marketing,9.365,"GAIL, GSPL",66.0
2026-05-01,Gems Jewellery And Watches,7.48,"TITAN, KALYANKJIL",64.0
2026-05-01,General Insurance,6.734,"NIACL, STARHEALTH, GICRE",63.0
2026-05-01,Healthcare,9.4743,"YATHARTH, SHILPAMED, STAR",66.0
2026-05-01,Healthcare Research Analytics & Technology,3.735,"INDGN, SYNGENE",61.0
2026-05-01,Healthcare Service Provider,9.0433,"VIJAYA, METROPOLIS, LALPATHLAB",66.0
2026-05-01,Heavy Electrical Equipment,32.7921,"SCHNEIDER, POWERINDIA, BHEL",88.0
2026-05-01,Holding Company,1.41,"JMFINANCIL, BAJAJHLDNG, BAJAJFINSV",58.0
2026-05-01,Hospital,6.0244,"ASTERDM, FORTIS, MEDANTA",63.0
2026-05-01,Hotels & Resorts,1.8,"DBREALTY, EIHOTEL, THELEELA",59.0
2026-05-01,Household Appliances,13.1967,"AMBER, WHIRLPOOL, CROMPTON",70.0
2026-05-01,Household Products,17.23,JYOTHYLAB,73.0
2026-05-01,Housing Finance Company,9.0689,"PNBHOUSING, APTUS, HOMEFIRST",66.0
2026-05-01,IT Enabled Services,3.2086,"NETWEB, IKS, LTTS",60.0
2026-05-01,Industrial Gases,10.65,LINDEINDIA,67.0
2026-05-01,Industrial Minerals,24.99,"LLOYDSME, GMDCLTD, NMDC",81.0
2026-05-01,Industrial Products,14.134,"PRAJIND, SYRMA, KAYNES",70.0
2026-05-01,Industrials,19.6659,"MTARTECH, TDPOWERSYS, VOLTAMP",76.0
2026-05-01,Integrated Power Utilities,30.135,"ADANIPOWER, TORNTPOWER, CESC",86.0
2026-05-01,Internet & Catalogue Retail,-5.795,"INDIAMART, NAUKRI",52.0
2026-05-01,Investment Company,5.3,"TATAINVEST, ABCAPITAL, CHOLAHLDNG",62.0
2026-05-01,Iron & Steel,12.24,"SAIL, SARDAEN, NSLNISP",69.0
2026-05-01,Iron & Steel Products,16.9386,"WELCORP, JINDALSAW, MAHSEAMLES",73.0
2026-05-01,LPG/CNG/PNG/LNG Supplier,9.212,"ATGL, MGL, GUJGASLTD",66.0
2026-05-01,Life Insurance,-5.002,"LICI, MFSL, SBILIFE",52.0
2026-05-01,Logistics Solution Provider,9.8,"DELHIVERY, CONCOR, BLUEDART",66.0
2026-05-01,Lubricants,3.41,CASTROLIND,60.0
2026-05-01,Media & Entertainment,2.29,SAREGAMA,59.0
2026-05-01,Medical Equipment & Supplies,8.83,POLYMED,65.0
2026-05-01,Microfinance Institutions,2.67,CREDITACC,60.0
2026-05-01,Non Banking Financial Company (NBFC),0.3214,"CGCL, FIVESTAR, MANAPPURAM",57.0
2026-05-01,Oil Exploration & Production,9.665,"ONGC, OIL",66.0
2026-05-01,Oil Storage & Transportation,1.84,AEGISVOPAK,59.0
2026-05-01,Other Agricultural Products,17.26,LTFOODS,73.0
2026-05-01,Other Bank,8.4,AUBANK,65.0
2026-05-01,Other Beverages,19.35,VBL,75.0
2026-05-01,Other Electrical Equipment,23.4967,"APARINDS, PREMIERENE, WAAREEENER",79.0
2026-05-01,Other Financial Services,3.91,CRISIL,61.0
2026-05-01,Other Food Products,0.29,EIDPARRY,57.0
2026-05-01,Other Industrial Products,12.17,"INOXINDIA, HBLENGINE, PTCIL",69.0
2026-05-01,Other Telecom Services,10.73,RAILTEL,67.0
2026-05-01,Other Textile Products,10.918,"VTL, KPRMILL, WELSPUNLIV",67.0
2026-05-01,Packaged Foods,5.1025,"NESTLEIND, BIKAJI, BRITANNIA",62.0
2026-05-01,Paints,1.2067,"BERGEPAINT, ASIANPAINT, AKZOINDIA",58.0
2026-05-01,Paper & Paper Products,21.47,ABREL,77.0
2026-05-01,Passenger Cars & Utility Vehicles,1.3083,"OLECTRA, TMPV, FORCEMOT",58.0
2026-05-01,Personal Care,1.8871,"HONASA, COLPAL, GILLETTE",59.0
2026-05-01,Pesticides & Agrochemicals,2.905,"BAYERCROP, SUMICHEM, PIIND",60.0
2026-05-01,Petrochemicals,-4.44,SWANCORP,53.0
2026-05-01,Pharmaceuticals,6.6276,"COHANCE, AKUMS, NATCOPHARM",63.0
2026-05-01,Plastic Products - Industrial,0.9567,"FINPIPE, ASTRAL, SUPREMEIND",58.0
2026-05-01,Plywood Boards/ Laminates,9.55,CENTURYPLY,66.0
2026-05-01,Port & Port services,14.025,"ADANIPORTS, JSWINFRA",70.0
2026-05-01,Power - Transmission,13.68,POWERGRID,70.0
2026-05-01,Power Distribution,45.3,ADANIENSOL,100.0
2026-05-01,Power Generation,19.9009,"ADANIGREEN, JPPOWER, ACMESOLAR",76.0
2026-05-01,Private Sector Bank,4.905,"BANDHANBNK, J&KBANK, RBLBANK",62.0
2026-05-01,Public Sector Bank,0.2845,"MAHABANK, CENTRALBK, IOB",57.0
2026-05-01,Railway Wagons,8.035,"TITAGARH, JWL",65.0
2026-05-01,Real Estate,1.8712,"MAXESTATES, PURVA, GANESHHOU",59.0
2026-05-01,Refineries & Marketing,3.6167,"CHENNPETRO, RELIANCE, HINDPETRO",60.0
2026-05-01,Residential Commercial Projects,9.654,"GODREJPROP, LODHA, OBEROIRLTY",66.0
2026-05-01,Restaurants,12.39,"SAPPHIRE, DEVYANI, JUBLFOOD",69.0
2026-05-01,Sanitary Ware,7.91,CERA,65.0
2026-05-01,Ship Building & Allied Services,22.925,"COCHINSHIP, MAZDOCK",79.0
2026-05-01,Shipping,30.305,"SCI, GESHIP",86.0
2026-05-01,Software Products,10.345,"OFSS, MAPMYINDIA",67.0
2026-05-01,Speciality Retail,7.5875,"TRENT, ABFRL, MANYAVAR",64.0
2026-05-01,Specialty Chemicals,10.6718,"AARTIIND, DEEPAKNTR, JUBLINGREA",67.0
2026-05-01,Stationary,-1.7,DOMS,55.0
2026-05-01,Stockbroking & Allied,9.9425,"ANGELONE, MOTILALOFS, NUVAMA",66.0
2026-05-01,Sugar,11.745,"TRIVENI, BALRAMCHIN",68.0
2026-05-01,TV Broadcasting & Software Production,8.87,"ZEEL, SUNTV",65.0
2026-05-01,Tea & Coffee,7.735,"CCL, TATACONSUM",64.0
2026-05-01,Technology,21.1263,"STLTECH, KRN, WEBELSOLAR",77.0
2026-05-01,Telecom - Cellular & Fixed line services,4.832,"TTML, IDEA, TATACOMM",62.0
2026-05-01,Telecom - Equipment & Accessories,12.87,"TEJASNET, ITI",69.0
2026-05-01,Telecom - Infrastructure,33.03,"HFCL, INDUSTOWER",88.0
2026-05-01,Tour Travel Related Services,1.0733,"BLS, TBOTEK, IRCTC",58.0
2026-05-01,Tractors,3.22,ESCORTS,60.0
2026-05-01,Trading & Distributors,2.67,"MMTC, REDINGTON",60.0
2026-05-01,Trading - Gas,9.43,AEGISLOG,66.0
2026-05-01,Trading - Minerals,27.37,ADANIENT,83.0
2026-05-01,Tyres & Rubber Products,-6.066,"MRF, CEATLTD, BALKRISIND",51.0
2026-05-01,Utilities,14.83,"PTC, RTNPOWER, INOXGREEN",71.0
2026-05-01,Zinc,3.69,HINDZINC,61.0
2026-05-04,Aerospace & Defense,18.5833,"DATAPATTNS, GRSE, HAL",44.0
2026-05-04,Agricultural Food & other Products,9.3857,"LTFOODS, CCL, BALRAMCHIN",27.0
2026-05-04,"Agricultural, Commercial & Construction Vehicles",6.465,"BEML, ACE, ESCORTS",21.0
2026-05-04,Auto Components,5.3235,"RKFORGE, TIINDIA, ARE&M",19.0
2026-05-04,Auto Components & Equipments,8.49,SKFINDIA,25.0
2026-05-04,Automobiles,7.3958,"OLAELEC, ATHERENERG, OLECTRA",23.0
2026-05-04,Banks,3.3469,"BANDHANBNK, MAHABANK, J&KBANK",15.0
2026-05-04,Beverages,8.4625,"RADICO, VBL, UNITDSPR",25.0
2026-05-04,Capital Markets,11.4136,"BSE, ANGELONE, NAM-INDIA",31.0
2026-05-04,Cement & Cement Products,-2.252,"GRASIM, DALBHARAT, ULTRACEMCO",5.0
2026-05-04,Chemicals & Petrochemicals,12.931,"HSCL, AARTIIND, DEEPAKFERT",33.0
2026-05-04,Cigarettes & Tobacco Products,11.19,GODFRYPHLP,30.0
2026-05-04,Commercial Services & Supplies,-1.4117,"IGIL, MMTC, REDINGTON",6.0
2026-05-04,Construction,14.0325,"ENGINERSIN, TECHNOE, NCC",36.0
2026-05-04,Consumable Fuels,7.38,COALINDIA,23.0
2026-05-04,Consumer Durables,11.4766,"LUXIND, SKYGOLD, EMIL",31.0
2026-05-04,Diversified,5.8843,"JMFINANCIL, GODREJIND, DCMSHRIRAM",20.0
2026-05-04,Diversified FMCG,12.5357,"AVANTIFEED, MANORAMA, ABDL",33.0
2026-05-04,Diversified Metals,15.2046,"GALLANTT, SUNFLAG, NEOGEN",38.0
2026-05-04,Electrical Equipment,28.0884,"SCHNEIDER, POWERINDIA, BHEL",62.0
2026-05-04,Entertainment,7.26,"PVRINOX, SAREGAMA",23.0
2026-05-04,Ferrous Metals,13.7514,"WELCORP, JINDALSAW, SAIL",35.0
2026-05-04,Fertilizers & Agrochemicals,4.4813,"SUMICHEM, FACT, RCF",18.0
2026-05-04,Finance,8.261,"KTKBANK, PNBHOUSING, PRUDENT",25.0
2026-05-04,Financial Technology (Fintech),-0.36,"POLICYBZR, PAYTM, INDIAMART",8.0
2026-05-04,Food Products,3.4743,"NESTLEIND, BIKAJI, AWL",16.0
2026-05-04,Gas,10.185,"ATGL, MGL, AEGISLOG",28.0
2026-05-04,Healthcare Equipment & Supplies,12.85,POLYMED,33.0
2026-05-04,Healthcare Services,11.2994,"YATHARTH, SHILPAMED, VIJAYA",30.0
2026-05-04,Household Products,19.35,JYOTHYLAB,46.0
2026-05-04,IT - Services,18.8454,"STLTECH, KRN, WEBELSOLAR",45.0
2026-05-04,IT - Software,-4.799,"OFSS, SONATSOFTW, NEWGEN",0.0
2026-05-04,Industrial Manufacturing,22.663,"MTARTECH, CEMPRO, VOLTAMP",52.0
2026-05-04,Industrial Products,12.2621,"SYRMA, PRAJIND, INOXINDIA",32.0
2026-05-04,Insurance,1.442,"NIACL, STARHEALTH, GICRE",12.0
2026-05-04,Leisure Services,7.4979,"DBREALTY, DEVYANI, SAPPHIRE",23.0
2026-05-04,Media,9.175,"ZEEL, SUNTV",26.0
2026-05-04,Metals & Minerals Trading,29.85,ADANIENT,65.0
2026-05-04,Non - Ferrous Metals,5.235,"HINDALCO, HINDCOPPER, HINDZINC",19.0
2026-05-04,Oil,10.505,"REFEX, GMRP&UI, ONGC",29.0
2026-05-04,Other Construction Materials,19.5829,"LLOYDSME, GMDCLTD, GRAVITA",46.0
2026-05-04,Other Utilities,48.15,ADANIENSOL,100.0
2026-05-04,"Paper, Forest & Jute Products",21.81,ABREL,50.0
2026-05-04,Personal Products,3.13,"HONASA, COLPAL, GILLETTE",15.0
2026-05-04,Petroleum Products,1.78,"CHENNPETRO, RELIANCE, AEGISVOPAK",12.0
2026-05-04,Pharmaceuticals & Biotechnology,7.9351,"COHANCE, ONESOURCE, BLUEJET",24.0
2026-05-04,Power,22.0305,"ADANIGREEN, ADANIPOWER, CESC",51.0
2026-05-04,Realty,10.1161,"GODREJPROP, MAXESTATES, LODHA",28.0
2026-05-04,Retailing,6.087,"TRENT, ABFRL, DMART",21.0
2026-05-04,Telecom - Equipment & Accessories,16.165,"TEJASNET, ITI",40.0
2026-05-04,Telecom - Services,11.85,"HFCL, TIPSMUSIC, RAILTEL",31.0
2026-05-04,Textiles & Apparels,9.5825,"VTL, PAGEIND, WELSPUNLIV",27.0
2026-05-04,Transport Infrastructure,12.242,"ADANIPORTS, TITAGARH, GMRAIRPORT",32.0
2026-05-04,Transport Services,16.0388,"SCI, COCHINSHIP, GESHIP",39.0
2026-05-05,Aerospace & Defense,14.4583,"DATAPATTNS, GRSE, HAL",39.0
2026-05-05,Agricultural Food & other Products,8.2371,"BALRAMCHIN, CCL, LTFOODS",28.0
2026-05-05,"Agricultural, Commercial & Construction Vehicles",4.825,"BEML, ACE, ESCORTS",21.0
2026-05-05,Auto Components,4.5861,"RKFORGE, BHARATFORG, TIINDIA",21.0
2026-05-05,Auto Components & Equipments,4.55,SKFINDIA,21.0
2026-05-05,Automobiles,5.735,"ATHERENERG, OLECTRA, OLAELEC",23.0
2026-05-05,Banks,2.7935,"BANDHANBNK, MAHABANK, J&KBANK",17.0
2026-05-05,Beverages,8.7175,"RADICO, VBL, UNITDSPR",29.0
2026-05-05,Capital Markets,11.4121,"BSE, ANGELONE, ABSLAMC",34.0
2026-05-05,Cement & Cement Products,-2.227,"GRASIM, ULTRACEMCO, DALBHARAT",8.0
2026-05-05,Chemicals & Petrochemicals,11.0348,"HSCL, AARTIIND, DEEPAKNTR",33.0
2026-05-05,Cigarettes & Tobacco Products,12.5,GODFRYPHLP,36.0
2026-05-05,Commercial Services & Supplies,-2.875,"IGIL, MMTC, DOMS",7.0
2026-05-05,Construction,10.8225,"ENGINERSIN, TECHNOE, NCC",33.0
2026-05-05,Consumable Fuels,3.84,COALINDIA,19.0
2026-05-05,Consumer Durables,9.022,"LUXIND, SKYGOLD, DYNAMATECH",29.0
2026-05-05,Diversified,4.7114,"JMFINANCIL, GODREJIND, BAJAJHLDNG",21.0
2026-05-05,Diversified FMCG,10.9329,"AVANTIFEED, MANORAMA, ABDL",33.0
2026-05-05,Diversified Metals,12.6098,"GALLANTT, SUNFLAG, NEOGEN",36.0
2026-05-05,Electrical Equipment,25.3612,"SCHNEIDER, POWERINDIA, BHEL",60.0
2026-05-05,Entertainment,6.905,"PVRINOX, SAREGAMA",25.0
2026-05-05,Ferrous Metals,11.7714,"WELCORP, JINDALSAW, SAIL",34.0
2026-05-05,Fertilizers & Agrochemicals,3.6963,"SUMICHEM, FACT, RCF",19.0
2026-05-05,Finance,7.4792,"KTKBANK, PNBHOUSING, PRUDENT",26.0
2026-05-05,Financial Technology (Fintech),-1.7875,"POLICYBZR, PAYTM, INDIAMART",9.0
2026-05-05,Food Products,4.5314,"NESTLEIND, MARICO, BIKAJI",21.0
2026-05-05,Gas,9.3213,"ATGL, MGL, GSPL",30.0
2026-05-05,Healthcare Equipment & Supplies,14.2,POLYMED,39.0
2026-05-05,Healthcare Services,10.236,"YATHARTH, SHILPAMED, VIJAYA",31.0
2026-05-05,Household Products,16.36,JYOTHYLAB,43.0
2026-05-05,IT - Services,16.31,"STLTECH, WEBELSOLAR, KRN",43.0
2026-05-05,IT - Software,-6.4265,"OFSS, INTELLECT, SONATSOFTW",0.0
2026-05-05,Industrial Manufacturing,18.2323,"MTARTECH, CEMPRO, TDPOWERSYS",47.0
2026-05-05,Industrial Products,10.6207,"SYRMA, PRAJIND, INOXINDIA",32.0
2026-05-05,Insurance,2.152,"NIACL, STARHEALTH, GICRE",16.0
2026-05-05,Leisure Services,5.1421,"DBREALTY, DEVYANI, SAPPHIRE",22.0
2026-05-05,Media,7.73,"ZEEL, SUNTV",27.0
2026-05-05,Metals & Minerals Trading,25.89,ADANIENT,61.0
2026-05-05,Non - Ferrous Metals,1.74,"HINDALCO, HINDZINC, NATIONALUM",15.0
2026-05-05,Oil,5.6725,"REFEX, GMRP&UI, ONGC",23.0
2026-05-05,Other Construction Materials,15.5957,"LLOYDSME, GRAVITA, GMDCLTD",42.0
2026-05-05,Other Utilities,46.53,ADANIENSOL,100.0
2026-05-05,"Paper, Forest & Jute Products",18.78,ABREL,48.0
2026-05-05,Personal Products,4.4843,"HONASA, COLPAL, EMAMILTD",21.0
2026-05-05,Petroleum Products,0.5662,"CHENNPETRO, RELIANCE, AEGISVOPAK",13.0
2026-05-05,Pharmaceuticals & Biotechnology,9.0735,"ONESOURCE, COHANCE, NEULANDLAB",29.0
2026-05-05,Power,18.0695,"ADANIGREEN, ADANIPOWER, TORNTPOWER",46.0
2026-05-05,Realty,7.165,"GODREJPROP, MAXESTATES, LODHA",26.0
2026-05-05,Retailing,3.065,"TRENT, NYKAA, VMM",18.0
2026-05-05,Telecom - Equipment & Accessories,10.945,"TEJASNET, ITI",33.0
2026-05-05,Telecom - Services,9.61,"HFCL, TIPSMUSIC, IDEA",30.0
2026-05-05,Textiles & Apparels,7.9825,"VTL, PAGEIND, KPRMILL",27.0
2026-05-05,Transport Infrastructure,10.864,"ADANIPORTS, TITAGARH, JSWINFRA",33.0
2026-05-05,Transport Services,12.1137,"SCI, COCHINSHIP, GESHIP",35.0
2026-05-06,Aerospace & Defense,12.5167,"DATAPATTNS, GRSE, HAL",38.0
2026-05-06,Agricultural Food & other Products,6.4029,"BALRAMCHIN, LTFOODS, CCL",26.0
2026-05-06,"Agricultural, Commercial & Construction Vehicles",5.25,"BEML, ESCORTS, ACE",24.0
2026-05-06,Auto Components,4.4117,"RKFORGE, BHARATFORG, TIINDIA",22.0
2026-05-06,Auto Components & Equipments,3.39,SKFINDIA,20.0
2026-05-06,Automobiles,5.8758,"ATHERENERG, OLECTRA, BAJAJ-AUTO",25.0
2026-05-06,Banks,2.8442,"BANDHANBNK, MAHABANK, J&KBANK",19.0
2026-05-06,Beverages,6.53,"RADICO, VBL, UNITDSPR",26.0
2026-05-06,Capital Markets,12.1107,"BSE, NAM-INDIA, ANGELONE",37.0
2026-05-06,Cement & Cement Products,-1.79,"GRASIM, DALBHARAT, ULTRACEMCO",10.0
2026-05-06,Chemicals & Petrochemicals,13.4529,"HSCL, DEEPAKFERT, AARTIIND",40.0
2026-05-06,Cigarettes & Tobacco Products,13.41,GODFRYPHLP,40.0
2026-05-06,Commercial Services & Supplies,-0.265,"IGIL, MMTC, DOMS",13.0
2026-05-06,Construction,9.8858,"ENGINERSIN, TECHNOE, NCC",33.0
2026-05-06,Consumable Fuels,2.2,COALINDIA,18.0
2026-05-06,Consumer Durables,9.1513,"LUXIND, SKYGOLD, AMBER",31.0
2026-05-06,Diversified,5.4786,"JMFINANCIL, DCMSHRIRAM, GODREJIND",24.0
2026-05-06,Diversified FMCG,9.0786,"AVANTIFEED, MANORAMA, ABDL",31.0
2026-05-06,Diversified Metals,13.1544,"SUNFLAG, GALLANTT, GRWRHITECH",39.0
2026-05-06,Electrical Equipment,22.866,"SCHNEIDER, POWERINDIA, BHEL",58.0
2026-05-06,Entertainment,7.67,"PVRINOX, SAREGAMA",29.0
2026-05-06,Ferrous Metals,12.0864,"WELCORP, JINDALSAW, SAIL",37.0
2026-05-06,Fertilizers & Agrochemicals,4.2287,"SUMICHEM, FACT, RCF",22.0
2026-05-06,Finance,8.3494,"PNBHOUSING, KTKBANK, PRUDENT",30.0
2026-05-06,Financial Technology (Fintech),-1.1275,"POLICYBZR, PAYTM, INDIAMART",11.0
2026-05-06,Food Products,3.61,"NESTLEIND, MARICO, AWL",21.0
2026-05-06,Gas,10.0362,"ATGL, MGL, AEGISLOG",33.0
2026-05-06,Healthcare Equipment & Supplies,12.88,POLYMED,39.0
2026-05-06,Healthcare Services,11.692,"YATHARTH, SHILPAMED, VIJAYA",36.0
2026-05-06,Household Products,10.45,JYOTHYLAB,34.0
2026-05-06,IT - Services,16.9785,"STLTECH, KRN, WEBELSOLAR",47.0
2026-05-06,IT - Software,-6.9315,"OFSS, INTELLECT, SONATSOFTW",0.0
2026-05-06,Industrial Manufacturing,17.1374,"MTARTECH, CEMPRO, TDPOWERSYS",47.0
2026-05-06,Industrial Products,10.4714,"SYRMA, PRAJIND, INOXINDIA",34.0
2026-05-06,Insurance,1.752,"NIACL, STARHEALTH, MFSL",17.0
2026-05-06,Leisure Services,5.79,"DBREALTY, DEVYANI, EIHOTEL",25.0
2026-05-06,Media,7.78,"ZEEL, SUNTV",29.0
2026-05-06,Metals & Minerals Trading,25.55,ADANIENT,64.0
2026-05-06,Non - Ferrous Metals,3.365,"HINDZINC, HINDALCO, NATIONALUM",20.0
2026-05-06,Oil,3.7175,"REFEX, GMRP&UI, ONGC",21.0
2026-05-06,Other Construction Materials,14.0643,"LLOYDSME, GRAVITA, GMDCLTD",41.0
2026-05-06,Other Utilities,44.13,ADANIENSOL,100.0
2026-05-06,"Paper, Forest & Jute Products",22.69,ABREL,58.0
2026-05-06,Personal Products,2.6529,"HONASA, COLPAL, EMAMILTD",19.0
2026-05-06,Petroleum Products,1.8388,"CHENNPETRO, HINDPETRO, RELIANCE",17.0
2026-05-06,Pharmaceuticals & Biotechnology,10.7457,"COHANCE, ONESOURCE, WOCKPHARMA",35.0
2026-05-06,Power,17.3752,"ADANIPOWER, ADANIGREEN, PTC",48.0
2026-05-06,Realty,8.555,"MAXESTATES, ANANTRAJ, GODREJPROP",30.0
2026-05-06,Retailing,3.199,"TRENT, NYKAA, ABLBL",20.0
2026-05-06,Telecom - Equipment & Accessories,13.165,"TEJASNET, ITI",39.0
2026-05-06,Telecom - Services,9.88,"HFCL, TIPSMUSIC, IDEA",33.0
2026-05-06,Textiles & Apparels,6.75,"VTL, KPRMILL, PAGEIND",27.0
2026-05-06,Transport Infrastructure,10.27,"ADANIPORTS, TITAGARH, JSWINFRA",34.0
2026-05-06,Transport Services,11.4475,"SCI, COCHINSHIP, GESHIP",36.0
2026-05-07,Aerospace & Defense,18.2733,"DATAPATTNS, GRSE, HAL",54.0
2026-05-07,Agricultural Food & other Products,6.2857,"BALRAMCHIN, CCL, LTFOODS",29.0
2026-05-07,"Agricultural, Commercial & Construction Vehicles",7.585,"BEML, ESCORTS, ACE",31.0
2026-05-07,Auto Components,7.0896,"BHARATFORG, CRAFTSMAN, RKFORGE",30.0
2026-05-07,Auto Components & Equipments,6.46,SKFINDIA,29.0
2026-05-07,Automobiles,7.9042,"ATHERENERG, OLECTRA, OLAELEC",32.0
2026-05-07,Banks,5.1877,"BANDHANBNK, MAHABANK, J&KBANK",26.0
2026-05-07,Beverages,7.915,"RADICO, VBL, UNITDSPR",32.0
2026-05-07,Capital Markets,15.8043,"BSE, ANGELONE, NAM-INDIA",49.0
2026-05-07,Cement & Cement Products,1.359,"GRASIM, NUVOCO, JKCEMENT",18.0
2026-05-07,Chemicals & Petrochemicals,14.9995,"DEEPAKFERT, HSCL, DEEPAKNTR",47.0
2026-05-07,Cigarettes & Tobacco Products,18.41,GODFRYPHLP,54.0
2026-05-07,Commercial Services & Supplies,0.0967,"IGIL, MMTC, DOMS",16.0
2026-05-07,Construction,12.1642,"ENGINERSIN, TECHNOE, NCC",41.0
2026-05-07,Consumable Fuels,3.3,COALINDIA,22.0
2026-05-07,Consumer Durables,10.2407,"SKYGOLD, LUXIND, AMBER",37.0
2026-05-07,Diversified,9.0329,"GODREJIND, JMFINANCIL, DCMSHRIRAM",34.0
2026-05-07,Diversified FMCG,11.625,"AVANTIFEED, MANORAMA, ABDL",40.0
2026-05-07,Diversified Metals,14.9698,"SUNFLAG, GRWRHITECH, GALLANTT",47.0
2026-05-07,Electrical Equipment,25.7716,"SCHNEIDER, BHEL, POWERINDIA",70.0
2026-05-07,Entertainment,6.86,"PVRINOX, SAREGAMA",30.0
2026-05-07,Ferrous Metals,13.2621,"WELCORP, JINDALSAW, SAIL",43.0
2026-05-07,Fertilizers & Agrochemicals,4.5325,"SUMICHEM, FACT, RCF",25.0
2026-05-07,Finance,9.7742,"KTKBANK, HUDCO, PNBHOUSING",36.0
2026-05-07,Financial Technology (Fintech),0.4125,"PAYTM, POLICYBZR, INDIAMART",16.0
2026-05-07,Food Products,4.5714,"NESTLEIND, MARICO, AWL",25.0
2026-05-07,Gas,11.125,"ATGL, MGL, GUJGASLTD",39.0
2026-05-07,Healthcare Equipment & Supplies,16.41,POLYMED,50.0
2026-05-07,Healthcare Services,12.2154,"SHILPAMED, VIJAYA, SPARC",41.0
2026-05-07,Household Products,11.81,JYOTHYLAB,40.0
2026-05-07,IT - Services,18.5446,"STLTECH, KRN, WEBELSOLAR",54.0
2026-05-07,IT - Software,-7.3405,"OFSS, INTELLECT, SONATSOFTW",0.0
2026-05-07,Industrial Manufacturing,18.7664,"MTARTECH, CEMPRO, TDPOWERSYS",55.0
2026-05-07,Industrial Products,11.2193,"SYRMA, INOXINDIA, PRAJIND",39.0
2026-05-07,Insurance,3.937,"NIACL, STARHEALTH, MFSL",24.0
2026-05-07,Leisure Services,6.5357,"DBREALTY, BLS, DEVYANI",29.0
2026-05-07,Media,9.08,"ZEEL, SUNTV",34.0
2026-05-07,Metals & Minerals Trading,26.16,ADANIENT,70.0
2026-05-07,Non - Ferrous Metals,6.505,"HINDZINC, HINDALCO, HINDCOPPER",29.0
2026-05-07,Oil,5.7825,"REFEX, GMRP&UI, ONGC",28.0
2026-05-07,Other Construction Materials,14.3029,"LLOYDSME, GRAVITA, GMDCLTD",45.0
2026-05-07,Other Utilities,40.3,ADANIENSOL,100.0
2026-05-07,"Paper, Forest & Jute Products",29.74,ABREL,78.0
2026-05-07,Personal Products,2.7371,"HONASA, COLPAL, DABUR",21.0
2026-05-07,Petroleum Products,2.2425,"CHENNPETRO, AEGISVOPAK, RELIANCE",20.0
2026-05-07,Pharmaceuticals & Biotechnology,12.1422,"COHANCE, ONESOURCE, NEULANDLAB",41.0
2026-05-07,Power,19.4795,"ADANIGREEN, ADANIPOWER, PTC",56.0
2026-05-07,Realty,9.9944,"EMBDL, HEMIPROP, LODHA",36.0
2026-05-07,Retailing,5.374,"ABLBL, TRENT, ABFRL",27.0
2026-05-07,Telecom - Equipment & Accessories,25.38,"TEJASNET, ITI",69.0
2026-05-07,Telecom - Services,11.7071,"HFCL, IDEA, TIPSMUSIC",40.0
2026-05-07,Textiles & Apparels,6.1487,"VTL, KPRMILL, PAGEIND",28.0
2026-05-07,Transport Infrastructure,11.66,"ADANIPORTS, TITAGARH, JSWINFRA",40.0
2026-05-07,Transport Services,13.8375,"SCI, COCHINSHIP, GESHIP",44.0
2026-05-08,Aerospace & Defense,15.2617,"DATAPATTNS, GRSE, HAL",48.0
2026-05-08,Agricultural Food & other Products,5.3029,"LTFOODS, BALRAMCHIN, TATACONSUM",26.0
2026-05-08,"Agricultural, Commercial & Construction Vehicles",3.1375,"BEML, ACE, ESCORTS",21.0
2026-05-08,Auto Components,4.3883,"CRAFTSMAN, BHARATFORG, ARE&M",24.0
2026-05-08,Auto Components & Equipments,6.66,SKFINDIA,29.0
2026-05-08,Automobiles,5.475,"ATHERENERG, OLECTRA, OLAELEC",26.0
2026-05-08,Banks,0.8473,"BANDHANBNK, J&KBANK, MAHABANK",16.0
2026-05-08,Beverages,7.8975,"RADICO, VBL, UNITDSPR",31.0
2026-05-08,Capital Markets,12.2157,"NUVAMA, BSE, ANGELONE",41.0
2026-05-08,Cement & Cement Products,-2.593,"GRASIM, NUVOCO, SHREECEM",8.0
2026-05-08,Chemicals & Petrochemicals,12.54,"HSCL, DEEPAKFERT, DEEPAKNTR",42.0
2026-05-08,Cigarettes & Tobacco Products,19.39,GODFRYPHLP,57.0
2026-05-08,Commercial Services & Supplies,2.3367,"IGIL, FSL, MMTC",19.0
2026-05-08,Construction,8.6458,"ENGINERSIN, TECHNOE, KPIL",33.0
2026-05-08,Consumable Fuels,2.46,COALINDIA,19.0
2026-05-08,Consumer Durables,7.7387,"SKYGOLD, DYNAMATECH, LUXIND",31.0
2026-05-08,Diversified,7.7714,"GODREJIND, JMFINANCIL, BAJAJHLDNG",31.0
2026-05-08,Diversified FMCG,10.12,"ABDL, AVANTIFEED, GAEL",36.0
2026-05-08,Diversified Metals,13.5598,"SUNFLAG, NEOGEN, GRWRHITECH",44.0
2026-05-08,Electrical Equipment,22.554,"SCHNEIDER, BHEL, THERMAX",64.0
2026-05-08,Entertainment,10.025,"PVRINOX, SAREGAMA",36.0
2026-05-08,Ferrous Metals,9.6886,"WELCORP, JINDALSAW, SAIL",35.0
2026-05-08,Fertilizers & Agrochemicals,1.2975,"SUMICHEM, FACT, PIIND",17.0
2026-05-08,Finance,6.9131,"PNBHOUSING, IIFLCAPS, HUDCO",29.0
2026-05-08,Financial Technology (Fintech),-1.48,"POLICYBZR, PAYTM, INDIAMART",11.0
2026-05-08,Food Products,4.0114,"NESTLEIND, MARICO, AWL",23.0
2026-05-08,Gas,8.0563,"MGL, ATGL, AEGISLOG",32.0
2026-05-08,Healthcare Equipment & Supplies,9.02,POLYMED,34.0
2026-05-08,Healthcare Services,11.5826,"VIJAYA, YATHARTH, INNOVACAP",39.0
2026-05-08,Household Products,9.97,JYOTHYLAB,36.0
2026-05-08,IT - Services,16.86,"STLTECH, KRN, WEBELSOLAR",51.0
2026-05-08,IT - Software,-6.266,"OFSS, INTELLECT, SONATSOFTW",0.0
2026-05-08,Industrial Manufacturing,15.4854,"MTARTECH, CEMPRO, AZAD",48.0
2026-05-08,Industrial Products,9.9236,"SYRMA, PRAJIND, INOXINDIA",36.0
2026-05-08,Insurance,1.654,"NIACL, STARHEALTH, MFSL",17.0
2026-05-08,Leisure Services,3.5986,"DBREALTY, DEVYANI, EIHOTEL",22.0
2026-05-08,Media,7.405,"ZEEL, SUNTV",30.0
2026-05-08,Metals & Minerals Trading,16.32,ADANIENT,50.0
2026-05-08,Non - Ferrous Metals,5.3075,"HINDZINC, HINDALCO, NATIONALUM",26.0
2026-05-08,Oil,4.45,"REFEX, ONGC, GMRP&UI",24.0
2026-05-08,Other Construction Materials,11.3086,"LLOYDSME, CERA, GMDCLTD",39.0
2026-05-08,Other Utilities,39.02,ADANIENSOL,100.0
2026-05-08,"Paper, Forest & Jute Products",15.53,ABREL,48.0
2026-05-08,Personal Products,3.4229,"HONASA, COLPAL, DABUR",21.0
2026-05-08,Petroleum Products,0.0613,"CHENNPETRO, AEGISVOPAK, RELIANCE",14.0
2026-05-08,Pharmaceuticals & Biotechnology,11.6392,"COHANCE, ONESOURCE, NEULANDLAB",40.0
2026-05-08,Power,15.11,"ADANIPOWER, ADANIGREEN, PTC",47.0
2026-05-08,Realty,7.4022,"EMBDL, HEMIPROP, GANESHHOU",30.0
2026-05-08,Retailing,3.846,"ABLBL, TRENT, NYKAA",22.0
2026-05-08,Telecom - Equipment & Accessories,18.795,"TEJASNET, ITI",55.0
2026-05-08,Telecom - Services,7.6643,"HFCL, TIPSMUSIC, RAILTEL",31.0
2026-05-08,Textiles & Apparels,0.7488,"PAGEIND, VTL, KPRMILL",15.0
2026-05-08,Transport Infrastructure,9.912,"ADANIPORTS, JSWINFRA, TITAGARH",36.0
2026-05-08,Transport Services,13.6888,"SCI, COCHINSHIP, GESHIP",44.0
2026-05-11,Aerospace & Defense,17.28,"DATAPATTNS, GRSE, HAL",58.0
2026-05-11,Agricultural Food & other Products,7.8,"TATACONSUM, BALRAMCHIN, CCL",28.0
2026-05-11,"Agricultural, Commercial & Construction Vehicles",3.105,"BEML, ACE, ESCORTS",14.0
2026-05-11,Auto Components,6.677,"BHARATFORG, CRAFTSMAN, RKFORGE",25.0
2026-05-11,Auto Components & Equipments,5.89,SKFINDIA,22.0
2026-05-11,Automobiles,7.5433,"ATHERENERG, OLECTRA, BAJAJ-AUTO",28.0
2026-05-11,Banks,3.5312,"BANDHANBNK, J&KBANK, MAHABANK",15.0
2026-05-11,Beverages,11.475,"RADICO, VBL, UNITDSPR",40.0
2026-05-11,Capital Markets,13.3293,"BSE, NUVAMA, MCX",46.0
2026-05-11,Cement & Cement Products,0.101,"GRASIM, NUVOCO, SHREECEM",4.0
2026-05-11,Chemicals & Petrochemicals,14.2786,"HSCL, DEEPAKNTR, DEEPAKFERT",49.0
2026-05-11,Cigarettes & Tobacco Products,19.85,GODFRYPHLP,66.0
2026-05-11,Commercial Services & Supplies,4.1183,"MMTC, FSL, IGIL",17.0
2026-05-11,Construction,9.29,"ENGINERSIN, TECHNOE, KPIL",33.0
2026-05-11,Consumable Fuels,7.58,COALINDIA,28.0
2026-05-11,Consumer Durables,7.7183,"SKYGOLD, LUXIND, AMBER",28.0
2026-05-11,Diversified,7.2429,"GODREJIND, DCMSHRIRAM, JMFINANCIL",27.0
2026-05-11,Diversified FMCG,11.8721,"ABDL, MANORAMA, AVANTIFEED",41.0
2026-05-11,Diversified Metals,14.8864,"SUNFLAG, GALLANTT, RATNAMANI",51.0
2026-05-11,Electrical Equipment,22.4148,"SCHNEIDER, BHEL, POWERINDIA",74.0
2026-05-11,Entertainment,9.955,"SAREGAMA, PVRINOX",35.0
2026-05-11,Ferrous Metals,12.1821,"WELCORP, JINDALSAW, MAHSEAMLES",42.0
2026-05-11,Fertilizers & Agrochemicals,2.9013,"SUMICHEM, FACT, PIIND",13.0
2026-05-11,Finance,7.9644,"PNBHOUSING, HUDCO, IIFLCAPS",29.0
2026-05-11,Financial Technology (Fintech),3.6975,"POLICYBZR, PAYTM, INDIAMART",15.0
2026-05-11,Food Products,6.8471,"NESTLEIND, MARICO, AWL",25.0
2026-05-11,Gas,7.345,"ATGL, MGL, GUJGASLTD",27.0
2026-05-11,Healthcare Equipment & Supplies,15.17,POLYMED,52.0
2026-05-11,Healthcare Services,15.7109,"VIJAYA, YATHARTH, SHILPAMED",53.0
2026-05-11,Household Products,4.89,JYOTHYLAB,19.0
2026-05-11,IT - Services,17.8608,"STLTECH, KRN, WEBELSOLAR",60.0
2026-05-11,IT - Software,-1.1785,"OFSS, SONATSOFTW, INTELLECT",0.0
2026-05-11,Industrial Manufacturing,15.9767,"MTARTECH, CEMPRO, LLOYDSENGG",54.0
2026-05-11,Industrial Products,12.4021,"SYRMA, PRAJIND, CARBORUNIV",43.0
2026-05-11,Insurance,5.59,"NIACL, STARHEALTH, MFSL",21.0
2026-05-11,Leisure Services,3.965,"DBREALTY, DEVYANI, EIHOTEL",16.0
2026-05-11,Media,8.29,"ZEEL, SUNTV",30.0
2026-05-11,Metals & Minerals Trading,19.68,ADANIENT,66.0
2026-05-11,Non - Ferrous Metals,7.2625,"HINDZINC, HINDALCO, HINDCOPPER",27.0
2026-05-11,Oil,5.6675,"REFEX, GMRP&UI, ONGC",22.0
2026-05-11,Other Construction Materials,14.1471,"LLOYDSME, CERA, GRAVITA",48.0
2026-05-11,Other Utilities,30.53,ADANIENSOL,100.0
2026-05-11,"Paper, Forest & Jute Products",11.36,ABREL,40.0
2026-05-11,Personal Products,4.7671,"HONASA, COLPAL, DABUR",19.0
2026-05-11,Petroleum Products,1.7312,"CHENNPETRO, AEGISVOPAK, CASTROLIND",9.0
2026-05-11,Pharmaceuticals & Biotechnology,15.2657,"COHANCE, ONESOURCE, SAILIFE",52.0
2026-05-11,Power,15.9281,"ADANIGREEN, ADANIPOWER, NAVA",54.0
2026-05-11,Realty,8.2167,"EMBDL, HEMIPROP, MAXESTATES",30.0
2026-05-11,Retailing,4.772,"MANYAVAR, NYKAA, TRENT",19.0
2026-05-11,Telecom - Equipment & Accessories,12.66,"TEJASNET, ITI",44.0
2026-05-11,Telecom - Services,11.5107,"HFCL, IDEA, TIPSMUSIC",40.0
2026-05-11,Textiles & Apparels,4.88,"VTL, PAGEIND, WELSPUNLIV",19.0
2026-05-11,Transport Infrastructure,11.378,"ADANIPORTS, JSWINFRA, TITAGARH",40.0
2026-05-11,Transport Services,13.6887,"SCI, GESHIP, COCHINSHIP",47.0
2026-05-12,Aerospace & Defense,15.44,"DATAPATTNS, HAL, GRSE",65.0
2026-05-12,Agricultural Food & other Products,7.9586,"BALRAMCHIN, TATACONSUM, CCL",39.0
2026-05-12,"Agricultural, Commercial & Construction Vehicles",-1.1925,"BEML, ACE, ESCORTS",7.0
2026-05-12,Auto Components,4.7348,"CRAFTSMAN, TIINDIA, BHARATFORG",28.0
2026-05-12,Auto Components & Equipments,4.16,SKFINDIA,26.0
2026-05-12,Automobiles,3.9158,"ATHERENERG, OLECTRA, BAJAJ-AUTO",25.0
2026-05-12,Banks,1.6269,"BANDHANBNK, MAHABANK, J&KBANK",17.0
2026-05-12,Beverages,10.9575,"RADICO, VBL, UBL",49.0
2026-05-12,Capital Markets,10.845,"MCX, BSE, NUVAMA",49.0
2026-05-12,Cement & Cement Products,-0.942,"GRASIM, NUVOCO, SHREECEM",8.0
2026-05-12,Chemicals & Petrochemicals,12.5171,"HSCL, DEEPAKNTR, DEEPAKFERT",55.0
2026-05-12,Cigarettes & Tobacco Products,18.23,GODFRYPHLP,75.0
2026-05-12,Commercial Services & Supplies,1.8433,"MMTC, FSL, IGIL",18.0
2026-05-12,Construction,6.8042,"ENGINERSIN, TECHNOE, KPIL",35.0
2026-05-12,Consumable Fuels,11.41,COALINDIA,51.0
2026-05-12,Consumer Durables,4.8417,"SKYGOLD, LUXIND, AMBER",28.0
2026-05-12,Diversified,4.8429,"GODREJIND, DCMSHRIRAM, JMFINANCIL",28.0
2026-05-12,Diversified FMCG,8.6186,"GAEL, ABDL, ZYDUSWELL",41.0
2026-05-12,Diversified Metals,12.2624,"SUNFLAG, SHAILY, RATNAMANI",54.0
2026-05-12,Electrical Equipment,19.664,"SCHNEIDER, BHEL, THERMAX",80.0
2026-05-12,Entertainment,6.56,"PVRINOX, SAREGAMA",34.0
2026-05-12,Ferrous Metals,10.2,"WELCORP, JINDALSAW, MAHSEAMLES",47.0
2026-05-12,Fertilizers & Agrochemicals,1.54,"SUMICHEM, FACT, PIIND",17.0
2026-05-12,Finance,5.7235,"JSFB, PNBHOUSING, HUDCO",31.0
2026-05-12,Financial Technology (Fintech),1.2275,"POLICYBZR, PAYTM, INDIAMART",16.0
2026-05-12,Food Products,5.1429,"NESTLEIND, MARICO, BIKAJI",29.0
2026-05-12,Gas,4.685,"ATGL, GAIL, AEGISLOG",28.0
2026-05-12,Healthcare Equipment & Supplies,16.92,POLYMED,70.0
2026-05-12,Healthcare Services,13.8469,"VIJAYA, INNOVACAP, STAR",60.0
2026-05-12,Household Products,1.69,JYOTHYLAB,17.0
2026-05-12,IT - Services,15.4627,"STLTECH, KRN, WEBELSOLAR",65.0
2026-05-12,IT - Software,-3.246,"OFSS, SONATSOFTW, INTELLECT",0.0
2026-05-12,Industrial Manufacturing,12.4908,"MTARTECH, CEMPRO, LLOYDSENGG",55.0
2026-05-12,Industrial Products,9.855,"PRAJIND, SYRMA, CARBORUNIV",46.0
2026-05-12,Insurance,3.073,"STARHEALTH, NIACL, MFSL",22.0
2026-05-12,Leisure Services,0.9157,"DBREALTY, VENTIVE, EIHOTEL",15.0
2026-05-12,Media,5.0,"ZEEL, SUNTV",29.0
2026-05-12,Metals & Minerals Trading,15.24,ADANIENT,64.0
2026-05-12,Non - Ferrous Metals,9.8875,"HINDZINC, HINDALCO, NATIONALUM",46.0
2026-05-12,Oil,9.4675,"REFEX, ONGC, OIL",44.0
2026-05-12,Other Construction Materials,12.3629,"LLOYDSME, CERA, KAJARIACER",54.0
2026-05-12,Other Utilities,25.45,ADANIENSOL,100.0
2026-05-12,"Paper, Forest & Jute Products",2.81,ABREL,21.0
2026-05-12,Personal Products,4.0814,"HONASA, COLPAL, DABUR",26.0
2026-05-12,Petroleum Products,0.2388,"CHENNPETRO, CASTROLIND, AEGISVOPAK",12.0
2026-05-12,Pharmaceuticals & Biotechnology,14.1816,"COHANCE, ONESOURCE, LAURUSLABS",61.0
2026-05-12,Power,12.5752,"ADANIGREEN, ADANIPOWER, NAVA",55.0
2026-05-12,Realty,5.1233,"EMBDL, HEMIPROP, MAXESTATES",29.0
2026-05-12,Retailing,2.795,"MANYAVAR, DMART, TRENT",21.0
2026-05-12,Telecom - Equipment & Accessories,11.57,"TEJASNET, ITI",52.0
2026-05-12,Telecom - Services,9.2457,"HFCL, IDEA, TIPSMUSIC",44.0
2026-05-12,Textiles & Apparels,3.8462,"VTL, WELSPUNLIV, KPRMILL",25.0
2026-05-12,Transport Infrastructure,7.358,"ADANIPORTS, JSWINFRA, TITAGARH",37.0
2026-05-12,Transport Services,10.635,"SCI, GESHIP, COCHINSHIP",48.0
2026-05-13,Aerospace & Defense,17.1883,"DATAPATTNS, GRSE, HAL",76.0
2026-05-13,Agricultural Food & other Products,9.2243,"BALRAMCHIN, TATACONSUM, CCL",45.0
2026-05-13,"Agricultural, Commercial & Construction Vehicles",1.065,"BEML, ACE, ESCORTS",14.0
2026-05-13,Auto Components,5.767,"TIINDIA, BHARATFORG, CRAFTSMAN",32.0
2026-05-13,Auto Components & Equipments,6.58,SKFINDIA,35.0
2026-05-13,Automobiles,4.6942,"ATHERENERG, OLECTRA, BAJAJ-AUTO",28.0
2026-05-13,Banks,2.23,"BANDHANBNK, J&KBANK, MAHABANK",19.0
2026-05-13,Beverages,10.9225,"RADICO, VBL, UNITDSPR",52.0
2026-05-13,Capital Markets,11.6771,"BSE, MCX, NAM-INDIA",55.0
2026-05-13,Cement & Cement Products,0.502,"GRASIM, NUVOCO, SHREECEM",12.0
2026-05-13,Chemicals & Petrochemicals,14.1129,"HSCL, DEEPAKNTR, DEEPAKFERT",64.0
2026-05-13,Cigarettes & Tobacco Products,19.06,GODFRYPHLP,83.0
2026-05-13,Commercial Services & Supplies,1.25,"MMTC, FSL, IGIL",15.0
2026-05-13,Construction,7.9017,"ENGINERSIN, TECHNOE, KPIL",40.0
2026-05-13,Consumable Fuels,11.42,COALINDIA,54.0
2026-05-13,Consumer Durables,5.4327,"SKYGOLD, V2RETAIL, GANECOS",31.0
2026-05-13,Diversified,4.97,"GODREJIND, JMFINANCIL, DCMSHRIRAM",29.0
2026-05-13,Diversified FMCG,7.9893,"GAEL, ZYDUSWELL, VSTIND",41.0
2026-05-13,Diversified Metals,13.6292,"SUNFLAG, SHAILY, GRWRHITECH",62.0
2026-05-13,Electrical Equipment,20.4572,"BHEL, SCHNEIDER, RRKABEL",88.0
2026-05-13,Entertainment,8.15,"PVRINOX, SAREGAMA",41.0
2026-05-13,Ferrous Metals,13.7029,"WELCORP, SAIL, JINDALSAW",62.0
2026-05-13,Fertilizers & Agrochemicals,2.6662,"SUMICHEM, FACT, PIIND",20.0
2026-05-13,Finance,6.5917,"JSFB, PNBHOUSING, IIFLCAPS",35.0
2026-05-13,Financial Technology (Fintech),2.305,"POLICYBZR, PAYTM, INDIAMART",19.0
2026-05-13,Food Products,6.0971,"NESTLEIND, MARICO, AWL",33.0
2026-05-13,Gas,4.94,"ATGL, GAIL, GUJGASLTD",29.0
2026-05-13,Healthcare Equipment & Supplies,15.81,POLYMED,70.0
2026-05-13,Healthcare Services,14.5423,"VIJAYA, INNOVACAP, KIMS",66.0
2026-05-13,Household Products,1.28,JYOTHYLAB,15.0
2026-05-13,IT - Services,15.8035,"STLTECH, WEBELSOLAR, KRN",70.0
2026-05-13,IT - Software,-2.7175,"OFSS, INTELLECT, SONATSOFTW",0.0
2026-05-13,Industrial Manufacturing,13.06,"MTARTECH, LLOYDSENGG, TDPOWERSYS",60.0
2026-05-13,Industrial Products,10.405,"CARBORUNIV, PRAJIND, SYRMA",50.0
2026-05-13,Insurance,3.001,"STARHEALTH, NIACL, GICRE",22.0
2026-05-13,Leisure Services,2.0807,"DBREALTY, DEVYANI, VENTIVE",18.0
2026-05-13,Media,3.505,"ZEEL, SUNTV",24.0
2026-05-13,Metals & Minerals Trading,18.56,ADANIENT,81.0
2026-05-13,Non - Ferrous Metals,15.185,"HINDZINC, HINDALCO, HINDCOPPER",68.0
2026-05-13,Oil,10.5175,"REFEX, ONGC, OIL",50.0
2026-05-13,Other Construction Materials,13.9671,"LLOYDSME, CERA, NMDC",63.0
2026-05-13,Other Utilities,23.6,ADANIENSOL,100.0
2026-05-13,"Paper, Forest & Jute Products",-0.04,ABREL,10.0
2026-05-13,Personal Products,4.1271,"HONASA, COLPAL, DABUR",26.0
2026-05-13,Petroleum Products,2.7012,"CHENNPETRO, CASTROLIND, HINDPETRO",21.0
2026-05-13,Pharmaceuticals & Biotechnology,13.617,"ONESOURCE, LAURUSLABS, NATCOPHARM",62.0
2026-05-13,Power,12.5281,"ADANIGREEN, ADANIPOWER, NLCINDIA",58.0
2026-05-13,Realty,6.0406,"EMBDL, HEMIPROP, SIGNATURE",33.0
2026-05-13,Retailing,2.756,"MANYAVAR, DMART, TRENT",21.0
2026-05-13,Telecom - Equipment & Accessories,14.085,"TEJASNET, ITI",64.0
2026-05-13,Telecom - Services,11.82,"HFCL, IDEA, TIPSMUSIC",55.0
2026-05-13,Textiles & Apparels,4.165,"VTL, WELSPUNLIV, KPRMILL",26.0
2026-05-13,Transport Infrastructure,9.32,"ADANIPORTS, TITAGARH, JWL",46.0
2026-05-13,Transport Services,12.3438,"SCI, GESHIP, COCHINSHIP",57.0
2026-05-14,Aerospace & Defense,10.9433,"DATAPATTNS, HAL, ZENTEC",55.0
2026-05-14,Agricultural Food & other Products,5.6657,"BALRAMCHIN, TATACONSUM, CCL",39.0
2026-05-14,"Agricultural, Commercial & Construction Vehicles",-3.4375,"BEML, ACE, ESCORTS",11.0
2026-05-14,Auto Components,2.897,"BHARATFORG, CRAFTSMAN, TIINDIA",30.0
2026-05-14,Auto Components & Equipments,3.25,SKFINDIA,31.0
2026-05-14,Automobiles,2.5833,"ATHERENERG, OLECTRA, BAJAJ-AUTO",29.0
2026-05-14,Banks,0.4946,"BANDHANBNK, MAHABANK, J&KBANK",23.0
2026-05-14,Beverages,9.02,"RADICO, VBL, UNITDSPR",49.0
2026-05-14,Capital Markets,8.9471,"MCX, BSE, NAM-INDIA",49.0
2026-05-14,Cement & Cement Products,-1.847,"GRASIM, NUVOCO, JKCEMENT",16.0
2026-05-14,Chemicals & Petrochemicals,11.191,"HSCL, DEEPAKNTR, ALKYLAMINE",55.0
2026-05-14,Cigarettes & Tobacco Products,17.96,GODFRYPHLP,76.0
2026-05-14,Commercial Services & Supplies,-1.2717,"MMTC, IGIL, FSL",18.0
2026-05-14,Construction,4.5933,"ENGINERSIN, KPIL, TECHNOE",35.0
2026-05-14,Consumable Fuels,8.15,COALINDIA,46.0
2026-05-14,Consumer Durables,1.7433,"V2RETAIL, EMIL, CROMPTON",27.0
2026-05-14,Diversified,2.8571,"GODREJIND, JMFINANCIL, BAJAJHLDNG",30.0
2026-05-14,Diversified FMCG,3.1921,"GAEL, ZYDUSWELL, ABDL",31.0
2026-05-14,Diversified Metals,10.392,"SUNFLAG, BALAMINES, SHAILY",53.0
2026-05-14,Electrical Equipment,18.0872,"SCHNEIDER, BHEL, RRKABEL",76.0
2026-05-14,Entertainment,11.635,"SAREGAMA, PVRINOX",57.0
2026-05-14,Ferrous Metals,11.0436,"WELCORP, SAIL, JINDALSAW",55.0
2026-05-14,Fertilizers & Agrochemicals,-0.4337,"SUMICHEM, FACT, PIIND",20.0
2026-05-14,Finance,3.8213,"JSFB, PNBHOUSING, HUDCO",33.0
2026-05-14,Financial Technology (Fintech),0.5275,"POLICYBZR, PAYTM, INDIAMART",23.0
2026-05-14,Food Products,4.7657,"NESTLEIND, MARICO, AWL",36.0
2026-05-14,Gas,2.6025,"ATGL, GAIL, GSPL",29.0
2026-05-14,Healthcare Equipment & Supplies,6.01,POLYMED,40.0
2026-05-14,Healthcare Services,12.3434,"VIJAYA, INNOVACAP, STAR",59.0
2026-05-14,Household Products,-3.09,JYOTHYLAB,12.0
2026-05-14,IT - Services,9.9646,"STLTECH, WEBELSOLAR, KRN",52.0
2026-05-14,IT - Software,-7.1745,"OFSS, MAPMYINDIA, SONATSOFTW",0.0
2026-05-14,Industrial Manufacturing,9.672,"MTARTECH, CEMPRO, LLOYDSENGG",51.0
2026-05-14,Industrial Products,5.0864,"CARBORUNIV, SYRMA, PRAJIND",37.0
2026-05-14,Insurance,0.518,"STARHEALTH, NIACL, ICICIGI",23.0
2026-05-14,Leisure Services,-1.145,"DBREALTY, DEVYANI, VENTIVE",18.0
2026-05-14,Media,-0.43,"ZEEL, SUNTV",20.0
2026-05-14,Metals & Minerals Trading,25.98,ADANIENT,100.0
2026-05-14,Non - Ferrous Metals,12.5675,"HINDZINC, HINDALCO, HINDCOPPER",60.0
2026-05-14,Oil,13.7175,"REFEX, OIL, ONGC",63.0
2026-05-14,Other Construction Materials,10.5971,"LLOYDSME, NMDC, CERA",54.0
2026-05-14,Other Utilities,21.18,ADANIENSOL,86.0
2026-05-14,"Paper, Forest & Jute Products",-5.13,ABREL,6.0
2026-05-14,Personal Products,1.8314,"HONASA, COLPAL, DABUR",27.0
2026-05-14,Petroleum Products,-1.4475,"CHENNPETRO, CASTROLIND, RELIANCE",17.0
2026-05-14,Pharmaceuticals & Biotechnology,13.2054,"ONESOURCE, COHANCE, LAURUSLABS",61.0
2026-05-14,Power,10.7114,"NLCINDIA, ADANIGREEN, ADANIPOWER",54.0
2026-05-14,Realty,3.525,"EMBDL, HEMIPROP, MAXESTATES",32.0
2026-05-14,Retailing,0.294,"DMART, NYKAA, TRENT",23.0
2026-05-14,Telecom - Equipment & Accessories,8.84,"TEJASNET, ITI",48.0
2026-05-14,Telecom - Services,8.8429,"HFCL, IDEA, TIPSMUSIC",48.0
2026-05-14,Textiles & Apparels,0.7075,"VTL, WELSPUNLIV, PAGEIND",24.0
2026-05-14,Transport Infrastructure,6.492,"ADANIPORTS, TITAGARH, JSWINFRA",41.0
2026-05-14,Transport Services,7.87,"SCI, COCHINSHIP, GESHIP",45.0
2026-05-15,Aerospace & Defense,9.1117,"DATAPATTNS, ZENTEC, GRSE",47.0
2026-05-15,Agricultural Food & other Products,5.4657,"BALRAMCHIN, TATACONSUM, CCL",36.0
2026-05-15,"Agricultural, Commercial & Construction Vehicles",-3.655,"BEML, ACE, ESCORTS",8.0
2026-05-15,Auto Components,3.2191,"CRAFTSMAN, BHARATFORG, TIINDIA",29.0
2026-05-15,Auto Components & Equipments,3.76,SKFINDIA,31.0
2026-05-15,Automobiles,3.1475,"ATHERENERG, OLECTRA, BAJAJ-AUTO",29.0
2026-05-15,Banks,0.9158,"BANDHANBNK, MAHABANK, J&KBANK",22.0
2026-05-15,Beverages,9.3775,"RADICO, VBL, UNITDSPR",48.0
2026-05-15,Capital Markets,8.1893,"MCX, BSE, NAM-INDIA",45.0
2026-05-15,Cement & Cement Products,-1.736,"GRASIM, NUVOCO, SHREECEM",14.0
2026-05-15,Chemicals & Petrochemicals,11.0638,"HSCL, SOLARINDS, DEEPAKFERT",54.0
2026-05-15,Cigarettes & Tobacco Products,16.18,GODFRYPHLP,69.0
2026-05-15,Commercial Services & Supplies,-2.395,"MMTC, IGIL, DOMS",12.0
2026-05-15,Construction,3.4933,"ENGINERSIN, KPIL, TECHNOE",30.0
2026-05-15,Consumable Fuels,11.87,COALINDIA,56.0
2026-05-15,Consumer Durables,1.8986,"ARVIND, V2RETAIL, SKYGOLD",25.0
2026-05-15,Diversified,1.9471,"GODREJIND, BAJAJHLDNG, JMFINANCIL",25.0
2026-05-15,Diversified FMCG,3.5493,"GAEL, ZYDUSWELL, VSTIND",30.0
2026-05-15,Diversified Metals,8.7632,"BALAMINES, SUNFLAG, SHAILY",46.0
2026-05-15,Electrical Equipment,16.7436,"SCHNEIDER, RRKABEL, BHEL",71.0
2026-05-15,Entertainment,15.46,"SAREGAMA, PVRINOX",67.0
2026-05-15,Ferrous Metals,9.6136,"WELCORP, SAIL, JINDALSAW",49.0
2026-05-15,Fertilizers & Agrochemicals,1.5525,"SUMICHEM, FACT, PIIND",24.0
2026-05-15,Finance,3.7052,"JSFB, PNBHOUSING, IIFLCAPS",31.0
2026-05-15,Financial Technology (Fintech),0.3075,"POLICYBZR, PAYTM, INDIAMART",20.0
2026-05-15,Food Products,6.2629,"MARICO, NESTLEIND, AWL",39.0
2026-05-15,Gas,2.7188,"ATGL, GAIL, GSPL",28.0
2026-05-15,Healthcare Equipment & Supplies,4.37,POLYMED,33.0
2026-05-15,Healthcare Services,13.0343,"VIJAYA, SHILPAMED, STAR",60.0
2026-05-15,Household Products,-3.79,JYOTHYLAB,8.0
2026-05-15,IT - Services,7.9562,"STLTECH, WEBELSOLAR, KRN",44.0
2026-05-15,IT - Software,-6.239,"OFSS, MAPMYINDIA, INTELLECT",0.0
2026-05-15,Industrial Manufacturing,8.3116,"MTARTECH, TDPOWERSYS, DIACABS",45.0
2026-05-15,Industrial Products,4.835,"CARBORUNIV, SYRMA, INOXINDIA",34.0
2026-05-15,Insurance,0.758,"STARHEALTH, NIACL, GODIGIT",22.0
2026-05-15,Leisure Services,-1.4621,"DBREALTY, DEVYANI, INDHOTEL",15.0
2026-05-15,Media,-0.72,"ZEEL, SUNTV",17.0
2026-05-15,Metals & Minerals Trading,26.09,ADANIENT,100.0
2026-05-15,Non - Ferrous Metals,7.94,"HINDZINC, HINDALCO, NATIONALUM",44.0
2026-05-15,Oil,14.98,"REFEX, OIL, ONGC",66.0
2026-05-15,Other Construction Materials,9.0543,"LLOYDSME, NMDC, CERA",47.0
2026-05-15,Other Utilities,20.66,ADANIENSOL,83.0
2026-05-15,"Paper, Forest & Jute Products",-5.67,ABREL,2.0
2026-05-15,Personal Products,2.9229,"HONASA, COLPAL, DABUR",28.0
2026-05-15,Petroleum Products,-2.4387,"CHENNPETRO, CASTROLIND, RELIANCE",12.0
2026-05-15,Pharmaceuticals & Biotechnology,13.9222,"ONESOURCE, LAURUSLABS, NATCOPHARM",62.0
2026-05-15,Power,9.1333,"ADANIGREEN, ADANIPOWER, NLCINDIA",48.0
2026-05-15,Realty,2.735,"EMBDL, HEMIPROP, GANESHHOU",28.0
2026-05-15,Retailing,-0.67,"DMART, NYKAA, TRENT",17.0
2026-05-15,Telecom - Equipment & Accessories,9.13,"TEJASNET, ITI",48.0
2026-05-15,Telecom - Services,9.8457,"HFCL, IDEA, NAZARA",50.0
2026-05-15,Textiles & Apparels,3.5587,"VTL, WELSPUNLIV, PAGEIND",30.0
2026-05-15,Transport Infrastructure,5.874,"ADANIPORTS, TITAGARH, GMRAIRPORT",37.0
2026-05-15,Transport Services,7.4625,"SCI, GESHIP, DELHIVERY",42.0
2026-05-18,Aerospace & Defense,7.2709,"DATAPATTNS, ASTRAMICRO, MIDHANI",31.0
2026-05-18,Agricultural Food & other Products,4.2786,"BALRAMCHIN, TATACONSUM, CCL",24.0
2026-05-18,"Agricultural, Commercial & Construction Vehicles",-4.1075,"BEML, ACE, ESCORTS",6.0
2026-05-18,Auto Components,0.9906,"CRAFTSMAN, TIINDIA, BHARATFORG",17.0
2026-05-18,Auto Components & Equipments,0.61,SKFINDIA,16.0
2026-05-18,Automobiles,-0.4638,"ATHERENERG, OLECTRA, BAJAJ-AUTO",14.0
2026-05-18,Banks,-0.2938,"MAHABANK, BANDHANBNK, J&KBANK",15.0
2026-05-18,Beverages,7.53,"RADICO, VBL, UNITDSPR",31.0
2026-05-18,Capital Markets,6.0833,"MCX, BSE, IIFLCAPS",28.0
2026-05-18,Cement & Cement Products,-1.8753,"GRASIM, PRSMJOHNSN, BIRLACORPN",11.0
2026-05-18,Chemicals & Petrochemicals,11.1244,"BALAMINES, GRWRHITECH, SOLARINDS",39.0
2026-05-18,Cigarettes & Tobacco Products,10.2,GODFRYPHLP,37.0
2026-05-18,Commercial Services & Supplies,-3.5962,"TEAMLEASE, CMSINFO, DOMS",8.0
2026-05-18,Construction,2.3752,"CEMPRO, MANINFRA, ENGINERSIN",20.0
2026-05-18,Consumable Fuels,11.58,COALINDIA,40.0
2026-05-18,Consumer Durables,-1.6547,"SKYGOLD, V2RETAIL, CROMPTON",12.0
2026-05-18,Diversified,-0.4163,"GODREJIND, BAJAJHLDNG, 3MINDIA",14.0
2026-05-18,Diversified FMCG,0.5171,"GAEL, ZYDUSWELL, ITC",16.0
2026-05-18,Diversified Metals,3.4529,"SUNFLAG, LLOYDSENT, KSL",23.0
2026-05-18,Electrical Equipment,15.391,"TDPOWERSYS, BHEL, DIACABS",48.0
2026-05-18,Entertainment,7.806,"SAREGAMA, TIPSMUSIC, NAZARA",32.0
2026-05-18,Ferrous Metals,8.9761,"WELCORP, LLOYDSME, SAIL",34.0
2026-05-18,Fertilizers & Agrochemicals,0.5775,"GNFC, DHANUKA, SUMICHEM",16.0
2026-05-18,Finance,1.834,"JSFB, PNBHOUSING, MANAPPURAM",19.0
2026-05-18,Financial Technology (Fintech),-4.275,"POLICYBZR, PAYTM, RTNINDIA",6.0
2026-05-18,Food Products,4.4257,"NESTLEIND, MARICO, AWL",25.0
2026-05-18,Gas,1.3737,"ATGL, AEGISLOG, GAIL",18.0
2026-05-18,Healthcare Equipment & Supplies,4.87,POLYMED,26.0
2026-05-18,Healthcare Services,12.7285,"SHILPAMED, VIJAYA, ASTERDM",42.0
2026-05-18,Household Products,-7.14,JYOTHYLAB,0.0
2026-05-18,IT - Services,-1.9782,"RATEGAIN, NETWEB, INDGN",11.0
2026-05-18,IT - Software,-5.359,"OFSS, COFORGE, INTELLECT",4.0
2026-05-18,Industrial Manufacturing,8.2903,"MTARTECH, LLOYDSENGG, KIRLPNU",33.0
2026-05-18,Industrial Products,3.4877,"SHAILY, CARBORUNIV, KRN",23.0
2026-05-18,Insurance,0.5682,"NIVABUPA, STARHEALTH, NIACL",16.0
2026-05-18,Leisure Services,-1.2911,"EASEMYTRIP, RBA, DEVYANI",12.0
2026-05-18,Media,-6.4333,"ZEEL, NETWORK18, SUNTV",2.0
2026-05-18,Metals & Minerals Trading,10.485,"ADANIENT, MMTC",37.0
2026-05-18,Non - Ferrous Metals,6.184,"HINDZINC, HINDALCO, NATIONALUM",28.0
2026-05-18,Oil,12.23,"OIL, ONGC",41.0
2026-05-18,Other Construction Materials,1.7125,"CERA, CENTURYPLY, KAJARIACER",19.0
2026-05-18,Other Utilities,21.21,ADANIENSOL,60.0
2026-05-18,"Paper, Forest & Jute Products",8.09,JKPAPER,32.0
2026-05-18,Personal Products,1.5888,"HONASA, SANOFICONR, COLPAL",19.0
2026-05-18,Petroleum Products,-4.87,"CASTROLIND, CHENNPETRO, RELIANCE",5.0
2026-05-18,Pharmaceuticals & Biotechnology,12.6018,"ONESOURCE, LAURUSLABS, STAR",42.0
2026-05-18,Power,7.8362,"ADANIGREEN, ADANIPOWER, NLCINDIA",32.0
2026-05-18,Realty,0.4443,"EMBDL, HEMIPROP, GANESHHOU",16.0
2026-05-18,Retailing,-1.4908,"VMART, NYKAA, VMM",12.0
2026-05-18,Telecom - Equipment & Accessories,39.88,"STLTECH, HFCL, TEJASNET",100.0
2026-05-18,Telecom - Services,6.7914,"IDEA, TATACOMM, BHARTIARTL",30.0
2026-05-18,Textiles & Apparels,2.5731,"ARVIND, VTL, GANECOS",21.0
2026-05-18,Transport Infrastructure,3.4357,"ADANIPORTS, JSWINFRA, TEXRAIL",22.0
2026-05-18,Transport Services,3.9982,"GESHIP, SCI, DELHIVERY",24.0
2026-05-19,Aerospace & Defense,8.3273,"DATAPATTNS, ASTRAMICRO, DYNAMATECH",34.0
2026-05-19,Agricultural Food & other Products,4.7529,"BALRAMCHIN, TATACONSUM, CCL",26.0
2026-05-19,"Agricultural, Commercial & Construction Vehicles",-2.725,"BEML, ACE, ESCORTS",10.0
2026-05-19,Auto Components,2.2133,"CRAFTSMAN, GABRIEL, TIINDIA",21.0
2026-05-19,Auto Components & Equipments,0.31,SKFINDIA,17.0
2026-05-19,Automobiles,0.5054,"ATHERENERG, OLECTRA, OLAELEC",17.0
2026-05-19,Banks,1.1452,"J&KBANK, KTKBANK, MAHABANK",18.0
2026-05-19,Beverages,7.7325,"RADICO, VBL, UNITDSPR",33.0
2026-05-19,Capital Markets,8.3494,"MCX, BSE, ANGELONE",34.0
2026-05-19,Cement & Cement Products,-1.0847,"GRASIM, PRSMJOHNSN, NUVOCO",14.0
2026-05-19,Chemicals & Petrochemicals,12.8682,"BALAMINES, GRWRHITECH, ACUTAAS",44.0
2026-05-19,Cigarettes & Tobacco Products,13.78,GODFRYPHLP,46.0
2026-05-19,Commercial Services & Supplies,0.7762,"TEAMLEASE, FSL, CMSINFO",18.0
2026-05-19,Construction,3.6004,"CEMPRO, ENGINERSIN, MANINFRA",24.0
2026-05-19,Consumable Fuels,10.78,COALINDIA,39.0
2026-05-19,Consumer Durables,-0.1395,"SKYGOLD, V2RETAIL, LUXIND",16.0
2026-05-19,Diversified,0.4825,"GODREJIND, BAJAJHLDNG, 3MINDIA",17.0
2026-05-19,Diversified FMCG,1.585,"GAEL, ZYDUSWELL, VSTIND",19.0
2026-05-19,Diversified Metals,4.7386,"SUNFLAG, LLOYDSENT, KSL",26.0
2026-05-19,Electrical Equipment,15.6459,"BHEL, TDPOWERSYS, SCHNEIDER",50.0
2026-05-19,Entertainment,9.894,"SAREGAMA, TIPSMUSIC, NAZARA",37.0
2026-05-19,Ferrous Metals,9.6444,"WELCORP, SAIL, LLOYDSME",37.0
2026-05-19,Fertilizers & Agrochemicals,3.9363,"GNFC, DHANUKA, SUMICHEM",24.0
2026-05-19,Finance,2.7267,"PNBHOUSING, JSFB, MANAPPURAM",22.0
2026-05-19,Financial Technology (Fintech),-1.88,"POLICYBZR, PAYTM, RTNINDIA",12.0
2026-05-19,Food Products,6.4571,"NESTLEIND, MARICO, AWL",30.0
2026-05-19,Gas,2.8425,"ATGL, GSPL, AEGISLOG",22.0
2026-05-19,Healthcare Equipment & Supplies,7.89,POLYMED,33.0
2026-05-19,Healthcare Services,14.8275,"SHILPAMED, VIJAYA, LALPATHLAB",48.0
2026-05-19,Household Products,-7.3,JYOTHYLAB,0.0
2026-05-19,IT - Services,1.9645,"RATEGAIN, TATATECH, TANLA",20.0
2026-05-19,IT - Software,0.2415,"OFSS, COFORGE, INTELLECT",16.0
2026-05-19,Industrial Manufacturing,10.1073,"MTARTECH, KIRLPNU, AVALON",38.0
2026-05-19,Industrial Products,4.2327,"SHAILY, CARBORUNIV, PRAJIND",25.0
2026-05-19,Insurance,2.2664,"STARHEALTH, NIACL, NIVABUPA",21.0
2026-05-19,Leisure Services,0.6437,"EASEMYTRIP, RBA, DEVYANI",17.0
2026-05-19,Media,-4.5167,"ZEEL, NETWORK18, SUNTV",6.0
2026-05-19,Metals & Minerals Trading,15.205,"ADANIENT, MMTC",49.0
2026-05-19,Non - Ferrous Metals,6.36,"HINDZINC, HINDALCO, NATIONALUM",30.0
2026-05-19,Oil,11.32,"OIL, ONGC",41.0
2026-05-19,Other Construction Materials,3.1,"CERA, CENTURYPLY, KAJARIACER",23.0
2026-05-19,Other Utilities,19.57,ADANIENSOL,58.0
2026-05-19,"Paper, Forest & Jute Products",11.05,JKPAPER,40.0
2026-05-19,Personal Products,3.1025,"HONASA, SANOFICONR, COLPAL",23.0
2026-05-19,Petroleum Products,-2.8911,"CHENNPETRO, CASTROLIND, AEGISVOPAK",10.0
2026-05-19,Pharmaceuticals & Biotechnology,15.059,"ONESOURCE, SPARC, ADVENZYMES",49.0
2026-05-19,Power,9.7608,"WEBELSOLAR, NLCINDIA, ADANIGREEN",37.0
2026-05-19,Realty,3.2024,"EMBDL, HEMIPROP, GANESHHOU",23.0
2026-05-19,Retailing,-0.1362,"VMART, VMM, NYKAA",16.0
2026-05-19,Telecom - Equipment & Accessories,38.654,"STLTECH, HFCL, TEJASNET",100.0
2026-05-19,Telecom - Services,8.9757,"IDEA, TATACOMM, BHARTIHEXA",35.0
2026-05-19,Textiles & Apparels,4.8,"ARVIND, VTL, GANECOS",26.0
2026-05-19,Transport Infrastructure,4.2357,"ADANIPORTS, TEXRAIL, JSWINFRA",25.0
2026-05-19,Transport Services,4.3609,"GESHIP, SCI, DELHIVERY",25.0
2026-05-20,Aerospace & Defense,8.5418,"DATAPATTNS, ASTRAMICRO, MIDHANI",37.0
2026-05-20,Agricultural Food & other Products,3.4343,"BALRAMCHIN, TATACONSUM, CCL",27.0
2026-05-20,"Agricultural, Commercial & Construction Vehicles",-2.385,"BEML, ACE, ESCORTS",14.0
2026-05-20,Auto Components,2.0267,"TIINDIA, CRAFTSMAN, GABRIEL",24.0
2026-05-20,Auto Components & Equipments,1.06,SKFINDIA,22.0
2026-05-20,Automobiles,1.1123,"ATHERENERG, OLAELEC, OLECTRA",22.0
2026-05-20,Banks,1.1693,"KTKBANK, J&KBANK, BANDHANBNK",22.0
2026-05-20,Beverages,6.9825,"RADICO, VBL, UNITDSPR",34.0
2026-05-20,Capital Markets,9.0494,"MCX, BSE, NAM-INDIA",38.0
2026-05-20,Cement & Cement Products,-2.0693,"GRASIM, NUVOCO, BIRLACORPN",15.0
2026-05-20,Chemicals & Petrochemicals,13.3031,"BALAMINES, GRWRHITECH, SOLARINDS",47.0
2026-05-20,Cigarettes & Tobacco Products,13.01,GODFRYPHLP,46.0
2026-05-20,Commercial Services & Supplies,2.8087,"TEAMLEASE, FSL, IGIL",25.0
2026-05-20,Construction,2.7409,"CEMPRO, MANINFRA, ENGINERSIN",25.0
2026-05-20,Consumable Fuels,11.81,COALINDIA,44.0
2026-05-20,Consumer Durables,-0.2182,"SKYGOLD, V2RETAIL, LUXIND",19.0
2026-05-20,Diversified,0.97,"GODREJIND, BAJAJHLDNG, JMFINANCIL",21.0
2026-05-20,Diversified FMCG,0.8643,"ZYDUSWELL, GAEL, VSTIND",21.0
2026-05-20,Diversified Metals,4.5471,"SUNFLAG, LLOYDSENT, RAIN",29.0
2026-05-20,Electrical Equipment,17.4414,"SCHNEIDER, BHEL, POWERINDIA",56.0
2026-05-20,Entertainment,9.296,"SAREGAMA, TIPSMUSIC, NAZARA",39.0
2026-05-20,Ferrous Metals,10.2561,"WELCORP, SAIL, LLOYDSME",41.0
2026-05-20,Fertilizers & Agrochemicals,2.035,"GNFC, DHANUKA, SUMICHEM",24.0
2026-05-20,Finance,2.5253,"PNBHOUSING, MANAPPURAM, JSFB",25.0
2026-05-20,Financial Technology (Fintech),-0.7067,"POLICYBZR, PAYTM, RTNINDIA",18.0
2026-05-20,Food Products,4.8871,"MARICO, NESTLEIND, BIKAJI",30.0
2026-05-20,Gas,2.15,"ATGL, GSPL, AEGISLOG",24.0
2026-05-20,Healthcare Equipment & Supplies,8.38,POLYMED,37.0
2026-05-20,Healthcare Services,15.005,"SHILPAMED, VIJAYA, THYROCARE",51.0
2026-05-20,Household Products,-9.38,JYOTHYLAB,0.0
2026-05-20,IT - Services,2.5427,"RATEGAIN, TATATECH, NETWEB",25.0
2026-05-20,IT - Software,0.3805,"OFSS, COFORGE, HEXT",20.0
2026-05-20,Industrial Manufacturing,10.577,"MTARTECH, AVALON, KIRLPNU",41.0
2026-05-20,Industrial Products,4.5141,"SHAILY, CARBORUNIV, PRAJIND",29.0
2026-05-20,Insurance,2.0973,"STARHEALTH, NIVABUPA, NIACL",24.0
2026-05-20,Leisure Services,-0.1216,"EASEMYTRIP, RBA, CHALET",19.0
2026-05-20,Media,-6.6633,"ZEEL, NETWORK18, SUNTV",6.0
2026-05-20,Metals & Minerals Trading,15.18,"ADANIENT, MMTC",51.0
2026-05-20,Non - Ferrous Metals,8.064,"HINDALCO, HINDZINC, NATIONALUM",36.0
2026-05-20,Oil,13.45,"OIL, ONGC",47.0
2026-05-20,Other Construction Materials,2.7175,"CERA, CENTURYPLY, KAJARIACER",25.0
2026-05-20,Other Utilities,20.97,ADANIENSOL,63.0
2026-05-20,"Paper, Forest & Jute Products",10.47,JKPAPER,41.0
2026-05-20,Personal Products,2.21,"HONASA, SANOFICONR, COLPAL",24.0
2026-05-20,Petroleum Products,-1.7622,"CHENNPETRO, CASTROLIND, RELIANCE",16.0
2026-05-20,Pharmaceuticals & Biotechnology,15.9358,"ONESOURCE, SPARC, ADVENZYMES",52.0
2026-05-20,Power,9.9083,"WEBELSOLAR, ADANIPOWER, ADANIGREEN",40.0
2026-05-20,Realty,2.5424,"EMBDL, HEMIPROP, GANESHHOU",25.0
2026-05-20,Retailing,-1.5,"NYKAA, VMM, VMART",16.0
2026-05-20,Telecom - Equipment & Accessories,38.894,"STLTECH, HFCL, TEJASNET",100.0
2026-05-20,Telecom - Services,9.8586,"IDEA, TATACOMM, BHARTIHEXA",40.0
2026-05-20,Textiles & Apparels,2.6277,"ARVIND, VTL, GANECOS",25.0
2026-05-20,Transport Infrastructure,4.0629,"ADANIPORTS, TEXRAIL, TITAGARH",28.0
2026-05-20,Transport Services,3.9055,"GESHIP, SCI, DELHIVERY",28.0
2026-05-21,Aerospace & Defense,9.5536,"DATAPATTNS, ASTRAMICRO, PARAS",41.0
2026-05-21,Agricultural Food & other Products,2.8557,"BALRAMCHIN, CCL, TATACONSUM",28.0
2026-05-21,"Agricultural, Commercial & Construction Vehicles",-3.535,"BEML, ACE, ESCORTS",16.0
2026-05-21,Auto Components,3.3094,"SANSERA, CRAFTSMAN, GABRIEL",29.0
2026-05-21,Auto Components & Equipments,3.49,SKFINDIA,29.0
2026-05-21,Automobiles,1.9038,"BAJAJ-AUTO, ATHERENERG, OLECTRA",26.0
2026-05-21,Banks,0.8948,"J&KBANK, KTKBANK, BANDHANBNK",24.0
2026-05-21,Beverages,6.0225,"RADICO, VBL, UNITDSPR",34.0
2026-05-21,Capital Markets,9.2022,"BSE, MCX, ANGELONE",40.0
2026-05-21,Cement & Cement Products,-0.65,"GRASIM, NUVOCO, BIRLACORPN",21.0
2026-05-21,Chemicals & Petrochemicals,13.9128,"BALAMINES, ACUTAAS, GRWRHITECH",50.0
2026-05-21,Cigarettes & Tobacco Products,13.46,GODFRYPHLP,49.0
2026-05-21,Commercial Services & Supplies,4.5162,"IGIL, FSL, TEAMLEASE",31.0
2026-05-21,Construction,4.0639,"CEMPRO, TECHNOE, MANINFRA",30.0
2026-05-21,Consumable Fuels,10.83,COALINDIA,44.0
2026-05-21,Consumer Durables,0.542,"SKYGOLD, V2RETAIL, CROMPTON",24.0
2026-05-21,Diversified,1.2875,"GODREJIND, 3MINDIA, BAJAJHLDNG",25.0
2026-05-21,Diversified FMCG,1.1857,"GAEL, ZYDUSWELL, VSTIND",25.0
2026-05-21,Diversified Metals,4.5707,"SUNFLAG, LLOYDSENT, RAIN",31.0
2026-05-21,Electrical Equipment,17.5007,"POWERINDIA, SCHNEIDER, BHEL",57.0
2026-05-21,Entertainment,9.052,"SAREGAMA, TIPSMUSIC, NAZARA",40.0
2026-05-21,Ferrous Metals,10.0067,"WELCORP, LLOYDSME, SAIL",42.0
2026-05-21,Fertilizers & Agrochemicals,1.66,"SUMICHEM, DHANUKA, GNFC",26.0
2026-05-21,Finance,2.1174,"PNBHOUSING, AIIL, MANAPPURAM",27.0
2026-05-21,Financial Technology (Fintech),-0.695,"POLICYBZR, PAYTM, RTNINDIA",21.0
2026-05-21,Food Products,3.3571,"MARICO, NESTLEIND, BIKAJI",29.0
2026-05-21,Gas,2.5938,"ATGL, AEGISLOG, GSPL",28.0
2026-05-21,Healthcare Equipment & Supplies,15.25,POLYMED,52.0
2026-05-21,Healthcare Services,15.587,"SHILPAMED, VIJAYA, YATHARTH",53.0
2026-05-21,Household Products,-11.5,JYOTHYLAB,0.0
2026-05-21,IT - Services,3.1486,"RATEGAIN, DATAMATICS, TATATECH",29.0
2026-05-21,IT - Software,1.374,"OFSS, COFORGE, INTELLECT",25.0
2026-05-21,Industrial Manufacturing,10.6967,"MTARTECH, AVALON, KIRLPNU",43.0
2026-05-21,Industrial Products,5.9977,"SHAILY, CARBORUNIV, KRN",34.0
2026-05-21,Insurance,2.8936,"STARHEALTH, NIVABUPA, NIACL",28.0
2026-05-21,Leisure Services,-0.6711,"RBA, EASEMYTRIP, AWFIS",21.0
2026-05-21,Media,-6.4433,"ZEEL, NETWORK18, SUNTV",10.0
2026-05-21,Metals & Minerals Trading,13.1,"ADANIENT, MMTC",48.0
2026-05-21,Non - Ferrous Metals,8.138,"HINDALCO, HINDZINC, NATIONALUM",38.0
2026-05-21,Oil,11.74,"OIL, ONGC",45.0
2026-05-21,Other Construction Materials,2.635,"CERA, KAJARIACER, CENTURYPLY",28.0
2026-05-21,Other Utilities,22.3,ADANIENSOL,66.0
2026-05-21,"Paper, Forest & Jute Products",13.38,JKPAPER,49.0
2026-05-21,Personal Products,0.7012,"HONASA, SANOFICONR, COLPAL",24.0
2026-05-21,Petroleum Products,-1.1633,"CHENNPETRO, AEGISVOPAK, CASTROLIND",20.0
2026-05-21,Pharmaceuticals & Biotechnology,15.76,"ONESOURCE, GLAND, SPARC",53.0
2026-05-21,Power,8.1717,"WEBELSOLAR, NLCINDIA, ADANIPOWER",38.0
2026-05-21,Realty,2.7357,"EMBDL, HEMIPROP, GANESHHOU",28.0
2026-05-21,Retailing,0.5638,"NYKAA, VMM, VMART",24.0
2026-05-21,Telecom - Equipment & Accessories,39.644,"STLTECH, HFCL, TEJASNET",100.0
2026-05-21,Telecom - Services,10.51,"IDEA, TATACOMM, INDUSTOWER",43.0
2026-05-21,Textiles & Apparels,4.0292,"ARVIND, VTL, GANECOS",30.0
2026-05-21,Transport Infrastructure,4.66,"ADANIPORTS, TITAGARH, JSWINFRA",32.0
2026-05-21,Transport Services,4.9482,"GESHIP, SCI, DELHIVERY",32.0
2026-05-22,Aerospace & Defense,8.9655,"DATAPATTNS, ASTRAMICRO, PARAS",40.0
2026-05-22,Agricultural Food & other Products,1.0271,"BALRAMCHIN, TATACONSUM, CCL",26.0
2026-05-22,"Agricultural, Commercial & Construction Vehicles",-2.2575,"BEML, ACE, ESCORTS",20.0
2026-05-22,Auto Components,3.5942,"SANSERA, GABRIEL, CRAFTSMAN",30.0
2026-05-22,Auto Components & Equipments,3.18,SKFINDIA,30.0
2026-05-22,Automobiles,2.3085,"OLAELEC, BAJAJ-AUTO, ATHERENERG",28.0
2026-05-22,Banks,1.009,"J&KBANK, KTKBANK, BANDHANBNK",26.0
2026-05-22,Beverages,6.67,"RADICO, VBL, UNITDSPR",36.0
2026-05-22,Capital Markets,8.7061,"BSE, MCX, ANGELONE",40.0
2026-05-22,Cement & Cement Products,-0.5,"GRASIM, BIRLACORPN, NUVOCO",23.0
2026-05-22,Chemicals & Petrochemicals,12.3262,"BALAMINES, ACUTAAS, DEEPAKFERT",46.0
2026-05-22,Cigarettes & Tobacco Products,12.52,GODFRYPHLP,46.0
2026-05-22,Commercial Services & Supplies,5.3012,"FSL, IGIL, TEAMLEASE",34.0
2026-05-22,Construction,3.1961,"CEMPRO, TECHNOE, CEIGALL",30.0
2026-05-22,Consumable Fuels,8.8,COALINDIA,40.0
2026-05-22,Consumer Durables,0.7527,"SKYGOLD, EMIL, V2RETAIL",25.0
2026-05-22,Diversified,1.1013,"GODREJIND, 3MINDIA, BAJAJHLDNG",26.0
2026-05-22,Diversified FMCG,0.9836,"GAEL, ZYDUSWELL, VSTIND",26.0
2026-05-22,Diversified Metals,6.7271,"SUNFLAG, JSWCEMENT, RAIN",36.0
2026-05-22,Electrical Equipment,16.4859,"BHEL, RRKABEL, TRITURBINE",54.0
2026-05-22,Entertainment,7.728,"SAREGAMA, TIPSMUSIC, NAZARA",38.0
2026-05-22,Ferrous Metals,10.2861,"WELCORP, LLOYDSME, SAIL",42.0
2026-05-22,Fertilizers & Agrochemicals,1.2581,"DHANUKA, SUMICHEM, GNFC",26.0
2026-05-22,Finance,2.4047,"PNBHOUSING, SAMMAANCAP, MANAPPURAM",28.0
2026-05-22,Financial Technology (Fintech),-1.3483,"POLICYBZR, RTNINDIA, PAYTM",22.0
2026-05-22,Food Products,2.4543,"MARICO, NESTLEIND, BIKAJI",28.0
2026-05-22,Gas,3.225,"ATGL, AEGISLOG, GSPL",30.0
2026-05-22,Healthcare Equipment & Supplies,17.1,POLYMED,55.0
2026-05-22,Healthcare Services,14.145,"SHILPAMED, YATHARTH, VIJAYA",49.0
2026-05-22,Household Products,-13.48,JYOTHYLAB,0.0
2026-05-22,IT - Services,3.2105,"RATEGAIN, TATATECH, NETWEB",30.0
2026-05-22,IT - Software,0.599,"OFSS, COFORGE, HEXT",25.0
2026-05-22,Industrial Manufacturing,10.3906,"MTARTECH, AVALON, KIRLPNU",43.0
2026-05-22,Industrial Products,5.4527,"SHAILY, CARBORUNIV, KRN",34.0
2026-05-22,Insurance,3.5327,"NIVABUPA, STARHEALTH, NIACL",30.0
2026-05-22,Leisure Services,-0.5847,"RBA, AWFIS, INDHOTEL",23.0
2026-05-22,Media,-9.3433,"ZEEL, NETWORK18, SUNTV",7.0
2026-05-22,Metals & Minerals Trading,12.525,"ADANIENT, MMTC",46.0
2026-05-22,Non - Ferrous Metals,9.846,"HINDALCO, HINDZINC, NATIONALUM",42.0
2026-05-22,Oil,9.405,"OIL, ONGC",41.0
2026-05-22,Other Construction Materials,3.34,"CERA, CENTURYPLY, KAJARIACER",30.0
2026-05-22,Other Utilities,19.39,ADANIENSOL,59.0
2026-05-22,"Paper, Forest & Jute Products",8.66,JKPAPER,40.0
2026-05-22,Personal Products,1.275,"HONASA, SANOFICONR, COLPAL",26.0
2026-05-22,Petroleum Products,-1.1333,"CHENNPETRO, AEGISVOPAK, CASTROLIND",22.0
2026-05-22,Pharmaceuticals & Biotechnology,14.0476,"SPARC, GLAND, LAURUSLABS",49.0
2026-05-22,Power,7.1758,"WEBELSOLAR, ADANIPOWER, NLCINDIA",37.0
2026-05-22,Realty,2.1757,"EMBDL, HEMIPROP, MAXESTATES",28.0
2026-05-22,Retailing,1.0262,"NYKAA, TRENT, VMART",26.0
2026-05-22,Telecom - Equipment & Accessories,42.516,"STLTECH, HFCL, TEJASNET",100.0
2026-05-22,Telecom - Services,9.9171,"IDEA, TATACOMM, INDUSTOWER",42.0
2026-05-22,Textiles & Apparels,2.8885,"ARVIND, VTL, PAGEIND",29.0
2026-05-22,Transport Infrastructure,4.2843,"ADANIPORTS, JSWINFRA, TITAGARH",32.0
2026-05-22,Transport Services,4.5027,"GESHIP, SCI, TVSSCS",32.0
2026-05-25,Aerospace & Defense,9.3609,"ASTRAMICRO, PARAS, DATAPATTNS",39.0
2026-05-25,Agricultural Food & other Products,0.4343,"BALRAMCHIN, TATACONSUM, CCL",25.0
2026-05-25,"Agricultural, Commercial & Construction Vehicles",-1.9625,"BEML, ACE, ASHOKLEY",21.0
2026-05-25,Auto Components,4.53,"SANSERA, ENDURANCE, GABRIEL",31.0
2026-05-25,Auto Components & Equipments,1.35,SKFINDIA,26.0
2026-05-25,Automobiles,4.1346,"OLAELEC, ATHERENERG, OLECTRA",31.0
2026-05-25,Banks,0.9886,"J&KBANK, KTKBANK, BANDHANBNK",26.0
2026-05-25,Beverages,4.4025,"RADICO, VBL, UNITDSPR",31.0
2026-05-25,Capital Markets,8.9706,"BSE, MCX, ANGELONE",38.0
2026-05-25,Cement & Cement Products,-0.8673,"GRASIM, BIRLACORPN, NUVOCO",23.0
2026-05-25,Chemicals & Petrochemicals,12.4323,"BALAMINES, GRWRHITECH, ACUTAAS",44.0
2026-05-25,Cigarettes & Tobacco Products,5.32,GODFRYPHLP,32.0
2026-05-25,Commercial Services & Supplies,6.45,"FSL, IGIL, TEAMLEASE",34.0
2026-05-25,Construction,4.0639,"CEMPRO, TECHNOE, EIEL",30.0
2026-05-25,Consumable Fuels,6.72,COALINDIA,35.0
2026-05-25,Consumer Durables,1.0053,"SKYGOLD, V2RETAIL, SFL",26.0
2026-05-25,Diversified,1.0825,"GODREJIND, BAJAJHLDNG, 3MINDIA",26.0
2026-05-25,Diversified FMCG,1.0579,"GAEL, ZYDUSWELL, VSTIND",26.0
2026-05-25,Diversified Metals,7.8229,"SUNFLAG, RAIN, LLOYDSENT",36.0
2026-05-25,Electrical Equipment,14.8572,"BHEL, RRKABEL, TRITURBINE",48.0
2026-05-25,Entertainment,5.398,"SAREGAMA, NAZARA, TIPSMUSIC",33.0
2026-05-25,Ferrous Metals,9.4489,"WELCORP, LLOYDSME, SAIL",39.0
2026-05-25,Fertilizers & Agrochemicals,1.8719,"SUMICHEM, GNFC, DHANUKA",27.0
2026-05-25,Finance,2.2828,"SAMMAANCAP, PNBHOUSING, JSFB",28.0
2026-05-25,Financial Technology (Fintech),-1.99,"POLICYBZR, RTNINDIA, PAYTM",21.0
2026-05-25,Food Products,0.2657,"MARICO, NESTLEIND, AWL",24.0
2026-05-25,Gas,3.9757,"ATGL, AEGISLOG, GAIL",30.0
2026-05-25,Healthcare Equipment & Supplies,15.44,POLYMED,49.0
2026-05-25,Healthcare Services,13.3295,"SHILPAMED, THYROCARE, VIJAYA",45.0
2026-05-25,Household Products,-15.12,JYOTHYLAB,0.0
2026-05-25,IT - Services,3.8473,"RATEGAIN, TATATECH, TANLA",30.0
2026-05-25,IT - Software,1.569,"OFSS, COFORGE, INTELLECT",27.0
2026-05-25,Industrial Manufacturing,10.4152,"MTARTECH, AVALON, LLOYDSENGG",41.0
2026-05-25,Industrial Products,4.6614,"SHAILY, CARBORUNIV, ELECON",31.0
2026-05-25,Insurance,3.5236,"NIVABUPA, STARHEALTH, NIACL",30.0
2026-05-25,Leisure Services,0.4558,"AWFIS, RBA, SAMHI",25.0
2026-05-25,Media,-8.7567,"ZEEL, NETWORK18, SUNTV",10.0
2026-05-25,Metals & Minerals Trading,15.5,"ADANIENT, MMTC",49.0
2026-05-25,Non - Ferrous Metals,8.046,"HINDALCO, HINDZINC, GRAVITA",37.0
2026-05-25,Oil,5.625,"OIL, ONGC",33.0
2026-05-25,Other Construction Materials,2.7925,"CERA, CENTURYPLY, KAJARIACER",28.0
2026-05-25,Other Utilities,19.44,ADANIENSOL,55.0
2026-05-25,"Paper, Forest & Jute Products",11.23,JKPAPER,42.0
2026-05-25,Personal Products,-0.285,"HONASA, SANOFICONR, COLPAL",24.0
2026-05-25,Petroleum Products,-0.3967,"CHENNPETRO, AEGISVOPAK, HINDPETRO",23.0
2026-05-25,Pharmaceuticals & Biotechnology,14.2196,"SPARC, GLAND, COHANCE",47.0
2026-05-25,Power,7.0667,"ADANIPOWER, WEBELSOLAR, ADANIGREEN",35.0
2026-05-25,Realty,2.8086,"EMBDL, HEMIPROP, DBREALTY",28.0
2026-05-25,Retailing,0.8162,"VMART, ABFRL, TRENT",25.0
2026-05-25,Telecom - Equipment & Accessories,47.818,"STLTECH, HFCL, TEJASNET",100.0
2026-05-25,Telecom - Services,10.12,"IDEA, TATACOMM, RAILTEL",40.0
2026-05-25,Textiles & Apparels,2.7338,"ARVIND, VTL, PAGEIND",28.0
2026-05-25,Transport Infrastructure,7.37,"ADANIPORTS, TITAGARH, TEXRAIL",36.0
2026-05-25,Transport Services,3.3336,"GESHIP, SCI, DELHIVERY",29.0
2026-05-26,Aerospace & Defense,10.8745,"ASTRAMICRO, DATAPATTNS, PARAS",40.0
2026-05-26,Agricultural Food & other Products,0.8243,"BALRAMCHIN, TATACONSUM, CCL",25.0
2026-05-26,"Agricultural, Commercial & Construction Vehicles",-1.6675,"BEML, ACE, ASHOKLEY",21.0
2026-05-26,Auto Components,4.6127,"SANSERA, ENDURANCE, CRAFTSMAN",30.0
2026-05-26,Auto Components & Equipments,2.29,SKFINDIA,27.0
2026-05-26,Automobiles,4.8923,"OLAELEC, ATHERENERG, BAJAJ-AUTO",31.0
2026-05-26,Banks,0.8252,"J&KBANK, KTKBANK, BANDHANBNK",25.0
2026-05-26,Beverages,4.41,"RADICO, VBL, UNITDSPR",30.0
2026-05-26,Capital Markets,9.0417,"BSE, MCX, ANGELONE",37.0
2026-05-26,Cement & Cement Products,-0.9173,"GRASIM, NUVOCO, BIRLACORPN",22.0
2026-05-26,Chemicals & Petrochemicals,12.3074,"BALAMINES, GRWRHITECH, ACUTAAS",42.0
2026-05-26,Cigarettes & Tobacco Products,3.41,GODFRYPHLP,29.0
2026-05-26,Commercial Services & Supplies,6.0725,"FSL, IGIL, TEAMLEASE",33.0
2026-05-26,Construction,3.8561,"CEMPRO, CEIGALL, EIEL",29.0
2026-05-26,Consumable Fuels,7.48,COALINDIA,35.0
2026-05-26,Consumer Durables,1.084,"SKYGOLD, V2RETAIL, JINDWORLD",25.0
2026-05-26,Diversified,0.2887,"GODREJIND, BAJAJHLDNG, 3MINDIA",24.0
2026-05-26,Diversified FMCG,1.7757,"GAEL, ZYDUSWELL, VSTIND",26.0
2026-05-26,Diversified Metals,8.0343,"SUNFLAG, RAIN, LLOYDSENT",36.0
2026-05-26,Electrical Equipment,16.2548,"BHEL, TDPOWERSYS, DIACABS",48.0
2026-05-26,Entertainment,5.898,"SAREGAMA, TIPSMUSIC, NAZARA",32.0
2026-05-26,Ferrous Metals,9.5694,"WELCORP, LLOYDSME, SAIL",38.0
2026-05-26,Fertilizers & Agrochemicals,2.4838,"SUMICHEM, GNFC, DHANUKA",27.0
2026-05-26,Finance,2.5358,"SAMMAANCAP, PNBHOUSING, JSFB",27.0
2026-05-26,Financial Technology (Fintech),-0.7233,"POLICYBZR, RTNINDIA, PAYTM",22.0
2026-05-26,Food Products,0.6743,"MARICO, NESTLEIND, BIKAJI",24.0
2026-05-26,Gas,5.0471,"ATGL, AEGISLOG, GAIL",31.0
2026-05-26,Healthcare Equipment & Supplies,5.88,POLYMED,32.0
2026-05-26,Healthcare Services,12.6475,"SHILPAMED, THYROCARE, VIJAYA",43.0
2026-05-26,Household Products,-15.27,JYOTHYLAB,0.0
2026-05-26,IT - Services,2.5559,"RATEGAIN, TATATECH, IKS",27.0
2026-05-26,IT - Software,0.4255,"OFSS, COFORGE, HEXT",24.0
2026-05-26,Industrial Manufacturing,10.0736,"MTARTECH, LLOYDSENGG, AVALON",39.0
2026-05-26,Industrial Products,5.4877,"SHAILY, SYRMA, HONAUT",32.0
2026-05-26,Insurance,3.2773,"NIVABUPA, STARHEALTH, LICI",28.0
2026-05-26,Leisure Services,0.0984,"AWFIS, RBA, SAMHI",23.0
2026-05-26,Media,-9.4733,"ZEEL, NETWORK18, SUNTV",9.0
2026-05-26,Metals & Minerals Trading,17.875,"ADANIENT, MMTC",51.0
2026-05-26,Non - Ferrous Metals,8.31,"HINDALCO, HINDZINC, NATIONALUM",36.0
2026-05-26,Oil,5.1,"OIL, ONGC",31.0
2026-05-26,Other Construction Materials,2.745,"CERA, CENTURYPLY, KAJARIACER",27.0
2026-05-26,Other Utilities,22.13,ADANIENSOL,57.0
2026-05-26,"Paper, Forest & Jute Products",9.48,JKPAPER,38.0
2026-05-26,Personal Products,0.835,"HONASA, SANOFICONR, COLPAL",25.0
2026-05-26,Petroleum Products,-0.5811,"CHENNPETRO, AEGISVOPAK, CASTROLIND",22.0
2026-05-26,Pharmaceuticals & Biotechnology,13.7966,"SPARC, MARKSANS, GLAND",44.0
2026-05-26,Power,6.8142,"ADANIPOWER, ADANIGREEN, WEBELSOLAR",34.0
2026-05-26,Realty,1.4019,"EMBDL, MAXESTATES, DBREALTY",25.0
2026-05-26,Retailing,1.2846,"VMART, ARVINDFASN, FIRSTCRY",25.0
2026-05-26,Telecom - Equipment & Accessories,50.264,"STLTECH, HFCL, TEJASNET",100.0
2026-05-26,Telecom - Services,10.3829,"IDEA, TATACOMM, INDUSTOWER",39.0
2026-05-26,Textiles & Apparels,2.7977,"ARVIND, PAGEIND, VTL",28.0
2026-05-26,Transport Infrastructure,5.7514,"ADANIPORTS, TITAGARH, JSWINFRA",32.0
2026-05-26,Transport Services,3.3636,"GESHIP, SCI, TVSSCS",28.0
2026-05-27,Aerospace & Defense,10.6155,"ASTRAMICRO, DATAPATTNS, PARAS",36.0
2026-05-27,Agricultural Food & other Products,1.5714,"BALRAMCHIN, TATACONSUM, CCL",23.0
2026-05-27,"Agricultural, Commercial & Construction Vehicles",-1.5625,"BEML, ACE, ASHOKLEY",18.0
2026-05-27,Auto Components,5.8573,"SANSERA, MINDACORP, TIINDIA",29.0
2026-05-27,Auto Components & Equipments,0.91,SKFINDIA,22.0
2026-05-27,Automobiles,6.1708,"OLAELEC, ATHERENERG, BAJAJ-AUTO",30.0
2026-05-27,Banks,1.4566,"J&KBANK, BANDHANBNK, KTKBANK",23.0
2026-05-27,Beverages,3.7825,"RADICO, VBL, UNITDSPR",26.0
2026-05-27,Capital Markets,8.1206,"BSE, ANGELONE, MCX",33.0
2026-05-27,Cement & Cement Products,-0.088,"GRASIM, NUVOCO, BIRLACORPN",20.0
2026-05-27,Chemicals & Petrochemicals,11.7931,"BALAMINES, GRWRHITECH, REFEX",38.0
2026-05-27,Cigarettes & Tobacco Products,4.49,GODFRYPHLP,27.0
2026-05-27,Commercial Services & Supplies,5.3175,"FSL, TEAMLEASE, IGIL",28.0
2026-05-27,Construction,3.5474,"CEMPRO, CEIGALL, WABAG",26.0
2026-05-27,Consumable Fuels,6.11,COALINDIA,30.0
2026-05-27,Consumer Durables,1.207,"SKYGOLD, LUXIND, JINDWORLD",22.0
2026-05-27,Diversified,0.0337,"GODREJIND, BAJAJHLDNG, JMFINANCIL",20.0
2026-05-27,Diversified FMCG,1.075,"GAEL, ZYDUSWELL, VSTIND",22.0
2026-05-27,Diversified Metals,8.6314,"SUNFLAG, RAIN, LLOYDSENT",33.0
2026-05-27,Electrical Equipment,17.2748,"BHEL, TRITURBINE, POWERINDIA",46.0
2026-05-27,Entertainment,6.698,"SAREGAMA, TIPSMUSIC, NAZARA",30.0
2026-05-27,Ferrous Metals,10.3533,"WELCORP, LLOYDSME, JINDALSAW",36.0
2026-05-27,Fertilizers & Agrochemicals,2.95,"SUMICHEM, FACT, GNFC",25.0
2026-05-27,Finance,2.7467,"SAMMAANCAP, IFCI, PNBHOUSING",25.0
2026-05-27,Financial Technology (Fintech),-0.0217,"POLICYBZR, RTNINDIA, PAYTM",20.0
2026-05-27,Food Products,0.2257,"MARICO, NESTLEIND, BIKAJI",21.0
2026-05-27,Gas,6.86,"ATGL, GAIL, AEGISLOG",31.0
2026-05-27,Healthcare Equipment & Supplies,-1.8,POLYMED,18.0
2026-05-27,Healthcare Services,12.287,"SHILPAMED, THYROCARE, VIJAYA",39.0
2026-05-27,Household Products,-13.68,JYOTHYLAB,0.0
2026-05-27,IT - Services,3.64,"RATEGAIN, TATATECH, NETWEB",26.0
2026-05-27,IT - Software,1.219,"OFSS, COFORGE, HEXT",22.0
2026-05-27,Industrial Manufacturing,10.6179,"MTARTECH, AVALON, LLOYDSENGG",36.0
2026-05-27,Industrial Products,6.8409,"ELECON, SHAILY, INOXINDIA",31.0
2026-05-27,Insurance,2.3473,"NIVABUPA, STARHEALTH, NIACL",24.0
2026-05-27,Leisure Services,-0.5537,"RBA, AWFIS, SAMHI",20.0
2026-05-27,Media,-4.68,"ZEEL, NETWORK18, SUNTV",13.0
2026-05-27,Metals & Minerals Trading,17.95,"ADANIENT, MMTC",47.0
2026-05-27,Non - Ferrous Metals,9.868,"HINDALCO, NATIONALUM, HINDZINC",35.0
2026-05-27,Oil,-0.385,"OIL, ONGC",20.0
2026-05-27,Other Construction Materials,4.1925,"CERA, CENTURYPLY, KAJARIACER",27.0
2026-05-27,Other Utilities,29.52,ADANIENSOL,65.0
2026-05-27,"Paper, Forest & Jute Products",8.68,JKPAPER,33.0
2026-05-27,Personal Products,2.37,"HONASA, SANOFICONR, GILLETTE",24.0
2026-05-27,Petroleum Products,-0.3978,"CHENNPETRO, CASTROLIND, AEGISVOPAK",20.0
2026-05-27,Pharmaceuticals & Biotechnology,13.3966,"SPARC, MARKSANS, LAURUSLABS",40.0
2026-05-27,Power,8.3946,"ADANIPOWER, JPPOWER, ADANIGREEN",33.0
2026-05-27,Realty,1.0771,"EMBDL, MAXESTATES, DBREALTY",22.0
2026-05-27,Retailing,2.0131,"VMART, ARVINDFASN, TRENT",23.0
2026-05-27,Telecom - Equipment & Accessories,53.25,"STLTECH, HFCL, TEJASNET",100.0
2026-05-27,Telecom - Services,8.95,"IDEA, TATACOMM, INDUSTOWER",34.0
2026-05-27,Textiles & Apparels,2.8908,"ARVIND, GANECOS, PAGEIND",25.0
2026-05-27,Transport Infrastructure,6.9943,"ADANIPORTS, TITAGARH, JSWINFRA",31.0
2026-05-27,Transport Services,1.8945,"GESHIP, SCI, TVSSCS",23.0
2026-05-28,Aerospace & Defense,10.6155,"ASTRAMICRO, DATAPATTNS, PARAS",36.0
2026-05-28,Agricultural Food & other Products,1.5714,"BALRAMCHIN, TATACONSUM, CCL",23.0
2026-05-28,"Agricultural, Commercial & Construction Vehicles",-1.5625,"BEML, ACE, ASHOKLEY",18.0
2026-05-28,Auto Components,5.8573,"SANSERA, MINDACORP, TIINDIA",29.0
2026-05-28,Auto Components & Equipments,0.91,SKFINDIA,22.0
2026-05-28,Automobiles,6.1708,"OLAELEC, ATHERENERG, BAJAJ-AUTO",30.0
2026-05-28,Banks,1.4566,"J&KBANK, BANDHANBNK, KTKBANK",23.0
2026-05-28,Beverages,3.7825,"RADICO, VBL, UNITDSPR",26.0
2026-05-28,Capital Markets,8.1206,"BSE, ANGELONE, MCX",33.0
2026-05-28,Cement & Cement Products,-0.088,"GRASIM, NUVOCO, BIRLACORPN",20.0
2026-05-28,Chemicals & Petrochemicals,11.7921,"BALAMINES, GRWRHITECH, REFEX",38.0
2026-05-28,Cigarettes & Tobacco Products,4.49,GODFRYPHLP,27.0
2026-05-28,Commercial Services & Supplies,5.3175,"FSL, TEAMLEASE, IGIL",28.0
2026-05-28,Construction,3.5474,"CEMPRO, CEIGALL, WABAG",26.0
2026-05-28,Consumable Fuels,6.11,COALINDIA,30.0
2026-05-28,Consumer Durables,1.207,"SKYGOLD, LUXIND, JINDWORLD",22.0
2026-05-28,Diversified,0.0337,"GODREJIND, BAJAJHLDNG, JMFINANCIL",20.0
2026-05-28,Diversified FMCG,1.075,"GAEL, ZYDUSWELL, VSTIND",22.0
2026-05-28,Diversified Metals,8.6314,"SUNFLAG, RAIN, LLOYDSENT",33.0
2026-05-28,Electrical Equipment,16.9143,"BHEL, TRITURBINE, POWERINDIA",46.0
2026-05-28,Entertainment,6.698,"SAREGAMA, TIPSMUSIC, NAZARA",30.0
2026-05-28,Ferrous Metals,10.3533,"WELCORP, LLOYDSME, JINDALSAW",36.0
2026-05-28,Fertilizers & Agrochemicals,2.95,"SUMICHEM, FACT, GNFC",25.0
2026-05-28,Finance,2.7467,"SAMMAANCAP, IFCI, PNBHOUSING",25.0
2026-05-28,Financial Technology (Fintech),-0.0217,"POLICYBZR, RTNINDIA, PAYTM",20.0
2026-05-28,Food Products,0.2257,"MARICO, NESTLEIND, BIKAJI",21.0
2026-05-28,Gas,6.86,"ATGL, GAIL, AEGISLOG",31.0
2026-05-28,Healthcare Equipment & Supplies,-1.8,POLYMED,18.0
2026-05-28,Healthcare Services,12.287,"SHILPAMED, THYROCARE, VIJAYA",39.0
2026-05-28,Household Products,-13.68,JYOTHYLAB,0.0
2026-05-28,IT - Services,3.64,"RATEGAIN, TATATECH, NETWEB",26.0
2026-05-28,IT - Software,1.219,"OFSS, COFORGE, HEXT",22.0
2026-05-28,Industrial Manufacturing,10.6179,"MTARTECH, AVALON, LLOYDSENGG",36.0
2026-05-28,Industrial Products,6.8409,"ELECON, SHAILY, INOXINDIA",31.0
2026-05-28,Insurance,2.3473,"NIVABUPA, STARHEALTH, NIACL",24.0
2026-05-28,Leisure Services,-0.5537,"RBA, AWFIS, SAMHI",20.0
2026-05-28,Media,-4.68,"ZEEL, NETWORK18, SUNTV",13.0
2026-05-28,Metals & Minerals Trading,17.95,"ADANIENT, MMTC",47.0
2026-05-28,Non - Ferrous Metals,9.868,"HINDALCO, NATIONALUM, HINDZINC",35.0
2026-05-28,Oil,-0.385,"OIL, ONGC",20.0
2026-05-28,Other Construction Materials,4.1925,"CERA, CENTURYPLY, KAJARIACER",27.0
2026-05-28,Other Utilities,29.52,ADANIENSOL,65.0
2026-05-28,"Paper, Forest & Jute Products",8.68,JKPAPER,33.0
2026-05-28,Personal Products,2.37,"HONASA, SANOFICONR, GILLETTE",24.0
2026-05-28,Petroleum Products,-0.3978,"CHENNPETRO, CASTROLIND, AEGISVOPAK",20.0
2026-05-28,Pharmaceuticals & Biotechnology,13.3966,"SPARC, MARKSANS, LAURUSLABS",40.0
2026-05-28,Power,8.4333,"ADANIPOWER, JPPOWER, ADANIGREEN",33.0
2026-05-28,Realty,1.0771,"EMBDL, MAXESTATES, DBREALTY",22.0
2026-05-28,Retailing,2.0131,"VMART, ARVINDFASN, TRENT",23.0
2026-05-28,Telecom - Equipment & Accessories,53.25,"STLTECH, HFCL, TEJASNET",100.0
2026-05-28,Telecom - Services,8.95,"IDEA, TATACOMM, INDUSTOWER",34.0
2026-05-28,Textiles & Apparels,2.8908,"ARVIND, GANECOS, PAGEIND",25.0
2026-05-28,Transport Infrastructure,6.9943,"ADANIPORTS, TITAGARH, JSWINFRA",31.0
2026-05-28,Transport Services,1.8945,"GESHIP, SCI, TVSSCS",23.0
2026-05-29,Aerospace & Defense,9.7564,"ASTRAMICRO, PARAS, MIDHANI",34.0
2026-05-29,Agricultural Food & other Products,0.3457,"BALRAMCHIN, TATACONSUM, CCL",21.0
2026-05-29,"Agricultural, Commercial & Construction Vehicles",-3.5675,"ACE, BEML, ASHOKLEY",16.0
2026-05-29,Auto Components,6.2506,"CRAFTSMAN, SANSERA, MINDACORP",29.0
2026-05-29,Auto Components & Equipments,-2.87,SKFINDIA,17.0
2026-05-29,Automobiles,5.8285,"OLAELEC, ATHERENERG, TMPV",29.0
2026-05-29,Banks,1.3269,"J&KBANK, KTKBANK, YESBANK",22.0
2026-05-29,Beverages,3.9075,"RADICO, VBL, UNITDSPR",26.0
2026-05-29,Capital Markets,9.1517,"BSE, NUVAMA, ANGELONE",33.0
2026-05-29,Cement & Cement Products,0.176,"NUVOCO, GRASIM, BIRLACORPN",21.0
2026-05-29,Chemicals & Petrochemicals,11.6649,"GRWRHITECH, BALAMINES, ACUTAAS",37.0
2026-05-29,Cigarettes & Tobacco Products,5.44,GODFRYPHLP,28.0
2026-05-29,Commercial Services & Supplies,7.0975,"FSL, TEAMLEASE, IGIL",30.0
2026-05-29,Construction,4.2287,"CEMPRO, CEIGALL, WABAG",26.0
2026-05-29,Consumable Fuels,4.8,COALINDIA,27.0
2026-05-29,Consumer Durables,3.0353,"SKYGOLD, JINDWORLD, LUXIND",25.0
2026-05-29,Diversified,0.5875,"GODREJIND, JMFINANCIL, BAJAJHLDNG",21.0
2026-05-29,Diversified FMCG,0.7457,"ZYDUSWELL, ABDL, GAEL",22.0
2026-05-29,Diversified Metals,7.4114,"SUNFLAG, RAIN, LLOYDSENT",31.0
2026-05-29,Electrical Equipment,18.0707,"THERMAX, BHEL, TRITURBINE",45.0
2026-05-29,Entertainment,8.208,"SAREGAMA, TIPSMUSIC, NAZARA",32.0
2026-05-29,Ferrous Metals,10.0372,"WELCORP, LLOYDSME, JINDALSAW",34.0
2026-05-29,Fertilizers & Agrochemicals,1.9888,"SUMICHEM, GNFC, DHANUKA",23.0
2026-05-29,Finance,3.4695,"SAMMAANCAP, JSFB, IFCI",25.0
2026-05-29,Financial Technology (Fintech),0.1667,"POLICYBZR, RTNINDIA, PAYTM",21.0
2026-05-29,Food Products,0.9171,"MARICO, NESTLEIND, BIKAJI",22.0
2026-05-29,Gas,7.5014,"ATGL, AEGISLOG, GUJGASLTD",31.0
2026-05-29,Healthcare Equipment & Supplies,-0.14,POLYMED,20.0
2026-05-29,Healthcare Services,12.796,"SHILPAMED, THYROCARE, VIJAYA",38.0
2026-05-29,Household Products,-14.93,JYOTHYLAB,0.0
2026-05-29,IT - Services,5.6105,"RATEGAIN, NETWEB, TATATECH",28.0
2026-05-29,IT - Software,3.2945,"OFSS, COFORGE, HEXT",25.0
2026-05-29,Industrial Manufacturing,10.3639,"MTARTECH, AVALON, LLOYDSENGG",35.0
2026-05-29,Industrial Products,6.8532,"SHAILY, SYRMA, AIAENG",30.0
2026-05-29,Insurance,1.6336,"NIVABUPA, STARHEALTH, NIACL",23.0
2026-05-29,Leisure Services,-1.9816,"RBA, SAMHI, INDHOTEL",18.0
2026-05-29,Media,-2.4833,"ZEEL, NETWORK18, SUNTV",17.0
2026-05-29,Metals & Minerals Trading,17.575,"ADANIENT, MMTC",45.0
2026-05-29,Non - Ferrous Metals,9.002,"HINDALCO, NATIONALUM, HINDZINC",33.0
2026-05-29,Oil,-1.115,"OIL, ONGC",19.0
2026-05-29,Other Construction Materials,1.0975,"CERA, CENTURYPLY, KAJARIACER",22.0
2026-05-29,Other Utilities,29.08,ADANIENSOL,61.0
2026-05-29,"Paper, Forest & Jute Products",7.24,JKPAPER,30.0
2026-05-29,Personal Products,1.5663,"HONASA, SANOFICONR, GILLETTE",23.0
2026-05-29,Petroleum Products,-1.3744,"CHENNPETRO, CASTROLIND, HINDPETRO",19.0
2026-05-29,Pharmaceuticals & Biotechnology,13.6202,"SPARC, WOCKPHARMA, SUPRIYA",39.0
2026-05-29,Power,8.9508,"ADANIPOWER, ADANIGREEN, JPPOWER",33.0
2026-05-29,Realty,1.9171,"EMBDL, DBREALTY, MAXESTATES",23.0
2026-05-29,Retailing,2.3854,"VMART, ARVINDFASN, TRENT",24.0
2026-05-29,Telecom - Equipment & Accessories,57.806,"STLTECH, HFCL, TEJASNET",100.0
2026-05-29,Telecom - Services,8.8014,"IDEA, TATACOMM, INDUSTOWER",33.0
2026-05-29,Textiles & Apparels,2.6623,"ARVIND, PAGEIND, KPRMILL",24.0
2026-05-29,Transport Infrastructure,6.5829,"ADANIPORTS, TITAGARH, JSWINFRA",30.0
2026-05-29,Transport Services,0.04,"SCI, DELHIVERY, ALLCARGO",21.0
2026-06-01,Aerospace & Defense,8.64,"ASTRAMICRO, PARAS, MIDHANI",32.0
2026-06-01,Agricultural Food & other Products,1.2429,"BALRAMCHIN, TATACONSUM, CCL",23.0
2026-06-01,"Agricultural, Commercial & Construction Vehicles",-3.83,"ACE, BEML, ASHOKLEY",16.0
2026-06-01,Auto Components,6.4639,"SANSERA, MINDACORP, EXIDEIND",29.0
2026-06-01,Auto Components & Equipments,-2.85,SKFINDIA,17.0
2026-06-01,Automobiles,5.8715,"OLAELEC, ATHERENERG, OLECTRA",29.0
2026-06-01,Banks,1.4548,"J&KBANK, YESBANK, KTKBANK",23.0
2026-06-01,Beverages,4.935,"RADICO, VBL, UNITDSPR",27.0
2026-06-01,Capital Markets,9.6533,"BSE, ANGELONE, NUVAMA",34.0
2026-06-01,Cement & Cement Products,0.8473,"NUVOCO, GRASIM, BIRLACORPN",22.0
2026-06-01,Chemicals & Petrochemicals,11.7133,"GRWRHITECH, BALAMINES, ACUTAAS",36.0
2026-06-01,Cigarettes & Tobacco Products,8.29,GODFRYPHLP,32.0
2026-06-01,Commercial Services & Supplies,9.685,"FSL, TEAMLEASE, IGIL",34.0
2026-06-01,Construction,5.1048,"CEMPRO, NBCC, WABAG",28.0
2026-06-01,Consumable Fuels,7.91,COALINDIA,31.0
2026-06-01,Consumer Durables,5.3658,"SKYGOLD, LUXIND, ICIL",28.0
2026-06-01,Diversified,0.3012,"GODREJIND, BAJAJHLDNG, CHOICEIN",21.0
2026-06-01,Diversified FMCG,0.8986,"ZYDUSWELL, ABDL, VSTIND",22.0
2026-06-01,Diversified Metals,10.8386,"RAIN, SUNFLAG, LLOYDSENT",35.0
2026-06-01,Electrical Equipment,16.0552,"THERMAX, BHEL, RRKABEL",42.0
2026-06-01,Entertainment,12.488,"SAREGAMA, TIPSMUSIC, NAZARA",37.0
2026-06-01,Ferrous Metals,11.6533,"WELCORP, LLOYDSME, NSLNISP",36.0
2026-06-01,Fertilizers & Agrochemicals,2.9381,"SUMICHEM, GNFC, CHAMBLFERT",25.0
2026-06-01,Finance,3.9684,"SAMMAANCAP, JSFB, IFCI",26.0
2026-06-01,Financial Technology (Fintech),1.7467,"RTNINDIA, POLICYBZR, PAYTM",23.0
2026-06-01,Food Products,1.8943,"MARICO, BIKAJI, NESTLEIND",23.0
2026-06-01,Gas,8.5871,"ATGL, AEGISLOG, GUJGASLTD",32.0
2026-06-01,Healthcare Equipment & Supplies,-0.79,POLYMED,20.0
2026-06-01,Healthcare Services,13.2465,"SHILPAMED, THYROCARE, VIJAYA",38.0
2026-06-01,Household Products,-16.09,JYOTHYLAB,0.0
2026-06-01,IT - Services,8.4343,"RATEGAIN, TATATECH, NETWEB",32.0
2026-06-01,IT - Software,7.56,"OFSS, COFORGE, PERSISTENT",31.0
2026-06-01,Industrial Manufacturing,9.6136,"MTARTECH, AVALON, LLOYDSENGG",33.0
2026-06-01,Industrial Products,7.2705,"SHAILY, SYRMA, AIAENG",30.0
2026-06-01,Insurance,2.5018,"NIVABUPA, STARHEALTH, NIACL",24.0
2026-06-01,Leisure Services,-0.7795,"RBA, SAMHI, INDHOTEL",20.0
2026-06-01,Media,0.0033,"ZEEL, NETWORK18, SUNTV",21.0
2026-06-01,Metals & Minerals Trading,17.025,"ADANIENT, MMTC",43.0
2026-06-01,Non - Ferrous Metals,11.37,"HINDALCO, NATIONALUM, HINDZINC",36.0
2026-06-01,Oil,1.285,"OIL, ONGC",23.0
2026-06-01,Other Construction Materials,3.41,"CERA, KAJARIACER, CENTURYPLY",25.0
2026-06-01,Other Utilities,30.91,ADANIENSOL,61.0
2026-06-01,"Paper, Forest & Jute Products",7.61,JKPAPER,31.0
2026-06-01,Personal Products,2.085,"HONASA, SANOFICONR, GILLETTE",24.0
2026-06-01,Petroleum Products,-0.6478,"CHENNPETRO, CASTROLIND, HINDPETRO",20.0
2026-06-01,Pharmaceuticals & Biotechnology,14.3072,"SUPRIYA, WOCKPHARMA, SPARC",40.0
2026-06-01,Power,8.6408,"WEBELSOLAR, ADANIGREEN, ADANIPOWER",32.0
2026-06-01,Realty,3.3586,"EMBDL, MAXESTATES, DBREALTY",25.0
2026-06-01,Retailing,3.9646,"VMART, ARVINDFASN, TRENT",26.0
2026-06-01,Telecom - Equipment & Accessories,60.716,"STLTECH, HFCL, TEJASNET",100.0
2026-06-01,Telecom - Services,10.7286,"IDEA, TATACOMM, TTML",35.0
2026-06-01,Textiles & Apparels,6.0308,"ARVIND, WELSPUNLIV, KPRMILL",29.0
2026-06-01,Transport Infrastructure,6.4657,"ADANIPORTS, TITAGARH, JSWINFRA",29.0
2026-06-01,Transport Services,0.8745,"SCI, GESHIP, ALLCARGO",22.0
2026-06-02,Aerospace & Defense,9.3927,"ASTRAMICRO, PARAS, ZENTEC",34.0
2026-06-02,Agricultural Food & other Products,1.0929,"BALRAMCHIN, TATACONSUM, GODREJAGRO",23.0
2026-06-02,"Agricultural, Commercial & Construction Vehicles",-5.1925,"ACE, BEML, ASHOKLEY",15.0
2026-06-02,Auto Components,5.6582,"SANSERA, EXIDEIND, MINDACORP",29.0
2026-06-02,Auto Components & Equipments,-2.97,SKFINDIA,18.0
2026-06-02,Automobiles,5.0923,"OLAELEC, ATHERENERG, OLECTRA",28.0
2026-06-02,Banks,0.2107,"J&KBANK, YESBANK, KTKBANK",22.0
2026-06-02,Beverages,5.5275,"RADICO, VBL, UNITDSPR",29.0
2026-06-02,Capital Markets,8.885,"ANGELONE, NUVAMA, BSE",33.0
2026-06-02,Cement & Cement Products,-0.5733,"GRASIM, NUVOCO, BIRLACORPN",21.0
2026-06-02,Chemicals & Petrochemicals,11.241,"BALAMINES, GRWRHITECH, REFEX",36.0
2026-06-02,Cigarettes & Tobacco Products,9.11,GODFRYPHLP,34.0
2026-06-02,Commercial Services & Supplies,9.085,"FSL, TEAMLEASE, IGIL",34.0
2026-06-02,Construction,3.5591,"CEMPRO, NBCC, WABAG",26.0
2026-06-02,Consumable Fuels,7.41,COALINDIA,31.0
2026-06-02,Consumer Durables,4.89,"SKYGOLD, LUXIND, ICIL",28.0
2026-06-02,Diversified,-0.9575,"GODREJIND, BAJAJHLDNG, 3MINDIA",21.0
2026-06-02,Diversified FMCG,0.2336,"ZYDUSWELL, ABDL, GAEL",22.0
2026-06-02,Diversified Metals,9.6129,"RAIN, SUNFLAG, LLOYDSENT",34.0
2026-06-02,Electrical Equipment,14.0679,"THERMAX, SKIPPER, BHEL",40.0
2026-06-02,Entertainment,12.782,"SAREGAMA, TIPSMUSIC, NAZARA",38.0
2026-06-02,Ferrous Metals,9.2889,"WELCORP, NSLNISP, LLOYDSME",34.0
2026-06-02,Fertilizers & Agrochemicals,2.0056,"SUMICHEM, GNFC, FACT",25.0
2026-06-02,Finance,2.3472,"IFCI, SAMMAANCAP, JSFB",25.0
2026-06-02,Financial Technology (Fintech),-0.9183,"RTNINDIA, POLICYBZR, PAYTM",21.0
2026-06-02,Food Products,0.9357,"BIKAJI, MARICO, NESTLEIND",23.0
2026-06-02,Gas,6.3157,"ATGL, AEGISLOG, GUJGASLTD",30.0
2026-06-02,Healthcare Equipment & Supplies,-1.23,POLYMED,20.0
2026-06-02,Healthcare Services,11.337,"SHILPAMED, THYROCARE, VIJAYA",36.0
2026-06-02,Household Products,-17.12,JYOTHYLAB,0.0
2026-06-02,IT - Services,9.8671,"RATEGAIN, NETWEB, TATATECH",35.0
2026-06-02,IT - Software,10.3215,"COFORGE, OFSS, HEXT",35.0
2026-06-02,Industrial Manufacturing,9.4958,"MTARTECH, AVALON, LLOYDSENGG",34.0
2026-06-02,Industrial Products,6.4123,"SHAILY, SYRMA, AIAENG",30.0
2026-06-02,Insurance,0.0673,"NIVABUPA, STARHEALTH, GODIGIT",22.0
2026-06-02,Leisure Services,-2.0132,"RBA, SAMHI, INDHOTEL",19.0
2026-06-02,Media,-0.3867,"ZEEL, NETWORK18, SUNTV",21.0
2026-06-02,Metals & Minerals Trading,16.945,"ADANIENT, MMTC",44.0
2026-06-02,Non - Ferrous Metals,9.914,"HINDALCO, NATIONALUM, HINDZINC",35.0
2026-06-02,Oil,1.355,"OIL, ONGC",24.0
2026-06-02,Other Construction Materials,3.735,"CERA, KAJARIACER, CENTURYPLY",27.0
2026-06-02,Other Utilities,29.33,ADANIENSOL,60.0
2026-06-02,"Paper, Forest & Jute Products",5.13,JKPAPER,29.0
2026-06-02,Personal Products,0.4913,"HONASA, SANOFICONR, GILLETTE",23.0
2026-06-02,Petroleum Products,-1.4089,"CHENNPETRO, CASTROLIND, HINDPETRO",20.0
2026-06-02,Pharmaceuticals & Biotechnology,11.8816,"SPARC, WOCKPHARMA, SUPRIYA",37.0
2026-06-02,Power,8.2383,"WEBELSOLAR, ADANIPOWER, ADANIGREEN",32.0
2026-06-02,Realty,2.2681,"MAXESTATES, EMBDL, ANANTRAJ",25.0
2026-06-02,Retailing,4.0508,"VMART, ARVINDFASN, VAIBHAVGBL",27.0
2026-06-02,Telecom - Equipment & Accessories,60.926,"STLTECH, HFCL, TEJASNET",100.0
2026-06-02,Telecom - Services,9.5471,"IDEA, TATACOMM, TTML",34.0
2026-06-02,Textiles & Apparels,5.8992,"ARVIND, WELSPUNLIV, KPRMILL",29.0
2026-06-02,Transport Infrastructure,6.2814,"TITAGARH, ADANIPORTS, JSWINFRA",30.0
2026-06-02,Transport Services,0.9382,"GESHIP, SCI, MAZDOCK",23.0
2026-06-03,Aerospace & Defense,10.4191,"ASTRAMICRO, PARAS, ZENTEC",33.0
2026-06-03,Agricultural Food & other Products,0.54,"BALRAMCHIN, TATACONSUM, CCL",21.0
2026-06-03,"Agricultural, Commercial & Construction Vehicles",-4.06,"BEML, ACE, ESCORTS",15.0
2026-06-03,Auto Components,6.1882,"SANSERA, MOTHERSON, MINDACORP",28.0
2026-06-03,Auto Components & Equipments,-1.12,SKFINDIA,19.0
2026-06-03,Automobiles,7.4477,"OLAELEC, ATHERENERG, OLECTRA",29.0
2026-06-03,Banks,2.1772,"J&KBANK, KTKBANK, YESBANK",23.0
2026-06-03,Beverages,6.2825,"RADICO, VBL, UNITDSPR",28.0
2026-06-03,Capital Markets,8.6017,"BSE, ANGELONE, NUVAMA",31.0
2026-06-03,Cement & Cement Products,-0.7353,"GRASIM, NUVOCO, BIRLACORPN",19.0
2026-06-03,Chemicals & Petrochemicals,11.8697,"BALAMINES, GRWRHITECH, REFEX",35.0
2026-06-03,Cigarettes & Tobacco Products,7.34,GODFRYPHLP,29.0
2026-06-03,Commercial Services & Supplies,8.3337,"FSL, TEAMLEASE, IGIL",30.0
2026-06-03,Construction,3.7161,"CEMPRO, CEIGALL, WABAG",25.0
2026-06-03,Consumable Fuels,8.99,COALINDIA,31.0
2026-06-03,Consumer Durables,5.152,"SKYGOLD, ICIL, THANGAMAYL",26.0
2026-06-03,Diversified,-0.1175,"GODREJIND, CHOICEIN, BAJAJHLDNG",20.0
2026-06-03,Diversified FMCG,0.9921,"ZYDUSWELL, ABDL, VSTIND",21.0
2026-06-03,Diversified Metals,10.2236,"RAIN, SUNFLAG, NMDC",33.0
2026-06-03,Electrical Equipment,13.9193,"SKIPPER, THERMAX, RRKABEL",37.0
2026-06-03,Entertainment,12.526,"SAREGAMA, TIPSMUSIC, NAZARA",35.0
2026-06-03,Ferrous Metals,10.02,"WELCORP, NSLNISP, JINDALSAW",32.0
2026-06-03,Fertilizers & Agrochemicals,2.195,"SUMICHEM, GNFC, FACT",23.0
2026-06-03,Finance,3.044,"IFCI, SAMMAANCAP, JSFB",24.0
2026-06-03,Financial Technology (Fintech),0.2667,"RTNINDIA, POLICYBZR, PAYTM",20.0
2026-06-03,Food Products,0.5371,"MARICO, NESTLEIND, BIKAJI",21.0
2026-06-03,Gas,6.1971,"ATGL, AEGISLOG, GUJGASLTD",28.0
2026-06-03,Healthcare Equipment & Supplies,-0.4,POLYMED,19.0
2026-06-03,Healthcare Services,11.4595,"SHILPAMED, THYROCARE, VIJAYA",34.0
2026-06-03,Household Products,-16.2,JYOTHYLAB,0.0
2026-06-03,IT - Services,8.459,"RATEGAIN, TATATECH, NETWEB",30.0
2026-06-03,IT - Software,6.7765,"OFSS, COFORGE, HEXT",28.0
2026-06-03,Industrial Manufacturing,10.8791,"MTARTECH, AVALON, LLOYDSENGG",33.0
2026-06-03,Industrial Products,7.4932,"SHAILY, SYRMA, AIAENG",29.0
2026-06-03,Insurance,0.5991,"NIVABUPA, STARHEALTH, LICI",21.0
2026-06-03,Leisure Services,-0.6947,"SAMHI, RBA, INDHOTEL",19.0
2026-06-03,Media,-1.4467,"ZEEL, NETWORK18, SUNTV",18.0
2026-06-03,Metals & Minerals Trading,17.37,"ADANIENT, MMTC",41.0
2026-06-03,Non - Ferrous Metals,9.814,"HINDALCO, NATIONALUM, HINDZINC",32.0
2026-06-03,Oil,3.15,"OIL, ONGC",24.0
2026-06-03,Other Construction Materials,3.7625,"CERA, KAJARIACER, CENTURYPLY",25.0
2026-06-03,Other Utilities,26.65,ADANIENSOL,53.0
2026-06-03,"Paper, Forest & Jute Products",1.93,JKPAPER,22.0
2026-06-03,Personal Products,-0.0462,"HONASA, SANOFICONR, GILLETTE",20.0
2026-06-03,Petroleum Products,0.1611,"CHENNPETRO, CASTROLIND, HINDPETRO",20.0
2026-06-03,Pharmaceuticals & Biotechnology,12.4044,"SPARC, WOCKPHARMA, ORCHPHARMA",35.0
2026-06-03,Power,8.9608,"WEBELSOLAR, ADANIPOWER, ADANIGREEN",31.0
2026-06-03,Realty,1.55,"MAXESTATES, GANESHHOU, EMBDL",22.0
2026-06-03,Retailing,4.9069,"VMART, ARVINDFASN, TRENT",26.0
2026-06-03,Telecom - Equipment & Accessories,65.046,"STLTECH, HFCL, TEJASNET",100.0
2026-06-03,Telecom - Services,12.5357,"IDEA, TATACOMM, TTML",35.0
2026-06-03,Textiles & Apparels,7.3885,"ARVIND, KPRMILL, WELSPUNLIV",29.0
2026-06-03,Transport Infrastructure,6.1071,"ADANIPORTS, TITAGARH, JSWINFRA",27.0
2026-06-03,Transport Services,1.6782,"SCI, GESHIP, TVSSCS",22.0
2026-06-04,Aerospace & Defense,12.9555,"ASTRAMICRO, ZENTEC, PARAS",35.0
2026-06-04,Agricultural Food & other Products,1.8529,"BALRAMCHIN, TATACONSUM, GODREJAGRO",21.0
2026-06-04,"Agricultural, Commercial & Construction Vehicles",-5.1825,"ACE, BEML, ESCORTS",12.0
2026-06-04,Auto Components,6.8818,"SANSERA, JBMA, CRAFTSMAN",27.0
2026-06-04,Auto Components & Equipments,0.24,SKFINDIA,18.0
2026-06-04,Automobiles,8.0177,"OLAELEC, ATHERENERG, OLECTRA",28.0
2026-06-04,Banks,1.5931,"J&KBANK, KTKBANK, RBLBANK",20.0
2026-06-04,Beverages,7.72,"RADICO, VBL, UNITDSPR",28.0
2026-06-04,Capital Markets,8.7911,"ANGELONE, BSE, NUVAMA",29.0
2026-06-04,Cement & Cement Products,-1.2533,"GRASIM, NUVOCO, BIRLACORPN",17.0
2026-06-04,Chemicals & Petrochemicals,11.4956,"BALAMINES, REFEX, ACUTAAS",33.0
2026-06-04,Cigarettes & Tobacco Products,6.56,GODFRYPHLP,27.0
2026-06-04,Commercial Services & Supplies,9.0725,"MSTCLTD, FSL, TEAMLEASE",30.0
2026-06-04,Construction,5.033,"CEMPRO, WABAG, CEIGALL",25.0
2026-06-04,Consumable Fuels,11.57,COALINDIA,33.0
2026-06-04,Consumer Durables,6.1488,"THANGAMAYL, SKYGOLD, V2RETAIL",26.0
2026-06-04,Diversified,-1.7513,"GODREJIND, CHOICEIN, BAJAJHLDNG",16.0
2026-06-04,Diversified FMCG,1.3957,"ZYDUSWELL, ABDL, VSTIND",20.0
2026-06-04,Diversified Metals,10.5379,"RAIN, SUNFLAG, IMFA",32.0
2026-06-04,Electrical Equipment,16.0945,"THERMAX, SKIPPER, RRKABEL",39.0
2026-06-04,Entertainment,11.748,"SAREGAMA, TIPSMUSIC, NAZARA",33.0
2026-06-04,Ferrous Metals,10.3439,"WELCORP, JINDALSAW, NSLNISP",31.0
2026-06-04,Fertilizers & Agrochemicals,1.6563,"GNFC, FACT, SUMICHEM",20.0
2026-06-04,Finance,3.2047,"IFCI, SAMMAANCAP, JSFB",22.0
2026-06-04,Financial Technology (Fintech),1.2217,"RTNINDIA, PAYTM, POLICYBZR",20.0
2026-06-04,Food Products,0.1857,"MARICO, NESTLEIND, BIKAJI",18.0
2026-06-04,Gas,7.0314,"ATGL, AEGISLOG, GUJGASLTD",27.0
2026-06-04,Healthcare Equipment & Supplies,0.51,POLYMED,19.0
2026-06-04,Healthcare Services,11.7515,"SHILPAMED, VIJAYA, THYROCARE",33.0
2026-06-04,Household Products,-14.29,JYOTHYLAB,0.0
2026-06-04,IT - Services,8.609,"RATEGAIN, NETWEB, TATATECH",29.0
2026-06-04,IT - Software,5.59,"OFSS, COFORGE, HEXT",25.0
2026-06-04,Industrial Manufacturing,13.2709,"MTARTECH, AVALON, LLOYDSENGG",35.0
2026-06-04,Industrial Products,8.3657,"SHAILY, SYRMA, AIAENG",29.0
2026-06-04,Insurance,0.3845,"STARHEALTH, NIVABUPA, GICRE",19.0
2026-06-04,Leisure Services,-0.6811,"SAMHI, RBA, INDHOTEL",17.0
2026-06-04,Media,2.2833,"ZEEL, NETWORK18, SUNTV",21.0
2026-06-04,Metals & Minerals Trading,21.175,"ADANIENT, MMTC",45.0
2026-06-04,Non - Ferrous Metals,6.518,"HINDALCO, NATIONALUM, GRAVITA",26.0
2026-06-04,Oil,4.605,"OIL, ONGC",24.0
2026-06-04,Other Construction Materials,5.0275,"CERA, KAJARIACER, CENTURYPLY",25.0
2026-06-04,Other Utilities,31.16,ADANIENSOL,58.0
2026-06-04,"Paper, Forest & Jute Products",0.72,JKPAPER,19.0
2026-06-04,Personal Products,1.645,"HONASA, SANOFICONR, GILLETTE",20.0
2026-06-04,Petroleum Products,-0.0378,"CHENNPETRO, CASTROLIND, HINDPETRO",18.0
2026-06-04,Pharmaceuticals & Biotechnology,11.9356,"SPARC, SUPRIYA, WOCKPHARMA",33.0
2026-06-04,Power,10.4008,"WEBELSOLAR, ACMESOLAR, ADANIPOWER",31.0
2026-06-04,Realty,1.26,"GANESHHOU, ANANTRAJ, MAXESTATES",20.0
2026-06-04,Retailing,1.3808,"VMART, VAIBHAVGBL, ARVINDFASN",20.0
2026-06-04,Telecom - Equipment & Accessories,64.278,"STLTECH, HFCL, TEJASNET",100.0
2026-06-04,Telecom - Services,13.0271,"IDEA, TATACOMM, TTML",35.0
2026-06-04,Textiles & Apparels,8.7092,"ARVIND, KPRMILL, WELSPUNLIV",29.0
2026-06-04,Transport Infrastructure,7.7986,"TITAGARH, ADANIPORTS, GMRAIRPORT",28.0
2026-06-04,Transport Services,2.2318,"SCI, TVSSCS, GESHIP",21.0
2026-06-05,Aerospace & Defense,12.1564,"ASTRAMICRO, PARAS, ZENTEC",37.0
2026-06-05,Agricultural Food & other Products,1.4243,"BALRAMCHIN, TATACONSUM, GODREJAGRO",22.0
2026-06-05,"Agricultural, Commercial & Construction Vehicles",-3.3125,"ACE, BEML, ESCORTS",15.0
2026-06-05,Auto Components,6.8358,"SANSERA, JBMA, MINDACORP",29.0
2026-06-05,Auto Components & Equipments,0.73,SKFINDIA,21.0
2026-06-05,Automobiles,9.0154,"OLAELEC, ATHERENERG, OLECTRA",32.0
2026-06-05,Banks,3.141,"J&KBANK, KTKBANK, YESBANK",24.0
2026-06-05,Beverages,7.77,"RADICO, VBL, UNITDSPR",31.0
2026-06-05,Capital Markets,8.6739,"ANGELONE, BSE, NUVAMA",32.0
2026-06-05,Cement & Cement Products,-1.4267,"GRASIM, BIRLACORPN, NUVOCO",18.0
2026-06-05,Chemicals & Petrochemicals,11.9967,"BALAMINES, ACUTAAS, HSCL",37.0
2026-06-05,Cigarettes & Tobacco Products,6.57,GODFRYPHLP,29.0
2026-06-05,Commercial Services & Supplies,8.59,"FSL, MSTCLTD, TEAMLEASE",32.0
2026-06-05,Construction,6.4183,"CEMPRO, WABAG, NBCC",29.0
2026-06-05,Consumable Fuels,9.27,COALINDIA,33.0
2026-06-05,Consumer Durables,6.5808,"THANGAMAYL, SKYGOLD, ICIL",29.0
2026-06-05,Diversified,-1.8775,"GODREJIND, BAJAJHLDNG, CHOICEIN",17.0
2026-06-05,Diversified FMCG,2.3871,"ZYDUSWELL, ABDL, VSTIND",23.0
2026-06-05,Diversified Metals,10.4929,"RAIN, SUNFLAG, LLOYDSENT",34.0
2026-06-05,Electrical Equipment,17.5672,"DIACABS, THERMAX, SKIPPER",44.0
2026-06-05,Entertainment,15.568,"SAREGAMA, TIPSMUSIC, NAZARA",42.0
2026-06-05,Ferrous Metals,11.2194,"WELCORP, LLOYDSME, JINDALSAW",35.0
2026-06-05,Fertilizers & Agrochemicals,3.2863,"FACT, PARADEEP, GNFC",24.0
2026-06-05,Finance,4.5984,"IFCI, SAMMAANCAP, CGCL",26.0
2026-06-05,Financial Technology (Fintech),1.765,"RTNINDIA, POLICYBZR, CCAVENUE",22.0
2026-06-05,Food Products,1.1486,"NESTLEIND, MARICO, BIKAJI",21.0
2026-06-05,Gas,9.5071,"ATGL, AEGISLOG, GAIL",33.0
2026-06-05,Healthcare Equipment & Supplies,-1.67,POLYMED,17.0
2026-06-05,Healthcare Services,12.824,"SHILPAMED, VIJAYA, THYROCARE",38.0
2026-06-05,Household Products,-14.18,JYOTHYLAB,0.0
2026-06-05,IT - Services,8.1429,"RATEGAIN, TATATECH, NETWEB",31.0
2026-06-05,IT - Software,6.2085,"OFSS, COFORGE, HEXT",28.0
2026-06-05,Industrial Manufacturing,14.6458,"MTARTECH, AVALON, LLOYDSENGG",40.0
2026-06-05,Industrial Products,10.005,"SYRMA, SHAILY, AIAENG",34.0
2026-06-05,Insurance,1.8027,"STARHEALTH, NIVABUPA, GICRE",22.0
2026-06-05,Leisure Services,0.4295,"RBA, SAMHI, INDHOTEL",20.0
2026-06-05,Media,10.42,"ZEEL, NETWORK18, SUNTV",34.0
2026-06-05,Metals & Minerals Trading,24.835,"ADANIENT, MMTC",54.0
2026-06-05,Non - Ferrous Metals,3.954,"HINDALCO, NATIONALUM, GRAVITA",25.0
2026-06-05,Oil,3.76,"OIL, ONGC",25.0
2026-06-05,Other Construction Materials,7.225,"CERA, KAJARIACER, CENTURYPLY",30.0
2026-06-05,Other Utilities,38.05,ADANIENSOL,73.0
2026-06-05,"Paper, Forest & Jute Products",4.61,JKPAPER,26.0
2026-06-05,Personal Products,2.7125,"HONASA, SANOFICONR, GILLETTE",24.0
2026-06-05,Petroleum Products,0.4256,"CHENNPETRO, CASTROLIND, HINDPETRO",20.0
2026-06-05,Pharmaceuticals & Biotechnology,12.0932,"SPARC, SUPRIYA, ORCHPHARMA",37.0
2026-06-05,Power,12.6962,"WEBELSOLAR, ADANIGREEN, ACMESOLAR",38.0
2026-06-05,Realty,1.7719,"GANESHHOU, ANANTRAJ, MAXESTATES",22.0
2026-06-05,Retailing,1.4077,"VMART, ARVINDFASN, ETERNAL",22.0
2026-06-05,Telecom - Equipment & Accessories,57.416,"STLTECH, HFCL, TEJASNET",100.0
2026-06-05,Telecom - Services,14.5429,"IDEA, TATACOMM, TTML",40.0
2026-06-05,Textiles & Apparels,9.17,"ARVIND, KPRMILL, WELSPUNLIV",33.0
2026-06-05,Transport Infrastructure,9.1671,"ADANIPORTS, TITAGARH, JSWINFRA",33.0
2026-06-05,Transport Services,3.0873,"TVSSCS, SCI, GESHIP",24.0
2026-06-08,Aerospace & Defense,10.5627,"ASTRAMICRO, PARAS, ZENTEC",41.0
2026-06-08,Agricultural Food & other Products,1.8714,"CCL, BALRAMCHIN, TATACONSUM",27.0
2026-06-08,"Agricultural, Commercial & Construction Vehicles",-3.745,"BEML, ACE, ESCORTS",18.0
2026-06-08,Auto Components,4.7573,"SANSERA, MINDACORP, EXIDEIND",31.0
2026-06-08,Auto Components & Equipments,-0.3,SKFINDIA,23.0
2026-06-08,Automobiles,6.7662,"OLAELEC, ATHERENERG, OLECTRA",35.0
2026-06-08,Banks,2.7579,"J&KBANK, SOUTHBANK, KTKBANK",28.0
2026-06-08,Beverages,7.0275,"RADICO, VBL, UNITDSPR",35.0
2026-06-08,Capital Markets,6.2672,"ANGELONE, BSE, NUVAMA",34.0
2026-06-08,Cement & Cement Products,-1.646,"GRASIM, BIRLACORPN, NUVOCO",21.0
2026-06-08,Chemicals & Petrochemicals,10.3818,"BALAMINES, ACUTAAS, DEEPAKFERT",40.0
2026-06-08,Cigarettes & Tobacco Products,3.08,GODFRYPHLP,29.0
2026-06-08,Commercial Services & Supplies,5.7188,"MSTCLTD, TEAMLEASE, IGIL",33.0
2026-06-08,Construction,4.7435,"CEMPRO, WABAG, NBCC",31.0
2026-06-08,Consumable Fuels,7.54,COALINDIA,36.0
2026-06-08,Consumer Durables,4.2475,"THANGAMAYL, SFL, SKYGOLD",31.0
2026-06-08,Diversified,-2.6687,"GODREJIND, 3MINDIA, CHOICEIN",20.0
2026-06-08,Diversified FMCG,2.6636,"ZYDUSWELL, ABDL, VSTIND",28.0
2026-06-08,Diversified Metals,6.2764,"RAIN, SUNFLAG, LLOYDSENT",34.0
2026-06-08,Electrical Equipment,14.0183,"SKIPPER, DIACABS, PREMIERENE",46.0
2026-06-08,Entertainment,12.298,"SAREGAMA, TIPSMUSIC, NAZARA",43.0
2026-06-08,Ferrous Metals,8.3522,"WELCORP, LLOYDSME, JINDALSAW",37.0
2026-06-08,Fertilizers & Agrochemicals,2.4906,"FACT, PARADEEP, GNFC",28.0
2026-06-08,Finance,2.3879,"IFCI, SAMMAANCAP, EQUITASBNK",28.0
2026-06-08,Financial Technology (Fintech),-0.2967,"RTNINDIA, POLICYBZR, CCAVENUE",23.0
2026-06-08,Food Products,1.1857,"NESTLEIND, MARICO, BIKAJI",26.0
2026-06-08,Gas,9.5586,"ATGL, AEGISLOG, GAIL",39.0
2026-06-08,Healthcare Equipment & Supplies,-1.72,POLYMED,21.0
2026-06-08,Healthcare Services,12.848,"SHILPAMED, THYROCARE, VIJAYA",44.0
2026-06-08,Household Products,-14.98,JYOTHYLAB,0.0
2026-06-08,IT - Services,7.0695,"RATEGAIN, TATATECH, CARTRADE",35.0
2026-06-08,IT - Software,4.185,"OFSS, COFORGE, HEXT",31.0
2026-06-08,Industrial Manufacturing,12.3509,"MTARTECH, AVALON, LLOYDSENGG",44.0
2026-06-08,Industrial Products,8.7686,"SHAILY, SYRMA, INOXINDIA",38.0
2026-06-08,Insurance,1.0236,"STARHEALTH, NIVABUPA, GICRE",25.0
2026-06-08,Leisure Services,0.0553,"THOMASCOOK, RBA, SAMHI",24.0
2026-06-08,Media,7.8233,"ZEEL, NETWORK18, SUNTV",36.0
2026-06-08,Metals & Minerals Trading,20.745,"ADANIENT, MMTC",57.0
2026-06-08,Non - Ferrous Metals,0.012,"HINDALCO, NATIONALUM, GRAVITA",24.0
2026-06-08,Oil,4.78,"OIL, ONGC",31.0
2026-06-08,Other Construction Materials,5.2875,"KAJARIACER, CERA, CENTURYPLY",32.0
2026-06-08,Other Utilities,37.48,ADANIENSOL,84.0
2026-06-08,"Paper, Forest & Jute Products",2.69,JKPAPER,28.0
2026-06-08,Personal Products,1.445,"HONASA, SANOFICONR, GILLETTE",26.0
2026-06-08,Petroleum Products,-0.8033,"CHENNPETRO, CASTROLIND, HINDPETRO",23.0
2026-06-08,Pharmaceuticals & Biotechnology,11.2576,"SPARC, ORCHPHARMA, SUPRIYA",42.0
2026-06-08,Power,11.2917,"ACMESOLAR, WEBELSOLAR, ADANIGREEN",42.0
2026-06-08,Realty,0.0371,"GANESHHOU, MAXESTATES, ANANTRAJ",24.0
2026-06-08,Retailing,2.5431,"VMART, ARVINDFASN, TRENT",28.0
2026-06-08,Telecom - Equipment & Accessories,47.796,"STLTECH, HFCL, TEJASNET",100.0
2026-06-08,Telecom - Services,11.9557,"IDEA, TATACOMM, TTML",43.0
2026-06-08,Textiles & Apparels,7.6946,"ARVIND, KPRMILL, PAGEIND",36.0
2026-06-08,Transport Infrastructure,7.0914,"TITAGARH, ADANIPORTS, GMRAIRPORT",35.0
2026-06-08,Transport Services,0.8936,"TVSSCS, SCI, INDIGO",25.0
2026-06-09,Aerospace & Defense,13.2673,"ASTRAMICRO, PARAS, UNIMECH",41.0
2026-06-09,Agricultural Food & other Products,1.7429,"CCL, BALRAMCHIN, GODREJAGRO",22.0
2026-06-09,"Agricultural, Commercial & Construction Vehicles",-2.2425,"ACE, BEML, ESCORTS",15.0
2026-06-09,Auto Components,6.0436,"SANSERA, MINDACORP, EXIDEIND",29.0
2026-06-09,Auto Components & Equipments,-0.56,SKFINDIA,18.0
2026-06-09,Automobiles,8.1238,"OLAELEC, ATHERENERG, OLECTRA",33.0
2026-06-09,Banks,6.1341,"J&KBANK, SOUTHBANK, KTKBANK",29.0
2026-06-09,Beverages,5.06,"RADICO, VBL, UNITDSPR",27.0
2026-06-09,Capital Markets,7.7878,"ANGELONE, BSE, NAM-INDIA",32.0
2026-06-09,Cement & Cement Products,-1.636,"GRASIM, NUVOCO, BIRLACORPN",16.0
2026-06-09,Chemicals & Petrochemicals,11.6751,"BALAMINES, DEEPAKFERT, GRWRHITECH",38.0
2026-06-09,Cigarettes & Tobacco Products,5.41,GODFRYPHLP,28.0
2026-06-09,Commercial Services & Supplies,8.0075,"MSTCLTD, TEAMLEASE, IGIL",32.0
2026-06-09,Construction,6.23,"CEMPRO, WABAG, NBCC",29.0
2026-06-09,Consumable Fuels,6.61,COALINDIA,30.0
2026-06-09,Consumer Durables,5.6037,"THANGAMAYL, SFL, SKYGOLD",28.0
2026-06-09,Diversified,-1.2637,"GODREJIND, BAJAJHLDNG, 3MINDIA",17.0
2026-06-09,Diversified FMCG,2.2064,"ZYDUSWELL, ABDL, VSTIND",23.0
2026-06-09,Diversified Metals,7.2457,"RAIN, SUNFLAG, LLOYDSENT",31.0
2026-06-09,Electrical Equipment,14.6462,"SKIPPER, DIACABS, TRITURBINE",43.0
2026-06-09,Entertainment,12.78,"SAREGAMA, TIPSMUSIC, NAZARA",40.0
2026-06-09,Ferrous Metals,8.1867,"WELCORP, JINDALSAW, NSLNISP",33.0
2026-06-09,Fertilizers & Agrochemicals,3.7925,"FACT, PARADEEP, GNFC",25.0
2026-06-09,Finance,3.9249,"IFCI, SAMMAANCAP, JSFB",25.0
2026-06-09,Financial Technology (Fintech),0.505,"RTNINDIA, POLICYBZR, PAYTM",20.0
2026-06-09,Food Products,1.3443,"NESTLEIND, BIKAJI, MARICO",21.0
2026-06-09,Gas,10.7971,"ATGL, AEGISLOG, GAIL",37.0
2026-06-09,Healthcare Equipment & Supplies,2.31,POLYMED,23.0
2026-06-09,Healthcare Services,11.6125,"SHILPAMED, THYROCARE, VIJAYA",38.0
2026-06-09,Household Products,-11.23,JYOTHYLAB,0.0
2026-06-09,IT - Services,7.95,"RATEGAIN, TATATECH, CARTRADE",32.0
2026-06-09,IT - Software,2.898,"OFSS, COFORGE, HEXT",24.0
2026-06-09,Industrial Manufacturing,13.1876,"MTARTECH, AVALON, LLOYDSENGG",41.0
2026-06-09,Industrial Products,9.76,"SHAILY, SYRMA, INOXINDIA",35.0
2026-06-09,Insurance,0.6855,"STARHEALTH, NIVABUPA, GICRE",20.0
2026-06-09,Leisure Services,1.8916,"THOMASCOOK, SAMHI, RBA",22.0
2026-06-09,Media,7.55,"ZEEL, NETWORK18, SUNTV",32.0
2026-06-09,Metals & Minerals Trading,21.765,"ADANIENT, MMTC",55.0
2026-06-09,Non - Ferrous Metals,0.9,"HINDALCO, NATIONALUM, GRAVITA",20.0
2026-06-09,Oil,1.21,"OIL, ONGC",21.0
2026-06-09,Other Construction Materials,5.815,"CERA, KAJARIACER, CENTURYPLY",29.0
2026-06-09,Other Utilities,36.93,ADANIENSOL,81.0
2026-06-09,"Paper, Forest & Jute Products",1.63,JKPAPER,22.0
2026-06-09,Personal Products,1.8737,"HONASA, SANOFICONR, GODREJCP",22.0
2026-06-09,Petroleum Products,0.8178,"CHENNPETRO, CASTROLIND, HINDPETRO",20.0
2026-06-09,Pharmaceuticals & Biotechnology,11.646,"SPARC, SUPRIYA, ORCHPHARMA",38.0
2026-06-09,Power,11.1671,"WEBELSOLAR, ADANIGREEN, ACMESOLAR",38.0
2026-06-09,Realty,1.5852,"GANESHHOU, MAXESTATES, PURVA",22.0
2026-06-09,Retailing,4.0392,"VMART, TRENT, ARVINDFASN",26.0
2026-06-09,Telecom - Equipment & Accessories,48.272,"STLTECH, HFCL, TEJASNET",100.0
2026-06-09,Telecom - Services,11.1786,"TATACOMM, IDEA, TTML",38.0
2026-06-09,Textiles & Apparels,7.3862,"ARVIND, KPRMILL, PAGEIND",31.0
2026-06-09,Transport Infrastructure,7.0343,"TITAGARH, ADANIPORTS, GMRAIRPORT",31.0
2026-06-09,Transport Services,2.3236,"TVSSCS, INDIGO, SCI",23.0
2026-06-10,Aerospace & Defense,13.8682,"PARAS, ASTRAMICRO, UNIMECH",41.0
2026-06-10,Agricultural Food & other Products,2.3071,"CCL, BALRAMCHIN, TRIVENI",21.0
2026-06-10,"Agricultural, Commercial & Construction Vehicles",-0.44,"BEML, ACE, ESCORTS",16.0
2026-06-10,Auto Components,7.2918,"SANSERA, MINDACORP, EXIDEIND",30.0
2026-06-10,Auto Components & Equipments,-0.78,SKFINDIA,16.0
2026-06-10,Automobiles,9.9862,"OLAELEC, ATHERENERG, OLECTRA",34.0
2026-06-10,Banks,7.5676,"J&KBANK, MAHABANK, SOUTHBANK",30.0
2026-06-10,Beverages,6.015,"VBL, RADICO, UNITDSPR",27.0
2026-06-10,Capital Markets,8.8028,"ANGELONE, BSE, ABSLAMC",32.0
2026-06-10,Cement & Cement Products,0.0267,"GRASIM, NUVOCO, STARCEMENT",17.0
2026-06-10,Chemicals & Petrochemicals,13.1736,"BALAMINES, GRWRHITECH, DEEPAKFERT",40.0
2026-06-10,Cigarettes & Tobacco Products,6.07,GODFRYPHLP,28.0
2026-06-10,Commercial Services & Supplies,9.055,"MSTCLTD, TEAMLEASE, IGIL",33.0
2026-06-10,Construction,7.6935,"CEMPRO, WABAG, NBCC",30.0
2026-06-10,Consumable Fuels,3.32,COALINDIA,23.0
2026-06-10,Consumer Durables,6.9313,"THANGAMAYL, SFL, SKYGOLD",29.0
2026-06-10,Diversified,0.1,"GODREJIND, BAJAJHLDNG, 3MINDIA",17.0
2026-06-10,Diversified FMCG,4.0086,"MANORAMA, ZYDUSWELL, ABDL",24.0
2026-06-10,Diversified Metals,7.695,"RAIN, SUNFLAG, LLOYDSENT",30.0
2026-06-10,Electrical Equipment,14.5234,"SKIPPER, DIACABS, RRKABEL",42.0
2026-06-10,Entertainment,12.778,"SAREGAMA, TIPSMUSIC, NAZARA",39.0
2026-06-10,Ferrous Metals,8.3972,"WELCORP, LLOYDSME, SHYAMMETL",32.0
2026-06-10,Fertilizers & Agrochemicals,5.855,"FACT, CHAMBLFERT, GNFC",27.0
2026-06-10,Finance,4.694,"IFCI, SAMMAANCAP, CGCL",25.0
2026-06-10,Financial Technology (Fintech),0.395,"RTNINDIA, POLICYBZR, PAYTM",18.0
2026-06-10,Food Products,3.68,"NESTLEIND, BIKAJI, MARICO",23.0
2026-06-10,Gas,13.6114,"ATGL, AEGISLOG, GAIL",41.0
2026-06-10,Healthcare Equipment & Supplies,-0.15,POLYMED,17.0
2026-06-10,Healthcare Services,12.1515,"SHILPAMED, THYROCARE, ASTERDM",38.0
2026-06-10,Household Products,-9.79,JYOTHYLAB,0.0
2026-06-10,IT - Services,10.5462,"RATEGAIN, CARTRADE, TATATECH",35.0
2026-06-10,IT - Software,3.784,"OFSS, COFORGE, HEXT",24.0
2026-06-10,Industrial Manufacturing,13.2767,"MTARTECH, AVALON, LLOYDSENGG",40.0
2026-06-10,Industrial Products,11.5241,"INOXINDIA, SYRMA, SHAILY",37.0
2026-06-10,Insurance,0.9709,"STARHEALTH, NIVABUPA, NIACL",19.0
2026-06-10,Leisure Services,3.9589,"THOMASCOOK, EASEMYTRIP, INDHOTEL",24.0
2026-06-10,Media,6.2667,"ZEEL, NETWORK18, SUNTV",28.0
2026-06-10,Metals & Minerals Trading,22.74,"ADANIENT, MMTC",56.0
2026-06-10,Non - Ferrous Metals,-0.164,"HINDALCO, GRAVITA, NATIONALUM",17.0
2026-06-10,Oil,-7.32,"ONGC, OIL",4.0
2026-06-10,Other Construction Materials,6.7525,"CERA, KAJARIACER, CENTURYPLY",29.0
2026-06-10,Other Utilities,36.5,ADANIENSOL,80.0
2026-06-10,"Paper, Forest & Jute Products",-0.14,JKPAPER,17.0
2026-06-10,Personal Products,3.5675,"HONASA, SANOFICONR, GODREJCP",23.0
2026-06-10,Petroleum Products,3.2756,"CHENNPETRO, CASTROLIND, AEGISVOPAK",23.0
2026-06-10,Pharmaceuticals & Biotechnology,12.2868,"SUPRIYA, SPARC, ORCHPHARMA",38.0
2026-06-10,Power,11.6496,"WEBELSOLAR, ADANIGREEN, ACMESOLAR",37.0
2026-06-10,Realty,2.1714,"GANESHHOU, MAXESTATES, PHOENIXLTD",21.0
2026-06-10,Retailing,4.6185,"VMART, TRENT, ARVINDFASN",25.0
2026-06-10,Telecom - Equipment & Accessories,47.812,"STLTECH, HFCL, TEJASNET",100.0
2026-06-10,Telecom - Services,11.0929,"TATACOMM, IDEA, TTML",36.0
2026-06-10,Textiles & Apparels,7.54,"ARVIND, KPRMILL, PAGEIND",30.0
2026-06-10,Transport Infrastructure,9.1843,"ADANIPORTS, TITAGARH, GMRAIRPORT",33.0
2026-06-10,Transport Services,3.0264,"TVSSCS, INDIGO, ALLCARGO",22.0
2026-06-11,Aerospace & Defense,8.4382,"PARAS, ASTRAMICRO, UNIMECH",35.0
2026-06-11,Agricultural Food & other Products,0.4371,"CCL, BALRAMCHIN, TRIVENI",19.0
2026-06-11,"Agricultural, Commercial & Construction Vehicles",-3.635,"ACE, BEML, ESCORTS",11.0
2026-06-11,Auto Components,4.2894,"MINDACORP, SANSERA, BANCOINDIA",27.0
2026-06-11,Auto Components & Equipments,-2.95,SKFINDIA,12.0
2026-06-11,Automobiles,6.61,"OLAELEC, ATHERENERG, OLECTRA",32.0
2026-06-11,Banks,4.4852,"J&KBANK, SOUTHBANK, MAHABANK",27.0
2026-06-11,Beverages,3.96,"VBL, RADICO, UNITDSPR",26.0
2026-06-11,Capital Markets,5.3344,"ANGELONE, BSE, PRUDENT",29.0
2026-06-11,Cement & Cement Products,-2.076,"GRASIM, INDIACEM, STARCEMENT",14.0
2026-06-11,Chemicals & Petrochemicals,9.6767,"BALAMINES, DEEPAKFERT, GRWRHITECH",38.0
2026-06-11,Cigarettes & Tobacco Products,0.45,GODFRYPHLP,19.0
2026-06-11,Commercial Services & Supplies,8.2,"MSTCLTD, TEAMLEASE, IGIL",35.0
2026-06-11,Construction,3.6748,"CEMPRO, CEIGALL, WABAG",26.0
2026-06-11,Consumable Fuels,0.45,COALINDIA,19.0
2026-06-11,Consumer Durables,3.5978,"THANGAMAYL, SFL, SKYGOLD",26.0
2026-06-11,Diversified,-1.7112,"GODREJIND, CHOICEIN, BAJAJHLDNG",15.0
2026-06-11,Diversified FMCG,3.0736,"ABDL, MANORAMA, ZYDUSWELL",25.0
2026-06-11,Diversified Metals,3.7264,"RAIN, SUNFLAG, LLOYDSENT",26.0
2026-06-11,Electrical Equipment,11.1083,"SKIPPER, APARINDS, RRKABEL",41.0
2026-06-11,Entertainment,10.406,"SAREGAMA, NAZARA, TIPSMUSIC",39.0
2026-06-11,Ferrous Metals,4.68,"WELCORP, SHYAMMETL, LLOYDSME",28.0
2026-06-11,Fertilizers & Agrochemicals,0.7963,"CHAMBLFERT, FACT, GNFC",20.0
2026-06-11,Finance,0.6363,"SAMMAANCAP, IFCI, CGCL",20.0
2026-06-11,Financial Technology (Fintech),-4.065,"RTNINDIA, POLICYBZR, PAYTM",10.0
2026-06-11,Food Products,1.2286,"BIKAJI, NESTLEIND, MARICO",21.0
2026-06-11,Gas,13.1843,"AEGISLOG, ATGL, GAIL",45.0
2026-06-11,Healthcare Equipment & Supplies,5.58,POLYMED,30.0
2026-06-11,Healthcare Services,9.752,"SHILPAMED, THYROCARE, ASTERDM",38.0
2026-06-11,Household Products,-9.13,JYOTHYLAB,0.0
2026-06-11,IT - Services,7.3024,"RATEGAIN, CARTRADE, TATATECH",33.0
2026-06-11,IT - Software,1.01,"OFSS, COFORGE, HEXT",20.0
2026-06-11,Industrial Manufacturing,9.1161,"AVALON, MTARTECH, QUESS",37.0
2026-06-11,Industrial Products,7.8318,"INOXINDIA, SYRMA, SHAILY",34.0
2026-06-11,Insurance,-1.6727,"NIVABUPA, STARHEALTH, LICI",15.0
2026-06-11,Leisure Services,0.1642,"THOMASCOOK, EASEMYTRIP, RBA",19.0
2026-06-11,Media,6.8333,"ZEEL, NETWORK18, SUNTV",32.0
2026-06-11,Metals & Minerals Trading,17.325,"ADANIENT, MMTC",53.0
2026-06-11,Non - Ferrous Metals,-4.47,"HINDALCO, GRAVITA, NATIONALUM",9.0
2026-06-11,Oil,-8.77,"ONGC, OIL",1.0
2026-06-11,Other Construction Materials,5.6275,"CERA, KAJARIACER, CENTURYPLY",30.0
2026-06-11,Other Utilities,25.85,ADANIENSOL,70.0
2026-06-11,"Paper, Forest & Jute Products",-0.28,JKPAPER,18.0
2026-06-11,Personal Products,0.885,"HONASA, SANOFICONR, GILLETTE",20.0
2026-06-11,Petroleum Products,-0.1589,"CHENNPETRO, AEGISVOPAK, CASTROLIND",18.0
2026-06-11,Pharmaceuticals & Biotechnology,10.6142,"SUPRIYA, ORCHPHARMA, SPARC",40.0
2026-06-11,Power,7.8888,"ADANIGREEN, ACMESOLAR, WEBELSOLAR",34.0
2026-06-11,Realty,-0.4,"GANESHHOU, MAXESTATES, PHOENIXLTD",18.0
2026-06-11,Retailing,2.3492,"VMART, ARVINDFASN, VAIBHAVGBL",23.0
2026-06-11,Telecom - Equipment & Accessories,40.56,"STLTECH, HFCL, TEJASNET",100.0
2026-06-11,Telecom - Services,8.1443,"TATACOMM, IDEA, TTML",35.0
2026-06-11,Textiles & Apparels,4.86,"ARVIND, KPRMILL, PAGEIND",28.0
2026-06-11,Transport Infrastructure,4.4414,"TITAGARH, ADANIPORTS, JSWINFRA",27.0
2026-06-11,Transport Services,-0.04,"TVSSCS, INDIGO, ALLCARGO",18.0
