signal_date,ticker,name,sector,signal_price,current_price,pattern,jump_pct,vol_score,dist_52w,ts_pre,ts_now,ts_gain,rs21_vel,return_since_signal,days_held,status
2026-06-03,BORORENEW.NS,Borosil Renewables Limited,Capital Goods,544.6,449.35,A+B,8.6,9.0,-24.5,31,75,44,2.3,-17.49,106,CLOSED
2026-06-03,OLAELEC.NS,OLAELEC.NS,Auto,43.7,36.79,A+B,9.8,10.0,-38.6,31,64,33,14.1,-15.81,106,CLOSED
2026-06-03,RHIM.NS,RHI Magnesita India Limited,Capital Goods,377.5,365.95,A-BigDay,9.5,8.0,-29.4,0,13,13,5.2,-3.06,106,CLOSED
2026-06-03,CARTRADE.NS,CarTrade Tech Limited,IT & Technology,1961.7,2938.0,A-BigDay,9.3,8.0,-40.4,25,28,3,-4.2,49.77,106,CLOSED
2026-06-03,LXCHEM.NS,Laxmi Organic Industries Limited,Chemicals,164.6,179.23,A-BigDay,9.2,7.0,-31.7,30,33,3,0.8,8.89,106,CLOSED
2026-06-03,TEJASNET.NS,Tejas Networks Limited,Telecom,569.2,524.25,A-BigDay,5.9,7.0,-23.8,76,78,2,-7.1,-7.9,106,CLOSED
2026-06-04,ZEEL.NS,Zee Entertainment Enterprises Limited,Media,104.4,78.31,A+B,10.5,9.0,-29.7,30,74,44,3.1,-24.99,105,CLOSED
2026-06-04,GANESHHOU.NS,Ganesh Housing Limited,Real Estate,758.2,751.65,A+B,5.4,8.0,-29.4,32,74,42,-3.6,-0.86,105,CLOSED
2026-06-04,ANANTRAJ.NS,Anant Raj Limited,Real Estate,589.3,596.9,A+B,7.5,7.0,-20.8,43,76,33,-2.2,1.29,105,CLOSED
2026-06-04,IIFL.NS,IIFL Finance Limited,Financial Services,530.3,596.55,A+B,6.3,7.0,-20.9,41,74,33,2.5,12.49,105,CLOSED
2026-06-04,JINDWORLD.NS,Jindal Worldwide Limited,Consumer Durables,30.3,49.0,B-TSJump,3.5,7.0,-52.9,28,59,31,-3.6,61.72,105,CLOSED
2026-06-04,RHIM.NS,RHI Magnesita India Limited,Capital Goods,401.1,365.95,A+B,6.3,8.0,-25.0,13,42,29,0.8,-8.76,105,CLOSED
2026-06-04,JISLJALEQS.NS,Jain Irrigation Systems Limited,Capital Goods,31.5,30.2,B-TSJump,8.1,6.0,-52.6,0,24,24,-4.1,-4.13,105,CLOSED
2026-06-04,RELINFRA.NS,Reliance Infrastructure Limited,Power & Utilities,77.9,73.61,B-TSJump,5.0,8.0,-81.6,0,22,22,2.0,-5.51,105,CLOSED
2026-06-04,OPTIEMUS.NS,Optiemus Infracom Limited,Telecom,454.3,610.0,A-BigDay,9.7,8.0,-36.3,29,32,3,4.3,34.27,105,CLOSED
2026-06-04,RTNINDIA.NS,RattanIndia Enterprises Limited,Financial Services,38.8,26.37,A-BigDay,10.0,7.0,-44.3,28,30,2,-3.1,-32.04,105,CLOSED
2026-06-04,BLUEJET.NS,Blue Jet Healthcare Limited,Pharma & Healthcare,475.6,568.2,A-BigDay,6.4,8.0,-53.6,26,27,1,0.1,19.47,105,CLOSED
2026-06-05,BBTC.NS,The Bombay Burmah Trading Corporation Limited,Consumer Goods,1529.1,1399.4,B-TSJump,2.6,8.0,-28.4,2,38,36,-0.5,-8.48,104,CLOSED
2026-06-05,RITES.NS,RITES Limited,Infrastructure,210.5,207.93,A+B,5.1,8.0,-31.3,1,29,28,1.7,-1.22,104,CLOSED
2026-06-05,NETWORK18.NS,Network18 Media & Investments Limited,Media,33.4,26.46,A+B,11.4,9.0,-48.8,0,25,25,8.2,-20.78,104,CLOSED
2026-06-05,QUESS.NS,Quess Corp Limited,Capital Goods,235.7,353.0,A-BigDay,9.6,9.0,-24.7,61,75,14,5.1,49.77,104,CLOSED
2026-06-05,GREAVESCOT.NS,Greaves Cotton Limited,Capital Goods,192.2,191.72,A-BigDay,5.0,8.0,-21.3,75,77,2,3.9,-0.25,104,CLOSED
2026-06-05,ZEEL.NS,Zee Entertainment Enterprises Limited,Media,112.3,78.31,A-BigDay,7.5,9.0,-24.4,74,76,2,5.0,-30.27,104,CLOSED
2026-06-08,SYNGENE.NS,Syngene International Limited,Pharma & Healthcare,449.5,380.2,B-TSJump,3.5,6.0,-38.3,0,26,26,-3.7,-15.42,101,CLOSED
2026-06-08,THOMASCOOK.NS,Thomas Cook (India) Limited,Hospitality,104.8,103.42,A+B,11.7,9.0,-44.2,0,26,26,14.7,-1.32,101,CLOSED
2026-06-08,CARTRADE.NS,CarTrade Tech Limited,IT & Technology,2069.8,2938.0,A-BigDay,5.7,8.0,-37.1,28,29,1,2.8,41.95,101,CLOSED
2026-06-09,CUB.NS,City Union Bank Limited,Banking,256.4,231.82,B-TSJump,3.8,10.0,-20.9,34,90,56,5.1,-9.59,100,CLOSED
2026-06-09,GARFIBRES.NS,Garware Technical Fibres Limited,Capital Goods,688.3,799.7,B-TSJump,4.9,10.0,-28.1,27,69,42,2.8,16.18,100,CLOSED
2026-06-09,VMART.NS,V-Mart Retail Limited,Retail,691.0,790.05,A+B,5.8,8.0,-26.9,33,75,42,6.4,14.33,100,CLOSED
2026-06-09,INDIGO.NS,InterGlobe Aviation Limited,Infrastructure,4537.6,4845.0,B-TSJump,4.1,9.0,-27.2,1,39,38,6.7,6.77,100,CLOSED
2026-06-09,BBTC.NS,The Bombay Burmah Trading Corporation Limited,Consumer Goods,1527.2,1399.4,B-TSJump,3.0,9.0,-28.4,2,38,36,4.3,-8.37,100,CLOSED
2026-06-09,BANCOINDIA.NS,Banco Products (India) Limited,Auto,681.5,593.05,A+B,8.5,7.0,-20.7,41,75,34,11.2,-12.98,100,CLOSED
2026-06-09,MRPL.NS,Mangalore Refinery and Petrochemicals Limited,Oil & Gas,160.3,163.77,A+B,5.8,8.0,-24.4,31,64,33,8.8,2.16,100,CLOSED
2026-06-09,IIFL.NS,IIFL Finance Limited,Financial Services,508.0,596.55,B-TSJump,3.3,9.0,-24.2,40,72,32,2.4,17.43,100,CLOSED
2026-06-09,AJAXENGG.NS,AJAXENGG.NS,Capital Goods,581.9,566.6,B-TSJump,3.3,9.0,-20.3,45,76,31,5.6,-2.63,100,CLOSED
2026-06-09,MOTILALOFS.NS,Motilal Oswal Financial Services Limited,Financial Services,864.3,988.7,A+B,5.3,8.0,-20.6,44,75,31,4.6,14.39,100,CLOSED
2026-06-09,OLECTRA.NS,Olectra Greentech Limited,Auto,1300.0,1186.2,B-TSJump,4.8,6.0,-24.2,44,75,31,4.9,-8.75,100,CLOSED
2026-06-09,UCOBANK.NS,UCO Bank,Banking,26.0,23.59,B-TSJump,4.0,7.0,-23.6,13,41,28,3.8,-9.27,100,CLOSED
2026-06-09,AARTIDRUGS.NS,Aarti Drugs Limited,Pharma & Healthcare,376.1,428.35,B-TSJump,2.7,7.0,-33.0,1,28,27,1.8,13.89,100,CLOSED
2026-06-09,ETHOSLTD.NS,Ethos Limited,Consumer Durables,2416.7,2651.0,B-TSJump,2.8,7.0,-25.6,15,42,27,-0.4,9.7,100,CLOSED
2026-06-09,IDBI.NS,IDBI Bank Limited,Banking,75.4,81.89,B-TSJump,4.9,7.0,-36.3,1,28,27,5.0,8.61,100,CLOSED
2026-06-09,PATELENG.NS,Patel Engineering Limited,Capital Goods,27.7,25.96,B-TSJump,5.3,6.0,-40.3,1,28,27,7.3,-6.28,100,CLOSED
2026-06-09,GATEWAY.NS,Gateway Distriparks Limited,Infrastructure,58.0,52.75,B-TSJump,2.6,6.0,-20.4,16,42,26,3.1,-9.05,100,CLOSED
2026-06-09,SUDARSCHEM.NS,Sudarshan Chemical Industries Limited,Chemicals,893.2,1205.4,B-TSJump,3.5,6.0,-44.3,0,26,26,6.1,34.95,100,CLOSED
2026-06-09,RAYMONDLSL.NS,Raymond Lifestyle Limited,Textiles,780.6,657.25,B-TSJump,5.3,6.0,-44.7,0,24,24,1.1,-15.8,100,CLOSED
2026-06-09,ACI.NS,Archean Chemical Industries Limited,Metals & Mining,544.3,462.4,A-BigDay,5.8,9.0,-24.8,10,13,3,1.6,-15.05,100,CLOSED
2026-06-09,RELAXO.NS,Relaxo Footwears Limited,Consumer Durables,347.1,313.7,A-BigDay,8.8,9.0,-34.0,29,32,3,11.7,-9.62,100,CLOSED
2026-06-09,CARTRADE.NS,CarTrade Tech Limited,IT & Technology,2187.6,2938.0,A-BigDay,5.7,9.0,-33.5,29,31,2,4.8,34.3,100,CLOSED
2026-06-09,CONCORDBIO.NS,Concord Biotech Limited,Pharma & Healthcare,1272.2,1461.1,A-BigDay,6.3,7.0,-40.5,26,28,2,6.0,14.85,100,CLOSED
2026-06-09,THOMASCOOK.NS,Thomas Cook (India) Limited,Hospitality,112.8,103.42,A-BigDay,7.7,9.0,-39.9,26,28,2,7.5,-8.32,100,CLOSED
2026-06-09,OLAELEC.NS,OLAELEC.NS,Auto,47.3,36.79,A-BigDay,6.5,9.0,-33.6,64,65,1,6.7,-22.22,100,CLOSED
2026-06-10,CARTRADE.NS,CarTrade Tech Limited,IT & Technology,2451.4,2938.0,A+B,12.1,9.0,-25.5,31,75,44,11.1,19.85,99,CLOSED
2026-06-10,CONCORDBIO.NS,Concord Biotech Limited,Pharma & Healthcare,1330.7,1461.1,B-TSJump,4.6,7.0,-37.7,28,59,31,7.7,9.8,99,CLOSED
2026-06-10,AFCONS.NS,AFCONS.NS,Infrastructure,330.0,267.3,B-TSJump,4.6,7.0,-31.1,2,30,28,-1.6,-19.0,99,CLOSED
2026-06-11,TATACHEM.NS,Tata Chemicals Limited,Chemicals,741.2,779.3,B-TSJump,2.9,6.0,-26.7,16,42,26,1.9,5.14,98,CLOSED
2026-06-11,ZEEL.NS,Zee Entertainment Enterprises Limited,Media,111.4,78.31,A-BigDay,8.3,9.0,-25.0,64,76,12,0.9,-29.7,98,CLOSED
2026-06-11,BLUEJET.NS,Blue Jet Healthcare Limited,Pharma & Healthcare,498.5,568.2,A-BigDay,6.1,9.0,-51.4,27,28,1,5.5,13.98,98,CLOSED
2026-06-12,JAMNAAUTO.NS,Jamna Auto Industries Limited,Auto,121.8,126.96,A+B,6.2,7.0,-20.2,34,91,57,8.3,4.24,97,CLOSED
2026-06-12,AIIL.NS,Authum Investment & Infrastructure Limited,Financial Services,530.2,527.2,A+B,15.3,9.0,-22.4,2,44,42,7.8,-0.57,97,CLOSED
2026-06-12,KIRLOSBROS.NS,Kirloskar Brothers Limited,Capital Goods,1729.4,1770.8,B-TSJump,3.9,7.0,-29.9,29,71,42,1.6,2.39,97,CLOSED
2026-06-12,HOMEFIRST.NS,Home First Finance Company India Limited,Financial Services,1109.3,1173.3,A+B,7.7,8.0,-26.6,2,41,39,8.2,5.77,97,CLOSED
2026-06-12,MGL.NS,Mahanagar Gas Limited,Oil & Gas,1094.9,1071.2,B-TSJump,3.2,8.0,-29.3,3,40,37,-1.6,-2.16,97,CLOSED
2026-06-12,IIFL.NS,IIFL Finance Limited,Financial Services,518.9,596.55,A+B,5.7,9.0,-22.6,40,73,33,4.8,14.96,97,CLOSED
2026-06-12,BORORENEW.NS,Borosil Renewables Limited,Capital Goods,544.6,449.35,A+B,5.4,9.0,-24.5,43,75,32,12.4,-17.49,97,CLOSED
2026-06-12,GRSE.NS,Garden Reach Shipbuilders & Engineers Limited,Aerospace & Defense,2648.7,2339.8,B-TSJump,4.4,8.0,-24.6,32,64,32,8.8,-11.66,97,CLOSED
2026-06-12,HCC.NS,Hindustan Construction Company Limited,Capital Goods,23.4,21.56,A+B,7.8,8.0,-35.9,31,63,32,9.8,-7.86,97,CLOSED
2026-06-12,INOXGREEN.NS,Inox Green Energy Services Limited,Power & Utilities,189.9,174.64,B-TSJump,5.6,6.0,-31.9,30,62,32,6.3,-8.04,97,CLOSED
2026-06-12,SURYAROSNI.NS,Surya Roshni Limited,Capital Goods,263.0,209.97,B-TSJump,5.2,6.0,-25.3,42,74,32,6.1,-20.16,97,CLOSED
2026-06-12,VAIBHAVGBL.NS,Vaibhav Global Limited,Retail,230.5,211.35,B-TSJump,3.1,7.0,-20.4,43,75,32,3.8,-8.31,97,CLOSED
2026-06-12,GREAVESCOT.NS,Greaves Cotton Limited,Capital Goods,185.0,191.72,B-TSJump,5.0,8.0,-24.3,44,75,31,4.9,3.63,97,CLOSED
2026-06-12,JINDWORLD.NS,Jindal Worldwide Limited,Consumer Durables,29.9,49.0,A+B,8.2,7.0,-53.5,27,58,31,11.1,63.88,97,CLOSED
2026-06-12,MRPL.NS,Mangalore Refinery and Petrochemicals Limited,Oil & Gas,161.0,163.77,B-TSJump,3.4,8.0,-24.1,33,64,31,6.1,1.72,97,CLOSED
2026-06-12,OLECTRA.NS,Olectra Greentech Limited,Auto,1296.0,1186.2,B-TSJump,3.5,7.0,-24.4,44,75,31,6.0,-8.47,97,CLOSED
2026-06-12,INDIASHLTR.NS,India Shelter Finance Corporation Limited,Financial Services,793.4,670.2,A+B,9.0,8.0,-21.6,12,42,30,7.7,-15.53,97,CLOSED
2026-06-12,BPCL.NS,Bharat Petroleum Corporation Limited,Oil & Gas,302.4,307.0,A+B,5.6,8.0,-22.8,10,39,29,9.0,1.52,97,CLOSED
2026-06-12,HINDPETRO.NS,Hindustan Petroleum Corporation Limited,Oil & Gas,388.9,350.6,A+B,6.3,9.0,-23.5,13,42,29,11.5,-9.85,97,CLOSED
2026-06-12,KRBL.NS,KRBL Limited,Consumer Goods,366.8,395.4,A+B,6.2,10.0,-25.2,15,43,28,14.0,7.8,97,CLOSED
2026-06-12,TTML.NS,Tata Teleservices (Maharashtra) Limited,Telecom,46.4,36.64,A+B,10.2,9.0,-41.7,2,30,28,8.9,-21.03,97,CLOSED
2026-06-12,AAVAS.NS,Aavas Financiers Limited,Financial Services,1405.7,1291.8,A+B,5.8,8.0,-34.7,3,30,27,6.1,-8.1,97,CLOSED
2026-06-12,HEMIPROP.NS,Hemisphere Properties India Limited,Real Estate,140.4,120.81,B-TSJump,3.4,6.0,-26.4,15,42,27,4.6,-13.95,97,CLOSED
2026-06-12,IDBI.NS,IDBI Bank Limited,Banking,75.4,81.89,B-TSJump,4.3,7.0,-36.3,1,28,27,4.6,8.61,97,CLOSED
2026-06-12,PCBL.NS,PCBL Chemical Limited,Chemicals,290.2,329.4,B-TSJump,4.5,10.0,-32.5,3,30,27,6.6,13.51,97,CLOSED
2026-06-12,SWSOLAR.NS,Sterling and Wilson Renewable Energy Limited,Power & Utilities,208.2,179.22,A+B,7.8,7.0,-40.3,2,29,27,8.4,-13.92,97,CLOSED
2026-06-12,UCOBANK.NS,UCO Bank,Banking,26.0,23.59,B-TSJump,3.5,8.0,-22.7,14,41,27,3.1,-9.27,97,CLOSED
2026-06-12,AFCONS.NS,AFCONS.NS,Infrastructure,326.0,267.3,B-TSJump,2.9,7.0,-32.0,3,29,26,1.1,-18.01,97,CLOSED
2026-06-12,DCAL.NS,Dishman Carbogen Amcis Limited,Pharma & Healthcare,184.6,162.11,B-TSJump,4.6,8.0,-42.6,3,29,26,-6.1,-12.18,97,CLOSED
2026-06-12,DHANUKA.NS,Dhanuka Agritech Limited,Chemicals,1081.2,982.25,B-TSJump,2.9,9.0,-45.3,0,26,26,-0.8,-9.15,97,CLOSED
2026-06-12,FINPIPE.NS,Finolex Industries Limited,Capital Goods,173.0,154.43,B-TSJump,2.6,6.0,-26.1,13,39,26,3.7,-10.73,97,CLOSED
2026-06-12,LODHA.NS,Lodha Developers Limited,Real Estate,899.3,1103.1,B-TSJump,3.6,8.0,-40.2,3,29,26,5.6,22.66,97,CLOSED
2026-06-12,OSWALPUMPS.NS,OSWALPUMPS.NS,Capital Goods,398.2,273.3,B-TSJump,6.9,6.0,-55.2,0,26,26,7.4,-31.37,97,CLOSED
2026-06-12,PARADEEP.NS,Paradeep Phosphates Limited,Chemicals,126.2,153.81,B-TSJump,3.9,7.0,-45.9,0,26,26,7.6,21.88,97,CLOSED
2026-06-12,PATELENG.NS,Patel Engineering Limited,Capital Goods,27.3,25.96,B-TSJump,4.2,9.0,-40.2,1,27,26,7.0,-4.91,97,CLOSED
2026-06-12,SUMICHEM.NS,Sumitomo Chemical India Limited,Chemicals,461.9,455.45,B-TSJump,3.0,9.0,-30.6,4,30,26,1.3,-1.4,97,CLOSED
2026-06-12,TANLA.NS,Tanla Platforms Limited,IT & Technology,513.7,495.15,B-TSJump,2.6,7.0,-31.5,6,32,26,6.6,-3.61,97,CLOSED
2026-06-12,TARIL.NS,TARIL.NS,Capital Goods,315.1,276.0,B-TSJump,4.9,7.0,-45.5,2,28,26,7.4,-12.41,97,CLOSED
2026-06-12,VIPIND.NS,V.I.P. Industries Limited,Consumer Durables,315.0,304.25,A+B,5.7,9.0,-36.0,0,26,26,1.5,-3.41,97,CLOSED
2026-06-12,WEBELSOLAR.NS,Websol Energy System Limited,Power & Utilities,103.6,71.74,B-TSJump,3.7,6.0,-34.1,54,80,26,6.9,-30.75,97,CLOSED
2026-06-12,IXIGO.NS,IXIGO.NS,Consumer Durables,178.2,160.06,A+B,12.2,9.0,-47.5,0,25,25,10.1,-10.18,97,CLOSED
2026-06-12,RAYMONDLSL.NS,Raymond Lifestyle Limited,Textiles,794.8,657.25,B-TSJump,3.3,7.0,-43.7,0,25,25,5.4,-17.31,97,CLOSED
2026-06-12,SHAKTIPUMP.NS,Shakti Pumps (India) Limited,Capital Goods,537.2,464.1,A+B,5.9,7.0,-48.7,0,25,25,9.1,-13.61,97,CLOSED
2026-06-12,AEGISVOPAK.NS,AEGISVOPAK.NS,Oil & Gas,217.9,310.7,A-BigDay,9.4,8.0,-27.9,29,43,14,8.3,42.59,97,CLOSED
2026-06-12,SHARDACROP.NS,Sharda Cropchem Limited,Chemicals,923.3,741.7,A-BigDay,5.4,8.0,-28.8,17,30,13,20.7,-19.67,97,CLOSED
2026-06-12,STARCEMENT.NS,Star Cement Limited,Cement & Materials,218.6,188.33,A-BigDay,5.2,7.0,-28.9,0,11,11,4.9,-13.85,97,CLOSED
2026-06-12,TBOTEK.NS,TBOTEK.NS,IT & Technology,1352.8,1647.7,A-BigDay,7.7,9.0,-23.4,40,44,4,7.1,21.8,97,CLOSED
2026-06-12,CEATLTD.NS,CEAT Limited,Auto,3334.3,3431.1,A-BigDay,5.9,9.0,-24.9,9,12,3,4.6,2.9,97,CLOSED
2026-06-12,APTUS.NS,Aptus Value Housing Finance India Limited,Financial Services,271.7,239.16,A-BigDay,5.1,9.0,-24.1,43,45,2,5.0,-11.98,97,CLOSED
2026-06-12,JKTYRE.NS,JK Tyre & Industries Limited,Auto,378.2,348.55,A-BigDay,7.3,7.0,-38.2,0,2,2,6.6,-7.84,97,CLOSED
2026-06-12,REFEX.NS,Refex Industries Limited,Chemicals,311.0,271.75,A-BigDay,5.0,9.0,-38.3,60,62,2,-4.8,-12.62,97,CLOSED
2026-06-12,LATENTVIEW.NS,Latent View Analytics Limited,IT & Technology,301.2,255.0,A-BigDay,5.3,7.0,-41.8,0,1,1,0.7,-15.34,97,CLOSED
2026-06-12,NETWORK18.NS,Network18 Media & Investments Limited,Media,31.5,26.46,A-BigDay,6.0,8.0,-51.7,0,0,0,5.6,-16.0,97,CLOSED
2026-06-12,PGEL.NS,PG Electroplast Limited,Consumer Durables,483.3,529.35,A-BigDay,5.3,9.0,-42.2,0,0,0,5.6,9.53,97,CLOSED
2026-06-15,SUMICHEM.NS,Sumitomo Chemical India Limited,Chemicals,474.5,455.45,B-TSJump,2.7,8.0,-28.6,30,72,42,4.6,-4.01,94,CLOSED
2026-06-15,GOKEX.NS,Gokaldas Exports Limited,Textiles,721.8,727.55,A+B,7.0,7.0,-26.0,5,43,38,9.6,0.8,94,CLOSED
2026-06-15,RAILTEL.NS,RailTel Corporation of India Limited,Telecom,318.8,259.25,B-TSJump,3.2,6.0,-27.4,4,42,38,7.1,-18.68,94,CLOSED
2026-06-15,CDSL.NS,Central Depository Services (India) Limited,Financial Services,1265.7,1349.4,B-TSJump,3.1,8.0,-29.7,0,37,37,5.3,6.61,94,CLOSED
2026-06-15,AEGISVOPAK.NS,AEGISVOPAK.NS,Oil & Gas,231.7,310.7,A+B,6.4,9.0,-23.3,43,75,32,9.5,34.1,94,CLOSED
2026-06-15,BALKRISIND.NS,Balkrishna Industries Limited,Auto,2192.5,2170.8,A+B,8.9,7.0,-21.4,7,39,32,12.6,-0.99,94,CLOSED
2026-06-15,GUJGASLTD.NS,Gujarat Energy Limited,Oil & Gas,399.7,247.7,B-TSJump,3.0,7.0,-20.4,43,75,32,3.3,-38.03,94,CLOSED
2026-06-15,ASKAUTOLTD.NS,ASKAUTOLTD.NS,Auto,452.0,618.9,B-TSJump,5.3,6.0,-21.9,13,42,29,5.0,36.92,94,CLOSED
2026-06-15,VENTIVE.NS,VENTIVE.NS,Hospitality,653.5,561.75,A+B,5.5,9.0,-22.0,13,42,29,11.4,-14.04,94,CLOSED
2026-06-15,APOLLOTYRE.NS,Apollo Tyres Limited,Auto,414.4,412.15,B-TSJump,4.6,10.0,-22.8,11,39,28,12.7,-0.54,94,CLOSED
2026-06-15,ASHOKA.NS,Ashoka Buildcon Limited,Infrastructure,132.5,108.8,B-TSJump,7.7,6.0,-39.4,1,29,28,11.7,-17.89,94,CLOSED
2026-06-15,CEATLTD.NS,CEAT Limited,Auto,3455.3,3431.1,B-TSJump,3.6,9.0,-22.1,12,40,28,9.4,-0.7,94,CLOSED
2026-06-15,GULFOILLUB.NS,Gulf Oil Lubricants India Limited,Oil & Gas,979.6,1064.0,B-TSJump,4.3,8.0,-23.4,11,39,28,8.8,8.62,94,CLOSED
2026-06-15,ARVINDFASN.NS,Arvind Fashions Limited,Retail,461.6,425.05,B-TSJump,2.5,9.0,-20.3,17,44,27,2.9,-7.92,94,CLOSED
2026-06-15,FIVESTAR.NS,Five-Star Business Finance Limited,Financial Services,466.8,530.95,B-TSJump,6.3,6.0,-41.1,2,29,27,10.0,13.74,94,CLOSED
2026-06-15,IOC.NS,Indian Oil Corporation Limited,Oil & Gas,144.5,134.27,B-TSJump,2.5,8.0,-22.6,12,39,27,10.0,-7.08,94,CLOSED
2026-06-15,AFFLE.NS,Affle 3i Limited,IT & Technology,1486.4,1545.6,B-TSJump,2.8,7.0,-32.0,2,28,26,6.2,3.98,94,CLOSED
2026-06-15,BIRLACORPN.NS,Birla Corporation Limited,Cement & Materials,981.3,811.15,B-TSJump,3.2,7.0,-35.6,3,29,26,4.7,-17.34,94,CLOSED
2026-06-15,ITCHOTELS.NS,ITCHOTELS.NS,Hospitality,159.0,154.33,B-TSJump,3.2,6.0,-38.8,0,26,26,5.4,-2.94,94,CLOSED
2026-06-15,WESTLIFE.NS,Westlife Foodworld Limited,Hospitality,473.4,549.05,B-TSJump,6.2,6.0,-42.1,0,26,26,7.0,15.98,94,CLOSED
2026-06-15,AURIONPRO.NS,Aurionpro Solutions Limited,IT & Technology,852.5,705.0,A+B,9.7,10.0,-48.6,0,25,25,14.4,-17.3,94,CLOSED
2026-06-15,CLEAN.NS,Clean Science and Technology Limited,Chemicals,791.6,828.15,B-TSJump,2.9,8.0,-47.7,0,25,25,12.7,4.62,94,CLOSED
2026-06-15,DBREALTY.NS,Valor Estate Limited,Real Estate,115.0,94.73,B-TSJump,2.8,8.0,-54.5,1,26,25,13.3,-17.63,94,CLOSED
2026-06-15,SAFARI.NS,Safari Industries (India) Limited,Consumer Durables,1636.0,1511.4,A-BigDay,6.6,9.0,-34.8,25,28,3,9.7,-7.62,94,CLOSED
2026-06-15,KALYANKJIL.NS,Kalyan Jewellers India Limited,Consumer Durables,383.0,581.45,A-BigDay,11.1,9.0,-37.8,0,1,1,16.1,51.81,94,CLOSED
2026-06-15,TRENT.NS,Trent Limited,Retail,2901.1,2789.0,A-BigDay,5.3,8.0,-53.6,25,26,1,8.8,-3.86,94,CLOSED
2026-06-16,AGI.NS,AGI Greenpac Limited,Consumer Durables,702.0,733.75,A+B,6.3,9.0,-29.9,31,74,43,8.2,4.52,93,CLOSED
2026-06-16,SONATSOFTW.NS,Sonata Software Limited,IT & Technology,311.2,281.65,A+B,19.6,9.0,-29.8,2,44,42,20.3,-9.5,93,CLOSED
2026-06-16,MGL.NS,Mahanagar Gas Limited,Oil & Gas,1185.6,1071.2,B-TSJump,4.1,9.0,-23.5,42,74,32,7.9,-9.65,93,CLOSED
2026-06-16,CARTRADE.NS,CarTrade Tech Limited,IT & Technology,2383.8,2938.0,B-TSJump,2.5,9.0,-27.6,44,75,31,4.7,23.25,93,CLOSED
2026-06-16,AHLUCONT.NS,Ahluwalia Contracts (India) Limited,Infrastructure,837.5,567.6,B-TSJump,3.6,6.0,-25.5,16,43,27,5.0,-32.23,93,CLOSED
2026-06-16,PGEL.NS,PG Electroplast Limited,Consumer Durables,527.5,529.35,A+B,7.0,9.0,-36.9,0,27,27,12.7,0.35,93,CLOSED
2026-06-16,AWL.NS,AWL Agri Business Limited,Consumer Goods,197.3,184.04,B-TSJump,3.2,6.0,-31.0,1,27,26,2.6,-6.72,93,CLOSED
2026-06-16,BRIGADE.NS,Brigade Enterprises Limited,Real Estate,720.2,620.9,A+B,5.3,9.0,-40.4,0,26,26,10.2,-13.79,93,CLOSED
2026-06-16,MASTEK.NS,Mastek Limited,IT & Technology,1663.8,1630.1,B-TSJump,2.9,7.0,-40.3,1,27,26,-3.5,-2.03,93,CLOSED
2026-06-16,NETWORK18.NS,Network18 Media & Investments Limited,Media,33.8,26.46,B-TSJump,3.7,8.0,-48.3,0,26,26,4.6,-21.72,93,CLOSED
2026-06-16,NFL.NS,National Fertilizers Limited,Chemicals,77.7,66.84,B-TSJump,2.6,7.0,-24.4,15,41,26,2.3,-13.98,93,CLOSED
2026-06-16,SAPPHIRE.NS,Sapphire Foods India Limited,Hospitality,181.7,233.24,B-TSJump,4.7,6.0,-50.6,0,26,26,2.3,28.37,93,CLOSED
2026-06-16,CCAVENUE.NS,AvenuesAI Limited,Financial Services,14.3,16.32,B-TSJump,3.8,6.0,-37.7,0,25,25,3.2,14.13,93,CLOSED
2026-06-16,HCC.NS,Hindustan Construction Company Limited,Capital Goods,25.5,21.56,A-BigDay,6.8,9.0,-23.6,75,78,3,10.9,-15.45,93,CLOSED
2026-06-16,PARADEEP.NS,Paradeep Phosphates Limited,Chemicals,134.2,153.81,A-BigDay,5.2,8.0,-42.5,27,28,1,3.0,14.61,93,CLOSED
2026-06-16,ABREL.NS,Aditya Birla Real Estate Limited,Real Estate,1315.7,1257.4,A-BigDay,6.1,7.0,-48.1,0,0,0,8.2,-4.43,93,CLOSED
2026-06-17,ANUP.NS,The Anup Engineering Limited,Capital Goods,2132.4,1646.6,A+B,8.5,9.0,-27.4,6,75,69,8.7,-22.78,92,CLOSED
2026-06-17,EMIL.NS,Electronics Mart India Limited,Consumer Durables,118.5,185.07,A+B,6.1,8.0,-29.7,5,73,68,8.6,56.18,92,CLOSED
2026-06-17,IRFC.NS,Indian Railway Finance Corporation Limited,Financial Services,100.4,79.31,B-TSJump,2.9,6.0,-28.5,1,38,37,4.7,-21.01,92,CLOSED
2026-06-17,CHALET.NS,CHALET.NS,Hospitality,781.0,842.3,B-TSJump,3.3,7.0,-27.7,1,37,36,3.1,7.85,92,CLOSED
2026-06-17,ACE.NS,Action Construction Equipment Limited,Auto,962.1,1205.6,B-TSJump,3.4,8.0,-22.0,42,74,32,2.9,25.31,92,CLOSED
2026-06-17,AAVAS.NS,Aavas Financiers Limited,Financial Services,1452.4,1291.8,B-TSJump,4.2,8.0,-32.5,30,61,31,4.1,-11.06,92,CLOSED
2026-06-17,MAZDOCK.NS,Mazagon Dock Shipbuilders Limited,Infrastructure,2552.4,2210.0,B-TSJump,3.4,7.0,-23.8,15,42,27,5.0,-13.41,92,CLOSED
2026-06-17,KFINTECH.NS,KFin Technologies Limited,Financial Services,898.5,897.0,B-TSJump,4.3,8.0,-34.9,0,26,26,3.8,-0.17,92,CLOSED
2026-06-17,NUVOCO.NS,Nuvoco Vistas Corporation Limited,Cement & Materials,320.2,319.0,B-TSJump,3.2,7.0,-32.9,1,27,26,4.2,-0.37,92,CLOSED
2026-06-17,PNCINFRA.NS,PNC Infratech Limited,Infrastructure,213.1,139.55,B-TSJump,2.9,6.0,-35.6,4,30,26,5.4,-34.51,92,CLOSED
2026-06-17,IDBI.NS,IDBI Bank Limited,Banking,90.4,81.89,A-BigDay,17.1,9.0,-23.7,29,45,16,13.5,-9.41,92,CLOSED
2026-06-17,PATELENG.NS,Patel Engineering Limited,Capital Goods,30.7,25.96,A-BigDay,6.9,9.0,-28.3,30,43,13,8.5,-15.44,92,CLOSED
2026-06-17,CARTRADE.NS,CarTrade Tech Limited,IT & Technology,2614.9,2938.0,A-BigDay,9.7,9.0,-20.5,75,78,3,11.0,12.36,92,CLOSED
2026-06-17,OLECTRA.NS,Olectra Greentech Limited,Auto,1354.9,1186.2,A-BigDay,6.7,7.0,-21.0,75,77,2,6.8,-12.45,92,CLOSED
2026-06-17,OPTIEMUS.NS,Optiemus Infracom Limited,Telecom,451.1,610.0,A-BigDay,5.1,9.0,-36.7,30,32,2,5.6,35.23,92,CLOSED
2026-06-17,TRENT.NS,Trent Limited,Retail,3102.8,2789.0,A-BigDay,7.1,9.0,-50.4,26,27,1,7.0,-10.11,92,CLOSED
2026-06-18,FIVESTAR.NS,Five-Star Business Finance Limited,Financial Services,518.8,530.95,A+B,6.9,9.0,-34.5,30,62,32,11.3,2.34,91,CLOSED
2026-06-18,PGEL.NS,PG Electroplast Limited,Consumer Durables,564.2,529.35,B-TSJump,3.4,9.0,-32.5,29,60,31,6.3,-6.18,91,CLOSED
2026-06-18,BOSCH-HCIL.NS,Bosch Home Comfort India Limited,Consumer Durables,1407.0,1668.3,A+B,10.0,9.0,-22.4,15,45,30,10.7,18.57,91,CLOSED
2026-06-18,BATAINDIA.NS,Bata India Limited,Textiles,789.9,636.65,A+B,16.4,9.0,-38.4,0,29,29,18.3,-19.4,91,CLOSED
2026-06-18,IMAGICAA.NS,Imagicaaworld Entertainment Limited,Media,45.9,51.18,A+B,5.5,7.0,-36.0,1,28,27,9.8,11.5,91,CLOSED
2026-06-18,TATAINVEST.NS,Tata Investment Corporation Limited,Financial Services,694.2,719.3,B-TSJump,2.7,8.0,-41.1,2,28,26,3.9,3.62,91,CLOSED
2026-06-18,CCAVENUE.NS,AvenuesAI Limited,Financial Services,15.0,16.32,A-BigDay,5.1,7.0,-28.3,26,38,12,6.6,8.8,91,CLOSED
2026-06-18,BIRLACORPN.NS,Birla Corporation Limited,Cement & Materials,1049.7,811.15,A-BigDay,6.6,8.0,-31.1,29,32,3,6.1,-22.73,91,CLOSED
2026-06-18,KNRCON.NS,KNR Constructions Limited,Infrastructure,139.1,120.86,A-BigDay,5.7,7.0,-43.1,26,27,1,2.8,-13.11,91,CLOSED
2026-06-19,BAJAJHFL.NS,BAJAJHFL.NS,Financial Services,88.4,82.7,B-TSJump,2.9,8.0,-28.7,3,40,37,4.8,-6.45,90,CLOSED
2026-06-19,TARIL.NS,TARIL.NS,Capital Goods,357.5,276.0,A+B,10.1,9.0,-38.2,29,62,33,10.8,-22.8,90,CLOSED
2026-06-19,PATELENG.NS,Patel Engineering Limited,Capital Goods,31.0,25.96,B-TSJump,3.4,9.0,-27.5,42,74,32,4.9,-16.26,90,CLOSED
2026-06-19,POONAWALLA.NS,Poonawalla Fincorp Limited,Financial Services,426.7,432.8,A+B,5.5,8.0,-25.2,12,40,28,8.0,1.43,90,CLOSED
2026-06-19,BLACKBUCK.NS,BlackBuck Limited,IT & Technology,574.0,611.5,B-TSJump,4.3,9.0,-23.3,17,44,27,13.5,6.53,90,CLOSED
2026-06-19,INDIASHLTR.NS,India Shelter Finance Corporation Limited,Financial Services,784.3,670.2,B-TSJump,3.4,8.0,-21.4,15,42,27,5.1,-14.55,90,CLOSED
2026-06-19,SBFC.NS,SBFC Finance Limited,Financial Services,95.4,93.32,B-TSJump,3.8,9.0,-22.4,14,41,27,5.5,-2.18,90,CLOSED
2026-06-19,DBREALTY.NS,Valor Estate Limited,Real Estate,118.1,94.73,B-TSJump,4.0,8.0,-53.2,1,27,26,4.1,-19.79,90,CLOSED
2026-06-19,GLAXO.NS,GlaxoSmithKline Pharmaceuticals Limited,Pharma & Healthcare,2332.0,2799.9,B-TSJump,2.9,7.0,-31.7,0,26,26,7.0,20.06,90,CLOSED
2026-06-19,KEC.NS,KEC International Limited,Infrastructure,541.5,401.95,B-TSJump,3.0,8.0,-42.5,0,25,25,2.5,-25.77,90,CLOSED
2026-06-19,REFEX.NS,Refex Industries Limited,Chemicals,336.9,271.75,A-BigDay,5.7,9.0,-29.1,64,75,11,8.0,-19.34,90,CLOSED
2026-06-19,ITCHOTELS.NS,ITCHOTELS.NS,Hospitality,170.9,154.33,A-BigDay,6.1,9.0,-34.2,27,29,2,7.5,-9.7,90,CLOSED
2026-06-19,JISLJALEQS.NS,Jain Irrigation Systems Limited,Capital Goods,34.9,30.2,A-BigDay,5.1,9.0,-44.4,25,27,2,5.4,-13.47,90,CLOSED
2026-06-19,SWSOLAR.NS,Sterling and Wilson Renewable Energy Limited,Power & Utilities,235.5,179.22,A-BigDay,6.0,8.0,-30.9,62,64,2,7.5,-23.9,90,CLOSED
2026-06-19,JINDWORLD.NS,Jindal Worldwide Limited,Consumer Durables,32.4,49.0,A-BigDay,6.7,7.0,-49.5,59,60,1,10.2,51.23,90,CLOSED
2026-06-22,SUBROS.NS,Subros Limited,Consumer Durables,856.0,689.6,A+B,14.5,9.0,-29.5,2,72,70,13.1,-19.44,87,CLOSED
2026-06-22,IONEXCHANG.NS,IONEXCHANG.NS,Capital Goods,390.9,424.35,B-TSJump,5.5,6.0,-32.5,17,74,57,2.0,8.56,87,CLOSED
2026-06-22,POLYMED.NS,Poly Medicure Limited,Pharma & Healthcare,1671.4,1712.7,A+B,6.9,7.0,-27.7,31,73,42,8.7,2.47,87,CLOSED
2026-06-22,KSCL.NS,Kaveri Seed Company Limited,Chemicals,944.2,703.35,A+B,11.1,9.0,-25.6,3,43,40,11.0,-25.51,87,CLOSED
2026-06-22,GRINFRA.NS,G R Infraprojects Limited,Capital Goods,959.1,829.05,A+B,7.1,7.0,-31.9,1,29,28,8.3,-13.56,87,CLOSED
2026-06-22,IMAGICAA.NS,Imagicaaworld Entertainment Limited,Media,48.0,51.18,A+B,7.8,8.0,-33.1,2,30,28,6.2,6.63,87,CLOSED
2026-06-22,LEMONTREE.NS,Lemon Tree Hotels Limited,Hospitality,118.8,104.06,B-TSJump,5.1,6.0,-34.3,0,28,28,2.3,-12.41,87,CLOSED
2026-06-22,DBL.NS,Dilip Buildcon Limited,Capital Goods,454.9,408.35,B-TSJump,3.5,7.0,-22.2,14,41,27,4.4,-10.23,87,CLOSED
2026-06-22,ETHOSLTD.NS,Ethos Limited,Consumer Durables,2452.0,2651.0,B-TSJump,3.0,6.0,-24.5,16,43,27,1.4,8.12,87,CLOSED
2026-06-22,CLEAN.NS,Clean Science and Technology Limited,Chemicals,821.1,828.15,B-TSJump,5.0,9.0,-45.7,0,26,26,8.8,0.86,87,CLOSED
2026-06-22,EIEL.NS,EIEL.NS,Infrastructure,224.9,199.64,A-BigDay,9.2,8.0,-26.6,63,75,12,-1.2,-11.23,87,CLOSED
2026-06-22,IDBI.NS,IDBI Bank Limited,Banking,87.7,81.89,A-BigDay,5.6,9.0,-26.0,42,44,2,7.7,-6.62,87,CLOSED
2026-06-22,LXCHEM.NS,Laxmi Organic Industries Limited,Chemicals,162.9,179.23,A-BigDay,6.9,9.0,-32.4,31,33,2,11.1,10.02,87,CLOSED
2026-06-23,BASF.NS,BASF India Limited,Chemicals,3745.8,3601.6,B-TSJump,4.8,9.0,-28.5,2,39,37,6.8,-3.85,86,CLOSED
2026-06-23,PPLPHARMA.NS,Piramal Pharma Limited,Pharma & Healthcare,168.9,204.71,A+B,6.5,8.0,-23.5,14,43,29,6.1,21.2,86,CLOSED
2026-06-23,AARTIPHARM.NS,Aarti Pharmalabs Limited,Pharma & Healthcare,710.6,826.95,B-TSJump,4.8,6.0,-26.5,13,40,27,9.1,16.37,86,CLOSED
2026-06-23,COHANCE.NS,COHANCE.NS,Pharma & Healthcare,457.8,439.95,A+B,13.0,9.0,-59.2,0,27,27,10.3,-3.9,86,CLOSED
2026-06-24,HOMEFIRST.NS,Home First Finance Company India Limited,Financial Services,1163.5,1173.3,B-TSJump,3.5,7.0,-23.1,42,74,32,0.4,0.84,85,CLOSED
2026-06-24,IMAGICAA.NS,Imagicaaworld Entertainment Limited,Media,49.9,51.18,A+B,5.5,8.0,-30.4,30,62,32,4.9,2.57,85,CLOSED
2026-06-24,M&MFIN.NS,Mahindra & Mahindra Financial Services Limited,Financial Services,310.9,345.7,A+B,6.7,8.0,-24.6,14,42,28,7.9,11.19,85,CLOSED
2026-06-24,TECHM.NS,Tech Mahindra Limited,IT & Technology,1461.6,1561.0,B-TSJump,3.2,6.0,-21.2,12,39,27,2.2,6.8,85,CLOSED
2026-06-24,BRIGADE.NS,Brigade Enterprises Limited,Real Estate,543.5,620.9,B-TSJump,3.8,7.0,-38.2,1,27,26,6.0,14.24,85,CLOSED
2026-06-25,WAAREERTL.NS,Waaree Renewable Technologies Limited,Power & Utilities,1020.7,811.05,B-TSJump,3.7,7.0,-24.8,31,88,57,4.2,-20.54,84,CLOSED
2026-06-25,RELAXO.NS,Relaxo Footwears Limited,Consumer Durables,413.5,313.7,A+B,12.1,9.0,-21.4,44,78,34,14.5,-24.14,84,CLOSED
2026-06-25,M&MFIN.NS,Mahindra & Mahindra Financial Services Limited,Financial Services,328.5,345.7,A+B,5.7,9.0,-20.3,42,75,33,5.7,5.24,84,CLOSED
2026-06-25,MSUMI.NS,Motherson Sumi Wiring India Limited,Auto,41.3,36.07,A+B,9.1,9.0,-23.0,9,40,31,7.5,-12.66,84,CLOSED
2026-06-25,MARUTI.NS,Maruti Suzuki India Limited,Auto,13745.0,12338.0,B-TSJump,3.8,8.0,-20.9,12,40,28,2.5,-10.24,84,CLOSED
2026-06-25,ASHOKLEY.NS,Ashok Leyland Limited,Auto,160.7,158.62,B-TSJump,3.7,8.0,-24.1,18,45,27,1.7,-1.29,84,CLOSED
2026-06-25,ABREL.NS,Aditya Birla Real Estate Limited,Real Estate,1346.7,1257.4,B-TSJump,3.2,8.0,-45.2,0,26,26,4.6,-6.63,84,CLOSED
2026-06-26,M&MFIN.NS,Mahindra & Mahindra Financial Services Limited,Financial Services,328.5,345.7,A-BigDay,5.7,9.0,-20.3,75,75,0,0.6,5.24,83,CLOSED
2026-06-26,MSUMI.NS,Motherson Sumi Wiring India Limited,Auto,41.3,36.07,A-BigDay,9.1,9.0,-23.0,40,40,0,0.6,-12.66,83,CLOSED
2026-06-26,RELAXO.NS,Relaxo Footwears Limited,Consumer Durables,413.5,313.7,A-BigDay,12.1,9.0,-21.4,78,78,0,0.6,-24.14,83,CLOSED
2026-06-29,TSFINV.NS,TSF Investments Limited,Financial Services,444.0,445.95,A+B,11.9,9.0,-35.8,1,30,29,11.0,0.44,80,CLOSED
2026-06-30,GLAXO.NS,GlaxoSmithKline Pharmaceuticals Limited,Pharma & Healthcare,2450.3,2799.9,B-TSJump,4.1,8.0,-27.3,27,69,42,6.2,14.27,79,CLOSED
2026-06-30,APLLTD.NS,Alembic Pharmaceuticals Limited,Pharma & Healthcare,822.8,826.0,B-TSJump,4.6,9.0,-24.9,40,73,33,10.1,0.39,79,CLOSED
2026-06-30,BANCOINDIA.NS,Banco Products (India) Limited,Auto,670.3,593.05,B-TSJump,2.6,8.0,-22.0,43,75,32,-1.8,-11.52,79,CLOSED
2026-06-30,FIVESTAR.NS,Five-Star Business Finance Limited,Financial Services,505.1,530.95,B-TSJump,3.7,9.0,-36.2,30,62,32,6.1,5.12,79,CLOSED
2026-06-30,IMAGICAA.NS,Imagicaaworld Entertainment Limited,Media,48.7,51.18,B-TSJump,4.4,8.0,-31.2,29,61,32,4.2,5.09,79,CLOSED
2026-06-30,APTUS.NS,Aptus Value Housing Finance India Limited,Financial Services,278.9,239.16,B-TSJump,4.4,9.0,-22.1,44,75,31,5.7,-14.25,79,CLOSED
2026-06-30,TARIL.NS,TARIL.NS,Capital Goods,351.4,276.0,A+B,5.6,9.0,-39.3,30,61,31,9.3,-21.46,79,CLOSED
2026-06-30,COROMANDEL.NS,Coromandel International Limited,Chemicals,2005.0,1929.8,B-TSJump,4.8,7.0,-26.0,12,39,27,7.8,-3.75,79,CLOSED
2026-06-30,COCHINSHIP.NS,Cochin Shipyard Limited,Infrastructure,1507.9,1334.3,A-BigDay,5.6,9.0,-27.5,4,16,12,9.2,-11.51,79,CLOSED
2026-06-30,OLAELEC.NS,OLAELEC.NS,Auto,43.8,36.79,A-BigDay,8.4,8.0,-38.6,77,79,2,7.1,-16.0,79,CLOSED
2026-07-01,ETERNAL.NS,Eternal Limited,Retail,279.7,322.35,A+B,5.7,8.0,-24.1,41,73,32,7.9,15.25,78,CLOSED
2026-07-01,OPTIEMUS.NS,Optiemus Infracom Limited,Telecom,485.4,610.0,B-TSJump,4.5,6.0,-31.9,33,64,31,3.9,25.67,78,CLOSED
2026-07-01,PGEL.NS,PG Electroplast Limited,Consumer Durables,550.8,529.35,B-TSJump,3.3,9.0,-34.1,28,59,31,4.8,-3.89,78,CLOSED
2026-07-01,DABUR.NS,Dabur India Limited,Consumer Goods,444.8,384.55,A+B,5.3,8.0,-22.5,9,38,29,8.4,-13.55,78,CLOSED
2026-07-01,SUNTECK.NS,Sunteck Realty Limited,Real Estate,326.7,281.25,A+B,5.1,8.0,-30.9,1,29,28,10.1,-13.91,78,CLOSED
2026-07-01,AARTIPHARM.NS,Aarti Pharmalabs Limited,Pharma & Healthcare,701.7,826.95,B-TSJump,3.2,7.0,-27.4,13,40,27,4.4,17.85,78,CLOSED
2026-07-01,BEML.NS,BEML Limited,Auto,1825.7,2013.3,B-TSJump,3.7,6.0,-22.6,18,45,27,2.9,10.28,78,CLOSED
2026-07-01,BLACKBUCK.NS,BlackBuck Limited,IT & Technology,548.4,611.5,B-TSJump,3.3,9.0,-26.7,15,42,27,3.8,11.51,78,CLOSED
2026-07-01,JMFINANCIL.NS,JM Financial Limited,Diversified,129.0,122.51,A+B,5.4,7.0,-33.8,0,27,27,12.8,-5.03,78,CLOSED
2026-07-01,TEXRAIL.NS,Texmaco Rail & Engineering Limited,Infrastructure,112.0,111.69,B-TSJump,4.0,6.0,-37.4,4,31,27,7.1,-0.28,78,CLOSED
2026-07-01,ABREL.NS,Aditya Birla Real Estate Limited,Real Estate,1396.0,1257.4,A+B,5.5,9.0,-43.2,1,27,26,6.8,-9.93,78,CLOSED
2026-07-01,JUSTDIAL.NS,Just Dial Limited,IT & Technology,548.7,674.05,B-TSJump,4.5,8.0,-42.7,0,25,25,4.9,22.84,78,CLOSED
2026-07-01,ROUTE.NS,Route Mobile Limited,IT & Technology,532.0,492.6,B-TSJump,2.5,6.0,-47.8,1,26,25,-0.8,-7.41,78,CLOSED
2026-07-01,EMIL.NS,Electronics Mart India Limited,Consumer Durables,127.8,185.07,A-BigDay,5.0,9.0,-24.1,74,90,16,7.1,44.81,78,CLOSED
2026-07-01,RHIM.NS,RHI Magnesita India Limited,Capital Goods,387.7,365.95,A-BigDay,5.4,9.0,-27.5,2,15,13,13.6,-5.61,78,CLOSED
2026-07-01,JUBLINGREA.NS,Jubilant Ingrevia Limited,Chemicals,640.8,633.25,A-BigDay,5.4,7.0,-24.3,27,31,4,7.8,-1.18,78,CLOSED
2026-07-01,IXIGO.NS,IXIGO.NS,Consumer Durables,214.0,160.06,A-BigDay,8.8,9.0,-36.9,28,31,3,18.6,-25.21,78,CLOSED
2026-07-01,HEXT.NS,Hexaware Technologies Limited,IT & Technology,551.7,526.45,A-BigDay,7.1,8.0,-37.0,28,30,2,0.4,-4.58,78,CLOSED
2026-07-01,HOMEFIRST.NS,Home First Finance Company India Limited,Financial Services,1201.6,1173.3,A-BigDay,5.5,9.0,-20.5,73,75,2,6.7,-2.36,78,CLOSED
2026-07-01,RPOWER.NS,Reliance Power Limited,Power & Utilities,27.2,21.05,A-BigDay,9.4,7.0,-61.7,0,0,0,8.9,-22.61,78,CLOSED
2026-07-02,FORCEMOT.NS,Force Motors Limited,Auto,19367.0,17650.0,A+B,5.7,7.0,-26.8,6,43,37,4.1,-8.87,77,CLOSED
2026-07-02,EUREKAFORB.NS,Eureka Forbes Limited,Consumer Durables,480.9,391.1,B-TSJump,3.3,7.0,-28.0,3,39,36,6.9,-18.67,77,CLOSED
2026-07-02,BALKRISIND.NS,Balkrishna Industries Limited,Auto,2230.2,2170.8,B-TSJump,2.8,8.0,-20.0,13,40,27,3.9,-2.66,77,CLOSED
2026-07-02,ABFRL.NS,Aditya Birla Fashion and Retail Limited,Retail,61.9,50.45,A-BigDay,5.5,8.0,-34.8,0,2,2,9.3,-18.5,77,CLOSED
2026-07-02,FIVESTAR.NS,Five-Star Business Finance Limited,Financial Services,543.9,530.95,A-BigDay,5.1,9.0,-31.3,62,64,2,11.9,-2.38,77,CLOSED
2026-07-02,ADVANCE.NS,ADVANCE.NS,Agricultural Inputs,114.8,111.67,A-BigDay,7.5,8.0,-25.4,64,64,0,0.0,-2.73,77,CLOSED
2026-07-02,ALLTIME.NS,ALLTIME.NS,Household & Personal Products,255.3,208.01,A-BigDay,6.7,8.0,-23.8,74,74,0,0.0,-18.52,77,CLOSED
2026-07-02,ANDHRSUGAR.NS,ANDHRSUGAR.NS,Chemicals,83.8,93.59,A-BigDay,5.8,7.0,-21.8,63,63,0,0.0,11.68,77,CLOSED
2026-07-02,CHEMPLASTS.NS,CHEMPLASTS.NS,Chemicals,212.7,167.8,A-BigDay,5.3,9.0,-55.5,0,0,0,0.0,-21.11,77,CLOSED
2026-07-02,CONTROLPR.NS,CONTROLPR.NS,Business Equipment & Supplies,711.6,603.5,A-BigDay,12.5,9.0,-22.0,75,75,0,0.0,-15.19,77,CLOSED
2026-07-02,DELTACORP.NS,DELTACORP.NS,Resorts & Casinos,67.9,56.15,A-BigDay,6.4,8.0,-31.3,22,22,0,0.0,-17.3,77,CLOSED
2026-07-02,DIAMINESQ.NS,DIAMINESQ.NS,Chemicals,268.5,255.04,A-BigDay,8.7,8.0,-40.2,58,58,0,0.0,-5.01,77,CLOSED
2026-07-02,EPACKPEB.NS,EPACKPEB.NS,Engineering & Construction,258.2,222.26,A-BigDay,5.0,9.0,-24.9,67,67,0,0.0,-13.92,77,CLOSED
2026-07-02,EXCELSOFT.NS,EXCELSOFT.NS,Software - Application,81.8,79.8,A-BigDay,8.9,8.0,-42.6,22,22,0,0.0,-2.44,77,CLOSED
2026-07-02,GOODYEAR.NS,GOODYEAR.NS,Auto Parts,799.8,800.4,A-BigDay,5.8,7.0,-37.2,45,45,0,0.0,0.08,77,CLOSED
2026-07-03,ELGIRUBCO.NS,ELGIRUBCO.NS,Auto Parts,55.3,60.81,A+B,20.0,9.0,-38.9,2,62,60,29.7,9.96,76,CLOSED
2026-07-03,BVCL.NS,BVCL.NS,Building Materials,46.0,40.89,A+B,11.3,8.0,-34.3,3,62,59,13.5,-11.11,76,CLOSED
2026-07-03,GANECOS.NS,Ganesha Ecosphere Limited,Textiles,1027.8,990.6,A+B,11.8,9.0,-34.8,19,78,59,14.9,-3.62,76,CLOSED
2026-07-03,AMBUJACEM.NS,Ambuja Cements Limited,Cement & Materials,443.4,383.25,B-TSJump,3.4,8.0,-28.7,0,37,37,8.7,-13.57,76,CLOSED
2026-07-03,HITECH.NS,HITECH.NS,Steel,89.4,73.74,B-TSJump,4.0,7.0,-29.9,4,41,37,3.0,-17.52,76,CLOSED
2026-07-03,ANANTRAJ.NS,Anant Raj Limited,Real Estate,554.7,596.9,B-TSJump,3.2,7.0,-25.4,42,74,32,2.1,7.61,76,CLOSED
2026-07-03,GROBTEA.NS,GROBTEA.NS,Farm Products,955.2,930.0,A+B,5.8,7.0,-22.7,12,41,29,8.4,-2.64,76,CLOSED
2026-07-03,BEDMUTHA.NS,BEDMUTHA.NS,Steel,111.6,112.1,B-TSJump,2.8,8.0,-32.4,1,28,27,7.7,0.45,76,CLOSED
2026-07-03,ACC.NS,ACC Limited,Cement & Materials,1393.8,1232.5,B-TSJump,3.2,8.0,-30.9,0,26,26,9.2,-11.57,76,CLOSED
2026-07-03,ARIHANTCAP.NS,ARIHANTCAP.NS,Capital Markets,71.0,81.21,B-TSJump,3.1,8.0,-40.8,1,27,26,4.7,14.38,76,CLOSED
2026-07-03,DOLLAR.NS,DOLLAR.NS,Apparel Manufacturing,276.8,267.0,B-TSJump,2.9,9.0,-35.1,3,29,26,9.1,-3.54,76,CLOSED
2026-07-03,DIGITIDE.NS,DIGITIDE.NS,Specialty Business Services,102.2,84.82,A+B,15.4,9.0,-63.5,0,25,25,16.9,-17.01,76,CLOSED
2026-07-03,ECLERX.NS,eClerx Services Limited,Capital Goods,1488.8,1923.0,A+B,7.0,8.0,-40.4,0,25,25,14.2,29.16,76,CLOSED
2026-07-03,AVG.NS,AVG.NS,Integrated Freight & Logistics,224.2,170.5,A-BigDay,7.3,9.0,-26.4,65,77,12,13.0,-23.95,76,CLOSED
2026-07-03,COSMOFIRST.NS,COSMOFIRST.NS,Packaging & Containers,853.1,879.9,A-BigDay,6.1,9.0,-29.5,77,89,12,10.8,3.14,76,CLOSED
2026-07-03,DENTA.NS,DENTA.NS,Engineering & Construction,352.9,278.4,A-BigDay,6.4,9.0,-26.4,63,75,12,12.0,-21.11,76,CLOSED
2026-07-03,DCW.NS,DCW.NS,Chemicals,50.4,45.42,A-BigDay,5.4,8.0,-40.1,27,29,2,7.0,-9.88,76,CLOSED
2026-07-03,FOODSIN.NS,FOODSIN.NS,Packaged Foods,63.1,54.79,A-BigDay,9.2,8.0,-46.5,26,28,2,14.5,-13.17,76,CLOSED
2026-07-03,HCLTECH.NS,HCL Technologies Limited,IT & Technology,1139.0,1258.3,A-BigDay,5.6,7.0,-34.8,0,0,0,10.2,10.47,76,CLOSED
2026-07-06,63MOONS.NS,63MOONS.NS,IT - Software,700.7,872.65,A+B,6.5,8.0,-37.9,4,61,57,7.8,24.54,73,CLOSED
2026-07-06,AARTECH.NS,AARTECH.NS,Electrical Equipment,57.5,51.4,A+B,20.0,9.0,-24.4,31,76,45,30.8,-10.61,73,CLOSED
2026-07-06,DIXON.NS,Dixon Technologies (India) Limited,Consumer Durables,13304.0,13290.0,A+B,6.8,9.0,-28.0,30,73,43,12.1,-0.11,73,CLOSED
2026-07-06,DIGITIDE.NS,DIGITIDE.NS,Commercial Services & Supplies,120.6,84.82,A+B,17.9,9.0,-56.9,25,58,33,28.1,-29.67,73,CLOSED
2026-07-06,ABBOTINDIA.NS,Abbott India Limited,Pharma & Healthcare,26860.0,25910.0,B-TSJump,3.7,6.0,-23.9,8,36,28,7.6,-3.54,73,CLOSED
2026-07-06,ADVENTHTL.NS,ADVENTHTL.NS,Leisure Services,151.2,127.04,A+B,7.6,7.0,-56.2,18,45,27,16.8,-15.98,73,CLOSED
2026-07-06,BRIGADE.NS,Brigade Enterprises Limited,Real Estate,537.3,620.9,B-TSJump,4.6,8.0,-37.1,0,27,27,9.6,15.56,73,CLOSED
2026-07-06,DEVIT.NS,DEVIT.NS,IT - Services,29.0,23.43,A+B,5.8,9.0,-42.8,1,28,27,15.8,-19.21,73,CLOSED
2026-07-06,ARIHANTSUP.NS,ARIHANTSUP.NS,Realty,270.9,228.95,B-TSJump,4.7,9.0,-41.7,3,29,26,14.7,-15.49,73,CLOSED
2026-07-06,CLEAN.NS,Clean Science and Technology Limited,Chemicals,792.7,828.15,B-TSJump,2.5,7.0,-46.5,0,26,26,8.8,4.47,73,CLOSED
2026-07-06,FINKURVE.NS,FINKURVE.NS,Finance,69.0,75.05,B-TSJump,4.9,9.0,-48.9,22,48,26,7.7,8.77,73,CLOSED
2026-07-06,DCMSRIND.NS,DCMSRIND.NS,Food Products,41.0,38.39,B-TSJump,6.2,6.0,-77.2,0,22,22,3.9,-6.37,73,CLOSED
2026-07-06,ELGIRUBCO.NS,ELGIRUBCO.NS,Auto Components,61.0,60.81,A-BigDay,10.4,8.0,-32.5,62,65,3,19.0,-0.31,73,CLOSED
2026-07-06,CORALFINAC.NS,CORALFINAC.NS,Realty,35.0,32.35,A-BigDay,5.5,7.0,-32.7,30,32,2,10.1,-7.57,73,CLOSED
2026-07-07,HLEGLAS.NS,HLEGLAS.NS,Capital Goods,404.4,415.65,B-TSJump,4.4,8.0,-38.9,31,62,31,12.3,2.78,72,CLOSED
2026-07-07,HAVELLS.NS,Havells India Limited,Consumer Durables,1225.0,1092.0,B-TSJump,3.7,7.0,-23.8,9,37,28,8.1,-10.86,72,CLOSED
2026-07-07,AMJLAND.NS,AMJLAND.NS,Real Estate,39.4,36.48,B-TSJump,4.1,6.0,-39.3,2,28,26,10.0,-7.41,72,CLOSED
2026-07-07,HCLTECH.NS,HCL Technologies Limited,IT & Technology,1168.2,1258.3,B-TSJump,3.0,8.0,-33.1,0,26,26,8.0,7.71,72,CLOSED
2026-07-08,HLEGLAS.NS,HLEGLAS.NS,Capital Goods,404.4,415.65,B-TSJump,4.4,8.0,-38.9,31,62,31,12.3,2.78,71,CLOSED
2026-07-08,HAVELLS.NS,Havells India Limited,Consumer Durables,1225.0,1092.0,B-TSJump,3.7,7.0,-23.8,9,37,28,8.1,-10.86,71,CLOSED
2026-07-08,AMJLAND.NS,AMJLAND.NS,Real Estate,39.4,36.48,B-TSJump,4.1,6.0,-39.3,2,28,26,10.0,-7.41,71,CLOSED
2026-07-08,HCLTECH.NS,HCL Technologies Limited,IT & Technology,1168.2,1258.3,B-TSJump,3.0,8.0,-33.1,0,26,26,8.0,7.71,71,CLOSED
2026-07-10,ANANTRAJ.NS,Anant Raj Limited,Real Estate,585.8,596.9,B-TSJump,2.9,8.0,-21.2,42,76,34,13.8,1.89,69,CLOSED
2026-07-10,BIRLAMONEY.NS,BIRLAMONEY.NS,Financial Services,149.9,120.63,B-TSJump,4.8,9.0,-24.1,44,76,32,10.2,-19.53,69,CLOSED
2026-07-10,BRIGADE.NS,Brigade Enterprises Limited,Real Estate,574.6,620.9,A+B,7.6,8.0,-32.7,0,30,30,10.3,8.06,69,CLOSED
2026-07-10,FSL.NS,Firstsource Solutions Limited,Capital Goods,259.7,273.1,A+B,6.9,7.0,-30.4,3,31,28,12.6,5.16,69,CLOSED
2026-07-10,ELLEN.NS,ELLEN.NS,Chemicals,294.2,371.0,A+B,10.0,8.0,-53.9,1,28,27,12.3,26.1,69,CLOSED
2026-07-10,HAPPSTMNDS.NS,Happiest Minds Technologies Limited,IT & Technology,386.3,327.9,A+B,5.7,8.0,-39.9,0,26,26,15.8,-15.12,69,CLOSED
2026-07-10,COHANCE.NS,COHANCE.NS,Pharma & Healthcare,451.9,439.95,B-TSJump,2.7,9.0,-59.7,2,27,25,6.0,-2.64,69,CLOSED
2026-07-10,EMSLIMITED.NS,EMSLIMITED.NS,Infrastructure,458.1,364.5,A-BigDay,9.3,9.0,-29.9,62,75,13,29.6,-20.43,69,CLOSED
2026-07-10,CEWATER.NS,CEWATER.NS,Power & Utilities,352.6,256.5,A-BigDay,10.4,9.0,-46.2,26,29,3,13.7,-27.25,69,CLOSED
2026-07-10,BLUEJET.NS,Blue Jet Healthcare Limited,Pharma & Healthcare,624.0,568.2,A-BigDay,8.6,9.0,-39.2,61,63,2,-2.3,-8.94,69,CLOSED
2026-07-10,HEG.NS,HEG Limited,Capital Goods,545.0,225.8,A-BigDay,6.0,8.0,-21.0,30,32,2,7.1,-58.57,69,CLOSED
2026-07-10,DENTA.NS,DENTA.NS,Infrastructure,353.0,278.4,A-BigDay,7.1,9.0,-26.4,75,75,0,7.7,-21.13,69,CLOSED
2026-07-10,GUJAPOLLO.NS,GUJAPOLLO.NS,Capital Goods,368.6,324.0,A-BigDay,5.7,7.0,-33.4,0,0,0,11.7,-12.1,69,CLOSED
2026-07-13,BFUTILITIE.NS,BFUTILITIE.NS,Infrastructure,672.5,564.0,A+B,16.2,9.0,-25.2,7,77,70,13.8,-16.13,66,CLOSED
2026-07-13,ASHAPURMIN.NS,ASHAPURMIN.NS,Metals & Mining,703.5,517.6,B-TSJump,8.8,6.0,-23.9,23,90,67,8.2,-26.43,66,CLOSED
2026-07-13,DEN.NS,DEN.NS,Media,30.1,26.45,B-TSJump,3.1,8.0,-29.3,30,72,42,-4.0,-12.13,66,CLOSED
2026-07-13,BCLIND.NS,BCLIND.NS,Consumer Goods,37.2,33.17,A+B,8.5,9.0,-24.1,52,90,38,11.4,-10.83,66,CLOSED
2026-07-13,63MOONS.NS,63MOONS.NS,IT & Technology,734.2,872.65,A+B,8.2,7.0,-34.9,30,63,33,9.8,18.86,66,CLOSED
2026-07-13,ARKADE.NS,ARKADE.NS,Real Estate,140.9,117.22,A+B,6.3,9.0,-33.7,30,63,33,7.7,-16.81,66,CLOSED
2026-07-13,FMGOETZE.NS,FMGOETZE.NS,Auto,471.2,447.5,B-TSJump,3.9,8.0,-23.0,42,74,32,8.4,-5.03,66,CLOSED
2026-07-13,BEARDSELL.NS,BEARDSELL.NS,Cement & Materials,29.5,24.23,B-TSJump,4.9,6.0,-23.6,44,75,31,0.4,-17.86,66,CLOSED
2026-07-13,ADSL.NS,ADSL.NS,IT & Technology,125.7,96.99,B-TSJump,4.7,7.0,-40.0,4,30,26,3.9,-22.84,66,CLOSED
2026-07-13,EPACK.NS,EPACK.NS,Consumer Durables,241.8,180.82,B-TSJump,3.6,6.0,-41.7,1,27,26,4.4,-25.22,66,CLOSED
2026-07-13,HITECH.NS,HITECH.NS,Metals & Mining,89.1,73.74,B-TSJump,2.5,6.0,-30.1,4,30,26,1.7,-17.24,66,CLOSED
2026-07-13,BLKASHYAP.NS,BLKASHYAP.NS,Infrastructure,59.5,52.87,A-BigDay,7.6,8.0,-25.7,77,90,13,6.2,-11.14,66,CLOSED
2026-07-13,BOROLTD.NS,BOROLTD.NS,Consumer Durables,257.0,253.4,A-BigDay,10.8,9.0,-35.4,23,28,5,11.3,-1.4,66,CLOSED
2026-07-13,FINOPB.NS,FINOPB.NS,Banking,161.3,136.43,A-BigDay,19.2,10.0,-52.4,24,27,3,18.5,-15.42,66,CLOSED
2026-07-13,ASAHISONG.NS,ASAHISONG.NS,Chemicals,284.0,365.15,A-BigDay,5.3,8.0,-37.1,75,77,2,5.8,28.57,66,CLOSED
2026-07-13,BIRLAMONEY.NS,BIRLAMONEY.NS,Financial Services,157.8,120.63,A-BigDay,5.3,10.0,-20.1,76,78,2,-0.6,-23.56,66,CLOSED
2026-07-13,CCCL.NS,CCCL.NS,Infrastructure,17.4,13.69,A-BigDay,7.2,8.0,-39.7,27,29,2,8.2,-21.32,66,CLOSED
2026-07-13,EPIGRAL.NS,Epigral Limited,Chemicals,1068.5,1101.4,A-BigDay,9.3,7.0,-49.2,0,2,2,5.5,3.08,66,CLOSED
2026-07-13,HAPPSTMNDS.NS,Happiest Minds Technologies Limited,IT & Technology,407.5,327.9,A-BigDay,5.5,9.0,-36.6,26,28,2,8.2,-19.53,66,CLOSED
2026-07-13,DAMCAPITAL.NS,DAMCAPITAL.NS,Financial Services,162.0,136.73,A-BigDay,5.6,8.0,-43.4,27,28,1,0.2,-15.6,66,CLOSED
2026-07-13,GENESYS.NS,GENESYS.NS,IT & Technology,343.8,284.42,A-BigDay,5.4,8.0,-48.8,29,30,1,14.9,-17.27,66,CLOSED
2026-07-14,HGS.NS,HGS.NS,Capital Goods,453.6,386.35,A+B,8.7,9.0,-27.9,28,72,44,12.6,-14.83,65,CLOSED
2026-07-14,AARTIDRUGS.NS,Aarti Drugs Limited,Pharma & Healthcare,405.7,428.35,B-TSJump,2.5,7.0,-27.7,40,71,31,7.3,5.58,65,CLOSED
2026-07-14,ALPA.NS,ALPA.NS,Pharma & Healthcare,71.7,59.64,B-TSJump,4.0,6.0,-32.3,7,33,26,7.2,-16.82,65,CLOSED
2026-07-14,BASF.NS,BASF India Limited,Chemicals,3613.6,3601.6,B-TSJump,2.6,9.0,-31.0,1,27,26,3.9,-0.33,65,CLOSED
2026-07-14,FINOPB.NS,FINOPB.NS,Banking,176.4,136.43,A-BigDay,9.3,9.0,-48.0,27,29,2,15.4,-22.66,65,CLOSED
2026-07-15,DIGJAMLMTD.NS,DIGJAMLMTD.NS,Textiles,46.9,58.67,B-TSJump,8.0,6.0,-21.6,15,74,59,8.9,25.1,64,CLOSED
2026-07-15,DPABHUSHAN.NS,DPABHUSHAN.NS,Consumer Durables,1307.2,1337.0,A+B,11.5,9.0,-24.4,31,75,44,18.4,2.28,64,CLOSED
2026-07-15,ALLTIME.NS,ALLTIME.NS,Consumer Goods,240.2,208.01,B-TSJump,2.8,6.0,-28.3,5,41,36,7.6,-13.4,64,CLOSED
2026-07-15,AHLUCONT.NS,Ahluwalia Contracts (India) Limited,Infrastructure,869.5,567.6,B-TSJump,3.0,10.0,-22.7,43,75,32,1.0,-34.72,64,CLOSED
2026-07-15,HLEGLAS.NS,HLEGLAS.NS,Capital Goods,418.6,415.65,A+B,6.4,7.0,-36.8,31,63,32,8.5,-0.7,64,CLOSED
2026-07-15,BIRLACORPN.NS,Birla Corporation Limited,Cement & Materials,1018.9,811.15,B-TSJump,5.4,6.0,-33.1,3,30,27,6.7,-20.39,64,CLOSED
2026-07-15,DEVIT.NS,DEVIT.NS,IT & Technology,28.8,23.43,B-TSJump,3.2,7.0,-43.3,1,27,26,4.8,-18.65,64,CLOSED
2026-07-15,BCONCEPTS.NS,BCONCEPTS.NS,Consumer Durables,208.9,154.23,B-TSJump,5.5,6.0,-53.5,0,25,25,10.6,-26.17,64,CLOSED
2026-07-15,ELIN.NS,ELIN.NS,Capital Goods,114.7,89.88,A+B,13.2,9.0,-51.0,0,25,25,16.0,-21.64,64,CLOSED
2026-07-15,EIMCOELECO.NS,EIMCOELECO.NS,Auto,1887.7,2247.4,A-BigDay,6.9,7.0,-25.9,60,73,13,7.8,19.05,64,CLOSED
2026-07-15,DAMCAPITAL.NS,DAMCAPITAL.NS,Financial Services,169.4,136.73,A-BigDay,7.9,9.0,-40.8,27,30,3,12.6,-19.29,64,CLOSED
2026-07-15,AVANTIFEED.NS,Avanti Feeds Limited,Consumer Goods,989.2,770.85,A-BigDay,5.7,7.0,-37.9,20,22,2,12.4,-22.07,64,CLOSED
2026-07-16,BORANA.NS,BORANA.NS,Textiles,325.5,338.2,A+B,7.4,10.0,-22.5,34,91,57,8.7,3.9,63,CLOSED
2026-07-16,DMCC.NS,DMCC.NS,Chemicals,269.6,261.7,B-TSJump,4.0,7.0,-22.4,34,90,56,9.7,-2.93,63,CLOSED
2026-07-16,BAJAJHCARE.NS,BAJAJHCARE.NS,Pharma & Healthcare,372.9,328.35,B-TSJump,2.6,9.0,-31.4,30,62,32,-0.7,-11.95,63,CLOSED
2026-07-16,GLOBUSSPR.NS,GLOBUSSPR.NS,Consumer Goods,988.5,830.75,B-TSJump,3.3,9.0,-24.0,40,72,32,2.0,-15.96,63,CLOSED
2026-07-16,AVANTIFEED.NS,Avanti Feeds Limited,Consumer Goods,1035.7,770.85,B-TSJump,4.7,8.0,-35.0,22,53,31,8.7,-25.57,63,CLOSED
2026-07-16,BECTORFOOD.NS,Mrs. Bectors Food Specialities Limited,Consumer Goods,192.2,220.81,A+B,13.8,9.0,-38.5,0,26,26,12.7,14.89,63,CLOSED
2026-07-16,DIXON.NS,Dixon Technologies (India) Limited,Consumer Durables,14507.0,13290.0,A-BigDay,6.3,8.0,-21.5,74,76,2,4.9,-8.39,63,CLOSED
2026-07-16,ELGIRUBCO.NS,ELGIRUBCO.NS,Auto,62.2,60.81,A-BigDay,7.8,8.0,-31.3,78,80,2,13.3,-2.23,63,CLOSED
2026-07-17,ECLERX.NS,eClerx Services Limited,Capital Goods,1979.8,1923.0,A+B,12.5,9.0,-20.7,42,76,34,19.1,-2.87,62,CLOSED
2026-07-17,FINOPB.NS,FINOPB.NS,Banking,174.2,136.43,A-BigDay,10.1,9.0,-48.6,27,29,2,-1.2,-21.68,62,CLOSED
2026-07-17,AFCONS.NS,AFCONS.NS,Infrastructure,299.8,267.3,A-BigDay,5.0,9.0,-37.5,0,0,0,6.5,-10.84,62,CLOSED
2026-07-20,ASHIMASYN.NS,ASHIMASYN.NS,Real Estate,17.2,16.12,A+B,19.9,9.0,-39.9,0,61,61,17.2,-6.28,59,CLOSED
2026-07-20,ATLASCYCLE.NS,ATLASCYCLE.NS,Hospitality,100.4,89.76,B-TSJump,3.8,6.0,-25.6,16,73,57,4.0,-10.6,59,CLOSED
2026-07-20,ABMINTLLTD.NS,ABMINTLLTD.NS,Chemicals,42.8,42.4,A+B,6.6,7.0,-31.9,1,30,29,8.9,-0.93,59,CLOSED
2026-07-20,BIL.NS,BIL.NS,Consumer Durables,745.5,1023.45,B-TSJump,2.9,7.0,-24.3,15,42,27,0.2,37.28,59,CLOSED
2026-07-20,GRINFRA.NS,G R Infraprojects Limited,Capital Goods,922.7,829.05,B-TSJump,3.5,7.0,-31.2,1,28,27,-2.8,-10.15,59,CLOSED
2026-07-20,BECTORFOOD.NS,Mrs. Bectors Food Specialities Limited,Consumer Goods,210.1,220.81,A-BigDay,11.4,9.0,-32.7,25,30,5,12.3,5.1,59,CLOSED
2026-07-21,HECPROJECT.NS,HECPROJECT.NS,Infrastructure,138.7,116.84,A+B,20.0,9.0,-20.0,19,92,73,9.9,-15.76,58,CLOSED
2026-07-21,ABMINTLLTD.NS,ABMINTLLTD.NS,Chemicals,44.7,42.4,B-TSJump,4.3,7.0,-29.0,30,72,42,5.3,-5.15,58,CLOSED
2026-07-21,BASF.NS,BASF India Limited,Chemicals,3833.7,3601.6,B-TSJump,4.0,7.0,-26.0,39,71,32,-2.6,-6.05,58,CLOSED
2026-07-21,EIHAHOTELS.NS,EIHAHOTELS.NS,Hospitality,324.6,294.95,B-TSJump,2.7,6.0,-25.4,14,41,27,4.4,-9.13,58,CLOSED
2026-07-21,EPIGRAL.NS,Epigral Limited,Chemicals,1164.2,1101.4,A+B,7.5,9.0,-44.7,2,29,27,8.7,-5.39,58,CLOSED
2026-07-21,EXCELINDUS.NS,EXCELINDUS.NS,Chemicals,938.2,963.8,B-TSJump,4.3,6.0,-34.1,0,27,27,6.1,2.73,58,CLOSED
2026-07-21,ARIS.NS,ARIS.NS,Infrastructure,118.9,127.27,B-TSJump,3.6,6.0,-33.3,6,32,26,5.9,7.04,58,CLOSED
2026-07-21,DYNPRO.NS,DYNPRO.NS,Chemicals,236.3,227.85,B-TSJump,2.9,7.0,-43.2,1,27,26,4.9,-3.58,58,CLOSED
2026-07-21,COMPUSOFT.NS,COMPUSOFT.NS,Hospitality,13.6,12.94,B-TSJump,4.2,6.0,-40.3,0,25,25,4.3,-4.85,58,CLOSED
2026-07-21,AARON.NS,AARON.NS,Capital Goods,119.9,124.42,B-TSJump,3.4,7.0,-53.5,0,23,23,4.0,3.77,58,CLOSED
2026-07-21,ASHIMASYN.NS,ASHIMASYN.NS,Real Estate,18.7,16.12,A-BigDay,8.7,9.0,-34.7,61,63,2,11.7,-13.8,58,CLOSED
2026-07-22,CRISIL.NS,CRISIL Limited,Financial Services,4495.2,4560.0,B-TSJump,4.5,8.0,-22.6,39,72,33,8.9,1.44,57,CLOSED
2026-07-22,ARENTERP.NS,ARENTERP.NS,Metals & Mining,41.2,34.2,A+B,20.0,9.0,-32.2,0,31,31,21.4,-16.99,57,CLOSED
2026-07-22,AMDIND.NS,AMDIND.NS,Capital Goods,46.8,66.58,A+B,5.2,7.0,-31.2,5,32,27,6.2,42.26,57,CLOSED
2026-07-22,ASIANHOTNR.NS,ASIANHOTNR.NS,Hospitality,308.6,375.8,B-TSJump,4.8,7.0,-23.3,15,42,27,7.5,21.78,57,CLOSED
2026-07-22,GENUSPAPER.NS,GENUSPAPER.NS,Cement & Materials,12.4,11.18,A+B,7.6,8.0,-40.1,3,30,27,9.7,-9.84,57,CLOSED
2026-07-22,CTE.NS,CTE.NS,IT & Technology,32.4,38.77,B-TSJump,3.5,6.0,-46.0,4,30,26,3.4,19.66,57,CLOSED
2026-07-22,EMAMILTD.NS,Emami Limited,Consumer Goods,413.9,376.1,B-TSJump,3.2,7.0,-33.5,0,25,25,4.6,-9.13,57,CLOSED
2026-07-22,EFCIL.NS,EFCIL.NS,Real Estate,192.1,177.95,B-TSJump,2.8,8.0,-46.2,0,24,24,7.2,-7.37,57,CLOSED
2026-07-22,ASAHISONG.NS,ASAHISONG.NS,Chemicals,299.4,365.15,A-BigDay,11.4,9.0,-33.7,75,79,4,12.7,21.96,57,CLOSED
2026-07-22,CRAMC.NS,CRAMC.NS,Financial Services,266.8,234.35,A-BigDay,5.8,7.0,-23.4,59,63,4,8.7,-12.16,57,CLOSED
2026-07-23,AMDIND.NS,AMDIND.NS,Capital Goods,48.9,66.58,B-TSJump,4.4,8.0,-28.2,32,74,42,5.0,36.16,56,CLOSED
2026-07-23,DOLPHIN.NS,DOLPHIN.NS,Oil & Gas,397.0,673.7,B-TSJump,4.8,6.0,-20.9,15,43,28,7.5,69.7,56,CLOSED
2026-07-23,ARCHIDPLY.NS,ARCHIDPLY.NS,Cement & Materials,82.5,101.48,B-TSJump,4.5,6.0,-31.5,5,32,27,5.3,23.01,56,CLOSED
2026-07-23,CHEMPLASTS.NS,CHEMPLASTS.NS,Chemicals,209.9,167.8,A+B,6.8,9.0,-56.1,0,22,22,7.9,-20.06,56,CLOSED
2026-07-23,ASAHISONG.NS,ASAHISONG.NS,Chemicals,318.9,365.15,A-BigDay,6.5,9.0,-29.4,79,90,11,7.3,14.5,56,CLOSED
2026-07-23,ASIANTILES.NS,ASIANTILES.NS,Cement & Materials,51.9,49.97,A-BigDay,19.5,9.0,-34.4,0,3,3,15.3,-3.72,56,CLOSED
2026-07-23,ARIHANTCAP.NS,ARIHANTCAP.NS,Financial Services,81.4,81.21,A-BigDay,5.6,8.0,-32.1,30,32,2,6.9,-0.23,56,CLOSED
2026-07-24,BANARBEADS.NS,BANARBEADS.NS,Consumer Durables,121.9,110.54,A+B,6.9,8.0,-26.0,28,72,44,8.7,-9.32,55,CLOSED
2026-07-24,ASIANHOTNR.NS,ASIANHOTNR.NS,Hospitality,306.6,375.8,A+B,5.4,7.0,-23.8,14,42,28,5.1,22.57,55,CLOSED
2026-07-24,AHLUCONT.NS,Ahluwalia Contracts (India) Limited,Infrastructure,827.7,567.6,B-TSJump,3.4,7.0,-23.2,16,43,27,6.0,-31.42,55,CLOSED
2026-07-24,AARON.NS,AARON.NS,Capital Goods,135.2,124.42,A+B,20.0,9.0,-47.6,0,26,26,19.9,-7.97,55,CLOSED
2026-07-24,CORALFINAC.NS,CORALFINAC.NS,Real Estate,32.5,32.35,B-TSJump,3.7,7.0,-36.7,3,29,26,4.9,-0.46,55,CLOSED
2026-07-24,BLUEDART.NS,Blue Dart Express Limited,Infrastructure,4911.5,4811.3,B-TSJump,3.1,7.0,-30.2,0,24,24,3.4,-2.04,55,CLOSED
2026-07-24,DBL.NS,Dilip Buildcon Limited,Capital Goods,420.2,408.35,A-BigDay,8.6,9.0,-28.2,0,11,11,6.7,-2.82,55,CLOSED
2026-07-24,GUJAPOLLO.NS,GUJAPOLLO.NS,Capital Goods,364.4,324.0,A-BigDay,5.5,7.0,-34.2,0,0,0,7.5,-11.09,55,CLOSED
2026-07-27,ABMINTLLTD.NS,ABMINTLLTD.NS,Chemicals,44.6,42.4,A+B,8.8,7.0,-29.0,3,72,69,4.7,-4.93,52,CLOSED
2026-07-27,BLBLIMITED.NS,BLBLIMITED.NS,Financial Services,16.1,15.99,B-TSJump,2.6,7.0,-28.3,21,87,66,-1.2,-0.68,52,CLOSED
2026-07-27,BMWVENTLTD.NS,BMWVENTLTD.NS,Metals & Mining,59.3,50.22,B-TSJump,5.0,7.0,-22.0,15,73,58,2.4,-15.31,52,CLOSED
2026-07-27,ASHIMASYN.NS,ASHIMASYN.NS,Real Estate,18.0,16.12,A+B,7.1,9.0,-35.1,30,63,33,9.8,-10.44,52,CLOSED
2026-07-27,ACI.NS,Archean Chemical Industries Limited,Metals & Mining,576.8,462.4,B-TSJump,3.9,8.0,-20.4,40,72,32,3.4,-19.83,52,CLOSED
2026-07-27,CHALET.NS,CHALET.NS,Hospitality,846.5,842.3,B-TSJump,3.9,9.0,-21.7,40,72,32,3.6,-0.5,52,CLOSED
2026-07-27,EXCELINDUS.NS,EXCELINDUS.NS,Chemicals,982.2,963.8,A+B,5.4,8.0,-31.0,27,59,32,4.8,-1.87,52,CLOSED
2026-07-27,CAPILLARY.NS,CAPILLARY.NS,IT & Technology,535.3,448.95,A+B,12.4,9.0,-33.0,17,47,30,10.2,-16.13,52,CLOSED
2026-07-27,COFORGE.NS,Coforge Limited,IT & Technology,1528.4,1793.0,B-TSJump,2.9,6.0,-23.0,45,75,30,2.0,17.31,52,CLOSED
2026-07-27,DBL.NS,Dilip Buildcon Limited,Capital Goods,443.6,408.35,A+B,5.6,9.0,-24.2,11,40,29,3.2,-7.95,52,CLOSED
2026-07-27,ALICON.NS,ALICON.NS,Capital Goods,678.5,695.15,A+B,6.6,7.0,-33.4,0,27,27,7.6,2.45,52,CLOSED
2026-07-27,AFFLE.NS,Affle 3i Limited,IT & Technology,1492.8,1545.6,B-TSJump,3.3,9.0,-31.7,2,28,26,5.9,3.54,52,CLOSED
2026-07-27,CPEDU.NS,CPEDU.NS,Hospitality,197.3,173.3,B-TSJump,5.8,6.0,-41.2,3,29,26,6.6,-12.16,52,CLOSED
2026-07-27,DEVYANI.NS,Devyani International Limited,Hospitality,116.1,138.51,B-TSJump,3.3,9.0,-39.2,2,28,26,4.0,19.3,52,CLOSED
2026-07-27,DYNPRO.NS,DYNPRO.NS,Chemicals,238.2,227.85,B-TSJump,3.0,7.0,-42.7,1,27,26,3.2,-4.35,52,CLOSED
2026-07-27,GENUSPAPER.NS,GENUSPAPER.NS,Cement & Materials,12.6,11.18,A+B,5.6,7.0,-39.2,4,30,26,5.5,-11.27,52,CLOSED
2026-07-27,GODFRYPHLP.NS,Godfrey Phillips India Limited,Consumer Goods,2210.5,1943.0,B-TSJump,3.8,8.0,-43.7,0,26,26,5.0,-12.1,52,CLOSED
2026-07-27,BCONCEPTS.NS,BCONCEPTS.NS,Consumer Durables,192.2,154.23,B-TSJump,3.0,6.0,-57.2,0,23,23,-5.9,-19.76,52,CLOSED
2026-07-27,DIGJAMLMTD.NS,DIGJAMLMTD.NS,Textiles,43.0,58.67,A-BigDay,6.4,7.0,-28.1,1,14,13,4.6,36.44,52,CLOSED
2026-07-27,AGI.NS,AGI Greenpac Limited,Consumer Durables,707.2,733.75,A-BigDay,5.1,8.0,-28.2,62,74,12,4.5,3.75,52,CLOSED
2026-07-27,HGM.NS,HGM.NS,IT & Technology,52.4,47.79,A-BigDay,12.1,7.0,-36.4,0,2,2,10.2,-8.8,52,CLOSED
2026-07-27,ADVENTHTL.NS,ADVENTHTL.NS,Hospitality,149.5,127.04,A-BigDay,5.0,7.0,-56.7,43,44,1,5.9,-15.02,52,CLOSED
2026-07-28,AFFLE.NS,Affle 3i Limited,IT & Technology,1631.8,1545.6,A+B,9.3,9.0,-25.4,28,73,45,11.9,-5.28,51,CLOSED
2026-07-28,HEXT.NS,Hexaware Technologies Limited,IT & Technology,593.2,526.45,A+B,5.4,8.0,-26.6,33,75,42,1.3,-11.25,51,CLOSED
2026-07-28,ARIS.NS,ARIS.NS,Infrastructure,128.2,127.27,B-TSJump,2.8,7.0,-28.1,34,75,41,11.6,-0.73,51,CLOSED
2026-07-28,ASIANTILES.NS,ASIANTILES.NS,Cement & Materials,57.6,49.97,A+B,7.9,8.0,-27.1,4,43,39,8.1,-13.25,51,CLOSED
2026-07-28,DBSTOCKBRO.NS,DBSTOCKBRO.NS,Financial Services,34.9,29.22,B-TSJump,3.5,8.0,-28.0,53,89,36,-5.1,-16.28,51,CLOSED
2026-07-28,BIL.NS,BIL.NS,Consumer Durables,778.8,1023.45,B-TSJump,4.4,9.0,-20.5,42,75,33,8.3,31.41,51,CLOSED
2026-07-28,ECLERX.NS,eClerx Services Limited,Capital Goods,1897.7,1923.0,B-TSJump,4.7,9.0,-24.0,43,75,32,14.1,1.33,51,CLOSED
2026-07-28,DELTAMAGNT.NS,DELTAMAGNT.NS,Textiles,61.2,55.2,B-TSJump,8.9,6.0,-35.5,2,30,28,8.3,-9.8,51,CLOSED
2026-07-28,AGARIND.NS,AGARIND.NS,Chemicals,517.8,407.75,A+B,7.1,7.0,-48.5,1,28,27,8.2,-21.25,51,CLOSED
2026-07-28,EUREKAFORB.NS,Eureka Forbes Limited,Consumer Durables,456.9,391.1,B-TSJump,3.9,8.0,-31.6,0,27,27,3.6,-14.4,51,CLOSED
2026-07-28,GLOBALVECT.NS,GLOBALVECT.NS,Infrastructure,167.0,125.52,B-TSJump,4.6,6.0,-32.7,3,30,27,6.7,-24.84,51,CLOSED
2026-07-28,ALPHAGEO.NS,ALPHAGEO.NS,Oil & Gas,207.9,294.95,B-TSJump,2.8,6.0,-27.6,15,41,26,2.5,41.87,51,CLOSED
2026-07-28,DEVIT.NS,DEVIT.NS,IT & Technology,27.8,23.43,A-BigDay,6.5,7.0,-45.3,0,1,1,-2.0,-15.72,51,CLOSED
2026-07-29,EXPLEOSOL.NS,EXPLEOSOL.NS,IT & Technology,925.4,898.05,B-TSJump,14.3,6.0,-25.7,4,75,71,15.9,-2.96,50,CLOSED
2026-07-29,DIGJAMLMTD.NS,DIGJAMLMTD.NS,Textiles,46.5,58.67,A+B,8.7,7.0,-22.2,14,74,60,11.4,26.17,50,CLOSED
2026-07-29,CONCORDBIO.NS,Concord Biotech Limited,Pharma & Healthcare,1330.4,1461.1,A+B,5.9,7.0,-28.4,30,87,57,3.6,9.82,50,CLOSED
2026-07-29,BECTORFOOD.NS,Mrs. Bectors Food Specialities Limited,Consumer Goods,216.3,220.81,B-TSJump,2.9,9.0,-29.9,30,71,41,4.0,2.09,50,CLOSED
2026-07-29,FSL.NS,Firstsource Solutions Limited,Capital Goods,293.6,273.1,A+B,11.6,9.0,-21.4,41,76,35,15.7,-6.98,50,CLOSED
2026-07-29,CROMPTON.NS,Crompton Greaves Consumer Electricals Limited,Consumer Durables,264.2,225.1,A+B,6.8,7.0,-20.8,29,63,34,7.4,-14.8,50,CLOSED
2026-07-29,DYNPRO.NS,DYNPRO.NS,Chemicals,251.4,227.85,A+B,5.5,7.0,-39.5,27,59,32,0.9,-9.37,50,CLOSED
2026-07-29,ALMONDZ.NS,ALMONDZ.NS,Financial Services,15.1,18.41,A+B,20.0,9.0,-34.5,0,31,31,16.7,21.92,50,CLOSED
2026-07-29,ERIS.NS,Eris Lifesciences Limited,Pharma & Healthcare,1426.5,1310.7,B-TSJump,2.6,9.0,-23.9,14,41,27,-0.6,-8.12,50,CLOSED
2026-07-29,BESTAGRO.NS,BESTAGRO.NS,Chemicals,16.7,20.35,A+B,9.7,8.0,-52.6,0,26,26,2.8,21.86,50,CLOSED
2026-07-29,BSOFT.NS,Birlasoft Limited,IT & Technology,311.1,283.8,B-TSJump,3.8,7.0,-33.4,1,27,26,12.5,-8.78,50,CLOSED
2026-07-29,DCAL.NS,Dishman Carbogen Amcis Limited,Pharma & Healthcare,188.0,162.11,B-TSJump,3.3,7.0,-41.6,4,30,26,-1.5,-13.77,50,CLOSED
2026-07-29,AVONMORE.NS,AVONMORE.NS,Financial Services,11.0,12.02,A+B,20.0,7.0,-54.1,0,24,24,18.1,9.27,50,CLOSED
2026-07-29,CPEDU.NS,CPEDU.NS,Hospitality,212.5,173.3,A-BigDay,9.4,9.0,-36.7,29,32,3,13.8,-18.45,50,CLOSED
2026-07-29,ASIANTILES.NS,ASIANTILES.NS,Cement & Materials,60.7,49.97,A-BigDay,5.4,7.0,-23.2,43,45,2,10.5,-17.68,50,CLOSED
2026-07-29,ELGIRUBCO.NS,ELGIRUBCO.NS,Auto,58.0,60.81,A-BigDay,5.3,9.0,-35.9,77,79,2,8.4,4.84,50,CLOSED
2026-07-30,CTE.NS,CTE.NS,IT & Technology,34.0,38.77,A+B,10.0,8.0,-43.3,3,31,28,9.1,14.03,49,CLOSED
2026-07-30,DOLLAR.NS,DOLLAR.NS,Textiles,267.5,267.0,B-TSJump,4.3,6.0,-31.6,2,29,27,5.2,-0.19,49,CLOSED
2026-07-30,HPIL.NS,HPIL.NS,Chemicals,129.9,117.86,B-TSJump,3.0,8.0,-26.2,14,40,26,5.5,-9.27,49,CLOSED
2026-07-30,FISCHER.NS,FISCHER.NS,Pharma & Healthcare,39.0,33.3,A+B,9.1,7.0,-68.7,0,23,23,16.3,-14.62,49,CLOSED
2026-07-30,ELGIRUBCO.NS,ELGIRUBCO.NS,Auto,61.6,60.81,A-BigDay,6.1,7.0,-31.9,79,80,1,5.2,-1.28,49,CLOSED
2026-07-30,GOCOLORS.NS,GOCOLORS.NS,Retail,343.0,308.1,A-BigDay,6.2,7.0,-59.5,0,1,1,14.8,-10.17,49,CLOSED
2026-07-31,FOSECOIND.NS,FOSECOIND.NS,Chemicals,5133.5,6765.5,B-TSJump,3.3,6.0,-24.6,29,86,57,6.4,31.79,48,CLOSED
2026-07-31,HYUNDAI.NS,HYUNDAI.NS,Auto,2180.7,2160.0,A+B,8.1,9.0,-24.5,29,73,44,5.5,-0.95,48,CLOSED
2026-07-31,ALPHAGEO.NS,ALPHAGEO.NS,Oil & Gas,220.1,294.95,A+B,6.0,8.0,-23.3,41,74,33,8.3,34.01,48,CLOSED
2026-07-31,A2ZINFRA.NS,A2ZINFRA.NS,Infrastructure,15.6,15.01,A+B,6.7,7.0,-31.6,28,60,32,3.2,-3.78,48,CLOSED
2026-07-31,ASHOKLEY.NS,Ashok Leyland Limited,Auto,166.2,158.62,B-TSJump,5.1,6.0,-21.5,44,76,32,5.0,-4.56,48,CLOSED
2026-07-31,BOSCH-HCIL.NS,Bosch Home Comfort India Limited,Consumer Durables,1391.3,1668.3,A+B,6.2,8.0,-22.1,17,45,28,8.0,19.91,48,CLOSED
2026-07-31,CENTEXT.NS,CENTEXT.NS,Metals & Mining,19.9,19.05,A+B,7.9,7.0,-42.8,0,27,27,6.6,-4.27,48,CLOSED
2026-07-31,COMPUSOFT.NS,COMPUSOFT.NS,Hospitality,13.4,12.94,B-TSJump,2.9,6.0,-38.2,0,25,25,4.6,-3.43,48,CLOSED
2026-07-31,BESTAGRO.NS,BESTAGRO.NS,Chemicals,19.1,20.35,A-BigDay,15.2,9.0,-45.8,26,29,3,16.2,6.54,48,CLOSED
2026-07-31,EMSLIMITED.NS,EMSLIMITED.NS,Infrastructure,411.5,364.5,A-BigDay,7.3,8.0,-33.1,61,63,2,4.2,-11.42,48,CLOSED
2026-07-31,GMMPFAUDLR.NS,GMM Pfaudler Limited,Capital Goods,864.4,1363.4,A-BigDay,6.2,9.0,-38.9,24,26,2,7.7,57.73,48,CLOSED
2026-07-31,GANESHCP.NS,GANESHCP.NS,Consumer Goods,178.3,164.47,A-BigDay,8.7,8.0,-42.0,0,1,1,8.7,-7.76,48,CLOSED
2026-08-03,HEMIPROP.NS,Hemisphere Properties India Limited,Real Estate,140.0,120.81,B-TSJump,4.2,8.0,-26.6,29,86,57,4.4,-13.71,45,CLOSED
2026-08-03,ADL.NS,ADL.NS,Consumer Durables,79.0,72.03,A+B,10.7,7.0,-28.1,31,75,44,13.5,-8.82,45,CLOSED
2026-08-03,GOPAL.NS,GOPAL.NS,Consumer Goods,278.9,252.25,B-TSJump,3.1,6.0,-29.7,0,37,37,4.3,-9.56,45,CLOSED
2026-08-03,HARIOMPIPE.NS,HARIOMPIPE.NS,Metals & Mining,402.7,349.65,B-TSJump,3.1,7.0,-29.5,53,89,36,5.1,-13.17,45,CLOSED
2026-08-03,BLUEDART.NS,Blue Dart Express Limited,Infrastructure,5427.0,4811.3,A+B,5.2,7.0,-22.9,37,70,33,4.7,-11.35,45,CLOSED
2026-08-03,CTE.NS,CTE.NS,IT & Technology,37.7,38.77,A+B,7.8,9.0,-37.2,31,64,33,13.0,2.84,45,CLOSED
2026-08-03,ADVENZYMES.NS,Advanced Enzyme Technologies Limited,Pharma & Healthcare,323.8,288.1,B-TSJump,2.7,6.0,-22.4,32,64,32,0.7,-11.03,45,CLOSED
2026-08-03,ECLERX.NS,eClerx Services Limited,Capital Goods,1922.2,1923.0,B-TSJump,4.2,9.0,-23.0,44,75,31,-3.5,0.04,45,CLOSED
2026-08-03,ICRA.NS,ICRA.NS,Financial Services,5131.5,4584.6,B-TSJump,4.6,6.0,-25.0,8,37,29,6.2,-10.66,45,CLOSED
2026-08-03,BBTC.NS,The Bombay Burmah Trading Corporation Limited,Consumer Goods,1537.2,1399.4,B-TSJump,2.7,8.0,-27.3,12,39,27,3.7,-8.96,45,CLOSED
2026-08-03,DBL.NS,Dilip Buildcon Limited,Capital Goods,444.4,408.35,B-TSJump,3.5,9.0,-24.0,13,40,27,6.1,-8.11,45,CLOSED
2026-08-03,DHUNINV.NS,DHUNINV.NS,Financial Services,886.9,981.75,B-TSJump,4.8,8.0,-43.6,1,28,27,4.3,10.69,45,CLOSED
2026-08-03,EPIGRAL.NS,Epigral Limited,Chemicals,1120.7,1101.4,B-TSJump,2.9,8.0,-42.3,2,29,27,8.8,-1.72,45,CLOSED
2026-08-03,EXCELSOFT.NS,EXCELSOFT.NS,IT & Technology,83.0,79.8,A+B,7.2,7.0,-41.8,20,47,27,8.5,-3.86,45,CLOSED
2026-08-03,AGARIND.NS,AGARIND.NS,Chemicals,515.0,407.75,B-TSJump,3.0,6.0,-48.8,2,28,26,6.5,-20.83,45,CLOSED
2026-08-03,AJMERA.NS,AJMERA.NS,Real Estate,130.4,113.8,B-TSJump,3.2,6.0,-41.1,2,28,26,5.7,-12.73,45,CLOSED
2026-08-03,GRINFRA.NS,G R Infraprojects Limited,Capital Goods,907.0,829.05,B-TSJump,2.6,6.0,-32.4,1,27,26,6.1,-8.59,45,CLOSED
2026-08-03,ELLEN.NS,ELLEN.NS,Chemicals,273.0,371.0,B-TSJump,3.6,8.0,-54.5,2,27,25,5.4,35.9,45,CLOSED
2026-08-03,A2ZINFRA.NS,A2ZINFRA.NS,Infrastructure,17.1,15.01,A-BigDay,10.0,8.0,-24.5,60,75,15,12.1,-12.22,45,CLOSED
2026-08-03,BSOFT.NS,Birlasoft Limited,IT & Technology,321.5,283.8,A-BigDay,6.3,8.0,-31.2,26,29,3,8.2,-11.73,45,CLOSED
2026-08-03,DCMSRIND.NS,DCMSRIND.NS,Consumer Goods,41.6,38.39,A-BigDay,5.9,7.0,-76.9,22,23,1,-4.4,-7.72,45,CLOSED
2026-08-03,GUJAPOLLO.NS,GUJAPOLLO.NS,Capital Goods,364.0,324.0,A-BigDay,5.7,7.0,-34.3,0,0,0,8.2,-10.99,45,CLOSED
2026-08-04,HINDZINC.NS,Hindustan Zinc Limited,Metals & Mining,562.9,572.3,B-TSJump,2.9,7.0,-21.8,19,75,56,6.1,1.67,44,CLOSED
2026-08-04,CENTEXT.NS,CENTEXT.NS,Metals & Mining,23.7,19.05,A+B,19.1,9.0,-31.9,27,63,36,24.7,-19.62,44,CLOSED
2026-08-04,BESTAGRO.NS,BESTAGRO.NS,Chemicals,22.7,20.35,A+B,18.5,9.0,-35.8,29,64,35,27.2,-10.35,44,CLOSED
2026-08-04,DBL.NS,Dilip Buildcon Limited,Capital Goods,467.2,408.35,A+B,5.2,9.0,-20.1,40,73,33,10.3,-12.6,44,CLOSED
2026-08-04,EMUDHRA.NS,eMudhra Limited,IT & Technology,514.0,633.35,A+B,7.6,7.0,-35.2,28,61,33,9.4,23.22,44,CLOSED
2026-08-04,CAPILLARY.NS,CAPILLARY.NS,IT & Technology,535.0,448.95,A+B,8.0,9.0,-33.0,18,47,29,9.3,-16.08,44,CLOSED
2026-08-04,ICDSLTD.NS,ICDSLTD.NS,Real Estate,43.6,58.8,A+B,8.0,8.0,-30.0,0,29,29,12.7,34.86,44,CLOSED
2026-08-04,GENESYS.NS,GENESYS.NS,IT & Technology,316.6,284.42,A+B,16.6,7.0,-51.1,2,28,26,8.8,-10.16,44,CLOSED
2026-08-04,DREAMFOLKS.NS,DREAMFOLKS.NS,Infrastructure,70.4,65.17,B-TSJump,5.6,6.0,-56.0,0,25,25,3.3,-7.43,44,CLOSED
2026-08-04,GUJAPOLLO.NS,GUJAPOLLO.NS,Capital Goods,366.5,324.0,A+B,6.4,7.0,-33.8,0,25,25,3.0,-11.6,44,CLOSED
2026-08-04,DECCANCE.NS,DECCANCE.NS,Cement & Materials,583.3,569.2,A+B,5.5,8.0,-49.9,0,23,23,7.6,-2.42,44,CLOSED
2026-08-04,CTE.NS,CTE.NS,IT & Technology,39.8,38.77,A-BigDay,14.0,8.0,-33.6,64,65,1,9.7,-2.59,44,CLOSED
2026-08-04,EIDPARRY.NS,E.I.D.- Parry (India) Limited,Consumer Goods,803.1,703.1,A-BigDay,5.7,8.0,-35.5,25,26,1,1.7,-12.45,44,CLOSED
2026-08-04,EXCELINDUS.NS,EXCELINDUS.NS,Chemicals,1050.6,963.8,A-BigDay,6.5,9.0,-22.1,73,74,1,5.7,-8.26,44,CLOSED
2026-08-04,AGARIND.NS,AGARIND.NS,Chemicals,526.0,407.75,A-BigDay,5.2,7.0,-47.7,28,28,0,4.6,-22.48,44,CLOSED
2026-08-05,BMWVENTLTD.NS,BMWVENTLTD.NS,Metals & Mining,60.0,50.22,B-TSJump,4.9,6.0,-21.2,15,73,58,5.6,-16.3,43,CLOSED
2026-08-05,DIAMINESQ.NS,DIAMINESQ.NS,Chemicals,262.8,255.04,A+B,9.6,7.0,-37.2,0,58,58,12.7,-2.95,43,CLOSED
2026-08-05,GARUDA.NS,GARUDA.NS,Infrastructure,178.4,174.82,B-TSJump,2.9,7.0,-28.5,6,43,37,8.7,-2.01,43,CLOSED
2026-08-05,HINDCOPPER.NS,Hindustan Copper Limited,Metals & Mining,533.8,485.5,A-BigDay,8.4,8.0,-29.7,55,92,37,10.8,-9.05,43,CLOSED
2026-08-05,DEVYANI.NS,Devyani International Limited,Hospitality,125.1,138.51,B-TSJump,4.5,10.0,-34.5,29,61,32,6.8,10.72,43,CLOSED
2026-08-05,DVL.NS,DVL.NS,Financial Services,264.0,278.8,A+B,6.3,7.0,-30.6,30,62,32,8.3,5.61,43,CLOSED
2026-08-05,HPIL.NS,HPIL.NS,Chemicals,129.6,117.86,B-TSJump,3.6,9.0,-21.0,15,42,27,6.7,-9.06,43,CLOSED
2026-08-05,AROGRANITE.NS,AROGRANITE.NS,Cement & Materials,26.1,23.1,B-TSJump,4.3,7.0,-42.8,3,29,26,4.4,-11.49,43,CLOSED
2026-08-05,BLS.NS,BLS International Services Limited,Hospitality,255.6,227.74,B-TSJump,3.1,8.0,-37.8,0,26,26,6.9,-10.9,43,CLOSED
2026-08-05,CELLO.NS,Cello World Limited,Consumer Durables,399.0,327.6,A+B,15.7,9.0,-40.5,0,26,26,18.3,-17.89,43,CLOSED
2026-08-05,BHARATRAS.NS,BHARATRAS.NS,Chemicals,1385.3,1164.0,B-TSJump,3.0,7.0,-53.8,0,24,24,6.3,-15.97,43,CLOSED
2026-08-05,CAPILLARY.NS,CAPILLARY.NS,IT & Technology,576.3,448.95,A-BigDay,7.7,9.0,-27.9,47,61,14,9.9,-22.1,43,CLOSED
2026-08-05,ALMONDZ.NS,ALMONDZ.NS,Financial Services,14.6,18.41,A-BigDay,6.4,9.0,-33.9,29,31,2,7.1,26.1,43,CLOSED
2026-08-05,DGCONTENT.NS,DGCONTENT.NS,Hospitality,26.0,24.0,A-BigDay,8.9,8.0,-38.2,0,2,2,14.7,-7.69,43,CLOSED
2026-08-05,ELGIRUBCO.NS,ELGIRUBCO.NS,Auto,62.7,60.81,A-BigDay,7.2,8.0,-30.7,79,80,1,0.5,-3.01,43,CLOSED
2026-08-06,GMMPFAUDLR.NS,GMM Pfaudler Limited,Capital Goods,1005.2,1363.4,A+B,17.3,10.0,-25.1,26,74,48,20.7,35.63,42,CLOSED
2026-08-06,ICDSLTD.NS,ICDSLTD.NS,Real Estate,47.4,58.8,A+B,8.9,8.0,-23.9,29,73,44,6.3,24.05,42,CLOSED
2026-08-06,ASIANTILES.NS,ASIANTILES.NS,Cement & Materials,55.9,49.97,B-TSJump,4.7,7.0,-29.3,4,41,37,5.9,-10.61,42,CLOSED
2026-08-06,GRSE.NS,Garden Reach Shipbuilders & Engineers Limited,Aerospace & Defense,2616.8,2339.8,B-TSJump,4.4,6.0,-21.6,32,65,33,7.5,-10.59,42,CLOSED
2026-08-06,GFLLIMITED.NS,GFLLIMITED.NS,Financial Services,51.5,55.7,B-TSJump,3.4,8.0,-36.4,29,60,31,6.3,8.16,42,CLOSED
2026-08-06,ALPA.NS,ALPA.NS,Pharma & Healthcare,70.4,59.64,B-TSJump,4.6,7.0,-30.3,7,34,27,6.3,-15.28,42,CLOSED
2026-08-06,ARCHIDPLY.NS,ARCHIDPLY.NS,Cement & Materials,83.8,101.48,B-TSJump,4.2,7.0,-25.9,17,44,27,5.1,21.1,42,CLOSED
2026-08-06,ATL.NS,ATL.NS,Infrastructure,24.8,24.5,A+B,6.9,7.0,-38.8,2,29,27,10.5,-1.21,42,CLOSED
2026-08-06,BAJEL.NS,BAJEL.NS,Power & Utilities,193.7,173.08,A-BigDay,5.4,9.0,-24.1,63,90,27,5.5,-10.65,42,CLOSED
2026-08-06,BLKASHYAP.NS,BLKASHYAP.NS,Infrastructure,56.4,52.87,A-BigDay,5.2,9.0,-25.2,62,89,27,9.3,-6.26,42,CLOSED
2026-08-06,CAMPUS.NS,Campus Activewear Limited,Textiles,232.5,211.98,B-TSJump,2.6,6.0,-21.1,10,37,27,4.2,-8.83,42,CLOSED
2026-08-06,COCHINSHIP.NS,Cochin Shipyard Limited,Infrastructure,1484.8,1334.3,B-TSJump,4.2,8.0,-24.7,15,42,27,7.9,-10.14,42,CLOSED
2026-08-06,ARIHANTSUP.NS,ARIHANTSUP.NS,Real Estate,269.3,228.95,B-TSJump,3.5,8.0,-42.1,3,29,26,7.0,-14.98,42,CLOSED
2026-08-06,HERITGFOOD.NS,Heritage Foods Limited,Consumer Goods,357.1,405.45,A-BigDay,5.7,8.0,-33.4,26,29,3,7.8,13.54,42,CLOSED
2026-08-07,BEML.NS,BEML Limited,Diversified,1787.8,2013.3,B-TSJump,3.6,7.0,-21.2,18,75,57,1.6,12.61,41,CLOSED
2026-08-07,BIRLANU.NS,BIRLANU.NS,Cement & Materials,1641.5,1381.1,A+B,6.7,9.0,-20.5,27,75,48,26.0,-15.86,41,CLOSED
2026-08-07,BECTORFOOD.NS,Mrs. Bectors Food Specialities Limited,Consumer Goods,224.4,220.81,A+B,6.6,9.0,-27.3,30,73,43,9.1,-1.6,41,CLOSED
2026-08-07,ARCHIDPLY.NS,Archidply Industries Limited,Cement & Materials,89.5,101.48,A+B,9.1,9.0,-20.8,44,76,32,7.6,13.39,41,CLOSED
2026-08-07,HMAAGRO.NS,HMA Agro Industries Limited,Consumer Goods,22.2,23.08,B-TSJump,6.3,6.0,-35.1,0,25,25,10.5,3.96,41,CLOSED
2026-08-07,DEVYANI.NS,Devyani International Limited,Hospitality,134.7,138.51,A-BigDay,8.8,9.0,-29.5,61,74,13,11.9,2.83,41,CLOSED
2026-08-07,DOLATALGO.NS,Dolat Algotech Limited,Financial Services,71.0,67.86,A-BigDay,5.4,7.0,-25.8,8,11,3,5.5,-4.42,41,CLOSED
2026-08-07,SAPPHIRE.NS,Sapphire Foods India Limited,Hospitality,224.2,233.24,A-BigDay,12.3,9.0,-35.5,63,63,0,0.0,4.03,41,CLOSED
2026-08-07,TECHNOE.NS,Techno Electric & Engineering Company Limited,Infrastructure,1066.2,984.7,A-BigDay,7.5,8.0,-31.9,29,29,0,0.0,-7.64,41,CLOSED
2026-08-10,ESTER.NS,Ester Industries Limited,Chemicals,99.2,86.76,A+B,13.6,9.0,-25.1,4,75,71,15.2,-12.54,38,CLOSED
2026-08-10,AAATECH.NS,AAA Technologies Limited,IT & Technology,99.5,84.57,A+B,8.2,9.0,-26.9,4,72,68,10.9,-15.01,38,CLOSED
2026-08-10,ADL.NS,Archidply Decor Limited,Consumer Durables,73.8,72.03,B-TSJump,4.2,6.0,-32.9,6,62,56,9.0,-2.4,38,CLOSED
2026-08-10,GMDCLTD.NS,Gujarat Mineral Development Corporation Limited,Oil & Gas,603.2,549.15,B-TSJump,3.5,8.0,-21.9,35,91,56,5.4,-8.96,38,CLOSED
2026-08-10,DHARMAJ.NS,Dharmaj Crop Guard Limited,Chemicals,281.0,271.1,A+B,5.8,7.0,-27.3,50,88,38,9.8,-3.52,38,CLOSED
2026-08-10,HISARMETAL.NS,Hisar Metal Industries Limited,Metals & Mining,161.6,155.38,B-TSJump,6.3,6.0,-20.6,40,74,34,6.3,-3.85,38,CLOSED
2026-08-10,ATLANTAA.NS,Atlantaa Limited,Infrastructure,45.2,36.21,A+B,12.6,9.0,-38.4,28,61,33,13.3,-19.89,38,CLOSED
2026-08-10,GARUDA.NS,GARUDA.NS,Infrastructure,194.5,174.82,A+B,7.8,9.0,-22.0,43,76,33,5.0,-10.12,38,CLOSED
2026-08-10,AIROLAM.NS,Airo Lam Limited,Consumer Durables,92.8,86.15,B-TSJump,3.9,9.0,-25.8,38,70,32,8.3,-7.17,38,CLOSED
2026-08-10,BRIGADE.NS,Brigade Enterprises Limited,Real Estate,607.7,620.9,B-TSJump,4.4,9.0,-24.0,42,74,32,0.2,2.17,38,CLOSED
2026-08-10,CENTRUM.NS,Centrum Capital Limited,Financial Services,26.2,22.25,B-TSJump,4.5,7.0,-34.4,29,60,31,2.9,-15.08,38,CLOSED
2026-08-10,BAJAJHIND.NS,Bajaj Hindusthan Sugar Limited,Consumer Goods,18.1,19.38,B-TSJump,3.0,7.0,-23.5,15,42,27,2.9,7.07,38,CLOSED
2026-08-10,BALAJITELE.NS,Balaji Telefilms Limited,Media,90.4,95.97,B-TSJump,5.5,6.0,-36.0,2,29,27,7.0,6.16,38,CLOSED
2026-08-10,JAIBALAJI.NS,Jai Balaji Industries Limited,Metals & Mining,68.5,63.81,B-TSJump,4.5,6.0,-37.5,1,28,27,6.6,-6.85,38,CLOSED
2026-08-10,DVL.NS,Dhunseri Ventures Limited,Financial Services,283.1,278.8,A-BigDay,5.6,7.0,-25.6,73,75,2,7.4,-1.52,38,CLOSED
2026-08-11,HPAL.NS,HP Adhesives Limited,Chemicals,38.9,34.83,A+B,16.1,9.0,-26.5,3,75,72,18.1,-10.46,37,CLOSED
2026-08-11,AARTECH.NS,Aartech Solonics Limited,Capital Goods,48.5,51.4,B-TSJump,5.0,9.0,-26.9,7,74,67,7.6,5.98,37,CLOSED
2026-08-11,GODAVARIB.NS,GODAVARIB.NS,Chemicals,273.6,243.31,A+B,14.0,9.0,-22.5,0,42,42,16.8,-11.07,37,CLOSED
2026-08-11,COHANCE.NS,COHANCE.NS,Pharma & Healthcare,464.0,439.95,B-TSJump,3.8,7.0,-55.3,28,58,30,5.8,-5.18,37,CLOSED
2026-08-11,ARENTERP.NS,Rajdarshan Industries Limited,Metals & Mining,39.5,34.2,A+B,7.4,8.0,-35.1,2,30,28,8.5,-13.42,37,CLOSED
2026-08-11,AROGRANITE.NS,Aro Granite Industries Limited,Cement & Materials,25.5,23.1,B-TSJump,2.9,6.0,-44.1,2,28,26,2.8,-9.41,37,CLOSED
2026-08-11,DEVX.NS,Dev Accelerator Limited,Real Estate,35.8,33.31,A+B,5.2,7.0,-44.2,0,26,26,7.1,-6.96,37,CLOSED
2026-08-11,GLOBALVECT.NS,Global Vectra Helicorp Limited,Infrastructure,162.8,125.52,B-TSJump,2.5,6.0,-34.4,3,29,26,5.3,-22.9,37,CLOSED
2026-08-11,ABINFRA.NS,ABINFRA.NS,Infrastructure,10.8,11.02,B-TSJump,6.2,6.0,-54.1,0,25,25,8.1,2.04,37,CLOSED
2026-08-11,CELLO.NS,Cello World Limited,Consumer Durables,378.6,327.6,A+B,5.1,9.0,-43.6,0,24,24,7.3,-13.47,37,CLOSED
2026-08-11,AMDIND.NS,AMD Industries Limited,Capital Goods,51.9,66.58,A-BigDay,9.9,9.0,-23.7,62,75,13,12.6,28.29,37,CLOSED
2026-08-11,DEVYANI.NS,Devyani International Limited,Hospitality,142.8,138.51,A-BigDay,6.9,9.0,-25.2,63,75,12,11.0,-3.0,37,CLOSED
2026-08-11,AMJLAND.NS,AMJ Land Holdings Limited,Real Estate,40.7,36.48,A-BigDay,6.7,9.0,-33.2,28,31,3,8.3,-10.37,37,CLOSED
2026-08-11,AFFLE.NS,Affle 3i Limited,Media,1677.3,1545.6,A-BigDay,5.2,9.0,-23.3,72,74,2,4.4,-7.85,37,CLOSED
2026-08-11,SAPPHIRE.NS,Sapphire Foods India Limited,Hospitality,236.0,233.24,A-BigDay,7.0,9.0,-32.2,62,64,2,10.5,-1.17,37,CLOSED
2026-08-11,ALLCARGO.NS,Allcargo Logistics Limited,Infrastructure,10.2,11.03,A-BigDay,5.1,9.0,-72.0,23,24,1,5.1,8.14,37,CLOSED
2026-08-11,ESTER.NS,Ester Industries Limited,Chemicals,104.5,86.76,A-BigDay,5.3,9.0,-21.1,75,76,1,10.0,-16.98,37,CLOSED
2026-08-12,ALICON.NS,Alicon Castalloy Limited,Capital Goods,773.0,695.15,A+B,6.1,9.0,-24.1,41,74,33,7.1,-10.07,36,CLOSED
2026-08-12,FORCEMOT.NS,Force Motors Limited,Auto,19269.0,17650.0,A-BigDay,5.1,7.0,-27.1,29,42,13,3.6,-8.4,36,CLOSED
2026-08-12,ELLEN.NS,ELLEN.NS,Chemicals,323.8,371.0,A-BigDay,10.0,8.0,-42.2,60,62,2,11.0,14.58,36,CLOSED
2026-08-12,CHEMPLASTS.NS,Chemplast Sanmar Limited,Chemicals,182.4,167.8,A-BigDay,6.2,7.0,-60.4,0,0,0,8.8,-8.0,36,CLOSED
2026-08-13,NATCOPHARM.NS,NATCO Pharma Limited,Pharma & Healthcare,951.7,818.25,B-TSJump,4.0,6.0,-22.4,14,72,58,5.9,-14.02,35,CLOSED
2026-08-13,EKC.NS,Everest Kanto Cylinder Limited,Capital Goods,116.4,101.01,B-TSJump,3.8,7.0,-25.7,15,72,57,4.7,-13.22,35,CLOSED
2026-08-13,DODLA.NS,Dodla Dairy Limited,Consumer Goods,1109.8,1049.6,A+B,6.3,8.0,-25.7,0,39,39,9.7,-5.42,35,CLOSED
2026-08-13,CLEAN.NS,Clean Science and Technology Limited,Chemicals,836.3,828.15,B-TSJump,3.9,9.0,-33.1,28,60,32,4.3,-0.97,35,CLOSED
2026-08-13,DHUNINV.NS,Dhunseri Investments Limited,Financial Services,1042.6,981.75,B-TSJump,7.6,6.0,-33.5,31,63,32,9.8,-5.84,35,CLOSED
2026-08-13,GFLLIMITED.NS,GFL Limited,Financial Services,51.3,55.7,A+B,7.1,9.0,-36.7,28,60,32,8.5,8.58,35,CLOSED
2026-08-13,CENTEXT.NS,Century Extrusions Limited,Metals & Mining,21.7,19.05,B-TSJump,2.9,9.0,-37.5,29,60,31,4.7,-12.21,35,CLOSED
2026-08-13,ECLERX.NS,eClerx Services Limited,IT & Technology,1869.4,1923.0,B-TSJump,3.3,9.0,-25.1,43,74,31,5.0,2.87,35,CLOSED
2026-08-13,ESTER.NS,Ester Industries Limited,Chemicals,101.7,86.76,A+B,5.6,9.0,-23.2,44,75,31,7.6,-14.69,35,CLOSED
2026-08-13,ARENTERP.NS,Rajdarshan Industries Limited,Metals & Mining,39.2,34.2,A+B,5.3,8.0,-35.4,3,30,27,1.0,-12.76,35,CLOSED
2026-08-13,CYIENT.NS,Cyient Limited,Diversified,879.7,1064.0,B-TSJump,4.7,7.0,-30.6,1,28,27,5.4,20.95,35,CLOSED
2026-08-13,CUBEXTUB.NS,Cubex Tubings Limited,Metals & Mining,82.6,81.63,B-TSJump,4.4,6.0,-42.5,0,25,25,6.7,-1.17,35,CLOSED
2026-08-13,SKFINDIA.NS,SKF India Limited,Auto,1606.3,1541.0,A+B,5.2,7.0,-67.6,0,22,22,11.4,-4.07,35,CLOSED
2026-08-13,ARKADE.NS,ARKADE.NS,Real Estate,136.9,117.22,A-BigDay,5.6,8.0,-29.7,61,74,13,6.8,-14.38,35,CLOSED
2026-08-13,BBOX.NS,Black Box Limited,IT & Technology,832.5,766.4,A-BigDay,7.8,7.0,-24.5,55,67,12,8.7,-7.94,35,CLOSED
2026-08-13,GPIL.NS,Godawari Power & Ispat Limited,Metals & Mining,243.3,238.39,A-BigDay,6.3,9.0,-24.0,14,17,3,9.5,-2.02,35,CLOSED
2026-08-13,AVONMORE.NS,Avonmore Capital & Management Services Limited,Financial Services,12.0,12.02,A-BigDay,5.4,8.0,-49.9,25,26,1,9.7,0.17,35,CLOSED
2026-08-14,BALUFORGE.NS,Balu Forge Industries Limited,Capital Goods,493.8,501.6,A+B,10.6,9.0,-29.1,4,43,39,11.8,1.58,34,CLOSED
2026-08-14,HMAAGRO.NS,HMA Agro Industries Limited,Consumer Goods,24.2,23.08,A+B,10.6,8.0,-29.2,0,39,39,11.2,-4.63,34,CLOSED
2026-08-14,HAPPSTMNDS.NS,Happiest Minds Technologies Limited,IT & Technology,420.2,327.9,A+B,6.4,8.0,-32.8,27,60,33,8.3,-21.97,34,CLOSED
2026-08-14,GODREJAGRO.NS,Godrej Agrovet Limited,Consumer Goods,580.5,653.6,B-TSJump,3.3,8.0,-24.3,38,70,32,5.6,12.59,34,CLOSED
2026-08-14,GROBTEA.NS,The Grob Tea Company Limited,Consumer Goods,958.0,930.0,B-TSJump,3.3,8.0,-22.3,39,71,32,0.6,-2.92,34,CLOSED
2026-08-14,JUBLFOOD.NS,JUBLFOOD.NS,Hospitality,504.1,480.2,B-TSJump,2.6,9.0,-24.6,40,72,32,6.7,-4.74,34,CLOSED
2026-08-14,JAIBALAJI.NS,Jai Balaji Industries Limited,Metals & Mining,70.6,63.81,B-TSJump,2.5,8.0,-35.6,29,60,31,5.6,-9.62,34,CLOSED
2026-08-14,FINKURVE.NS,Finkurve Financial Services Limited,Financial Services,72.7,75.05,A+B,15.8,8.0,-46.1,1,29,28,16.9,3.23,34,CLOSED
2026-08-14,GPPL.NS,Gujarat Pipavav Port Limited,Infrastructure,158.7,162.59,B-TSJump,4.6,7.0,-20.7,11,39,28,9.0,2.45,34,CLOSED
2026-08-14,CCCL.NS,Consolidated Construction Consortium Limited,Infrastructure,16.0,13.69,B-TSJump,6.0,6.0,-44.6,0,27,27,11.0,-14.44,34,CLOSED
2026-08-14,DONEAR.NS,Donear Industries Limited,Textiles,87.3,82.81,B-TSJump,2.6,9.0,-25.1,11,38,27,5.8,-5.14,34,CLOSED
2026-08-14,FOODSIN.NS,Foods and Inns Limited,Consumer Goods,57.2,54.79,B-TSJump,6.1,6.0,-41.9,1,28,27,7.3,-4.21,34,CLOSED
2026-08-14,ENERGYDEV.NS,Energy Development Company Limited,Power & Utilities,16.9,14.66,B-TSJump,2.6,6.0,-43.2,1,27,26,4.0,-13.25,34,CLOSED
2026-08-14,SUDARSCHEM.NS,Sudarshan Chemical Industries Limited,Chemicals,1118.1,1205.4,A-BigDay,6.2,9.0,-29.9,77,89,12,7.0,7.81,34,CLOSED
2026-08-17,APCL.NS,Anjani Portland Cement Limited,Cement & Materials,106.9,96.37,B-TSJump,3.2,8.0,-29.7,0,35,35,6.5,-9.85,31,CLOSED
2026-08-17,BALUFORGE.NS,Balu Forge Industries Limited,Capital Goods,513.3,501.6,B-TSJump,4.0,9.0,-26.3,43,75,32,5.9,-2.28,31,CLOSED
2026-08-17,PURVA.NS,Puravankara Limited,Real Estate,226.6,218.23,B-TSJump,3.8,6.0,-25.7,42,74,32,9.5,-3.69,31,CLOSED
2026-08-17,BAJAJHIND.NS,Bajaj Hindusthan Sugar Limited,Consumer Goods,17.9,19.38,B-TSJump,3.6,7.0,-23.1,14,41,27,4.3,8.27,31,CLOSED
2026-08-17,RENUKA.NS,Shree Renuka Sugars Limited,Consumer Goods,23.0,22.81,B-TSJump,4.8,7.0,-31.3,0,25,25,7.6,-0.83,31,CLOSED
2026-08-17,RAYMONDLSL.NS,Raymond Lifestyle Limited,Textiles,762.1,657.25,B-TSJump,2.8,7.0,-43.5,0,24,24,5.2,-13.76,31,CLOSED
2026-08-17,GPIL.NS,Godawari Power & Ispat Limited,Metals & Mining,250.8,238.39,A-BigDay,6.5,9.0,-21.3,15,19,4,11.0,-4.95,31,CLOSED
2026-08-17,JYOTHYLAB.NS,Jyothy Labs Limited,Consumer Goods,213.9,193.84,A-BigDay,7.3,9.0,-37.6,23,26,3,8.5,-9.38,31,CLOSED
2026-08-17,AVONMORE.NS,Avonmore Capital & Management Services Limited,Financial Services,13.0,12.02,A-BigDay,5.3,8.0,-45.6,27,29,2,8.5,-7.54,31,CLOSED
2026-08-17,ABINFRA.NS,ABINFRA.NS,Infrastructure,11.4,11.02,A-BigDay,5.1,8.0,-51.8,25,26,1,6.8,-3.33,31,CLOSED
2026-08-17,GOCOLORS.NS,Go Fashion (India) Limited,Retail,344.0,308.1,A-BigDay,5.1,7.0,-54.8,1,2,1,7.5,-10.44,31,CLOSED
2026-08-17,SKFINDIA.NS,SKF India Limited,Auto,1652.8,1541.0,A-BigDay,5.1,7.0,-66.6,22,23,1,7.6,-6.76,31,CLOSED
2026-08-17,DCMSRIND.NS,DCM Shriram Industries Limited,Consumer Goods,45.7,38.39,A-BigDay,8.3,7.0,-74.6,23,23,0,10.9,-16.0,31,CLOSED
2026-08-18,BAJAJHIND.NS,Bajaj Hindusthan Sugar Limited,Consumer Goods,18.6,19.38,B-TSJump,3.7,8.0,-20.2,41,74,33,3.8,4.19,30,CLOSED
2026-08-18,ALICON.NS,Alicon Castalloy Limited,Capital Goods,757.0,695.15,B-TSJump,4.2,9.0,-25.7,41,73,32,7.7,-8.17,30,CLOSED
2026-08-18,GFLLIMITED.NS,GFL Limited,Financial Services,51.2,55.7,B-TSJump,3.5,9.0,-36.8,29,60,31,0.6,8.79,30,CLOSED
2026-08-18,GILLANDERS.NS,Gillanders Arbuthnot and Company Limited,Consumer Goods,91.5,103.87,B-TSJump,3.4,6.0,-30.6,2,29,27,2.5,13.52,30,CLOSED
2026-08-18,VIPIND.NS,V.I.P. Industries Limited,Consumer Durables,309.4,304.25,B-TSJump,3.0,6.0,-31.9,0,26,26,1.6,-1.66,30,CLOSED
2026-08-18,ABCOTS.NS,ABCOTS.NS,Textiles,217.4,210.83,A+B,8.9,7.0,-56.9,0,22,22,11.5,-3.02,30,CLOSED
2026-08-18,EMUDHRA.NS,eMudhra Limited,IT & Technology,562.0,633.35,A-BigDay,8.3,9.0,-26.9,62,75,13,7.2,12.7,30,CLOSED
2026-08-18,ABINFRA.NS,ABINFRA.NS,Infrastructure,12.6,11.02,A-BigDay,10.7,9.0,-46.6,26,28,2,10.9,-12.54,30,CLOSED
2026-08-18,FINKURVE.NS,Finkurve Financial Services Limited,Financial Services,78.2,75.05,A-BigDay,7.2,8.0,-42.0,29,31,2,10.0,-4.03,30,CLOSED
2026-08-18,BALUFORGE.NS,Balu Forge Industries Limited,Capital Goods,542.5,501.6,A-BigDay,5.7,9.0,-22.1,75,76,1,8.4,-7.54,30,CLOSED
2026-08-19,IMAGICAA.NS,Imagicaaworld Entertainment Limited,Media,48.5,51.18,A+B,5.2,8.0,-21.6,32,89,57,5.7,5.53,29,CLOSED
2026-08-19,CYIENT.NS,Cyient Limited,Diversified,894.5,1064.0,B-TSJump,4.2,8.0,-29.4,2,39,37,4.8,18.95,29,CLOSED
2026-08-19,AHLADA.NS,Ahlada Engineers Limited,Cement & Materials,40.8,39.33,A+B,12.1,9.0,-43.3,0,28,28,12.0,-3.6,29,CLOSED
2026-08-19,DOLATALGO.NS,Dolat Algotech Limited,Financial Services,75.1,67.86,A+B,5.6,9.0,-21.4,12,40,28,5.1,-9.64,29,CLOSED
2026-08-19,COMPUSOFT.NS,Compucom Software Limited,Hospitality,13.9,12.94,B-TSJump,4.9,7.0,-32.5,0,27,27,3.5,-6.91,29,CLOSED
2026-08-19,GUJAPOLLO.NS,Gujarat Apollo Industries Limited,Capital Goods,365.0,324.0,B-TSJump,4.8,9.0,-34.1,1,28,27,7.5,-11.23,29,CLOSED
2026-08-19,ADL.NS,Archidply Decor Limited,Consumer Durables,72.0,72.03,B-TSJump,4.2,6.0,-34.5,5,31,26,1.4,0.04,29,CLOSED
2026-08-19,GFLLIMITED.NS,GFL Limited,Financial Services,56.8,55.7,A-BigDay,10.8,9.0,-29.9,60,74,14,7.9,-1.94,29,CLOSED
2026-08-19,GOPAL.NS,Gopal Snacks Limited,Consumer Goods,288.5,252.25,A-BigDay,5.2,7.0,-27.3,26,39,13,6.8,-12.56,29,CLOSED
2026-08-19,ABINFRA.NS,ABINFRA.NS,Infrastructure,13.4,11.02,A-BigDay,7.0,9.0,-42.9,28,30,2,6.4,-17.76,29,CLOSED
2026-08-19,EMSLIMITED.NS,EMS Limited,Infrastructure,395.0,364.5,A-BigDay,5.1,7.0,-33.3,51,53,2,6.7,-7.72,29,CLOSED
2026-08-19,DCMSRIND.NS,DCM Shriram Industries Limited,Consumer Goods,49.9,38.39,A-BigDay,6.3,9.0,-72.3,24,24,0,0.9,-23.07,29,CLOSED
2026-08-20,CRAMC.NS,CRAMC.NS,Financial Services,264.3,234.35,B-TSJump,5.4,6.0,-24.1,14,72,58,-0.8,-11.33,28,CLOSED
2026-08-20,ARKADE.NS,ARKADE.NS,Real Estate,131.0,117.22,B-TSJump,2.6,7.0,-31.6,21,77,56,-0.2,-10.52,28,CLOSED
2026-08-20,HCC.NS,Hindustan Construction Company Limited,Infrastructure,21.2,21.56,B-TSJump,7.0,6.0,-29.3,22,64,42,5.7,1.7,28,CLOSED
2026-08-20,HERITGFOOD.NS,Heritage Foods Limited,Consumer Goods,378.8,405.45,A+B,5.2,9.0,-29.3,29,71,42,5.5,7.04,28,CLOSED
2026-08-20,BLKASHYAP.NS,B.L. Kashyap and Sons Limited,Infrastructure,54.0,52.87,B-TSJump,3.7,7.0,-28.4,21,62,41,8.2,-2.09,28,CLOSED
2026-08-20,GILLANDERS.NS,Gillanders Arbuthnot and Company Limited,Consumer Goods,94.6,103.87,A+B,6.2,7.0,-28.3,3,40,37,6.8,9.8,28,CLOSED
2026-08-20,RENUKA.NS,Shree Renuka Sugars Limited,Consumer Goods,26.1,22.81,A+B,7.8,9.0,-22.0,38,73,35,11.0,-12.61,28,CLOSED
2026-08-20,DODLA.NS,Dodla Dairy Limited,Consumer Goods,1138.0,1049.6,B-TSJump,3.3,8.0,-23.8,38,71,33,2.8,-7.77,28,CLOSED
2026-08-20,ABREL.NS,Aditya Birla Real Estate Limited,Real Estate,1445.5,1257.4,B-TSJump,3.6,7.0,-26.3,41,73,32,5.9,-13.01,28,CLOSED
2026-08-20,BANDHANBNK.NS,Bandhan Bank Limited,Banking,174.2,171.5,B-TSJump,2.9,8.0,-20.4,33,65,32,25.4,-1.55,28,CLOSED
2026-08-20,BOROLTD.NS,Borosil Limited,Consumer Durables,257.8,253.4,B-TSJump,3.9,9.0,-35.2,26,58,32,4.3,-1.71,28,CLOSED
2026-08-20,EPACKPEB.NS,EPACKPEB.NS,Infrastructure,232.9,222.26,B-TSJump,4.4,7.0,-32.3,23,55,32,5.7,-4.57,28,CLOSED
2026-08-20,ALLCARGO.NS,Allcargo Logistics Limited,Infrastructure,10.5,11.03,B-TSJump,4.1,9.0,-71.2,24,54,30,2.4,5.05,28,CLOSED
2026-08-20,HINDZINC.NS,Hindustan Zinc Limited,Metals & Mining,573.9,572.3,B-TSJump,3.0,7.0,-20.3,45,75,30,0.1,-0.28,28,CLOSED
2026-08-20,CANTABIL.NS,Cantabil Retail India Limited,Textiles,247.3,243.0,B-TSJump,6.5,6.0,-22.9,12,41,29,6.6,-1.74,28,CLOSED
2026-08-20,ICDSLTD.NS,ICDS Limited,Real Estate,42.0,58.8,B-TSJump,5.0,6.0,-32.6,0,27,27,7.4,40.0,28,CLOSED
2026-08-20,SBICARD.NS,SBI Cards and Payment Services Limited,Financial Services,647.0,636.95,B-TSJump,3.8,6.0,-32.7,0,27,27,6.9,-1.55,28,CLOSED
2026-08-20,BVCL.NS,Barak Valley Cements Limited,Cement & Materials,41.8,40.89,B-TSJump,3.4,6.0,-40.3,3,29,26,3.0,-2.18,28,CLOSED
2026-08-20,EMSLIMITED.NS,EMS Limited,Infrastructure,405.0,364.5,B-TSJump,2.5,7.0,-31.6,53,79,26,5.6,-10.0,28,CLOSED
2026-08-20,GANGESSECU.NS,Ganges Securities Limited,Consumer Goods,122.1,113.05,B-TSJump,2.6,9.0,-31.5,2,28,26,2.8,-7.41,28,CLOSED
2026-08-20,ATL.NS,Allcargo Terminals Limited,Infrastructure,24.1,24.5,B-TSJump,2.8,7.0,-40.4,3,28,25,1.3,1.66,28,CLOSED
2026-08-20,ELECON.NS,Elecon Engineering Company Limited,Capital Goods,451.7,414.6,A-BigDay,5.3,7.0,-28.6,19,31,12,8.5,-8.21,28,CLOSED
2026-08-20,BRIGADE.NS,Brigade Enterprises Limited,Real Estate,625.8,620.9,A-BigDay,6.5,9.0,-21.7,72,75,3,6.3,-0.78,28,CLOSED
2026-08-20,COHANCE.NS,COHANCE.NS,Pharma & Healthcare,475.5,439.95,A-BigDay,6.4,9.0,-54.2,72,74,2,7.8,-7.48,28,CLOSED
2026-08-20,DCMSRIND.NS,DCM Shriram Industries Limited,Consumer Goods,52.8,38.39,A-BigDay,5.9,9.0,-70.6,24,25,1,6.5,-27.29,28,CLOSED
2026-08-20,FINKURVE.NS,Finkurve Financial Services Limited,Financial Services,76.3,75.05,A-BigDay,7.0,7.0,-43.4,29,30,1,8.5,-1.64,28,CLOSED
2026-08-20,HBLENGINE.NS,HBLENGINE.NS,Capital Goods,712.9,756.75,A-BigDay,6.1,7.0,-36.3,0,1,1,7.4,6.15,28,CLOSED
2026-08-20,NETWORK18.NS,Network18 Media & Investments Limited,Media,30.6,26.46,A-BigDay,9.0,9.0,-47.7,0,0,0,6.9,-13.53,28,CLOSED
2026-08-20,ZAGGLE.NS,Zaggle Prepaid Ocean Services Limited,Financial Services,197.6,181.38,A-BigDay,6.2,7.0,-52.2,0,0,0,7.0,-8.21,28,CLOSED
2026-08-21,BALAJITELE.NS,Balaji Telefilms Limited,Media,97.8,95.97,A+B,6.9,7.0,-30.8,30,62,32,10.4,-1.87,27,CLOSED
2026-08-21,PCJEWELLER.NS,PC Jeweller Limited,Consumer Durables,10.2,12.35,A+B,6.3,7.0,-33.5,29,61,32,14.4,21.08,27,CLOSED
2026-08-21,TARIL.NS,TARIL.NS,Capital Goods,298.6,276.0,B-TSJump,4.7,6.0,-45.9,16,47,31,10.8,-7.57,27,CLOSED
2026-08-21,THOMASCOOK.NS,Thomas Cook (India) Limited,Hospitality,113.2,103.42,A+B,11.4,9.0,-37.7,0,29,29,18.3,-8.64,27,CLOSED
2026-08-21,NCC.NS,NCC Limited,Infrastructure,149.6,135.6,A+B,6.8,8.0,-31.7,0,28,28,8.5,-9.36,27,CLOSED
2026-08-21,AMRUTANJAN.NS,Amrutanjan Health Care Limited,Pharma & Healthcare,536.3,491.0,B-TSJump,2.8,6.0,-31.8,0,26,26,8.0,-8.45,27,CLOSED
2026-08-21,DEVX.NS,Dev Accelerator Limited,Real Estate,35.7,33.31,B-TSJump,2.8,7.0,-44.3,0,26,26,3.1,-6.69,27,CLOSED
2026-08-21,VEDL.NS,Vedanta Limited,Metals & Mining,279.0,257.45,B-TSJump,4.1,8.0,-64.9,0,22,22,3.8,-7.72,27,CLOSED
2026-08-21,HAPPSTMNDS.NS,Happiest Minds Technologies Limited,IT & Technology,444.5,327.9,A-BigDay,7.3,8.0,-28.9,59,72,13,9.8,-26.23,27,CLOSED
2026-08-21,ALLCARGO.NS,Allcargo Logistics Limited,Infrastructure,12.2,11.03,A-BigDay,15.8,9.0,-66.7,54,56,2,21.9,-9.59,27,CLOSED
2026-08-21,ASHIMASYN.NS,Ashima Limited,Real Estate,18.5,16.12,A-BigDay,5.5,8.0,-33.1,62,63,1,15.7,-12.86,27,CLOSED
2026-08-24,IDBI.NS,IDBI Bank Limited,Banking,87.9,81.89,A+B,6.9,8.0,-25.7,7,45,38,9.0,-6.84,24,CLOSED
2026-08-24,VMM.NS,VMM.NS,Retail,113.5,101.24,A+B,9.7,8.0,-28.0,0,38,38,10.4,-10.8,24,CLOSED
2026-08-24,ATL.NS,Allcargo Terminals Limited,Infrastructure,27.6,24.5,A+B,11.0,9.0,-31.9,29,63,34,9.1,-11.23,24,CLOSED
2026-08-24,CENTEXT.NS,Century Extrusions Limited,Metals & Mining,22.3,19.05,A+B,8.2,9.0,-35.7,28,61,33,12.2,-14.57,24,CLOSED
2026-08-24,EPIGRAL.NS,Epigral Limited,Chemicals,1202.7,1101.4,A+B,6.8,7.0,-34.7,29,62,33,7.8,-8.42,24,CLOSED
2026-08-24,ADL.NS,Archidply Decor Limited,Consumer Durables,75.1,72.03,B-TSJump,4.3,9.0,-31.7,31,63,32,4.7,-4.09,24,CLOSED
2026-08-24,GROBTEA.NS,The Grob Tea Company Limited,Consumer Goods,954.5,930.0,B-TSJump,3.0,7.0,-22.6,39,71,32,3.2,-2.57,24,CLOSED
2026-08-24,MANINFRA.NS,Man Infraconstruction Limited,Infrastructure,113.7,125.71,B-TSJump,4.6,8.0,-31.3,31,63,32,5.9,10.56,24,CLOSED
2026-08-24,AVONMORE.NS,Avonmore Capital & Management Services Limited,Financial Services,13.6,12.02,B-TSJump,2.6,7.0,-43.2,29,60,31,10.1,-11.62,24,CLOSED
2026-08-24,FINKURVE.NS,Finkurve Financial Services Limited,Financial Services,79.6,75.05,B-TSJump,4.3,8.0,-41.0,30,61,31,9.6,-5.72,24,CLOSED
2026-08-24,AWL.NS,AWL Agri Business Limited,Consumer Goods,193.9,184.04,B-TSJump,3.1,7.0,-31.1,0,27,27,4.6,-5.09,24,CLOSED
2026-08-24,BANG.NS,Bang Overseas Limited,Textiles,34.0,33.19,A+B,18.6,9.0,-45.2,0,27,27,17.6,-2.38,24,CLOSED
2026-08-24,HEXT.NS,Hexaware Technologies Limited,IT & Technology,562.5,526.45,B-TSJump,5.6,6.0,-30.3,6,33,27,3.1,-6.41,24,CLOSED
2026-08-24,PCJEWELLER.NS,PC Jeweller Limited,Consumer Durables,11.1,12.35,A-BigDay,8.8,8.0,-27.7,61,74,13,11.2,11.26,24,CLOSED
2026-08-24,GILLANDERS.NS,Gillanders Arbuthnot and Company Limited,Consumer Goods,102.3,103.87,A-BigDay,6.4,7.0,-22.5,71,75,4,7.1,1.53,24,CLOSED
2026-08-24,HCC.NS,Hindustan Construction Company Limited,Infrastructure,22.5,21.56,A-BigDay,7.1,7.0,-24.9,64,66,2,7.1,-4.18,24,CLOSED
2026-08-24,ALLCARGO.NS,Allcargo Logistics Limited,Infrastructure,13.3,11.03,A-BigDay,9.5,9.0,-63.5,56,57,1,14.1,-17.07,24,CLOSED
2026-08-24,DVL.NS,Dhunseri Ventures Limited,Financial Services,283.6,278.8,A-BigDay,5.2,7.0,-24.0,74,75,1,8.3,-1.69,24,CLOSED
2026-08-24,HERANBA.NS,Heranba Industries Limited,Chemicals,178.4,165.78,A-BigDay,8.2,7.0,-52.8,0,0,0,9.1,-7.07,24,CLOSED
2026-08-25,BVCL.NS,Barak Valley Cements Limited,Cement & Materials,42.8,40.89,B-TSJump,2.8,6.0,-38.8,4,59,55,5.0,-4.46,23,CLOSED
2026-08-25,CYIENT.NS,Cyient Limited,Diversified,979.0,1064.0,A+B,7.7,9.0,-22.8,40,74,34,10.5,8.68,23,CLOSED
2026-08-25,ALMONDZ.NS,Almondz Global Securities Limited,Financial Services,15.2,18.41,A+B,7.7,9.0,-31.0,30,63,33,9.0,21.12,23,CLOSED
2026-08-25,DTIL.NS,Dhunseri Tea & Industries Limited,Consumer Goods,152.7,138.98,A+B,10.1,8.0,-22.5,43,76,33,12.1,-8.98,23,CLOSED
2026-08-25,BOROLTD.NS,Borosil Limited,Consumer Durables,261.5,253.4,B-TSJump,2.9,7.0,-34.3,27,58,31,4.4,-3.1,23,CLOSED
2026-08-25,ELECTCAST.NS,Electrosteel Castings Limited,Cement & Materials,76.6,74.07,B-TSJump,3.7,7.0,-25.7,41,72,31,4.7,-3.3,23,CLOSED
2026-08-25,EPACKPEB.NS,EPACKPEB.NS,Infrastructure,236.1,222.26,B-TSJump,2.9,6.0,-31.4,24,55,31,4.1,-5.86,23,CLOSED
2026-08-25,GENUSPAPER.NS,Genus Paper & Boards Limited,Cement & Materials,12.1,11.18,B-TSJump,7.7,6.0,-38.9,2,30,28,4.6,-7.6,23,CLOSED
2026-08-25,ICRA.NS,ICRA Limited,Financial Services,5106.5,4584.6,B-TSJump,2.9,8.0,-25.3,9,36,27,6.1,-10.22,23,CLOSED
2026-08-25,SUNTECK.NS,Sunteck Realty Limited,Real Estate,314.0,281.25,B-TSJump,6.0,6.0,-33.5,1,27,26,2.6,-10.43,23,CLOSED
2026-08-25,ARSSBL.NS,ARSSBL.NS,Financial Services,537.3,500.55,A+B,5.0,7.0,-31.8,5,30,25,3.2,-6.84,23,CLOSED
2026-08-25,PARADEEP.NS,Paradeep Phosphates Limited,Chemicals,159.6,153.81,A-BigDay,6.8,8.0,-31.3,77,79,2,6.8,-3.63,23,CLOSED
2026-08-25,ADVENTHTL.NS,Advent Hotels International Limited,Hospitality,141.8,127.04,A-BigDay,6.5,9.0,-58.9,17,18,1,4.7,-10.41,23,CLOSED
2026-08-25,BANG.NS,Bang Overseas Limited,Textiles,34.7,33.19,A-BigDay,21.0,9.0,-44.1,27,28,1,4.5,-4.35,23,CLOSED
2026-08-25,EPIGRAL.NS,Epigral Limited,Chemicals,1240.9,1101.4,A-BigDay,10.2,7.0,-32.6,62,63,1,5.7,-11.24,23,CLOSED
2026-08-25,ADL.NS,Archidply Decor Limited,Consumer Durables,75.9,72.03,A-BigDay,5.4,7.0,-30.9,63,63,0,7.9,-5.1,23,CLOSED
2026-08-25,ATL.NS,Allcargo Terminals Limited,Infrastructure,27.2,24.5,A-BigDay,9.3,8.0,-33.0,63,63,0,-4.4,-9.93,23,CLOSED
2026-08-25,CENTEXT.NS,Century Extrusions Limited,Metals & Mining,22.2,19.05,A-BigDay,7.5,9.0,-36.2,61,61,0,2.6,-14.19,23,CLOSED
2026-08-25,GENESYS.NS,Genesys International Corporation Limited,IT & Technology,214.2,284.42,A-BigDay,20.0,9.0,-66.9,0,0,0,51.6,32.78,23,CLOSED
2026-08-26,JAIBALAJI.NS,Jai Balaji Industries Limited,Metals & Mining,68.6,63.81,B-TSJump,4.5,8.0,-36.5,2,59,57,6.6,-6.98,22,CLOSED
2026-08-26,GENCON.NS,Generic Engineering Construction and Projects Limited,Infrastructure,46.8,39.56,A+B,12.7,8.0,-22.0,27,74,47,17.1,-15.47,22,CLOSED
2026-08-26,DHUNINV.NS,Dhunseri Investments Limited,Financial Services,1115.9,981.75,A+B,16.3,9.0,-28.8,30,75,45,19.7,-12.02,22,CLOSED
2026-08-26,GKENERGY.NS,GKENERGY.NS,Power & Utilities,133.8,118.98,A+B,6.0,7.0,-43.9,18,50,32,8.1,-11.08,22,CLOSED
2026-08-26,AVONMORE.NS,Avonmore Capital & Management Services Limited,Financial Services,14.0,12.02,B-TSJump,3.9,7.0,-41.5,29,60,31,-14.5,-14.14,22,CLOSED
2026-08-26,BLKASHYAP.NS,B.L. Kashyap and Sons Limited,Infrastructure,55.2,52.87,A-BigDay,5.1,8.0,-24.4,61,89,28,7.4,-4.22,22,CLOSED
2026-08-26,RAMCOCEM.NS,The Ramco Cements Limited,Cement & Materials,940.7,858.95,B-TSJump,3.5,7.0,-22.3,11,39,28,4.1,-8.69,22,CLOSED
2026-08-26,HCC.NS,Hindustan Construction Company Limited,Infrastructure,23.9,21.56,A-BigDay,5.6,8.0,-20.4,66,93,27,9.2,-9.79,22,CLOSED
2026-08-26,ALLCARGO.NS,Allcargo Logistics Limited,Infrastructure,13.3,11.03,A-BigDay,8.6,9.0,-63.6,56,57,1,15.6,-17.07,22,CLOSED
2026-08-26,GENESYS.NS,Genesys International Corporation Limited,IT & Technology,246.3,284.42,A-BigDay,15.0,9.0,-62.0,0,0,0,27.3,15.48,22,CLOSED
2026-08-26,JISLJALEQS.NS,Jain Irrigation Systems Limited,Capital Goods,30.1,30.2,A-BigDay,7.6,7.0,-49.0,0,0,0,9.2,0.33,22,CLOSED
2026-08-27,ALLCARGO.NS,Allcargo Logistics Limited,Infrastructure,13.3,11.03,A-BigDay,8.6,9.0,-63.6,57,57,0,0.7,-17.07,21,ACTIVE
2026-08-27,DHUNINV.NS,Dhunseri Investments Limited,Financial Services,1115.9,981.75,A-BigDay,16.3,9.0,-28.8,75,75,0,0.9,-12.02,21,ACTIVE
2026-08-27,GENCON.NS,Generic Engineering Construction and Projects Limited,Infrastructure,46.8,39.56,A-BigDay,12.7,8.0,-22.0,74,74,0,0.2,-15.47,21,ACTIVE
2026-08-27,GENESYS.NS,Genesys International Corporation Limited,IT & Technology,246.3,284.42,A-BigDay,15.0,9.0,-62.0,0,0,0,5.2,15.48,21,ACTIVE
2026-08-27,GKENERGY.NS,GKENERGY.NS,Power & Utilities,133.8,118.98,A-BigDay,6.0,7.0,-43.9,50,50,0,0.7,-11.08,21,ACTIVE
2026-08-27,JISLJALEQS.NS,Jain Irrigation Systems Limited,Capital Goods,30.1,30.2,A-BigDay,7.6,7.0,-49.0,0,0,0,0.7,0.33,21,ACTIVE
2026-08-28,ALMONDZ.NS,Almondz Global Securities Limited,Financial Services,16.1,18.41,A+B,9.6,8.0,-26.9,31,75,44,-3.9,14.35,20,ACTIVE
2026-08-28,BANARBEADS.NS,Banaras Beads Limited,Consumer Durables,119.5,110.54,B-TSJump,6.9,6.0,-27.4,27,71,44,9.3,-7.5,20,ACTIVE
2026-08-28,BBTC.NS,The Bombay Burmah Trading Corporation Limited,Consumer Goods,1613.6,1399.4,A+B,13.1,9.0,-23.7,0,42,42,13.4,-13.27,20,ACTIVE
2026-08-28,GKENERGY.NS,GKENERGY.NS,Power & Utilities,139.6,118.98,B-TSJump,4.4,6.0,-41.5,50,76,26,10.0,-14.77,20,ACTIVE
2026-08-28,WHIRLPOOL.NS,Whirlpool of India Limited,Consumer Durables,836.2,727.4,A+B,9.0,9.0,-41.5,0,24,24,6.4,-13.01,20,ACTIVE
2026-08-31,GEEKAYWIRE.NS,Geekay Wires Limited,Capital Goods,26.7,33.46,A+B,8.1,7.0,-33.7,2,62,60,14.8,25.32,17,ACTIVE
2026-08-31,EMMBI.NS,Emmbi Industries Limited,Capital Goods,90.3,87.91,A+B,9.6,9.0,-22.8,17,75,58,7.6,-2.65,17,ACTIVE
2026-08-31,EMKAY.NS,Emkay Global Financial Services Limited,Financial Services,257.2,248.95,A+B,7.3,7.0,-36.9,18,75,57,6.2,-3.21,17,ACTIVE
2026-08-31,RENUKA.NS,Shree Renuka Sugars Limited,Consumer Goods,24.9,22.81,A+B,6.3,7.0,-25.7,26,70,44,5.8,-8.39,17,ACTIVE
2026-08-31,ADL.NS,Archidply Decor Limited,Consumer Durables,75.8,72.03,B-TSJump,6.8,6.0,-31.1,31,63,32,4.1,-4.97,17,ACTIVE
2026-08-31,MASTEK.NS,Mastek Limited,IT & Technology,1748.4,1630.1,B-TSJump,8.5,6.0,-32.4,2,30,28,7.9,-6.77,17,ACTIVE
2026-08-31,AAATECH.NS,AAA Technologies Limited,IT & Technology,94.8,84.57,B-TSJump,3.0,8.0,-30.3,3,30,27,2.4,-10.79,17,ACTIVE
2026-08-31,OLAELEC.NS,OLAELEC.NS,Auto,41.1,36.79,A+B,5.5,8.0,-42.3,50,77,27,7.5,-10.49,17,ACTIVE
2026-08-31,DRCSYSTEMS.NS,DRC Systems India Limited,IT & Technology,13.7,12.59,A+B,7.0,8.0,-42.2,0,26,26,9.4,-8.1,17,ACTIVE
2026-08-31,ABCOTS.NS,ABCOTS.NS,Textiles,214.7,210.83,B-TSJump,5.0,7.0,-57.4,0,22,22,5.4,-1.8,17,ACTIVE
2026-08-31,CSLFINANCE.NS,CSL Finance Limited,Financial Services,239.7,216.92,A-BigDay,5.7,7.0,-26.2,25,38,13,4.4,-9.5,17,ACTIVE
2026-08-31,ALMONDZ.NS,Almondz Global Securities Limited,Financial Services,17.5,18.41,A-BigDay,8.5,9.0,-20.7,75,77,2,10.9,5.2,17,ACTIVE
2026-08-31,DGCONTENT.NS,Digicontent Limited,Hospitality,25.2,24.0,A-BigDay,5.0,7.0,-36.3,0,1,1,9.8,-4.76,17,ACTIVE
2026-09-01,TEXRAIL.NS,Texmaco Rail & Engineering Limited,Infrastructure,113.1,111.69,B-TSJump,3.8,7.0,-26.1,18,75,57,4.9,-1.25,16,ACTIVE
2026-09-01,ICDSLTD.NS,ICDS Limited,Real Estate,49.2,58.8,A+B,20.0,9.0,-21.0,26,75,49,11.5,19.51,16,ACTIVE
2026-09-01,MASTEK.NS,Mastek Limited,IT & Technology,1802.0,1630.1,B-TSJump,3.1,9.0,-29.8,30,72,42,6.8,-9.54,16,ACTIVE
2026-09-01,GARUDA.NS,GARUDA.NS,Infrastructure,179.9,174.82,B-TSJump,4.8,8.0,-27.9,6,43,37,0.4,-2.82,16,ACTIVE
2026-09-01,ARIHANTCAP.NS,Arihant Capital Markets Limited,Financial Services,80.0,81.21,B-TSJump,2.9,8.0,-33.3,30,61,31,0.9,1.51,16,ACTIVE
2026-09-01,GEEKAYWIRE.NS,Geekay Wires Limited,Capital Goods,29.1,33.46,A-BigDay,9.0,8.0,-27.8,62,75,13,6.2,14.98,16,ACTIVE
2026-09-01,HGM.NS,Handson Global Management (HGM) Limited,IT & Technology,48.7,47.79,A-BigDay,7.9,8.0,-40.9,0,0,0,7.2,-1.87,16,ACTIVE
2026-09-02,HERITGFOOD.NS,Heritage Foods Limited,Consumer Goods,378.8,405.45,A+B,7.1,10.0,-29.3,28,71,43,3.6,7.04,15,ACTIVE
2026-09-02,DCW.NS,DCW Limited,Chemicals,47.6,45.42,A+B,6.8,7.0,-38.9,1,28,27,4.0,-4.58,15,ACTIVE
2026-09-03,NUVOCO.NS,Nuvoco Vistas Corporation Limited,Cement & Materials,338.1,319.0,B-TSJump,3.0,7.0,-29.2,18,85,67,-1.2,-5.65,14,ACTIVE
2026-09-03,JMFINANCIL.NS,JM Financial Limited,Diversified,134.5,122.51,B-TSJump,4.0,8.0,-29.5,28,70,42,-3.9,-8.91,14,ACTIVE
2026-09-03,GARUDA.NS,Garuda Construction and Engineering Limited,Infrastructure,178.9,174.82,B-TSJump,2.6,8.0,-28.2,7,43,36,-5.3,-2.28,14,ACTIVE
2026-09-03,APEX.NS,Apex Frozen Foods Limited,Consumer Goods,376.8,350.95,B-TSJump,2.6,8.0,-26.8,35,66,31,0.5,-6.86,14,ACTIVE
2026-09-03,DONEAR.NS,Donear Industries Limited,Textiles,88.6,82.81,A+B,6.1,8.0,-24.0,10,39,29,4.0,-6.53,14,ACTIVE
2026-09-03,HGM.NS,Handson Global Management (HGM) Limited,IT & Technology,51.5,47.79,A+B,6.6,9.0,-37.5,0,28,28,4.7,-7.2,14,ACTIVE
2026-09-03,ALICON.NS,Alicon Castalloy Limited,Capital Goods,684.5,695.15,B-TSJump,2.9,6.0,-32.8,1,28,27,-5.8,1.56,14,ACTIVE
2026-09-03,NCC.NS,NCC Limited,Infrastructure,147.2,135.6,B-TSJump,3.3,9.0,-32.8,0,27,27,0.0,-7.88,14,ACTIVE
2026-09-03,SARDAEN.NS,Sarda Energy & Minerals Limited,Metals & Mining,506.5,506.95,B-TSJump,3.2,9.0,-20.5,12,39,27,1.9,0.09,14,ACTIVE
2026-09-03,AFCONS.NS,Afcons Infrastructure Limited,Infrastructure,294.7,267.3,B-TSJump,3.4,6.0,-38.1,0,25,25,1.6,-9.3,14,ACTIVE
2026-09-03,CROWN.NS,Crown Lifters Limited,Capital Goods,111.8,108.95,B-TSJump,3.3,7.0,-41.5,0,24,24,0.8,-2.55,14,ACTIVE
2026-09-03,ELLEN.NS,Ellenbarrie Industrial Gases Limited,Chemicals,330.5,371.0,A-BigDay,5.5,8.0,-41.0,76,78,2,3.6,12.25,14,ACTIVE
2026-09-03,GEEKAYWIRE.NS,Geekay Wires Limited,Capital Goods,29.4,33.46,A-BigDay,5.5,8.0,-26.1,74,75,1,7.1,13.81,14,ACTIVE
2026-09-04,AFFLE.NS,Affle 3i Limited,Media,1616.5,1545.6,A+B,6.4,9.0,-26.1,19,87,68,3.8,-4.39,13,ACTIVE
2026-09-04,PURVA.NS,Puravankara Limited,Real Estate,230.7,218.23,A+B,9.3,7.0,-22.2,17,75,58,5.2,-5.41,13,ACTIVE
2026-09-04,IGL.NS,Indraprastha Gas Limited,Oil & Gas,158.0,148.67,A+B,5.8,7.0,-27.9,0,37,37,4.0,-5.91,13,ACTIVE
2026-09-04,DONEAR.NS,Donear Industries Limited,Textiles,92.2,82.81,B-TSJump,4.2,8.0,-20.8,39,72,33,1.9,-10.18,13,ACTIVE
2026-09-04,GENCON.NS,Generic Engineering Construction and Projects Limited,Infrastructure,44.6,39.56,A+B,5.4,9.0,-25.6,38,71,33,2.8,-11.3,13,ACTIVE
2026-09-04,BOROLTD.NS,Borosil Limited,Consumer Durables,259.0,253.4,B-TSJump,4.2,6.0,-34.9,26,58,32,0.8,-2.16,13,ACTIVE
2026-09-04,CSLFINANCE.NS,CSL Finance Limited,Financial Services,251.8,216.92,B-TSJump,3.2,8.0,-22.5,39,71,32,1.2,-13.85,13,ACTIVE
2026-09-04,ATL.NS,Allcargo Terminals Limited,Infrastructure,25.3,24.5,B-TSJump,4.3,6.0,-37.5,29,60,31,-6.8,-3.16,13,ACTIVE
2026-09-04,GENUSPAPER.NS,Genus Paper & Boards Limited,Cement & Materials,12.8,11.18,B-TSJump,2.6,6.0,-32.3,32,63,31,1.8,-12.66,13,ACTIVE
2026-09-04,AIRAN.NS,Airan Limited,IT & Technology,15.4,16.7,B-TSJump,4.3,7.0,-43.8,0,26,26,1.6,8.44,13,ACTIVE
2026-09-04,SWIGGY.NS,Swiggy Limited,Retail,276.1,276.5,B-TSJump,2.5,8.0,-41.8,0,26,26,2.4,0.14,13,ACTIVE
2026-09-04,GANESHCP.NS,Ganesh Consumer Products Limited,Consumer Goods,174.5,164.47,B-TSJump,3.3,7.0,-42.3,0,25,25,6.8,-5.75,13,ACTIVE
2026-09-04,JISLJALEQS.NS,Jain Irrigation Systems Limited,Capital Goods,30.9,30.2,A+B,9.6,9.0,-47.7,0,25,25,6.7,-2.27,13,ACTIVE
2026-09-04,PCJEWELLER.NS,PC Jeweller Limited,Consumer Durables,11.9,12.35,A-BigDay,12.7,9.0,-22.9,77,91,14,11.0,3.78,13,ACTIVE
2026-09-04,GFLLIMITED.NS,GFL Limited,Financial Services,62.8,55.7,A-BigDay,7.1,9.0,-22.5,75,77,2,2.9,-11.31,13,ACTIVE
2026-09-04,THOMASCOOK.NS,Thomas Cook (India) Limited,Hospitality,111.7,103.42,A-BigDay,5.0,9.0,-38.2,27,29,2,2.5,-7.41,13,ACTIVE
2026-09-07,RENUKA.NS,Shree Renuka Sugars Limited,Consumer Goods,25.1,22.81,B-TSJump,4.6,7.0,-24.5,38,71,33,0.4,-9.12,10,ACTIVE
2026-09-07,SUPREMEIND.NS,The Supreme Industries Limited,Capital Goods,3598.0,3344.4,B-TSJump,3.5,6.0,-21.6,37,70,33,0.0,-7.05,10,ACTIVE
2026-09-07,AIRAN.NS,Airan Limited,IT & Technology,16.4,16.7,A+B,6.5,8.0,-40.2,26,58,32,3.5,1.83,10,ACTIVE
2026-09-07,AVONMORE.NS,Avonmore Capital & Management Services Limited,Financial Services,14.1,12.02,A+B,8.3,7.0,-41.0,29,61,32,6.9,-14.75,10,ACTIVE
2026-09-07,ASHOKAMET.NS,Ashoka Metcast Limited,Metals & Mining,14.3,14.6,A+B,5.3,7.0,-31.9,0,28,28,2.8,2.1,10,ACTIVE
2026-09-07,DCW.NS,DCW Limited,Chemicals,48.0,45.42,B-TSJump,4.4,8.0,-36.9,2,29,27,0.8,-5.38,10,ACTIVE
2026-09-07,NESCO.NS,Nesco Limited,Real Estate,1076.0,1081.5,B-TSJump,2.7,7.0,-33.9,0,25,25,0.1,0.51,10,ACTIVE
2026-09-07,TARC.NS,TARC Limited,Real Estate,134.9,130.69,A-BigDay,6.2,8.0,-27.6,27,41,14,6.0,-3.12,10,ACTIVE
2026-09-07,BBOX.NS,Black Box Limited,IT & Technology,774.2,766.4,A-BigDay,8.7,8.0,-29.7,53,65,12,3.2,-1.01,10,ACTIVE
2026-09-07,JISLJALEQS.NS,Jain Irrigation Systems Limited,Capital Goods,32.5,30.2,A-BigDay,5.3,9.0,-44.9,25,26,1,13.7,-7.08,10,ACTIVE
2026-09-07,CHEMPLASTS.NS,Chemplast Sanmar Limited,Chemicals,185.5,167.8,A-BigDay,8.9,9.0,-58.9,0,0,0,13.4,-9.54,10,ACTIVE
2026-09-08,HINDCOPPER.NS,Hindustan Copper Limited,Metals & Mining,532.8,485.5,B-TSJump,4.7,6.0,-29.8,10,76,66,1.7,-8.88,9,ACTIVE
2026-09-08,EVEREADY.NS,Eveready Industries India Limited,Capital Goods,348.9,334.1,A+B,6.6,8.0,-25.2,30,89,59,2.7,-4.24,9,ACTIVE
2026-09-08,ASTEC.NS,Astec LifeSciences Limited,Chemicals,662.8,755.15,A+B,20.0,9.0,-29.6,0,41,41,15.5,13.93,9,ACTIVE
2026-09-08,GARUDA.NS,Garuda Construction and Engineering Limited,Infrastructure,183.6,174.82,B-TSJump,2.8,6.0,-26.4,43,74,31,-5.9,-4.78,9,ACTIVE
2026-09-08,ANMOL.NS,Anmol India Limited,Oil & Gas,11.4,14.77,A+B,12.9,9.0,-35.9,1,30,29,8.2,29.56,9,ACTIVE
2026-09-08,GENESYS.NS,Genesys International Corporation Limited,IT & Technology,288.2,284.42,A+B,20.0,9.0,-54.6,0,28,28,25.6,-1.31,9,ACTIVE
2026-09-08,HBLENGINE.NS,HBL Engineering Limited,Capital Goods,731.2,756.75,B-TSJump,3.9,9.0,-34.7,1,28,27,5.1,3.49,9,ACTIVE
2026-09-08,LXCHEM.NS,Laxmi Organic Industries Limited,Chemicals,184.5,179.23,A-BigDay,7.3,7.0,-23.3,65,92,27,2.5,-2.86,9,ACTIVE
2026-09-08,VINATIORGA.NS,Vinati Organics Limited,Chemicals,1347.8,1249.7,B-TSJump,3.8,7.0,-27.1,10,37,27,1.2,-7.28,9,ACTIVE
2026-09-08,TEGA.NS,Tega Industries Limited,Capital Goods,1632.4,1920.0,A+B,5.5,8.0,-23.2,12,38,26,-1.9,17.62,9,ACTIVE
2026-09-08,AIRAN.NS,Airan Limited,IT & Technology,17.1,16.7,A-BigDay,11.1,7.0,-37.6,58,60,2,1.6,-2.34,9,ACTIVE
2026-09-08,NESCO.NS,Nesco Limited,Real Estate,1117.1,1081.5,A-BigDay,6.6,7.0,-31.4,25,26,1,0.9,-3.19,9,ACTIVE
2026-09-08,ASHOKAMET.NS,Ashoka Metcast Limited,Metals & Mining,14.4,14.6,A-BigDay,6.3,7.0,-31.2,28,28,0,-0.7,1.39,9,ACTIVE
2026-09-08,CHEMPLASTS.NS,Chemplast Sanmar Limited,Chemicals,180.8,167.8,A-BigDay,6.1,7.0,-60.0,0,0,0,-3.0,-7.19,9,ACTIVE
2026-09-09,DIAMINESQ.NS,Diamines and Chemicals Limited,Chemicals,253.2,255.04,B-TSJump,3.3,7.0,-32.9,2,59,57,6.2,0.73,8,ACTIVE
2026-09-09,ANMOL.NS,Anmol India Limited,Oil & Gas,13.6,14.77,A+B,19.8,9.0,-23.2,30,76,46,18.8,8.6,8,ACTIVE
2026-09-09,ALICON.NS,Alicon Castalloy Limited,Capital Goods,737.7,695.15,B-TSJump,6.1,6.0,-27.6,28,71,43,3.8,-5.77,8,ACTIVE
2026-09-09,EPACKPEB.NS,EPack Prefab Technologies Limited,Infrastructure,248.1,222.26,A-BigDay,6.0,7.0,-27.9,55,91,36,8.0,-10.42,8,ACTIVE
2026-09-09,AARON.NS,Aaron Industries Limited,Capital Goods,134.5,124.42,B-TSJump,7.6,6.0,-40.8,0,27,27,0.1,-7.49,8,ACTIVE
2026-09-09,DOLLAR.NS,Dollar Industries Limited,Textiles,273.1,267.0,B-TSJump,3.2,6.0,-30.2,4,30,26,-4.0,-2.23,8,ACTIVE
2026-09-09,DREAMFOLKS.NS,Dreamfolks Services Limited,Infrastructure,68.6,65.17,B-TSJump,5.2,6.0,-57.2,0,24,24,2.4,-5.0,8,ACTIVE
2026-09-09,AKG.NS,AKG Exim Limited,Capital Goods,10.5,10.32,A-BigDay,7.0,7.0,-30.2,28,31,3,4.1,-1.71,8,ACTIVE
2026-09-09,ELLEN.NS,Ellenbarrie Industrial Gases Limited,Chemicals,355.0,371.0,A-BigDay,10.0,8.0,-36.6,77,80,3,-3.4,4.51,8,ACTIVE
2026-09-09,BANG.NS,Bang Overseas Limited,Textiles,35.6,33.19,A-BigDay,6.3,9.0,-42.6,27,29,2,3.2,-6.77,8,ACTIVE
2026-09-09,EXCELSOFT.NS,Excelsoft Technologies Limited,IT & Technology,75.2,79.8,A-BigDay,8.9,9.0,-47.2,17,19,2,7.3,6.12,8,ACTIVE
2026-09-09,HLEGLAS.NS,HLE Glascoat Limited,Capital Goods,368.0,415.65,A-BigDay,10.0,7.0,-44.4,17,19,2,21.5,12.95,8,ACTIVE
2026-09-10,BIOFILCHEM.NS,Biofil Chemicals and Pharmaceuticals Limited,Pharma & Healthcare,36.8,32.86,A+B,16.9,9.0,-20.6,4,76,72,12.0,-10.71,7,ACTIVE
2026-09-10,ADVANCE.NS,Advance Agrolife Limited,Chemicals,119.0,111.67,B-TSJump,4.5,6.0,-22.7,33,90,57,2.4,-6.16,7,ACTIVE
2026-09-10,GENESYS.NS,Genesys International Corporation Limited,IT & Technology,299.7,284.42,A+B,9.2,9.0,-51.1,28,59,31,9.7,-5.1,7,ACTIVE
2026-09-10,FORCEMOT.NS,Force Motors Limited,Auto,18175.0,17650.0,B-TSJump,4.7,6.0,-31.1,2,29,27,-4.8,-2.89,7,ACTIVE
2026-09-10,OLAELEC.NS,Ola Electric Mobility Limited,Auto,39.2,36.79,B-TSJump,4.9,7.0,-35.8,52,79,27,0.4,-6.15,7,ACTIVE
2026-09-10,TSFINV.NS,TSF Investments Limited,Financial Services,441.1,445.95,B-TSJump,4.3,8.0,-35.6,48,75,27,4.0,1.1,7,ACTIVE
2026-09-10,GTPL.NS,GTPL Hathway Limited,Media,59.8,56.62,B-TSJump,2.5,6.0,-49.5,0,24,24,7.8,-5.32,7,ACTIVE
2026-09-10,EXCELSOFT.NS,Excelsoft Technologies Limited,IT & Technology,80.1,79.8,A-BigDay,6.4,9.0,-43.8,19,26,7,3.7,-0.37,7,ACTIVE
2026-09-10,BELLACASA.NS,Bella Casa Fashion & Retail Limited,Textiles,262.1,255.25,A-BigDay,6.3,7.0,-47.3,24,26,2,3.8,-2.61,7,ACTIVE
2026-09-10,SHAKTIPUMP.NS,Shakti Pumps (India) Limited,Capital Goods,503.2,464.1,A-BigDay,7.6,7.0,-44.8,0,0,0,3.6,-7.77,7,ACTIVE
2026-09-10,SWANCORP.NS,Swan Corp Limited,Diversified,298.1,289.8,A-BigDay,7.4,9.0,-41.0,0,0,0,3.2,-2.78,7,ACTIVE
2026-09-11,CCAVENUE.NS,AvenuesAI Limited,IT & Technology,16.3,16.32,A+B,6.1,7.0,-20.5,30,89,59,6.7,0.12,6,ACTIVE
2026-09-11,AIIL.NS,Authum Investment & Infrastructure Limited,Financial Services,544.3,527.2,A+B,6.3,8.0,-20.3,32,90,58,0.1,-3.14,6,ACTIVE
2026-09-11,HLEGLAS.NS,HLE Glascoat Limited,Capital Goods,404.4,415.65,A+B,10.0,8.0,-38.9,19,77,58,20.9,2.78,6,ACTIVE
2026-09-11,HPAL.NS,HP Adhesives Limited,Chemicals,37.9,34.83,B-TSJump,3.6,7.0,-28.5,32,73,41,3.6,-8.1,6,ACTIVE
2026-09-11,ALLTIME.NS,All Time Plastics Limited,Consumer Goods,221.1,208.01,A+B,5.2,7.0,-29.7,1,39,38,2.5,-5.92,6,ACTIVE
2026-09-11,BBOX.NS,Black Box Limited,IT & Technology,800.8,766.4,A+B,7.5,8.0,-27.3,54,91,37,0.2,-4.3,6,ACTIVE
2026-09-11,A2ZINFRA.NS,A2Z Infra Engineering Limited,Infrastructure,15.3,15.01,B-TSJump,2.7,6.0,-22.9,42,73,31,4.2,-1.9,6,ACTIVE
2026-09-11,ARIHANTCAP.NS,Arihant Capital Markets Limited,Financial Services,79.0,81.21,B-TSJump,3.3,9.0,-34.2,30,61,31,-0.8,2.8,6,ACTIVE
2026-09-11,JBMA.NS,JBM Auto Limited,Auto,620.3,593.6,B-TSJump,2.7,9.0,-21.4,33,64,31,-0.7,-4.3,6,ACTIVE
2026-09-11,FINKURVE.NS,Finkurve Financial Services Limited,Financial Services,72.5,75.05,A+B,8.6,8.0,-46.3,2,29,27,-13.0,3.52,6,ACTIVE
2026-09-11,AWFIS.NS,Awfis Space Solutions Limited,Capital Goods,293.2,264.7,A+B,17.5,9.0,-54.1,0,25,25,15.0,-9.72,6,ACTIVE
2026-09-11,CRIZAC.NS,Crizac Limited,Hospitality,186.7,176.56,B-TSJump,3.9,6.0,-47.0,0,25,25,1.7,-5.43,6,ACTIVE
2026-09-14,ALLTIME.NS,All Time Plastics Limited,Consumer Goods,221.1,208.01,A-BigDay,5.2,7.0,-29.7,39,39,0,-3.5,-5.92,3,ACTIVE
2026-09-14,AWFIS.NS,Awfis Space Solutions Limited,Capital Goods,293.2,264.7,A-BigDay,17.5,9.0,-54.1,25,25,0,-1.9,-9.72,3,ACTIVE
2026-09-14,FINKURVE.NS,Finkurve Financial Services Limited,Financial Services,72.5,75.05,A-BigDay,8.6,8.0,-46.3,29,29,0,-19.8,3.52,3,ACTIVE
2026-09-14,HLEGLAS.NS,HLE Glascoat Limited,Capital Goods,404.4,415.65,A-BigDay,10.0,8.0,-38.9,77,77,0,-6.2,2.78,3,ACTIVE
2026-09-15,TATACHEM.NS,Tata Chemicals Limited,Chemicals,734.9,779.3,B-TSJump,20.0,6.0,-27.3,0,72,72,15.6,6.04,2,ACTIVE
2026-09-15,FSL.NS,Firstsource Solutions Limited,IT & Technology,283.4,273.1,A+B,14.4,10.0,-23.8,19,90,71,10.8,-3.63,2,ACTIVE
2026-09-15,TATAINVEST.NS,Tata Investment Corporation Limited,Financial Services,718.3,719.3,A+B,10.4,7.0,-39.0,1,59,58,9.1,0.14,2,ACTIVE
2026-09-15,BALAJITELE.NS,Balaji Telefilms Limited,Media,95.5,95.97,A+B,5.4,9.0,-32.4,29,61,32,0.9,0.49,2,ACTIVE
2026-09-15,HMAAGRO.NS,HMA Agro Industries Limited,Consumer Goods,23.4,23.08,A+B,16.6,8.0,-31.6,0,29,29,0.4,-1.37,2,ACTIVE
2026-09-15,GEEKAYWIRE.NS,Geekay Wires Limited,Capital Goods,29.3,33.46,A-BigDay,5.4,7.0,-22.1,75,77,2,2.3,14.2,2,ACTIVE
2026-09-16,AIROLAM.NS,Airo Lam Limited,Consumer Durables,88.5,86.15,A+B,5.1,8.0,-24.6,10,39,29,3.4,-2.66,1,ACTIVE
2026-09-16,ATAM.NS,Atam Valves Limited,Capital Goods,62.2,59.29,A+B,14.4,7.0,-43.6,0,27,27,-2.6,-4.68,1,ACTIVE
2026-09-16,HIKAL.NS,Hikal Limited,Pharma & Healthcare,224.4,225.29,A-BigDay,5.7,9.0,-20.4,65,92,27,2.3,0.4,1,ACTIVE
2026-09-16,PATANJALI.NS,Patanjali Foods Limited,Consumer Goods,365.0,354.45,A+B,7.8,9.0,-39.9,0,25,25,2.8,-2.89,1,ACTIVE
2026-09-16,HLEGLAS.NS,HLE Glascoat Limited,Capital Goods,416.9,415.65,A-BigDay,5.4,8.0,-37.0,76,78,2,8.4,-0.3,1,ACTIVE
2026-09-16,CSBBANK.NS,CSB Bank Limited,Banking,328.8,328.35,A-BigDay,10.9,9.0,-42.8,0,0,0,6.9,-0.14,1,ACTIVE
2026-09-17,CCAVENUE.NS,AvenuesAI Limited,IT & Technology,16.3,16.32,A+B,6.5,7.0,-20.4,30,89,59,4.5,0.12,0,ACTIVE
2026-09-17,EMKAY.NS,Emkay Global Financial Services Limited,Financial Services,248.9,248.95,B-TSJump,2.7,6.0,-38.9,3,59,56,-1.5,0.02,0,ACTIVE
2026-09-17,TEXRAIL.NS,Texmaco Rail & Engineering Limited,Infrastructure,111.7,111.69,B-TSJump,2.8,7.0,-26.5,18,74,56,-2.2,-0.01,0,ACTIVE
2026-09-17,BALUFORGE.NS,Balu Forge Industries Limited,Capital Goods,501.6,501.6,B-TSJump,3.8,8.0,-27.5,23,64,41,-1.7,0.0,0,ACTIVE
2026-09-17,HDFCLIFE.NS,HDFC Life Insurance Company Limited,Insurance,557.0,557.0,B-TSJump,5.1,6.0,-29.9,0,36,36,-0.1,0.0,0,ACTIVE
2026-09-17,AIRAN.NS,Airan Limited,IT & Technology,16.7,16.7,B-TSJump,6.2,6.0,-39.2,27,59,32,3.0,0.0,0,ACTIVE
2026-09-17,BALAJITELE.NS,Balaji Telefilms Limited,Media,96.0,95.97,B-TSJump,4.2,9.0,-32.1,30,62,32,1.3,-0.03,0,ACTIVE
2026-09-17,BLKASHYAP.NS,B.L. Kashyap and Sons Limited,Infrastructure,52.9,52.87,B-TSJump,3.0,6.0,-22.2,32,64,32,-2.9,-0.06,0,ACTIVE
2026-09-17,SENCO.NS,Senco Gold Limited,Consumer Durables,342.4,342.35,B-TSJump,3.0,9.0,-20.1,32,64,32,1.7,-0.01,0,ACTIVE
2026-09-17,BOROLTD.NS,Borosil Limited,Consumer Durables,253.4,253.4,B-TSJump,2.7,6.0,-36.3,26,57,31,-5.7,-0.0,0,ACTIVE
2026-09-17,FINKURVE.NS,Finkurve Financial Services Limited,Financial Services,75.1,75.05,B-TSJump,2.8,7.0,-44.4,29,60,31,0.7,-0.07,0,ACTIVE
2026-09-17,HBLENGINE.NS,HBL Engineering Limited,Capital Goods,756.8,756.75,A+B,7.4,8.0,-32.3,1,29,28,-3.4,-0.01,0,ACTIVE
2026-09-17,PURVA.NS,Puravankara Limited,Real Estate,218.2,218.23,B-TSJump,3.8,9.0,-24.0,17,44,27,-3.5,0.01,0,ACTIVE
2026-09-17,ATL.NS,Allcargo Terminals Limited,Infrastructure,24.5,24.5,B-TSJump,2.6,7.0,-39.5,3,29,26,-1.7,0.0,0,ACTIVE
2026-09-17,CUBEXTUB.NS,Cubex Tubings Limited,Metals & Mining,81.6,81.63,A+B,8.7,7.0,-43.2,0,24,24,6.0,0.04,0,ACTIVE
2026-09-17,JISLJALEQS.NS,Jain Irrigation Systems Limited,Capital Goods,30.2,30.2,B-TSJump,3.9,9.0,-48.8,0,24,24,-4.5,0.0,0,ACTIVE
2026-09-17,ABCOTS.NS,A B Cotspin India Limited,Textiles,210.8,210.83,B-TSJump,3.0,6.0,-58.2,0,22,22,-10.3,0.01,0,ACTIVE
2026-09-17,INDIACEM.NS,The India Cements Limited,Cement & Materials,351.7,351.7,A-BigDay,5.1,9.0,-27.6,0,9,9,1.8,0.0,0,ACTIVE
2026-09-17,TATACHEM.NS,Tata Chemicals Limited,Chemicals,779.3,779.3,A-BigDay,6.5,7.0,-22.9,71,75,4,6.4,-0.0,0,ACTIVE
2026-09-17,FOODSIN.NS,Foods and Inns Limited,Consumer Goods,54.8,54.79,A-BigDay,5.4,8.0,-41.0,0,2,2,4.4,-0.02,0,ACTIVE
2026-09-17,TATAINVEST.NS,Tata Investment Corporation Limited,Financial Services,719.3,719.3,A-BigDay,5.5,7.0,-39.0,57,59,2,1.0,-0.0,0,ACTIVE
2026-09-17,AWHCL.NS,Antony Waste Handling Cell Limited,Power & Utilities,379.6,379.6,A-BigDay,9.9,9.0,-38.3,0,0,0,5.5,0.0,0,ACTIVE
